{"eth zurich": {"Citation Count": 92.16666666666666, "Publication Count": 2.1666666666666665}, "national university of singapore": {"Citation Count": 166.83333333333334, "Publication Count": 3.633333333333333}, "university of illinois at urbana champaign": {"Citation Count": 28.888888888888893, "Publication Count": 3.088888888888889}, "university of california berkeley": {"Citation Count": 15.733333333333334, "Publication Count": 1.2333333333333332}, "massachusetts institute of technology": {"Citation Count": 28.75, "Publication Count": 1.8666666666666667}, "cornell university": {"Citation Count": 112.96666666666665, "Publication Count": 4.166666666666666}, "princeton university": {"Citation Count": 143.4, "Publication Count": 4.533333333333333}, "university at buffalo": {"Citation Count": 23.285714285714285, "Publication Count": 1.6190476190476188}, "french institute for research in computer science and automation": {"Citation Count": 30.333333333333332, "Publication Count": 1.3095238095238095}, "ecole normale superieure": {"Citation Count": 1.3333333333333333, "Publication Count": 0.16666666666666666}, "imdea": {"Citation Count": 15.452380952380953, "Publication Count": 1.2142857142857144}, "university of pennsylvania": {"Citation Count": 7.576190476190477, "Publication Count": 0.6095238095238096}, "microsoft": {"Citation Count": 24.05952380952381, "Publication Count": 1.7261904761904758}, "mines paristech": {"Citation Count": 1.1428571428571428, "Publication Count": 0.14285714285714285}, "university of michigan": {"Citation Count": 26.6, "Publication Count": 2.6}, "university of california riverside": {"Citation Count": 9.4, "Publication Count": 1.5666666666666667}, "chinese academy of sciences": {"Citation Count": 10.333333333333332, "Publication Count": 1.6666666666666665}, "pennsylvania state university": {"Citation Count": 6.666666666666666, "Publication Count": 1.3333333333333333}, "ecole normale superieure de cachan": {"Citation Count": 3.0, "Publication Count": 0.14285714285714285}, "thales communications": {"Citation Count": 3.0, "Publication Count": 0.14285714285714285}, "university of rennes": {"Citation Count": 3.0, "Publication Count": 0.14285714285714285}, "university of florida": {"Citation Count": 16.5, "Publication Count": 1.5}, "ruhr university bochum": {"Citation Count": 25.333333333333332, "Publication Count": 3.333333333333333}, "universite catholique de louvain": {"Citation Count": 2.333333333333333, "Publication Count": 0.3333333333333333}, "university of warsaw": {"Citation Count": 2.333333333333333, "Publication Count": 0.3333333333333333}, "university college london": {"Citation Count": 6.0, "Publication Count": 0.75}, "samsung": {"Citation Count": 10.0, "Publication Count": 1.0}, "nanyang technological university": {"Citation Count": 3.6666666666666665, "Publication Count": 0.16666666666666666}, "khalifa university": {"Citation Count": 3.6666666666666665, "Publication Count": 0.16666666666666666}, "qatar computing research institute": {"Citation Count": 11.0, "Publication Count": 0.5}, "university of washington": {"Citation Count": 11.0, "Publication Count": 1.0}, "university of bergamo": {"Citation Count": 4.5, "Publication Count": 0.5}, "university of milan": {"Citation Count": 4.5, "Publication Count": 0.5}, "florida international university": {"Citation Count": 1.25, "Publication Count": 0.25}, "yale university": {"Citation Count": 21.1, "Publication Count": 0.30000000000000004}, "university of maryland college park": {"Citation Count": 39.22380952380952, "Publication Count": 3.569047619047619}, "university of delaware": {"Citation Count": 6.066666666666666, "Publication Count": 0.9777777777777777}, "arizona state university": {"Citation Count": 5.6, "Publication Count": 1.8}, "google": {"Citation Count": 151.22142857142856, "Publication Count": 2.307142857142857}, "max planck society": {"Citation Count": 16.416666666666664, "Publication Count": 1.5833333333333333}, "saarland university": {"Citation Count": 35.33333333333333, "Publication Count": 2.333333333333333}, "baidu": {"Citation Count": 8.666666666666666, "Publication Count": 0.3333333333333333}, "the chinese university of hong kong": {"Citation Count": 24.0, "Publication Count": 1.5}, "graz university of technology": {"Citation Count": 30.533333333333335, "Publication Count": 1.4222222222222225}, "georgia institute of technology": {"Citation Count": 43.238095238095234, "Publication Count": 2.6190476190476186}, "purdue university": {"Citation Count": 9.285714285714285, "Publication Count": 3.178571428571429}, "university of bristol": {"Citation Count": 50.0, "Publication Count": 1.6}, "university of california san diego": {"Citation Count": 7.7666666666666675, "Publication Count": 0.6333333333333333}, "florida state university": {"Citation Count": 8.666666666666666, "Publication Count": 1.0833333333333333}, "university of california santa barbara": {"Citation Count": 22.352380952380955, "Publication Count": 1.0095238095238095}, "university of illinois at chicago": {"Citation Count": 5.7, "Publication Count": 1.1}, "johns hopkins university": {"Citation Count": 9.733333333333333, "Publication Count": 1.2}, "syracuse university": {"Citation Count": 12.0, "Publication Count": 0.6666666666666666}, "air force research laboratory": {"Citation Count": 3.0, "Publication Count": 0.16666666666666666}, "zhejiang university": {"Citation Count": 2.333333333333333, "Publication Count": 0.5}, "nanjing university": {"Citation Count": 3.392857142857143, "Publication Count": 1.503968253968254}, "vu university amsterdam": {"Citation Count": 24.38095238095238, "Publication Count": 1.0158730158730158}, "braunschweig university of technology": {"Citation Count": 2.0, "Publication Count": 1.0}, "cybernetica": {"Citation Count": 1.8000000000000003, "Publication Count": 0.6000000000000001}, "university of calgary": {"Citation Count": 0.6000000000000001, "Publication Count": 0.2}, "columbia university": {"Citation Count": 11.4, "Publication Count": 2.2666666666666666}, "oregon state university": {"Citation Count": 10.6, "Publication Count": 0.9333333333333332}, "bar ilan university": {"Citation Count": 20.133333333333333, "Publication Count": 0.9333333333333333}, "ben gurion university of the negev": {"Citation Count": 16.833333333333332, "Publication Count": 0.9166666666666666}, "ariel university": {"Citation Count": 6.333333333333333, "Publication Count": 0.3333333333333333}, "bosch": {"Citation Count": 2.25, "Publication Count": 0.75}, "xi an jiaotong university": {"Citation Count": 4.571428571428571, "Publication Count": 0.5714285714285714}, "university of science and technology of china": {"Citation Count": 1.1428571428571428, "Publication Count": 0.14285714285714285}, "university of california santa cruz": {"Citation Count": 1.1428571428571428, "Publication Count": 0.14285714285714285}, "northeastern university": {"Citation Count": 8.38095238095238, "Publication Count": 0.9047619047619047}, "akamai technologies": {"Citation Count": 1.4285714285714284, "Publication Count": 0.14285714285714285}, "northwestern university": {"Citation Count": 4.666666666666666, "Publication Count": 0.6666666666666666}, "lehigh university": {"Citation Count": 2.333333333333333, "Publication Count": 0.3333333333333333}, "karlsruhe institute of technology": {"Citation Count": 2.0, "Publication Count": 1.0}, "carnegie mellon university": {"Citation Count": 79.25, "Publication Count": 0.9166666666666666}, "technische universitat darmstadt": {"Citation Count": 22.0, "Publication Count": 1.2916666666666665}, "north carolina state university": {"Citation Count": 0.0, "Publication Count": 0.3333333333333333}, "politehnica university of bucharest": {"Citation Count": 0.0, "Publication Count": 0.3333333333333333}, "university of padua": {"Citation Count": 9.0, "Publication Count": 0.3333333333333333}, "ibm": {"Citation Count": 9.5, "Publication Count": 1.5666666666666669}, "intel": {"Citation Count": 4.5,