{"university of waterloo": {"Citation Count": 47.77777777777777, "Publication Count": 2.2222222222222223}, "york university": {"Citation Count": 20.0, "Publication Count": 1.0}, "ibm": {"Citation Count": 369.03333333333336, "Publication Count": 10.933333333333334}, "university of california berkeley": {"Citation Count": 403.60555555555555, "Publication Count": 5.605555555555556}, "oregon state university": {"Citation Count": 112.4, "Publication Count": 3.1666666666666665}, "massachusetts institute of technology": {"Citation Count": 438.75555555555553, "Publication Count": 4.911111111111111}, "google": {"Citation Count": 315.0, "Publication Count": 3.2}, "university of north carolina at chapel hill": {"Citation Count": 213.0, "Publication Count": 3.0}, "virginia tech": {"Citation Count": 274.6666666666667, "Publication Count": 3.7500000000000004}, "university of toronto": {"Citation Count": 254.66666666666666, "Publication Count": 5.333333333333334}, "fx palo alto laboratory": {"Citation Count": 85.5, "Publication Count": 1.75}, "drexel university": {"Citation Count": 97.2, "Publication Count": 2.2}, "georgia institute of technology": {"Citation Count": 591.7130952380952, "Publication Count": 11.346428571428572}, "microsoft": {"Citation Count": 1391.6488095238092, "Publication Count": 21.172619047619044}, "sun yat sen university": {"Citation Count": 16.0, "Publication Count": 1.0}, "pitney bowes": {"Citation Count": 125.25, "Publication Count": 0.75}, "university of maryland college park": {"Citation Count": 283.76190476190476, "Publication Count": 5.49047619047619}, "university of california san diego": {"Citation Count": 205.5, "Publication Count": 2.25}, "cornell university": {"Citation Count": 566.05, "Publication Count": 5.616666666666667}, "open university": {"Citation Count": 44.66666666666667, "Publication Count": 1.0}, "university of limerick": {"Citation Count": 5.111111111111111, "Publication Count": 0.1111111111111111}, "university of bath": {"Citation Count": 19.11111111111111, "Publication Count": 1.1111111111111112}, "tampere university of technology": {"Citation Count": 34.75, "Publication Count": 1.4166666666666665}, "nokia": {"Citation Count": 179.5111111111111, "Publication Count": 4.477777777777777}, "university of washington": {"Citation Count": 1219.8166666666666, "Publication Count": 14.283333333333333}, "stanford university": {"Citation Count": 867.0166666666665, "Publication Count": 4.316666666666666}, "seoul national university": {"Citation Count": 12.25, "Publication Count": 1.55}, "indiana university bloomington": {"Citation Count": 273.0, "Publication Count": 2.0}, "hobart corporation": {"Citation Count": 67.0, "Publication Count": 1.0}, "simon fraser university": {"Citation Count": 57.14285714285714, "Publication Count": 0.7142857142857142}, "university of paris sud": {"Citation Count": 37.166666666666664, "Publication Count": 1.1666666666666665}, "french institute for research in computer science and automation": {"Citation Count": 34.08333333333333, "Publication Count": 2.083333333333333}, "university of oregon": {"Citation Count": 161.0, "Publication Count": 2.0}, "northwestern university": {"Citation Count": 139.23809523809524, "Publication Count": 3.4761904761904763}, "aalto university": {"Citation Count": 73.85714285714285, "Publication Count": 1.7142857142857142}, "carnegie mellon university": {"Citation Count": 1754.6111111111113, "Publication Count": 18.91111111111111}, "harvard university": {"Citation Count": 7.25, "Publication Count": 0.75}, "university of michigan": {"Citation Count": 228.74999999999997, "Publication Count": 4.25}, "university of glasgow": {"Citation Count": 328.25, "Publication Count": 5.416666666666667}, "university of california irvine": {"Citation Count": 393.6380952380952, "Publication Count": 6.442857142857143}, "sprint corporation": {"Citation Count": 31.0, "Publication Count": 1.0}, "university of pittsburgh": {"Citation Count": 10.0, "Publication Count": 1.0}, "indraprastha institute of information technology": {"Citation Count": 43.6, "Publication Count": 0.2}, "university college london": {"Citation Count": 241.0, "Publication Count": 2.75}, "university of illinois at urbana champaign": {"Citation Count": 84.25, "Publication Count": 4.75}, "hong kong polytechnic university": {"Citation Count": 23.999999999999993, "Publication Count": 0.9999999999999998}, "stockholm university": {"Citation Count": 19.0, "Publication Count": 1.0}, "adobe systems": {"Citation Count": 93.5, "Publication Count": 0.5}, "aarhus university": {"Citation Count": 69.0, "Publication Count": 2.0}, "university of siegen": {"Citation Count": 16.0, "Publication Count": 1.0}, "university of nottingham": {"Citation Count": 76.58333333333333, "Publication Count": 1.7833333333333332}, "hasso plattner institute": {"Citation Count": 240.0, "Publication Count": 2.0}, "telecom paristech": {"Citation Count": 148.0, "Publication Count": 2.0}, "university of cambridge": {"Citation Count": 48.33333333333333, "Publication Count": 1.3333333333333333}, "university of rochester": {"Citation Count": 120.41666666666666, "Publication Count": 1.75}, "national university of singapore": {"Citation Count": 18.666666666666664, "Publication Count": 0.6666666666666666}, "ecole centrale paris": {"Citation Count": 11.25, "Publication Count": 0.25}, "samsung": {"Citation Count": 1.0, "Publication Count": 0.2}, "intel": {"Citation Count": 6.666666666666666, "Publication Count": 0.16666666666666666}, "university of bremen": {"Citation Count": 32.68571428571428, "Publication Count": 0.8857142857142858}, "deutsche telekom": {"Citation Count": 33.5, "Publication Count": 0.5}, "nanyang technological university": {"Citation Count": 52.0, "Publication Count": 2.0}, "university of minnesota": {"Citation Count": 181.55, "Publication Count": 2.15}, "pennsylvania state university": {"Citation Count": 83.33333333333333, "Publication Count": 2.333333333333333}, "helsinki institute for information technology": {"Citation Count": 44.166666666666664, "Publication Count": 0.8333333333333333}, "umea university": {"Citation Count": 7.999999999999999, "Publication Count": 0.9999999999999999}, "eindhoven university of technology": {"Citation Count": 81.66666666666666, "Publication Count": 2.583333333333333}, "philips": {"Citation Count": 93.66666666666667, "Publication Count": 1.0833333333333333}, "texas a m university": {"Citation Count": 61.0, "Publication Count": 1.0}, "seattle pacific university": {"Citation Count": 12.333333333333332, "Publication Count": 0.16666666666666666}, "beth israel deaconess medical center": {"Citation Count": 12.333333333333332, "Publication Count": 0.16666666666666666}, "university of calgary": {"Citation Count": 213.16666666666666, "Publication Count": 2.166666666666667}, "parc": {"Citation Count": 273.8666666666667, "Publication Count": 2.9333333333333336}, "telefonica": {"Citation Count": 11.25, "Publication Count": 0.75}, "avaya": {"Citation Count": 6.0, "Publication Count": 1.0}, "university of saskatchewan": {"Citation Count": 151.5, "Publication Count": 3.25}, "university of roehampton": {"Citation Count": 8.0, "Publication Count": 0.25}, "san antonio river authority": {"Citation Count": 10.571428571428571, "Publication Count": 0.14285714285714285}, "university of colorado boulder": {"Citation Count": 804.0, "Publication Count": 1.0}, "kaist": {"Citation Count": 128.33333333333331, "Publication Count": 2.6666666666666665}, "newcastle university": {"Citation Count": 60.71428571428571, "Publication Count": 0.7142857142857142}, "northumbria university": {"Citation Count": 24.285714285714285, "Publication Count": 0.2857142857142857}, "ludwig maximilian university of munich": {"Citation Count": 165.0, "Publication Count": 1.6}, "carleton university": {"Citation Count": 69.0, "Publication Count": 1.0}, "university of north carolina at charlotte": {"Citation Count": 163.2, "Publication Count": 1.6},