{"university of waterloo": {"Citation Count": 52.0, "Publication Count": 1.0}, "university of novi sad": {"Citation Count": 3.0, "Publication Count": 0.3333333333333333}, "eth zurich": {"Citation Count": 4.333333333333333, "Publication Count": 0.6666666666666666}, "princeton university": {"Citation Count": 12.333333333333332, "Publication Count": 2.3333333333333335}, "university of maryland college park": {"Citation Count": 14.666666666666666, "Publication Count": 1.3333333333333333}, "hong kong university of science and technology": {"Citation Count": 7.333333333333333, "Publication Count": 0.6666666666666666}, "eindhoven university of technology": {"Citation Count": 18.333333333333332, "Publication Count": 1.3333333333333333}, "french institute for research in computer science and automation": {"Citation Count": 37.583333333333336, "Publication Count": 2.9166666666666665}, "tel aviv university": {"Citation Count": 21.84285714285714, "Publication Count": 4.461904761904762}, "simon fraser university": {"Citation Count": 5.666666666666667, "Publication Count": 0.8333333333333333}, "university of ljubljana": {"Citation Count": 14.0, "Publication Count": 1.1666666666666665}, "carleton university": {"Citation Count": 4.5, "Publication Count": 0.5}, "nicta": {"Citation Count": 4.5, "Publication Count": 0.5}, "duke university": {"Citation Count": 11.78095238095238, "Publication Count": 1.6761904761904762}, "university of oxford": {"Citation Count": 0.6666666666666666, "Publication Count": 0.3333333333333333}, "national institute of informatics": {"Citation Count": 0.6666666666666666, "Publication Count": 0.3333333333333333}, "stanford university": {"Citation Count": 5.428571428571428, "Publication Count": 0.2857142857142857}, "stony brook university": {"Citation Count": 27.714285714285715, "Publication Count": 1.1428571428571428}, "centre national de la recherche scientifique": {"Citation Count": 18.0, "Publication Count": 1.3333333333333333}, "ohio state university": {"Citation Count": 47.666666666666664, "Publication Count": 1.6666666666666665}, "university of bonn": {"Citation Count": 3.0, "Publication Count": 1.0}, "urbana university": {"Citation Count": 1.5, "Publication Count": 0.5}, "technical university of dortmund": {"Citation Count": 1.5, "Publication Count": 0.5}, "university of queensland": {"Citation Count": 14.0, "Publication Count": 1.0}, "tohoku university": {"Citation Count": 4.2, "Publication Count": 0.5333333333333333}, "chuo university": {"Citation Count": 2.2, "Publication Count": 0.2}, "technion israel institute of technology": {"Citation Count": 17.6, "Publication Count": 1.6}, "charles university in prague": {"Citation Count": 4.2, "Publication Count": 0.5333333333333333}, "university of toronto": {"Citation Count": 4.2, "Publication Count": 0.5333333333333333}, "saarland university": {"Citation Count": 0.0, "Publication Count": 1.0}, "aarhus university": {"Citation Count": 32.666666666666664, "Publication Count": 1.6666666666666665}, "dartmouth college": {"Citation Count": 35.0, "Publication Count": 1.0}, "carnegie mellon university": {"Citation Count": 8.5, "Publication Count": 0.5}, "autodesk": {"Citation Count": 4.25, "Publication Count": 0.25}, "ecole normale superieure": {"Citation Count": 0.6666666666666666, "Publication Count": 0.3333333333333333}, "university of warsaw": {"Citation Count": 0.6666666666666666, "Publication Count": 0.3333333333333333}, "polish academy of sciences": {"Citation Count": 0.6666666666666666, "Publication Count": 0.3333333333333333}, "university of california los angeles": {"Citation Count": 0.6666666666666666, "Publication Count": 0.3333333333333333}, "max planck society": {"Citation Count": 3.5, "Publication Count": 0.25}, "toyota technological institute at chicago": {"Citation Count": 7.0, "Publication Count": 0.5}, "university of chicago": {"Citation Count": 3.5, "Publication Count": 0.25}, "technical university of berlin": {"Citation Count": 0.4, "Publication Count": 0.4}, "university of california irvine": {"Citation Count": 8.733333333333333, "Publication Count": 0.5333333333333333}, "new york university": {"Citation Count": 0.4, "Publication Count": 0.2}, "polytechnic university of catalonia": {"Citation Count": 0.4, "Publication Count": 0.2}, "utrecht university": {"Citation Count": 0.4, "Publication Count": 0.2}, "university of north carolina at chapel hill": {"Citation Count": 5.0, "Publication Count": 1.0}, "dalhousie university": {"Citation Count": 3.333333333333333, "Publication Count": 0.3333333333333333}, "eotvos lorand university": {"Citation Count": 6.5, "Publication Count": 0.5}, "courant institute of mathematical sciences": {"Citation Count": 0.6666666666666666, "Publication Count": 0.6666666666666666}, "university of banja luka": {"Citation Count": 0.3333333333333333, "Publication Count": 0.3333333333333333}}