{"ecole normale superieure": {"Citation Count": 41.625, "Publication Count": 5.717857142857143}, "ibm": {"Citation Count": 14.308730158730157, "Publication Count": 3.9896825396825397}, "university of california san diego": {"Citation Count": 73.23333333333333, "Publication Count": 6.766666666666667}, "university of rostock": {"Citation Count": 1.0666666666666667, "Publication Count": 0.7333333333333334}, "bosch": {"Citation Count": 3.833333333333333, "Publication Count": 1.1666666666666665}, "rwth aachen university": {"Citation Count": 25.128571428571426, "Publication Count": 3.4904761904761905}, "georgia institute of technology": {"Citation Count": 30.0, "Publication Count": 3.0}, "ecole polytechnique federale de lausanne": {"Citation Count": 16.566666666666666, "Publication Count": 2.376190476190476}, "new york university": {"Citation Count": 6.75, "Publication Count": 0.75}, "arizona state university": {"Citation Count": 1.7000000000000002, "Publication Count": 0.9}, "new york university abu dhabi": {"Citation Count": 6.75, "Publication Count": 0.75}, "chung yuan christian university": {"Citation Count": 0.6666666666666666, "Publication Count": 0.6666666666666666}, "indian institute of technology madras": {"Citation Count": 11.0, "Publication Count": 3.0}, "university of cambridge": {"Citation Count": 1.5, "Publication Count": 0.5}, "university of freiburg": {"Citation Count": 25.0, "Publication Count": 3.25}, "advanced micro devices": {"Citation Count": 4.555555555555555, "Publication Count": 0.2777777777777778}, "university of british columbia": {"Citation Count": 5.301587301587301, "Publication Count": 0.36507936507936506}, "los alamos national laboratory": {"Citation Count": 2.2222222222222223, "Publication Count": 0.1111111111111111}, "argonne national laboratory": {"Citation Count": 4.444444444444445, "Publication Count": 0.2222222222222222}, "polytechnic university of catalonia": {"Citation Count": 0.8333333333333333, "Publication Count": 0.16666666666666666}, "rice university": {"Citation Count": 9.5, "Publication Count": 1.5}, "university of cyprus": {"Citation Count": 12.25, "Publication Count": 1.25}, "university of bologna": {"Citation Count": 54.895238095238106, "Publication Count": 5.561904761904762}, "university of massachusetts amherst": {"Citation Count": 29.666666666666668, "Publication Count": 2.3333333333333335}, "pacific northwest national laboratory": {"Citation Count": 1.0, "Publication Count": 0.3333333333333333}, "portland state university": {"Citation Count": 8.0, "Publication Count": 1.6666666666666665}, "university of tehran": {"Citation Count": 9.25, "Publication Count": 1.75}, "university of southern california": {"Citation Count": 70.05555555555556, "Publication Count": 7.9111111111111105}, "university of southampton": {"Citation Count": 6.0, "Publication Count": 2.9}, "university of minnesota": {"Citation Count": 34.0, "Publication Count": 2.0}, "newcastle university": {"Citation Count": 12.5, "Publication Count": 2.5}, "seoul national university": {"Citation Count": 19.416666666666668, "Publication Count": 2.6166666666666667}, "ecole nationale superieure des telecommunications de bretagne": {"Citation Count": 8.0, "Publication Count": 0.8}, "massachusetts institute of technology": {"Citation Count": 5.300000000000001, "Publication Count": 0.9}, "university of pittsburgh": {"Citation Count": 25.95, "Publication Count": 2.9833333333333334}, "stanford university": {"Citation Count": 1.5, "Publication Count": 0.3333333333333333}, "pennsylvania state university": {"Citation Count": 14.785714285714285, "Publication Count": 1.1666666666666665}, "huawei": {"Citation Count": 0.5714285714285714, "Publication Count": 0.14285714285714285}, "university of turku": {"Citation Count": 0.5714285714285714, "Publication Count": 0.14285714285714285}, "university of nevada las vegas": {"Citation Count": 1.1428571428571428, "Publication Count": 0.2857142857142857}, "the chinese university of hong kong": {"Citation Count": 2.738095238095238, "Publication Count": 0.30952380952380953}, "university of central florida": {"Citation Count": 17.0, "Publication Count": 2.0}, "university of amsterdam": {"Citation Count": 16.5, "Publication Count": 1.3}, "national university of defense technology": {"Citation Count": 5.5, "Publication Count": 2.2}, "eindhoven university of technology": {"Citation Count": 18.35, "Publication Count": 3.5666666666666664}, "university of michigan": {"Citation Count": 66.8, "Publication Count": 3.15}, "university of twente": {"Citation Count": 3.0, "Publication Count": 2.0}, "national university of singapore": {"Citation Count": 59.13333333333334, "Publication Count": 3.2666666666666666}, "southern methodist university": {"Citation Count": 3.5, "Publication Count": 0.5}, "cadence design systems": {"Citation Count": 16.857142857142858, "Publication Count": 0.6428571428571428}, "university of texas at san antonio": {"Citation Count": 16.25, "Publication Count": 0.75}, "university of trento": {"Citation Count": 9.0, "Publication Count": 1.0}, "french institute for research in computer science and automation": {"Citation Count": 3.0, "Publication Count": 1.0}, "university of patras": {"Citation Count": 4.0, "Publication Count": 1.0}, "barcelona supercomputing center": {"Citation Count": 3.428571428571428, "Publication Count": 0.857142857142857}, "microsoft": {"Citation Count": 0.5714285714285714, "Publication Count": 0.14285714285714285}, "karlsruhe institute of technology": {"Citation Count": 93.20714285714286, "Publication Count": 8.378571428571428}, "intel": {"Citation Count": 8.235714285714286, "Publication Count": 2.126190476190476}, "boston university": {"Citation Count": 26.0, "Publication Count": 2.0}, "pmc sierra": {"Citation Count": 0.7777777777777777, "Publication Count": 0.1111111111111111}, "tyndall national institute": {"Citation Count": 3.4285714285714284, "Publication Count": 0.42857142857142855}, "university of siegen": {"Citation Count": 0.0, "Publication Count": 0.5}, "nxp semiconductors": {"Citation Count": 2.0, "Publication Count": 2.25}, "university of waterloo": {"Citation Count": 19.0, "Publication Count": 2.0}, "mcgill university": {"Citation Count": 6.0, "Publication Count": 1.75}, "university of california berkeley": {"Citation Count": 23.5, "Publication Count": 3.25}, "national tsing hua university": {"Citation Count": 14.809523809523808, "Publication Count": 4.988095238095238}, "delft university of technology": {"Citation Count": 30.23095238095238, "Publication Count": 2.495238095238095}, "hefei university of technology": {"Citation Count": 8.0, "Publication Count": 1.0}, "nanyang technological university": {"Citation Count": 21.166666666666664, "Publication Count": 2.4166666666666665}, "state university of campinas": {"Citation Count": 0.0, "Publication Count": 1.0}, "royal institute of technology": {"Citation Count": 20.333333333333332, "Publication Count": 2.3333333333333335}, "myongji university": {"Citation Count": 2.0, "Publication Count": 0.25}, "university of stuttgart": {"Citation Count": 5.6, "Publication Count": 1.4833333333333334}, "max planck society": {"Citation Count": 0.0, "Publication Count": 0.3333333333333333}, "ericsson": {"Citation Count": 7.333333333333332, "Publication Count": 1.0}, "uppsala university": {"Citation Count": 2.333333333333333, "Publication Count": 0.3333333333333333}, "university of texas at austin": {"Citation Count": 3.4444444444444446, "Publication Count": 1.1111111111111112}, "university of naples federico ii": {"Citation Count": 11.0, "Publication Count": 1.0}, "university of california irvine": {"Citation Count": 60.75, "Publication Count": 3.75}, "university of texas at dallas": {"Citation Count": 2.25, "Publication Count": 0.75}, "yale university": {"Citation Count": 2.0, "Publication Count": 0.5}, "samsung": {"Citation Count": 10.7, "Publication Count": 1.2}, "institut eurecom": {"Citation Count": 11.25, "Publication Count": 0.25},