{"los alamos national laboratory": {"Citation Count": 0.09523809523809523, "Publication Count": 0.09523809523809523}, "argonne national laboratory": {"Citation Count": 0.09523809523809523, "Publication Count": 0.17523809523809525}, "university of chicago": {"Citation Count": 0.23809523809523808, "Publication Count": 1.0247619047619048}, "twitter": {"Citation Count": 0.047619047619047616, "Publication Count": 0.047619047619047616}, "university of utah": {"Citation Count": 0.09523809523809523, "Publication Count": 0.17523809523809525}, "huawei": {"Citation Count": 0.09523809523809523, "Publication Count": 0.5952380952380952}, "university of california santa cruz": {"Citation Count": 0.047619047619047616, "Publication Count": 0.08761904761904762}, "university of texas at austin": {"Citation Count": 0.2857142857142857, "Publication Count": 0.3257142857142857}, "university of wisconsin madison": {"Citation Count": 0.7142857142857142, "Publication Count": 1.584285714285714}, "netapp": {"Citation Count": 0.6666666666666666, "Publication Count": 0.6666666666666666}, "eth zurich": {"Citation Count": 0.6000000000000001, "Publication Count": 0.6000000000000001}, "carnegie mellon university": {"Citation Count": 0.4, "Publication Count": 0.4}, "yonsei university": {"Citation Count": 0.0, "Publication Count": 0.25}, "pennsylvania state university": {"Citation Count": 0.0, "Publication Count": 0.75}, "university of toronto": {"Citation Count": 0.9999999999999999, "Publication Count": 0.9999999999999999}, "new mexico state university": {"Citation Count": 0.75, "Publication Count": 0.375}, "western digital": {"Citation Count": 1.25, "Publication Count": 0.625}, "vmware": {"Citation Count": 0.1, "Publication Count": 0.1}, "university of north carolina at chapel hill": {"Citation Count": 0.30000000000000004, "Publication Count": 0.5}, "stony brook university": {"Citation Count": 0.2, "Publication Count": 0.2}, "rutgers university": {"Citation Count": 0.30000000000000004, "Publication Count": 0.30000000000000004}, "williams college": {"Citation Count": 0.1, "Publication Count": 0.1}, "indian institute of science": {"Citation Count": 1.1666666666666665, "Publication Count": 0.5833333333333333}, "university of maryland college park": {"Citation Count": 0.3333333333333333, "Publication Count": 0.16666666666666666}, "yale university": {"Citation Count": 0.0, "Publication Count": 0.125}, "tsinghua university": {"Citation Count": 0.0, "Publication Count": 1.3733333333333333}, "binghamton university": {"Citation Count": 0.0, "Publication Count": 0.125}, "microsoft": {"Citation Count": 0.0, "Publication Count": 0.125}, "university of illinois at urbana champaign": {"Citation Count": 0.0, "Publication Count": 0.125}, "california institute of technology": {"Citation Count": 0.0, "Publication Count": 0.4}, "technion israel institute of technology": {"Citation Count": 0.0, "Publication Count": 0.4}, "ulsan national institute of science and technology": {"Citation Count": 0.75, "Publication Count": 0.75}, "hanyang university": {"Citation Count": 0.25, "Publication Count": 0.8214285714285714}, "chungbuk national university": {"Citation Count": 0.0, "Publication Count": 0.5}, "daegu gyeongbuk institute of science and technology": {"Citation Count": 0.0, "Publication Count": 0.25}, "samsung": {"Citation Count": 0.0, "Publication Count": 1.2857142857142856}, "texas a m university": {"Citation Count": 0.0, "Publication Count": 0.14285714285714285}, "seoul national university": {"Citation Count": 0.0, "Publication Count": 0.75}, "dongduk women s university": {"Citation Count": 0.0, "Publication Count": 0.25}, "virginia tech": {"Citation Count": 1.0, "Publication Count": 0.3733333333333333}, "ibm": {"Citation Count": 1.7499999999999998, "Publication Count": 0.7433333333333333}, "george mason university": {"Citation Count": 0.25, "Publication Count": 0.08333333333333333}, "qatar computing research institute": {"Citation Count": 0.0, "Publication Count": 0.16666666666666666}, "university of minnesota": {"Citation Count": 0.0, "Publication Count": 1.0}, "nanjing university": {"Citation Count": 0.0, "Publication Count": 0.12}, "university of massachusetts lowell": {"Citation Count": 0.0, "Publication Count": 0.12}}