{"facebook": {"Citation Count": 0.7142857142857142, "Publication Count": 0.07142857142857142}, "massachusetts institute of technology": {"Citation Count": 13.396103896103895, "Publication Count": 0.9956709956709956}, "stony brook university": {"Citation Count": 13.39285714285714, "Publication Count": 1.339285714285714}, "rutgers university": {"Citation Count": 3.9142857142857146, "Publication Count": 0.4714285714285714}, "florida state university": {"Citation Count": 7.0, "Publication Count": 1.0}, "google": {"Citation Count": 47.666666666666664, "Publication Count": 0.9166666666666666}, "cornell university": {"Citation Count": 2.0, "Publication Count": 0.5}, "yale university": {"Citation Count": 1.0, "Publication Count": 0.25}, "university of california berkeley": {"Citation Count": 15.0, "Publication Count": 1.0}, "microsoft": {"Citation Count": 7.472727272727273, "Publication Count": 2.286363636363636}, "university of toronto": {"Citation Count": 27.333333333333332, "Publication Count": 0.8333333333333333}, "university of southern california": {"Citation Count": 2.833333333333333, "Publication Count": 0.16666666666666666}, "california institute of technology": {"Citation Count": 2.333333333333333, "Publication Count": 0.16666666666666666}, "technion israel institute of technology": {"Citation Count": 7.0, "Publication Count": 0.5}, "university of mainz": {"Citation Count": 4.666666666666666, "Publication Count": 0.3333333333333333}, "rensselaer polytechnic institute": {"Citation Count": 11.9, "Publication Count": 0.9666666666666667}, "sandisk": {"Citation Count": 2.6, "Publication Count": 0.2}, "chongqing university": {"Citation Count": 12.857142857142856, "Publication Count": 0.7142857142857142}, "city university of hong kong": {"Citation Count": 5.142857142857142, "Publication Count": 0.2857142857142857}, "university of wisconsin madison": {"Citation Count": 16.800000000000004, "Publication Count": 1.6}, "carnegie mellon university": {"Citation Count": 7.333333333333333, "Publication Count": 0.6666666666666666}, "intel": {"Citation Count": 3.6666666666666665, "Publication Count": 0.3333333333333333}, "shanghai jiao tong university": {"Citation Count": 6.4, "Publication Count": 1.8}, "imperial college london": {"Citation Count": 2.5454545454545454, "Publication Count": 0.5227272727272727}, "samsung": {"Citation Count": 1.6, "Publication Count": 0.2}, "university of chicago": {"Citation Count": 7.200000000000001, "Publication Count": 0.6000000000000001}, "netapp": {"Citation Count": 4.800000000000001, "Publication Count": 0.4}, "ibm": {"Citation Count": 4.25, "Publication Count": 1.125}, "university of rochester": {"Citation Count": 8.0, "Publication Count": 1.0}, "florida international university": {"Citation Count": 7.7, "Publication Count": 0.9}, "arizona state university": {"Citation Count": 4.6, "Publication Count": 0.5333333333333333}, "emc corporation": {"Citation Count": 1.25, "Publication Count": 0.125}, "harvey mudd college": {"Citation Count": 1.25, "Publication Count": 0.125}, "university of california san diego": {"Citation Count": 63.0, "Publication Count": 1.0}, "seoul national university": {"Citation Count": 2.5, "Publication Count": 0.16666666666666666}, "vmware": {"Citation Count": 1.6, "Publication Count": 0.2}}