{"university of melbourne": {"Citation Count": 12.285714285714286, "Publication Count": 3.7857142857142856}, "university of illinois at chicago": {"Citation Count": 2.25, "Publication Count": 1.4166666666666665}, "university of southern california": {"Citation Count": 16.0, "Publication Count": 2.0}, "michigan state university": {"Citation Count": 0.8, "Publication Count": 0.2}, "university of iowa": {"Citation Count": 2.4000000000000004, "Publication Count": 1.6}, "chinese academy of sciences": {"Citation Count": 3.4666666666666663, "Publication Count": 0.95}, "university of tokyo": {"Citation Count": 4.883333333333334, "Publication Count": 3.066666666666667}, "microsoft": {"Citation Count": 12.247619047619047, "Publication Count": 1.8285714285714285}, "university of california": {"Citation Count": 11.333333333333332, "Publication Count": 2.6666666666666665}, "google": {"Citation Count": 0.7714285714285714, "Publication Count": 0.34285714285714286}, "university of minnesota": {"Citation Count": 1.3928571428571428, "Publication Count": 1.2023809523809523}, "purdue university": {"Citation Count": 4.571428571428571, "Publication Count": 2.142857142857143}, "center for information technology": {"Citation Count": 0.5, "Publication Count": 0.5}, "university of konstanz": {"Citation Count": 0.25, "Publication Count": 0.25}, "university of illinois at urbana champaign": {"Citation Count": 2.342857142857143, "Publication Count": 1.3428571428571427}, "erasmus university rotterdam": {"Citation Count": 0.14285714285714285, "Publication Count": 0.14285714285714285}, "universidade federal do rio grande do sul": {"Citation Count": 0.14285714285714285, "Publication Count": 0.14285714285714285}, "orebro university": {"Citation Count": 1.0, "Publication Count": 1.0}, "university of virginia": {"Citation Count": 1.2000000000000002, "Publication Count": 0.6000000000000001}, "university of washington": {"Citation Count": 1.2000000000000002, "Publication Count": 1.0}, "alexandria university": {"Citation Count": 0.6000000000000001, "Publication Count": 0.2}, "naval academy research institute": {"Citation Count": 0.0, "Publication Count": 1.0}, "university of jena": {"Citation Count": 0.3333333333333333, "Publication Count": 0.3333333333333333}, "university of stuttgart": {"Citation Count": 0.3333333333333333, "Publication Count": 0.3333333333333333}, "aalborg university": {"Citation Count": 6.0, "Publication Count": 2.25}, "emory university": {"Citation Count": 0.4, "Publication Count": 1.2}, "marquette university": {"Citation Count": 1.3333333333333333, "Publication Count": 0.3333333333333333}, "georgia state university": {"Citation Count": 3.6666666666666665, "Publication Count": 1.1666666666666665}, "university of utah": {"Citation Count": 0.4, "Publication Count": 0.4}, "duke university": {"Citation Count": 2.5, "Publication Count": 1.75}, "stanford university": {"Citation Count": 3.5, "Publication Count": 1.0}, "university of calgary": {"Citation Count": 0.0, "Publication Count": 1.0}, "vienna university of technology": {"Citation Count": 1.0, "Publication Count": 0.5}, "karlsruhe institute of technology": {"Citation Count": 1.5, "Publication Count": 0.75}, "national university of singapore": {"Citation Count": 1.3333333333333333, "Publication Count": 0.6666666666666666}, "polytechnic university of catalonia": {"Citation Count": 0.0, "Publication Count": 0.5}, "university of buenos aires": {"Citation Count": 0.0, "Publication Count": 0.5}, "leibniz university of hanover": {"Citation Count": 2.0, "Publication Count": 1.0}, "university of north texas": {"Citation Count": 1.3333333333333333, "Publication Count": 1.3333333333333333}, "ibm": {"Citation Count": 0.0, "Publication Count": 1.0}, "university of california merced": {"Citation Count": 8.0, "Publication Count": 2.0}, "national and kapodistrian university of athens": {"Citation Count": 1.25, "Publication Count": 0.5}, "university college london": {"Citation Count": 4.0, "Publication Count": 2.0}, "sun yat sen university": {"Citation Count": 0.2, "Publication Count": 0.2}, "the chinese university of hong kong": {"Citation Count": 0.6000000000000001, "Publication Count": 0.6000000000000001}, "free university of berlin": {"Citation Count": 1.0, "Publication Count": 0.5}, "institute for the management of information systems": {"Citation Count": 0.5, "Publication Count": 0.25}, "indian institute of technology kharagpur": {"Citation Count": 3.7499999999999996, "Publication Count": 1.75}, "esri": {"Citation Count": 1.0, "Publication Count": 1.0}, "tsinghua university": {"Citation Count": 1.8, "Publication Count": 0.7333333333333334}, "baidu": {"Citation Count": 3.2, "Publication Count": 1.2666666666666666}, "southwest jiaotong university": {"Citation Count": 2.0, "Publication Count": 0.25}, "apple inc": {"Citation Count": 0.0, "Publication Count": 1.0}, "yahoo": {"Citation Count": 0.75, "Publication Count": 0.5}, "university of warwick": {"Citation Count": 1.0, "Publication Count": 2.0}, "university of alberta": {"Citation Count": 4.0, "Publication Count": 1.0}, "university of kentucky": {"Citation Count": 0.0, "Publication Count": 0.6666666666666666}, "tokyo denki university": {"Citation Count": 0.5, "Publication Count": 0.5}, "zhejiang university": {"Citation Count": 0.6666666666666666, "Publication Count": 0.16666666666666666}, "university of macau": {"Citation Count": 1.3333333333333333, "Publication Count": 0.3333333333333333}, "worcester polytechnic institute": {"Citation Count": 1.2380952380952381, "Publication Count": 0.738095238095238}, "hewlett packard": {"Citation Count": 0.4, "Publication Count": 0.2}, "stony brook university": {"Citation Count": 1.2000000000000002, "Publication Count": 0.6000000000000001}, "montana state university": {"Citation Count": 1.0, "Publication Count": 0.5}, "university of augsburg": {"Citation Count": 2.0, "Publication Count": 1.0}, "oak ridge national laboratory": {"Citation Count": 0.0, "Publication Count": 0.857142857142857}, "advanced technologies center": {"Citation Count": 0.0, "Publication Count": 0.14285714285714285}, "university of california santa barbara": {"Citation Count": 1.0, "Publication Count": 1.0}, "at t labs": {"Citation Count": 2.0, "Publication Count": 1.0}, "pennsylvania state university": {"Citation Count": 12.0, "Publication Count": 2.0}, "university of helsinki": {"Citation Count": 1.2000000000000002, "Publication Count": 0.6000000000000001}, "cardiff university": {"Citation Count": 3.0, "Publication Count": 1.0}, "new york public library": {"Citation Count": 0.5, "Publication Count": 0.25}, "kyoto university": {"Citation Count": 1.0, "Publication Count": 1.0}, "university of lisbon": {"Citation Count": 0.0, "Publication Count": 0.3333333333333333}, "auburn university": {"Citation Count": 0.0, "Publication Count": 0.25}, "athens university of economics and business": {"Citation Count": 0.75, "Publication Count": 0.75}, "here": {"Citation Count": 1.9999999999999998, "Publication Count": 0.9999999999999999}}