{"north carolina state university": {"Citation Count": 15.6, "Publication Count": 1.2333333333333332}, "stanford university": {"Citation Count": 287.0, "Publication Count": 1.6666666666666665}, "indian institute of science": {"Citation Count": 4.0, "Publication Count": 2.333333333333333}, "virginia bioinformatics institute": {"Citation Count": 0.0, "Publication Count": 0.3333333333333333}, "at t labs": {"Citation Count": 0.6666666666666666, "Publication Count": 0.3333333333333333}, "new jersey institute of technology": {"Citation Count": 0.6666666666666666, "Publication Count": 0.3333333333333333}, "university of texas at dallas": {"Citation Count": 6.666666666666666, "Publication Count": 1.1666666666666665}, "taiyuan university of technology": {"Citation Count": 1.3333333333333333, "Publication Count": 0.3333333333333333}, "oregon state university": {"Citation Count": 2.0, "Publication Count": 1.0}, "shanghai jiao tong university": {"Citation Count": 26.0, "Publication Count": 1.0}, "rice university": {"Citation Count": 1.8000000000000003, "Publication Count": 0.6000000000000001}, "ibm": {"Citation Count": 60.969047619047615, "Publication Count": 4.2595238095238095}, "king abdullah university of science and technology": {"Citation Count": 4.800000000000001, "Publication Count": 0.4}, "lahore university of management sciences": {"Citation Count": 4.800000000000001, "Publication Count": 0.4}, "university of california davis": {"Citation Count": 8.595238095238095, "Publication Count": 0.7857142857142857}, "arizona state university": {"Citation Count": 10.833333333333332, "Publication Count": 0.8333333333333333}, "washington state university": {"Citation Count": 1.0, "Publication Count": 1.0}, "temple university": {"Citation Count": 27.0, "Publication Count": 2.0}, "baidu": {"Citation Count": 7.933333333333334, "Publication Count": 0.5666666666666667}, "university of minnesota": {"Citation Count": 20.73333333333333, "Publication Count": 2.7666666666666666}, "university of technology sydney": {"Citation Count": 53.33333333333333, "Publication Count": 3.9999999999999996}, "commonwealth scientific and industrial research organisation": {"Citation Count": 2.6666666666666665, "Publication Count": 0.3333333333333333}, "florida atlantic university": {"Citation Count": 13.116666666666667, "Publication Count": 0.7833333333333332}, "university of waterloo": {"Citation Count": 25.0, "Publication Count": 2.0}, "ludwig maximilian university of munich": {"Citation Count": 15.000000000000002, "Publication Count": 1.2000000000000002}, "university of mainz": {"Citation Count": 3.75, "Publication Count": 0.75}, "university of waikato": {"Citation Count": 1.25, "Publication Count": 0.25}, "east china normal university": {"Citation Count": 7.0, "Publication Count": 1.0}, "carnegie mellon university": {"Citation Count": 33.25, "Publication Count": 3.9166666666666665}, "rwth aachen university": {"Citation Count": 16.75, "Publication Count": 1.75}, "ecole polytechnique federale de lausanne": {"Citation Count": 2.333333333333333, "Publication Count": 0.3333333333333333}, "cardiff university": {"Citation Count": 2.333333333333333, "Publication Count": 0.3333333333333333}, "nanyang technological university": {"Citation Count": 0.3333333333333333, "Publication Count": 0.16666666666666666}, "shenzhen university": {"Citation Count": 0.3333333333333333, "Publication Count": 0.16666666666666666}, "kyoto university": {"Citation Count": 0.6666666666666666, "Publication Count": 0.3333333333333333}, "university of tennessee": {"Citation Count": 0.3333333333333333, "Publication Count": 0.16666666666666666}, "university of california riverside": {"Citation Count": 27.0, "Publication Count": 1.75}, "xidian university": {"Citation Count": 4.5, "Publication Count": 0.25}, "washington university in st louis": {"Citation Count": 13.5, "Publication Count": 0.75}, "national taiwan university": {"Citation Count": 10.666666666666668, "Publication Count": 3.2}, "university of texas at san antonio": {"Citation Count": 5.033333333333333, "Publication Count": 0.3666666666666667}, "tsinghua university": {"Citation Count": 33.57142857142858, "Publication Count": 1.342857142857143}, "national university of singapore": {"Citation Count": 2.2, "Publication Count": 0.2}, "hefei university of technology": {"Citation Count": 5.142857142857142, "Publication Count": 0.9523809523809523}, "hewlett packard": {"Citation Count": 10.292857142857143, "Publication Count": 1.1857142857142857}, "google": {"Citation Count": 11.071428571428571, "Publication Count": 1.1428571428571428}, "max planck society": {"Citation Count": 7.738095238095238, "Publication Count": 0.9761904761904762}, "university of boras": {"Citation Count": 10.0, "Publication Count": 0.6666666666666666}, "stockholm university": {"Citation Count": 5.0, "Publication Count": 0.3333333333333333}, "university of texas at austin": {"Citation Count": 31.666666666666668, "Publication Count": 1.6666666666666665}, "university of illinois at urbana champaign": {"Citation Count": 26.166666666666664, "Publication Count": 3.333333333333333}, "nokia": {"Citation Count": 0.2, "Publication Count": 0.2}, "virginia tech": {"Citation Count": 0.2, "Publication Count": 0.2}, "georgia institute of technology": {"Citation Count": 0.2, "Publication Count": 0.2}, "university of texas at arlington": {"Citation Count": 11.0, "Publication Count": 1.0}, "city college of new york": {"Citation Count": 12.0, "Publication Count": 0.3333333333333333}, "university at albany suny": {"Citation Count": 6.0, "Publication Count": 0.2}, "indiana university bloomington": {"Citation Count": 5.5, "Publication Count": 0.5}, "university of wisconsin madison": {"Citation Count": 5.5, "Publication Count": 0.5}, "university at buffalo": {"Citation Count": 9.066666666666666, "Publication Count": 1.8666666666666665}, "sun yat sen university": {"Citation Count": 9.0, "Publication Count": 1.0}, "simon fraser university": {"Citation Count": 49.65, "Publication Count": 2.3666666666666667}, "university of melbourne": {"Citation Count": 19.9, "Publication Count": 0.95}, "pennsylvania state university": {"Citation Count": 6.4, "Publication Count": 0.8666666666666667}, "university of science and technology of china": {"Citation Count": 28.400000000000002, "Publication Count": 2.6}, "microsoft": {"Citation Count": 61.86666666666667, "Publication Count": 1.4666666666666666}, "nanjing university": {"Citation Count": 24.333333333333332, "Publication Count": 1.3333333333333333}, "southeast university": {"Citation Count": 10.666666666666666, "Publication Count": 0.6666666666666666}, "french institute for research in computer science and automation": {"Citation Count": 3.75, "Publication Count": 0.25}, "institut national des sciences appliquees de lyon": {"Citation Count": 3.75, "Publication Count": 0.25}, "montreal heart institute": {"Citation Count": 3.75, "Publication Count": 0.25}, "yahoo": {"Citation Count": 16.333333333333332, "Publication Count": 1.1666666666666665}, "aarhus university": {"Citation Count": 19.5, "Publication Count": 0.75}, "university of british columbia": {"Citation Count": 20.5, "Publication Count": 1.5833333333333333}, "university of pisa": {"Citation Count": 4.666666666666666, "Publication Count": 0.3333333333333333}, "university of california santa barbara": {"Citation Count": 11.333333333333332, "Publication Count": 1.6666666666666665}, "university of catania": {"Citation Count": 5.666666666666666, "Publication Count": 0.3333333333333333}, "university of new mexico": {"Citation Count": 51.5, "Publication Count": 1.5}, "katholieke universiteit leuven": {"Citation Count": 21.0, "Publication Count": 1.0}, "university of florida": {"Citation Count": 13.600000000000001, "Publication Count": 0.8}, "virginia commonwealth university": {"Citation Count": 3.4000000000000004, "Publication Count": 0.2}, "university of southern california": {"Citation Count": 29.5, "Publication Count": 1.75},