{"microsoft": {"Citation Count": 48.0, "Publication Count": 0.5}, "university of california san diego": {"Citation Count": 79.02380952380952, "Publication Count": 1.226190476190476}, "aarhus university": {"Citation Count": 14.0, "Publication Count": 0.5}, "university college west": {"Citation Count": 14.0, "Publication Count": 0.5}, "uppsala university": {"Citation Count": 10.142857142857142, "Publication Count": 1.1428571428571428}, "university of washington": {"Citation Count": 9.5, "Publication Count": 0.7857142857142856}, "university of portland": {"Citation Count": 3.5, "Publication Count": 0.5}, "university of auckland": {"Citation Count": 98.83333333333333, "Publication Count": 1.4166666666666665}, "university of glasgow": {"Citation Count": 18.5, "Publication Count": 0.25}, "university of illinois at urbana champaign": {"Citation Count": 16.5, "Publication Count": 0.75}, "georgia institute of technology": {"Citation Count": 20.0, "Publication Count": 1.0}, "helsinki university of technology": {"Citation Count": 21.0, "Publication Count": 1.0}, "radford university": {"Citation Count": 13.333333333333332, "Publication Count": 0.6666666666666666}, "virginia tech": {"Citation Count": 7.095238095238095, "Publication Count": 0.40476190476190477}, "auckland university of technology": {"Citation Count": 62.5, "Publication Count": 0.5}, "university of technology sydney": {"Citation Count": 36.083333333333336, "Publication Count": 0.41666666666666663}, "manukau institute of technology": {"Citation Count": 31.25, "Publication Count": 0.25}, "university of connecticut": {"Citation Count": 2.571428571428571, "Publication Count": 0.21428571428571427}, "umea university": {"Citation Count": 2.571428571428571, "Publication Count": 0.21428571428571427}, "aberystwyth university": {"Citation Count": 6.428571428571428, "Publication Count": 0.3571428571428571}, "rhode island college": {"Citation Count": 2.571428571428571, "Publication Count": 0.21428571428571427}, "colgate university": {"Citation Count": 0.42857142857142855, "Publication Count": 0.07142857142857142}, "southern polytechnic state university": {"Citation Count": 0.42857142857142855, "Publication Count": 0.07142857142857142}, "fort lewis college": {"Citation Count": 4.285714285714286, "Publication Count": 0.21428571428571427}, "university of puget sound": {"Citation Count": 0.42857142857142855, "Publication Count": 0.07142857142857142}, "university of wisconsin madison": {"Citation Count": 0.42857142857142855, "Publication Count": 0.07142857142857142}, "university of british columbia": {"Citation Count": 0.8571428571428571, "Publication Count": 0.14285714285714285}, "university of kent": {"Citation Count": 0.42857142857142855, "Publication Count": 0.07142857142857142}, "university of texas at austin": {"Citation Count": 0.42857142857142855, "Publication Count": 0.07142857142857142}, "free university of berlin": {"Citation Count": 25.0, "Publication Count": 1.0}, "monash university": {"Citation Count": 9.666666666666666, "Publication Count": 0.3333333333333333}, "university of southern queensland": {"Citation Count": 4.833333333333333, "Publication Count": 0.16666666666666666}, "rmit university": {"Citation Count": 4.833333333333333, "Publication Count": 0.16666666666666666}, "university of newcastle": {"Citation Count": 4.833333333333333, "Publication Count": 0.16666666666666666}, "metropolitan state university": {"Citation Count": 3.8571428571428568, "Publication Count": 0.14285714285714285}, "pacific lutheran university": {"Citation Count": 3.8571428571428568, "Publication Count": 0.14285714285714285}, "college of charleston": {"Citation Count": 3.8571428571428568, "Publication Count": 0.14285714285714285}}