{"university of california san diego": {"Citation Count": 102.24761904761905, "Publication Count": 2.3523809523809525}, "tsinghua university": {"Citation Count": 44.0, "Publication Count": 1.0}, "university of arizona": {"Citation Count": 12.0, "Publication Count": 1.0}, "eth zurich": {"Citation Count": 44.0, "Publication Count": 1.6666666666666665}, "ibm": {"Citation Count": 15.0, "Publication Count": 1.0}, "telecom paristech": {"Citation Count": 4.166666666666666, "Publication Count": 0.16666666666666666}, "university of california berkeley": {"Citation Count": 102.57142857142856, "Publication Count": 1.1428571428571428}, "pierre and marie curie university": {"Citation Count": 5.857142857142857, "Publication Count": 0.14285714285714285}, "rutgers university": {"Citation Count": 5.857142857142857, "Publication Count": 0.14285714285714285}, "swinburne university of technology": {"Citation Count": 12.000000000000002, "Publication Count": 0.6000000000000001}, "purdue university": {"Citation Count": 5.333333333333333, "Publication Count": 0.6666666666666666}, "at t labs": {"Citation Count": 73.43333333333335, "Publication Count": 2.5}, "information sciences institute": {"Citation Count": 25.0, "Publication Count": 2.0}, "stony brook university": {"Citation Count": 17.0, "Publication Count": 0.14285714285714285}, "university of cambridge": {"Citation Count": 106.0, "Publication Count": 1.4285714285714286}, "universidade federal de minas gerais": {"Citation Count": 34.800000000000004, "Publication Count": 0.6000000000000001}, "kaist": {"Citation Count": 11.600000000000001, "Publication Count": 0.2}, "pompeu fabra university": {"Citation Count": 11.600000000000001, "Publication Count": 0.2}, "university of california santa barbara": {"Citation Count": 23.428571428571427, "Publication Count": 0.5714285714285714}, "bell labs": {"Citation Count": 5.857142857142857, "Publication Count": 0.14285714285714285}, "peking university": {"Citation Count": 5.857142857142857, "Publication Count": 0.14285714285714285}, "university of milan": {"Citation Count": 5.857142857142857, "Publication Count": 0.14285714285714285}, "french institute for research in computer science and automation": {"Citation Count": 8.0, "Publication Count": 0.14285714285714285}, "teliasonera": {"Citation Count": 17.5, "Publication Count": 0.5}, "swedish institute of computer science": {"Citation Count": 17.5, "Publication Count": 0.5}, "akamai technologies": {"Citation Count": 88.0, "Publication Count": 0.5}, "university of massachusetts amherst": {"Citation Count": 88.0, "Publication Count": 0.5}, "stanford university": {"Citation Count": 194.0, "Publication Count": 1.0}, "boston university": {"Citation Count": 25.0, "Publication Count": 2.0}, "national research council": {"Citation Count": 19.200000000000003, "Publication Count": 0.6000000000000001}, "imt institute for advanced studies lucca": {"Citation Count": 6.4, "Publication Count": 0.2}, "university of pisa": {"Citation Count": 6.4, "Publication Count": 0.2}, "university of southern california": {"Citation Count": 16.0, "Publication Count": 1.0}, "university of wisconsin madison": {"Citation Count": 83.1, "Publication Count": 1.5666666666666667}, "colgate university": {"Citation Count": 56.5, "Publication Count": 0.8333333333333333}, "university of connecticut": {"Citation Count": 30.400000000000002, "Publication Count": 0.8}, "illinois state university": {"Citation Count": 7.6000000000000005, "Publication Count": 0.2}, "north carolina state university": {"Citation Count": 73.25, "Publication Count": 1.0833333333333333}, "ulsan national institute of science and technology": {"Citation Count": 22.75, "Publication Count": 0.25}, "telefonica": {"Citation Count": 31.0, "Publication Count": 1.0357142857142856}, "polytechnic university of turin": {"Citation Count": 135.53333333333333, "Publication Count": 1.0761904761904761}, "queen mary university of london": {"Citation Count": 14.0, "Publication Count": 0.14285714285714285}, "university of michigan": {"Citation Count": 28.800000000000004, "Publication Count": 0.6000000000000001}, "new york university": {"Citation Count": 74.0, "Publication Count": 1.0}, "georgia institute of technology": {"Citation Count": 10.666666666666666, "Publication Count": 0.6666666666666666}, "microsoft": {"Citation Count": 5.333333333333333, "Publication Count": 0.3333333333333333}, "university of illinois at chicago": {"Citation Count": 4.6000000000000005, "Publication Count": 0.2}, "at t": {"Citation Count": 25.0, "Publication Count": 1.0}, "telekom innovation laboratories": {"Citation Count": 4.0, "Publication Count": 0.6666666666666666}, "university of maryland college park": {"Citation Count": 6.5, "Publication Count": 0.5}, "princeton university": {"Citation Count": 6.5, "Publication Count": 0.5}, "university of california davis": {"Citation Count": 10.833333333333332, "Publication Count": 0.8333333333333333}, "university of twente": {"Citation Count": 162.66666666666666, "Publication Count": 0.6666666666666666}, "cyprus university of technology": {"Citation Count": 1.0, "Publication Count": 0.25}, "northwestern university": {"Citation Count": 53.0, "Publication Count": 1.0}, "reseaux ip europeens network coordination centre": {"Citation Count": 9.333333333333332, "Publication Count": 0.16666666666666666}, "university of waikato": {"Citation Count": 7.0, "Publication Count": 1.0}}