{"johns hopkins university": {"Citation Count": 59.0, "Publication Count": 2.0}, "scientific computing and imaging institute": {"Citation Count": 13.0, "Publication Count": 1.0}, "microsoft": {"Citation Count": 64.58571428571429, "Publication Count": 1.042857142857143}, "university of california los angeles": {"Citation Count": 41.96666666666667, "Publication Count": 2.2333333333333334}, "general electric": {"Citation Count": 22.804761904761907, "Publication Count": 0.5095238095238095}, "yale university": {"Citation Count": 7.0, "Publication Count": 2.0}, "university of copenhagen": {"Citation Count": 46.58333333333333, "Publication Count": 3.216666666666667}, "gentofte hospital": {"Citation Count": 7.666666666666666, "Publication Count": 0.3333333333333333}, "university of iowa": {"Citation Count": 60.99999999999999, "Publication Count": 2.4285714285714284}, "university of pennsylvania": {"Citation Count": 34.30952380952381, "Publication Count": 2.0238095238095237}, "vanderbilt university": {"Citation Count": 41.8, "Publication Count": 1.4}, "university of georgia": {"Citation Count": 16.57142857142857, "Publication Count": 1.1285714285714286}, "northwestern polytechnical university": {"Citation Count": 9.428571428571429, "Publication Count": 0.8714285714285714}, "siemens": {"Citation Count": 6.083333333333333, "Publication Count": 1.5833333333333333}, "university of utah": {"Citation Count": 41.0, "Publication Count": 2.0}, "massachusetts institute of technology": {"Citation Count": 17.428571428571427, "Publication Count": 1.0}, "brigham and women s hospital": {"Citation Count": 28.261904761904756, "Publication Count": 2.261904761904762}, "florida state university": {"Citation Count": 16.200000000000003, "Publication Count": 0.6000000000000001}, "university college london": {"Citation Count": 15.0, "Publication Count": 2.0}, "university of western ontario": {"Citation Count": 35.75, "Publication Count": 1.75}, "ge healthcare": {"Citation Count": 0.25, "Publication Count": 0.25}, "rutgers university": {"Citation Count": 15.833333333333332, "Publication Count": 0.16666666666666666}, "rwth aachen university": {"Citation Count": 0.3333333333333333, "Publication Count": 0.3333333333333333}, "princeton university": {"Citation Count": 4.666666666666667, "Publication Count": 0.41666666666666663}, "university at buffalo": {"Citation Count": 4.0, "Publication Count": 0.5714285714285714}, "university of southern california": {"Citation Count": 1.6666666666666665, "Publication Count": 0.3333333333333333}, "national university of singapore": {"Citation Count": 15.0, "Publication Count": 2.0}, "mcgill university": {"Citation Count": 3.333333333333333, "Publication Count": 1.3333333333333333}, "montreal neurological institute and hospital": {"Citation Count": 4.666666666666666, "Publication Count": 0.6666666666666666}, "university of north carolina at chapel hill": {"Citation Count": 12.0, "Publication Count": 2.0}, "french institute for research in computer science and automation": {"Citation Count": 108.90238095238097, "Publication Count": 3.0023809523809524}, "imperial college london": {"Citation Count": 9.999999999999998, "Publication Count": 0.7142857142857142}, "french institute of health and medical research": {"Citation Count": 16.8, "Publication Count": 0.34285714285714286}, "university of lubeck": {"Citation Count": 2.5, "Publication Count": 0.5}, "technische universitat darmstadt": {"Citation Count": 2.5, "Publication Count": 0.5}, "university of oxford": {"Citation Count": 5.25, "Publication Count": 0.75}, "university medical center freiburg": {"Citation Count": 3.0, "Publication Count": 0.75}, "carnegie mellon university": {"Citation Count": 10.0, "Publication Count": 1.0}, "ohio state university": {"Citation Count": 6.428571428571429, "Publication Count": 1.457142857142857}, "lehigh university": {"Citation Count": 3.0, "Publication Count": 1.0}, "stanford university": {"Citation Count": 5.0, "Publication Count": 1.0}, "boston children s hospital": {"Citation Count": 4.666666666666666, "Publication Count": 0.3333333333333333}, "university of salzburg": {"Citation Count": 9.333333333333332, "Publication Count": 0.6666666666666666}, "university of manchester": {"Citation Count": 23.0, "Publication Count": 2.0}, "university of florida": {"Citation Count": 13.0, "Publication Count": 1.0}, "harvard university": {"Citation Count": 16.9, "Publication Count": 1.05}, "supelec": {"Citation Count": 5.2, "Publication Count": 0.2}, "technische universitat munchen": {"Citation Count": 14.0, "Publication Count": 1.0}, "ecole polytechnique de montreal": {"Citation Count": 9.0, "Publication Count": 0.5}, "university of electronic science and technology of china": {"Citation Count": 0.8571428571428571, "Publication Count": 0.14285714285714285}, "heidelberg university": {"Citation Count": 4.285714285714286, "Publication Count": 0.14285714285714285}, "helsinki institute for information technology": {"Citation Count": 4.285714285714286, "Publication Count": 0.14285714285714285}, "center for devices and radiological health": {"Citation Count": 2.0, "Publication Count": 1.0}, "university of louisville": {"Citation Count": 15.428571428571427, "Publication Count": 0.5714285714285714}, "jewish hospital": {"Citation Count": 3.8571428571428568, "Publication Count": 0.14285714285714285}, "university of auckland": {"Citation Count": 3.8571428571428568, "Publication Count": 0.14285714285714285}}