{"d e shaw research": {"Citation Count": 12.0, "Publication Count": 1.0}, "microsoft": {"Citation Count": 220.72826086956513, "Publication Count": 0.8206521739130432}, "amazon web services": {"Citation Count": 13.217391304347826, "Publication Count": 0.043478260869565216}, "google": {"Citation Count": 72.81739130434784, "Publication Count": 0.7434782608695653}, "columbia university": {"Citation Count": 13.217391304347826, "Publication Count": 0.043478260869565216}, "ecole polytechnique federale de lausanne": {"Citation Count": 13.217391304347826, "Publication Count": 0.043478260869565216}, "university of washington": {"Citation Count": 22.467391304347828, "Publication Count": 0.16847826086956522}, "university of texas at austin": {"Citation Count": 31.717391304347828, "Publication Count": 0.2934782608695652}, "georgia institute of technology": {"Citation Count": 52.7888198757764, "Publication Count": 0.8291925465838509}, "massachusetts institute of technology": {"Citation Count": 42.00000000000001, "Publication Count": 1.0000000000000002}, "intel": {"Citation Count": 72.37301587301586, "Publication Count": 2.51984126984127}, "iowa state university": {"Citation Count": 5.0, "Publication Count": 1.0}, "university of illinois at urbana champaign": {"Citation Count": 9.333333333333332, "Publication Count": 0.8333333333333333}, "nvidia": {"Citation Count": 13.333333333333332, "Publication Count": 0.41666666666666663}, "university of virginia": {"Citation Count": 29.2, "Publication Count": 1.4}, "advanced micro devices": {"Citation Count": 17.8, "Publication Count": 1.1}, "university of science and technology of china": {"Citation Count": 1.7142857142857142, "Publication Count": 0.14285714285714285}, "nanjing university": {"Citation Count": 1.7142857142857142, "Publication Count": 0.14285714285714285}, "chinese academy of sciences": {"Citation Count": 24.309523809523807, "Publication Count": 1.2619047619047619}, "french institute for research in computer science and automation": {"Citation Count": 17.714285714285715, "Publication Count": 1.1428571428571428}, "carnegie mellon university": {"Citation Count": 163.60317460317464, "Publication Count": 1.5873015873015874}, "harvard university": {"Citation Count": 85.0, "Publication Count": 1.0}, "university of toronto": {"Citation Count": 38.666666666666664, "Publication Count": 1.3333333333333333}, "university of california san diego": {"Citation Count": 32.0, "Publication Count": 1.0}, "uppsala university": {"Citation Count": 1.0, "Publication Count": 1.0}, "chalmers university of technology": {"Citation Count": 39.0, "Publication Count": 1.0}, "university of pittsburgh": {"Citation Count": 13.833333333333332, "Publication Count": 1.1666666666666667}, "university of wisconsin madison": {"Citation Count": 31.583333333333332, "Publication Count": 2.4166666666666665}, "polytechnic university of catalonia": {"Citation Count": 65.83333333333333, "Publication Count": 1.5}, "technion israel institute of technology": {"Citation Count": 25.6, "Publication Count": 1.6}, "university of cambridge": {"Citation Count": 65.6, "Publication Count": 1.6999999999999997}, "pennsylvania state university": {"Citation Count": 35.3, "Publication Count": 1.7}, "purdue university": {"Citation Count": 39.0, "Publication Count": 2.0}, "university of michigan": {"Citation Count": 82.0, "Publication Count": 1.0}, "sharif university of technology": {"Citation Count": 15.0, "Publication Count": 1.0}, "qualcomm": {"Citation Count": 3.8000000000000003, "Publication Count": 0.2}, "university of texas at dallas": {"Citation Count": 7.6000000000000005, "Publication Count": 0.4}, "daegu university": {"Citation Count": 3.8000000000000003, "Publication Count": 0.2}, "stanford university": {"Citation Count": 35.2, "Publication Count": 0.4}, "university of florida": {"Citation Count": 18.0, "Publication Count": 1.0}, "seoul national university": {"Citation Count": 18.75, "Publication Count": 0.75}, "oracle corporation": {"Citation Count": 6.833333333333333, "Publication Count": 0.16666666666666666}, "peking university": {"Citation Count": 13.666666666666666, "Publication Count": 0.3333333333333333}, "louisiana state university": {"Citation Count": 8.999999999999998, "Publication Count": 0.9999999999999998}, "university of valladolid": {"Citation Count": 3.333333333333333, "Publication Count": 0.6666666666666666}, "university of california berkeley": {"Citation Count": 3.333333333333333, "Publication Count": 0.6666666666666666}, "beihang university": {"Citation Count": 1.0, "Publication Count": 0.3333333333333333}, "sri international": {"Citation Count": 13.600000000000001, "Publication Count": 0.2}, "barcelona supercomputing center": {"Citation Count": 4.4, "Publication Count": 0.4}, "university of california santa barbara": {"Citation Count": 19.0, "Publication Count": 1.0}}