{"analog devices": {"Citation Count": 47.99999999999999, "Publication Count": 1.9999999999999998}, "stmicroelectronics": {"Citation Count": 60.03461538461539, "Publication Count": 4.351923076923077}, "stanford university": {"Citation Count": 244.7, "Publication Count": 4.938095238095238}, "columbia university": {"Citation Count": 51.0, "Publication Count": 1.3333333333333333}, "national taiwan university": {"Citation Count": 278.9428571428571, "Publication Count": 10.230476190476189}, "national chiao tung university": {"Citation Count": 8.5, "Publication Count": 1.5}, "industrial technology research institute": {"Citation Count": 2.5, "Publication Count": 0.5}, "silicon labs": {"Citation Count": 1.0000000000000002, "Publication Count": 1.0000000000000002}, "massachusetts institute of technology": {"Citation Count": 416.24398496240593, "Publication Count": 5.688345864661653}, "university of tokyo": {"Citation Count": 30.571428571428566, "Publication Count": 1.4285714285714284}, "ibm": {"Citation Count": 322.52619047619044, "Publication Count": 9.814285714285713}, "kyushu university": {"Citation Count": 1.7142857142857142, "Publication Count": 0.2857142857142857}, "university of catania": {"Citation Count": 1.0, "Publication Count": 0.2}, "arizona state university": {"Citation Count": 57.0, "Publication Count": 1.0}, "broadcom": {"Citation Count": 148.60740740740735, "Publication Count": 3.2429629629629626}, "university of erlangen nuremberg": {"Citation Count": 6.0, "Publication Count": 0.47619047619047616}, "infineon technologies": {"Citation Count": 32.10897435897436, "Publication Count": 2.4198717948717947}, "renesas electronics": {"Citation Count": 83.51326043237806, "Publication Count": 3.771178984414279}, "university of pavia": {"Citation Count": 59.261538461538464, "Publication Count": 1.9923076923076923}, "intel": {"Citation Count": 748.3444976076553, "Publication Count": 5.751196172248803}, "hitachi": {"Citation Count": 184.503663003663, "Publication Count": 3.244810744810745}, "waseda university": {"Citation Count": 4.142857142857142, "Publication Count": 0.14285714285714285}, "sun microsystems": {"Citation Count": 174.99999999999997, "Publication Count": 3.0}, "nxp semiconductors": {"Citation Count": 185.25714285714287, "Publication Count": 4.228571428571428}, "helsinki university of technology": {"Citation Count": 35.0, "Publication Count": 2.0}, "university of southern california": {"Citation Count": 42.0, "Publication Count": 2.0}, "samsung": {"Citation Count": 257.9523809523809, "Publication Count": 5.920634920634919}, "hanyang university": {"Citation Count": 8.0, "Publication Count": 0.4444444444444444}, "national archives and records administration": {"Citation Count": 12.72549019607843, "Publication Count": 0.5098039215686274}, "kaist": {"Citation Count": 185.33333333333331, "Publication Count": 5.633333333333333}, "samsung electro mechanics": {"Citation Count": 14.0, "Publication Count": 0.6666666666666666}, "university of california santa cruz": {"Citation Count": 10.0, "Publication Count": 1.0}, "eth zurich": {"Citation Count": 22.5, "Publication Count": 0.75}, "university of toronto": {"Citation Count": 12.000000000000002, "Publication Count": 0.6000000000000001}, "toronto western hospital": {"Citation Count": 8.0, "Publication Count": 0.4}, "national tsing hua university": {"Citation Count": 7.000000000000002, "Publication Count": 1.0000000000000002}, "harvard university": {"Citation Count": 3.5, "Publication Count": 0.5}, "hiroshima university": {"Citation Count": 4.0, "Publication Count": 0.8}, "korea university": {"Citation Count": 18.666666666666664, "Publication Count": 1.3333333333333333}, "sk hynix": {"Citation Count": 9.333333333333332, "Publication Count": 0.6666666666666666}, "university of california los angeles": {"Citation Count": 99.71428571428571, "Publication Count": 3.142857142857143}, "national central university": {"Citation Count": 9.857142857142856, "Publication Count": 0.14285714285714285}, "delft university of technology": {"Citation Count": 28.933333333333334, "Publication Count": 1.4666666666666668}, "ruhr university bochum": {"Citation Count": 37.0, "Publication Count": 1.0}, "university of california berkeley": {"Citation Count": 85.0, "Publication Count": 1.0}, "california institute of technology": {"Citation Count": 11.666666666666666, "Publication Count": 0.3333333333333333}, "university of california san diego": {"Citation Count": 8.75, "Publication Count": 0.25}, "kwangwoon university": {"Citation Count": 9.333333333333332, "Publication Count": 0.1111111111111111}, "university of california irvine": {"Citation Count": 14.400000000000002, "Publication Count": 0.6000000000000001}, "seoul national university": {"Citation Count": 16.0, "Publication Count": 1.0}, "texas a m university": {"Citation Count": 7.0, "Publication Count": 1.0}, "qimonda": {"Citation Count": 8.615384615384615, "Publication Count": 1.0769230769230769}, "philips": {"Citation Count": 31.17142857142857, "Publication Count": 0.4857142857142857}, "katholieke universiteit leuven": {"Citation Count": 264.2380952380952, "Publication Count": 4.119047619047619}, "mediatek": {"Citation Count": 5.0, "Publication Count": 1.0}, "orange s a": {"Citation Count": 4.583333333333333, "Publication Count": 0.08333333333333333}, "ecole polytechnique federale de lausanne": {"Citation Count": 4.0, "Publication Count": 0.5}, "texas instruments": {"Citation Count": 183.61538461538464, "Publication Count": 3.0769230769230775}, "fujitsu": {"Citation Count": 29.333333333333332, "Publication Count": 1.6833333333333333}, "ntt docomo": {"Citation Count": 1.3333333333333333, "Publication Count": 0.08333333333333333}, "mitsubishi electric": {"Citation Count": 1.3333333333333333, "Publication Count": 0.08333333333333333}, "national chung cheng university": {"Citation Count": 59.833333333333336, "Publication Count": 2.416666666666667}, "feng chia university": {"Citation Count": 9.11111111111111, "Publication Count": 0.2222222222222222}, "kobe university": {"Citation Count": 11.214285714285715, "Publication Count": 0.6428571428571428}, "university of michigan": {"Citation Count": 152.1578947368421, "Publication Count": 3.052631578947368}, "oregon state university": {"Citation Count": 9.157894736842104, "Publication Count": 0.05263157894736842}, "pohang university of science and technology": {"Citation Count": 12.999999999999996, "Publication Count": 0.9999999999999998}, "vienna university of technology": {"Citation Count": 16.5, "Publication Count": 2.25}, "university of rochester": {"Citation Count": 12.0, "Publication Count": 0.25}, "toshiba": {"Citation Count": 4.0, "Publication Count": 0.08333333333333333}, "university of minnesota": {"Citation Count": 136.2, "Publication Count": 1.8}, "nokia": {"Citation Count": 9.0, "Publication Count": 1.0}, "university of bologna": {"Citation Count": 27.0, "Publication Count": 0.5}, "keio university": {"Citation Count": 116.33333333333333, "Publication Count": 1.6666666666666665}, "sun microsystems laboratories": {"Citation Count": 56.99999999999998, "Publication Count": 0.9999999999999997}, "case western reserve university": {"Citation Count": 19.0, "Publication Count": 1.0}, "siemens": {"Citation Count": 1.2307692307692308, "Publication Count": 0.15384615384615385}, "technische universitat munchen": {"Citation Count": 1.8461538461538463, "Publication Count": 0.23076923076923078}, "purdue university": {"Citation Count": 10.4, "Publication Count": 0.2}, "university of washington": {"Citation Count": 146.0, "Publication Count": 1.0}, "university of twente": {"Citation Count": 41.0, "Publication Count": 1.0}, "electronics and telecommunications research institute": {"Citation Count": 52.34285714285714, "Publication Count": 1.3714285714285714}, "lg electronics": {"Citation Count": 14.571428571428571, "Publication Count": 0.2857142857142857}, "alcatel lucent": {"Citation Count": 5.0, "Publication Count": 1.0},