{"university of california san diego": {"Citation Count": 1.5694444444444444, "Publication Count": 0.4027777777777778}, "university of chicago": {"Citation Count": 2.4321428571428574, "Publication Count": 1.7750000000000001}, "northwestern university": {"Citation Count": 0.125, "Publication Count": 0.26785714285714285}, "monash university": {"Citation Count": 7.325, "Publication Count": 1.325}, "university of virginia": {"Citation Count": 5.625, "Publication Count": 0.9583333333333333}, "university of maryland college park": {"Citation Count": 12.5, "Publication Count": 1.5}, "twitter": {"Citation Count": 2.2222222222222223, "Publication Count": 0.1111111111111111}, "hewlett packard": {"Citation Count": 2.2222222222222223, "Publication Count": 0.1111111111111111}, "university of california berkeley": {"Citation Count": 4.73015873015873, "Publication Count": 0.36507936507936506}, "massachusetts institute of technology": {"Citation Count": 12.088888888888887, "Publication Count": 1.9777777777777776}, "stanford university": {"Citation Count": 628.088888888889, "Publication Count": 4.620634920634921}, "ibm": {"Citation Count": 26.87222222222222, "Publication Count": 4.105555555555556}, "university of michigan": {"Citation Count": 20.804761904761904, "Publication Count": 3.28015873015873}, "princeton university": {"Citation Count": 10.2, "Publication Count": 1.911111111111111}, "university of arizona": {"Citation Count": 16.40714285714286, "Publication Count": 0.6928571428571428}, "carnegie mellon university": {"Citation Count": 41.8111111111111, "Publication Count": 4.123412698412698}, "yahoo": {"Citation Count": 34.44047619047619, "Publication Count": 3.369047619047619}, "microsoft": {"Citation Count": 143.90000000000003, "Publication Count": 6.1761904761904765}, "university of tennessee": {"Citation Count": 2.8000000000000003, "Publication Count": 0.2}, "beihang university": {"Citation Count": 29.028571428571425, "Publication Count": 1.5904761904761904}, "rutgers university": {"Citation Count": 50.89761904761905, "Publication Count": 4.088095238095238}, "drexel university": {"Citation Count": 10.200000000000001, "Publication Count": 0.6000000000000001}, "linkedin": {"Citation Count": 46.78333333333333, "Publication Count": 8.966666666666667}, "amazon com": {"Citation Count": 0.0, "Publication Count": 1.0}, "northeastern university": {"Citation Count": 22.833333333333332, "Publication Count": 1.5416666666666665}, "dalian university of technology": {"Citation Count": 8.45, "Publication Count": 1.4}, "university of washington": {"Citation Count": 1053.0, "Publication Count": 3.25}, "general electric": {"Citation Count": 1.4444444444444444, "Publication Count": 0.1111111111111111}, "baidu": {"Citation Count": 29.200000000000003, "Publication Count": 2.4857142857142858}, "chinese academy of sciences": {"Citation Count": 4.642857142857142, "Publication Count": 1.2142857142857142}, "georgia institute of technology": {"Citation Count": 69.46666666666667, "Publication Count": 4.341666666666667}, "university of california irvine": {"Citation Count": 0.7, "Publication Count": 0.325}, "emory university": {"Citation Count": 0.5, "Publication Count": 0.125}, "aalto university": {"Citation Count": 10.8, "Publication Count": 1.3}, "university of helsinki": {"Citation Count": 3.45, "Publication Count": 0.45}, "virginia tech": {"Citation Count": 20.21666666666667, "Publication Count": 3.266666666666667}, "san diego state university": {"Citation Count": 0.2222222222222222, "Publication Count": 0.05555555555555555}, "caci": {"Citation Count": 0.4444444444444444, "Publication Count": 0.1111111111111111}, "indian institute of technology kanpur": {"Citation Count": 2.6, "Publication Count": 0.4}, "university at buffalo": {"Citation Count": 25.91428571428571, "Publication Count": 2.723809523809524}, "yandex": {"Citation Count": 7.0, "Publication Count": 1.0}, "university of science and technology of china": {"Citation Count": 19.30952380952381, "Publication Count": 2.3}, "university of melbourne": {"Citation Count": 17.8, "Publication Count": 1.1333333333333333}, "google": {"Citation Count": 52.650000000000006, "Publication Count": 2.95}, "facebook": {"Citation Count": 14.916666666666666, "Publication Count": 2.083333333333333}, "university of minnesota": {"Citation Count": 10.5, "Publication Count": 1.3333333333333333}, "national institutes of health": {"Citation Count": 0.0, "Publication Count": 0.8}, "university of electronic science and technology of china": {"Citation Count": 15.0, "Publication Count": 0.2}, "new york university": {"Citation Count": 1.5, "Publication Count": 1.5}, "tufts university": {"Citation Count": 0.25, "Publication Count": 0.25}, "missouri university of science and technology": {"Citation Count": 0.8571428571428571, "Publication Count": 0.14285714285714285}, "nanyang technological university": {"Citation Count": 1.5, "Publication Count": 0.5}, "indraprastha institute of information technology": {"Citation Count": 4.0, "Publication Count": 0.6666666666666666}, "xerox": {"Citation Count": 2.0, "Publication Count": 1.0}, "mcgill university": {"Citation Count": 3.333333333333333, "Publication Count": 0.6666666666666666}, "autodesk": {"Citation Count": 6.666666666666666, "Publication Count": 0.6666666666666666}, "marshfield clinic": {"Citation Count": 1.6666666666666665, "Publication Count": 0.3333333333333333}, "university of wisconsin madison": {"Citation Count": 1.6666666666666665, "Publication Count": 0.3333333333333333}, "university of illinois at chicago": {"Citation Count": 37.38333333333333, "Publication Count": 3.1166666666666667}, "university of georgia": {"Citation Count": 6.25, "Publication Count": 0.625}, "university of california davis": {"Citation Count": 10.850000000000001, "Publication Count": 1.525}, "commonwealth scientific and industrial research organisation": {"Citation Count": 1.5, "Publication Count": 0.5}, "university of sydney": {"Citation Count": 1.5, "Publication Count": 0.5}, "columbia university": {"Citation Count": 1.3333333333333333, "Publication Count": 0.5833333333333333}, "stony brook university": {"Citation Count": 6.666666666666666, "Publication Count": 0.9166666666666666}, "cisco systems inc": {"Citation Count": 0.8, "Publication Count": 0.2}, "qualcomm": {"Citation Count": 0.0, "Publication Count": 1.0}, "huawei": {"Citation Count": 1.5555555555555558, "Publication Count": 0.7777777777777779}, "katholieke universiteit leuven": {"Citation Count": 3.7857142857142856, "Publication Count": 0.6428571428571428}, "ecole polytechnique federale de lausanne": {"Citation Count": 2.75, "Publication Count": 0.5}, "pennsylvania state university": {"Citation Count": 19.0, "Publication Count": 1.2857142857142856}, "netflix": {"Citation Count": 8.0, "Publication Count": 1.0}, "northwestern polytechnical university": {"Citation Count": 4.0, "Publication Count": 0.4}, "university college london": {"Citation Count": 15.083333333333332, "Publication Count": 0.9166666666666666}, "shanghai jiao tong university": {"Citation Count": 1.75, "Publication Count": 0.25}, "national institute of informatics": {"Citation Count": 1.0, "Publication Count": 1.0}, "university of grenoble": {"Citation Count": 9.0, "Publication Count": 1.0}, "harvard university": {"Citation Count": 5.066666666666666, "Publication Count": 0.8666666666666667}, "cornell university": {"Citation Count": 21.46666666666667, "Publication Count": 3.033333333333333}, "university of massachusetts amherst": {"Citation Count": 1.0, "Publication Count": 1.0}, "max planck society": {"Citation Count": 24.0, "Publication Count": 1.7833333333333332}, "utrecht university": {"Citation Count": 4.666666666666666, "Publication Count": 0.6666666666666666}, "sapienza university of rome": {"Citation Count": 1.6, "Publication Count": 0.8}, "university of illinois at urbana champaign": {"Citation Count": 54.214285714285715, "Publication Count": 4.738095238095238},