{"university of california berkeley": {"Citation Count": 9.800000000000002, "Publication Count": 0.8}, "duke university": {"Citation Count": 3.3, "Publication Count": 1.3666666666666667}, "harvard university": {"Citation Count": 4.542857142857143, "Publication Count": 1.0857142857142859}, "ben gurion university of the negev": {"Citation Count": 0.5, "Publication Count": 0.5}, "weizmann institute of science": {"Citation Count": 0.5, "Publication Count": 0.5}, "cornell university": {"Citation Count": 9.695238095238095, "Publication Count": 1.8761904761904762}, "university of california davis": {"Citation Count": 1.2000000000000002, "Publication Count": 1.7333333333333334}, "naval medical research center": {"Citation Count": 1.2000000000000002, "Publication Count": 0.4}, "michigan state university": {"Citation Count": 9.5, "Publication Count": 2.25}, "ibm": {"Citation Count": 12.933333333333334, "Publication Count": 4.6499999999999995}, "university of technology sydney": {"Citation Count": 2.333333333333333, "Publication Count": 0.5}, "carnegie mellon university": {"Citation Count": 13.402380952380954, "Publication Count": 7.242857142857143}, "university of waterloo": {"Citation Count": 1.3333333333333333, "Publication Count": 0.3333333333333333}, "rensselaer polytechnic institute": {"Citation Count": 6.0, "Publication Count": 1.0}, "technion israel institute of technology": {"Citation Count": 5.333333333333333, "Publication Count": 1.6666666666666665}, "google": {"Citation Count": 46.93333333333332, "Publication Count": 7.766666666666667}, "roma tre university": {"Citation Count": 3.0000000000000004, "Publication Count": 0.6000000000000001}, "university of pisa": {"Citation Count": 1.6, "Publication Count": 0.8}, "university of california riverside": {"Citation Count": 2.4285714285714284, "Publication Count": 1.1428571428571428}, "university of notre dame": {"Citation Count": 55.73333333333333, "Publication Count": 1.8666666666666667}, "united states army research laboratory": {"Citation Count": 31.166666666666664, "Publication Count": 1.0714285714285714}, "university of michigan": {"Citation Count": 5.871428571428571, "Publication Count": 4.488492063492063}, "beihang university": {"Citation Count": 11.55, "Publication Count": 1.825}, "rutgers university": {"Citation Count": 21.23333333333333, "Publication Count": 4.441666666666666}, "missouri university of science and technology": {"Citation Count": 2.1, "Publication Count": 1.0166666666666666}, "northeastern university": {"Citation Count": 2.2857142857142856, "Publication Count": 0.8095238095238095}, "university of california los angeles": {"Citation Count": 4.866666666666667, "Publication Count": 1.3666666666666665}, "university of texas at arlington": {"Citation Count": 6.0, "Publication Count": 1.75}, "istituto di scienza e tecnologie dell informazione": {"Citation Count": 0.4, "Publication Count": 0.4}, "stanford university": {"Citation Count": 55.71666666666667, "Publication Count": 4.783333333333333}, "shanghai jiao tong university": {"Citation Count": 15.085714285714285, "Publication Count": 1.1142857142857143}, "hebrew university of jerusalem": {"Citation Count": 2.5, "Publication Count": 0.5}, "university of texas at austin": {"Citation Count": 3.6666666666666665, "Publication Count": 1.6666666666666665}, "university of massachusetts amherst": {"Citation Count": 4.0, "Publication Count": 2.0}, "tsinghua university": {"Citation Count": 7.8999999999999995, "Publication Count": 3.7083333333333335}, "university of chicago": {"Citation Count": 9.200000000000001, "Publication Count": 0.4}, "university of kansas": {"Citation Count": 2.0, "Publication Count": 2.0}, "hong kong university of science and technology": {"Citation Count": 48.5, "Publication Count": 2.666666666666667}, "tongji university": {"Citation Count": 1.25, "Publication Count": 0.41666666666666663}, "arizona state university": {"Citation Count": 19.83095238095238, "Publication Count": 4.473809523809524}, "university of electronic science and technology of china": {"Citation Count": 3.0, "Publication Count": 0.5}, "university of arizona": {"Citation Count": 3.6857142857142855, "Publication Count": 0.7595238095238095}, "microsoft": {"Citation Count": 91.12222222222222, "Publication Count": 5.844444444444445}, "national university of defense technology": {"Citation Count": 0.0, "Publication Count": 0.25}, "zhejiang university": {"Citation Count": 0.0, "Publication Count": 0.125}, "max planck society": {"Citation Count": 3.0, "Publication Count": 1.0}, "ludwig maximilian university of munich": {"Citation Count": 1.55, "Publication Count": 1.55}, "university of vienna": {"Citation Count": 0.95, "Publication Count": 0.95}, "georgia institute of technology": {"Citation Count": 23.885714285714286, "Publication Count": 2.164285714285714}, "federal university of rio de janeiro": {"Citation Count": 51.0, "Publication Count": 1.0}, "yahoo": {"Citation Count": 23.555555555555557, "Publication Count": 4.111111111111111}, "national tsing hua university": {"Citation Count": 0.16666666666666666, "Publication Count": 0.16666666666666666}, "pennsylvania state university": {"Citation Count": 18.21428571428571, "Publication Count": 2.6904761904761902}, "national taiwan university": {"Citation Count": 0.16666666666666666, "Publication Count": 0.16666666666666666}, "academia sinica": {"Citation Count": 0.3333333333333333, "Publication Count": 0.3333333333333333}, "national chiao tung university": {"Citation Count": 0.16666666666666666, "Publication Count": 0.16666666666666666}, "university of illinois at urbana champaign": {"Citation Count": 42.0, "Publication Count": 4.428571428571429}, "texas a m university": {"Citation Count": 6.0, "Publication Count": 1.0}, "rice university": {"Citation Count": 19.0, "Publication Count": 1.0}, "kyoto university": {"Citation Count": 5.555555555555555, "Publication Count": 1.1111111111111112}, "facebook": {"Citation Count": 1.0, "Publication Count": 0.25}, "northwestern university": {"Citation Count": 0.5, "Publication Count": 0.16666666666666666}, "university of illinois at chicago": {"Citation Count": 13.333333333333334, "Publication Count": 1.777777777777778}, "shenzhen university": {"Citation Count": 0.5, "Publication Count": 0.16666666666666666}, "chinese academy of sciences": {"Citation Count": 3.8000000000000003, "Publication Count": 0.8666666666666667}, "nanyang technological university": {"Citation Count": 5.566666666666666, "Publication Count": 1.7666666666666666}, "renmin university of china": {"Citation Count": 0.8, "Publication Count": 0.2}, "khalifa university": {"Citation Count": 0.8, "Publication Count": 0.2}, "nanjing university": {"Citation Count": 0.8, "Publication Count": 0.8}, "university at buffalo": {"Citation Count": 23.33333333333333, "Publication Count": 2.833333333333333}, "purdue university": {"Citation Count": 8.75, "Publication Count": 2.75}, "washington university in st louis": {"Citation Count": 6.0, "Publication Count": 1.0}, "indiana university bloomington": {"Citation Count": 4.0, "Publication Count": 1.0}, "university of hong kong": {"Citation Count": 0.4, "Publication Count": 0.4}, "the chinese university of hong kong": {"Citation Count": 0.2, "Publication Count": 0.4857142857142857}, "huawei": {"Citation Count": 2.547222222222222, "Publication Count": 1.7337301587301586}, "fudan university": {"Citation Count": 0.0, "Publication Count": 0.16666666666666666}, "temple university": {"Citation Count": 0.0, "Publication Count": 0.16666666666666666}, "drexel university": {"Citation Count": 0.5, "Publication Count": 0.3333333333333333}, "university of pittsburgh": {"Citation Count": 0.75, "Publication Count": 0.9166666666666666}, "university of science and technology of china": {"Citation Count": 1.5428571428571427, "Publication Count": 0.7714285714285714}, "university of north carolina at charlotte": {"Citation Count": 2.685714285714286, "Publication Count": 0.5928571428571429},