{"university of colorado boulder": {"Citation Count": 3.833333333333333, "Publication Count": 0.8333333333333333}, "pearson education": {"Citation Count": 5.666666666666666, "Publication Count": 1.6666666666666665}, "worcester polytechnic institute": {"Citation Count": 11.333333333333334, "Publication Count": 2.8333333333333335}, "harvard university": {"Citation Count": 29.53333333333333, "Publication Count": 4.45}, "stanford university": {"Citation Count": 130.0333333333333, "Publication Count": 5.166666666666667}, "university of california san diego": {"Citation Count": 10.1, "Publication Count": 2.1}, "microsoft": {"Citation Count": 14.175, "Publication Count": 2.475}, "pes university": {"Citation Count": 1.625, "Publication Count": 0.125}, "facebook": {"Citation Count": 1.0, "Publication Count": 0.5}, "university of helsinki": {"Citation Count": 7.0, "Publication Count": 1.0}, "university of california berkeley": {"Citation Count": 40.388888888888886, "Publication Count": 9.394444444444444}, "carnegie mellon university": {"Citation Count": 92.0, "Publication Count": 5.0}, "george mason university": {"Citation Count": 24.999999999999996, "Publication Count": 1.9999999999999998}, "massachusetts institute of technology": {"Citation Count": 27.48888888888889, "Publication Count": 5.605555555555555}, "cornell university": {"Citation Count": 16.0, "Publication Count": 2.0}, "rice university": {"Citation Count": 19.666666666666664, "Publication Count": 1.6666666666666665}, "arizona state university": {"Citation Count": 2.333333333333333, "Publication Count": 0.9333333333333333}, "ibm": {"Citation Count": 1.6666666666666665, "Publication Count": 0.8333333333333333}, "bowie state university": {"Citation Count": 0.3333333333333333, "Publication Count": 0.16666666666666666}, "open university": {"Citation Count": 2.6666666666666665, "Publication Count": 0.6666666666666666}, "university of edinburgh": {"Citation Count": 1.3333333333333333, "Publication Count": 0.3333333333333333}, "peking university": {"Citation Count": 1.9999999999999998, "Publication Count": 0.9999999999999999}, "university of michigan": {"Citation Count": 9.083333333333332, "Publication Count": 1.4166666666666665}, "university of saskatchewan": {"Citation Count": 2.6666666666666665, "Publication Count": 0.3333333333333333}, "tsinghua university": {"Citation Count": 3.5, "Publication Count": 0.5833333333333333}, "boston university": {"Citation Count": 0.8, "Publication Count": 0.8}, "kyoto sangyo university": {"Citation Count": 0.0, "Publication Count": 0.5}, "university of hyogo": {"Citation Count": 0.0, "Publication Count": 0.5}, "google": {"Citation Count": 0.0, "Publication Count": 1.0}, "simon fraser university": {"Citation Count": 14.0, "Publication Count": 1.0}, "national university of singapore": {"Citation Count": 0.0, "Publication Count": 0.75}, "fujitsu": {"Citation Count": 0.5555555555555556, "Publication Count": 0.1111111111111111}, "hawaii pacific university": {"Citation Count": 0.5555555555555556, "Publication Count": 0.1111111111111111}, "carnegie foundation for the advancement of teaching": {"Citation Count": 1.0, "Publication Count": 0.5}, "sri international": {"Citation Count": 1.0, "Publication Count": 0.5}, "university of washington": {"Citation Count": 1.8000000000000003, "Publication Count": 0.6000000000000001}, "vanderbilt university": {"Citation Count": 9.999999999999998, "Publication Count": 0.9999999999999998}, "pennsylvania state university": {"Citation Count": 8.0, "Publication Count": 1.0}, "wellesley college": {"Citation Count": 7.0, "Publication Count": 1.0}, "world bank": {"Citation Count": 0.0, "Publication Count": 0.2}, "michigan state university": {"Citation Count": 0.0, "Publication Count": 1.0}, "university of british columbia": {"Citation Count": 1.0, "Publication Count": 1.0}, "san jose state university": {"Citation Count": 0.4444444444444444, "Publication Count": 0.1111111111111111}, "university of georgia": {"Citation Count": 0.5, "Publication Count": 0.5}}