{"university hospital heidelberg": {"Citation Count": 5.384615384615385, "Publication Count": 0.5384615384615385}, "siemens": {"Citation Count": 117.61480186480185, "Publication Count": 10.365773115773118}, "technische universitat munchen": {"Citation Count": 105.0628121878122, "Publication Count": 4.78461815961816}, "mayo clinic": {"Citation Count": 6.0, "Publication Count": 1.0}, "university of bern": {"Citation Count": 5.833333333333333, "Publication Count": 1.5166666666666666}, "university of basel": {"Citation Count": 2.0, "Publication Count": 0.4}, "johns hopkins university": {"Citation Count": 78.58333333333333, "Publication Count": 4.416666666666666}, "university college london": {"Citation Count": 63.42316017316017, "Publication Count": 4.920995670995671}, "imperial college london": {"Citation Count": 115.89126984126983, "Publication Count": 6.103968253968253}, "brigham and women s hospital": {"Citation Count": 38.3116883116883, "Publication Count": 3.35064935064935}, "children s hospital of philadelphia": {"Citation Count": 4.521428571428571, "Publication Count": 0.6928571428571428}, "university of pennsylvania": {"Citation Count": 97.59285714285714, "Publication Count": 9.752380952380953}, "university of north carolina at chapel hill": {"Citation Count": 228.52106227106225, "Publication Count": 17.521062271062274}, "university of georgia": {"Citation Count": 13.511904761904763, "Publication Count": 3.166666666666666}, "northwestern polytechnical university": {"Citation Count": 12.452380952380953, "Publication Count": 3.154761904761905}, "brown university": {"Citation Count": 2.6666666666666665, "Publication Count": 0.6666666666666666}, "university of edinburgh": {"Citation Count": 1.3333333333333333, "Publication Count": 0.3333333333333333}, "leiden university medical center": {"Citation Count": 2.8571428571428568, "Publication Count": 1.4285714285714284}, "philips": {"Citation Count": 4.514285714285714, "Publication Count": 1.5857142857142856}, "delft university of technology": {"Citation Count": 3.8464285714285715, "Publication Count": 0.6107142857142858}, "cornell university": {"Citation Count": 10.0, "Publication Count": 3.0}, "harvard university": {"Citation Count": 88.64285714285714, "Publication Count": 6.419047619047619}, "university of erlangen nuremberg": {"Citation Count": 60.2790404040404, "Publication Count": 3.5997474747474745}, "german cancer research center": {"Citation Count": 3.1944444444444446, "Publication Count": 0.4722222222222222}, "princeton university": {"Citation Count": 1.0, "Publication Count": 0.3333333333333333}, "french institute for research in computer science and automation": {"Citation Count": 57.88333333333333, "Publication Count": 7.466666666666667}, "ge healthcare": {"Citation Count": 5.666666666666666, "Publication Count": 1.1666666666666665}, "university of oxford": {"Citation Count": 67.08928571428572, "Publication Count": 3.8035714285714284}, "robarts research institute": {"Citation Count": 22.416666666666664, "Publication Count": 1.0833333333333333}, "university of western ontario": {"Citation Count": 46.79761904761905, "Publication Count": 7.023809523809524}, "institut de mathematiques de toulouse": {"Citation Count": 4.166666666666666, "Publication Count": 0.5833333333333333}, "paris dauphine university": {"Citation Count": 3.7666666666666666, "Publication Count": 0.9833333333333333}, "medical university of vienna": {"Citation Count": 1.3333333333333333, "Publication Count": 0.6666666666666666}, "massachusetts institute of technology": {"Citation Count": 7.333333333333333, "Publication Count": 1.0}, "samsung": {"Citation Count": 0.375, "Publication Count": 0.125}, "osaka university": {"Citation Count": 33.33333333333333, "Publication Count": 1.952380952380952}, "indian statistical institute": {"Citation Count": 0.2857142857142857, "Publication Count": 0.14285714285714285}, "ritsumeikan university": {"Citation Count": 0.5714285714285714, "Publication Count": 0.2857142857142857}, "national institutes of health": {"Citation Count": 40.86666666666667, "Publication Count": 7.3500000000000005}, "pompeu fabra university": {"Citation Count": 1.2285714285714286, "Publication Count": 1.2285714285714286}, "university of sheffield": {"Citation Count": 3.1428571428571432, "Publication Count": 0.7428571428571429}, "carl zeiss ag": {"Citation Count": 2.1666666666666665, "Publication Count": 0.16666666666666666}, "university of delaware": {"Citation Count": 4.333333333333333, "Publication Count": 0.3333333333333333}, "french institute of health and medical research": {"Citation Count": 8.5, "Publication Count": 0.7222222222222222}, "nanjing university of aeronautics and astronautics": {"Citation Count": 13.85, "Publication Count": 1.1166666666666667}, "royal prince alfred hospital": {"Citation Count": 0.7142857142857142, "Publication Count": 0.14285714285714285}, "university of texas at arlington": {"Citation Count": 29.357142857142858, "Publication Count": 1.7380952380952381}, "university of sydney": {"Citation Count": 15.999999999999998, "Publication Count": 1.7142857142857142}, "the chinese university of hong kong": {"Citation Count": 2.8571428571428568, "Publication Count": 0.2857142857142857}, "university of wisconsin madison": {"Citation Count": 11.328571428571427, "Publication Count": 2.932142857142857}, "seoul national university": {"Citation Count": 0.5714285714285714, "Publication Count": 0.14285714285714285}, "university of electronic science and technology of china": {"Citation Count": 10.700000000000001, "Publication Count": 0.65}, "churchill hospital": {"Citation Count": 1.125, "Publication Count": 0.375}, "general electric": {"Citation Count": 1.6666666666666665, "Publication Count": 1.3333333333333333}, "aichi institute of technology": {"Citation Count": 4.888888888888888, "Publication Count": 0.19444444444444442}, "nagoya university": {"Citation Count": 31.333333333333336, "Publication Count": 2.333333333333333}, "international university of health and welfare": {"Citation Count": 0.0, "Publication Count": 0.08333333333333333}, "canon inc": {"Citation Count": 1.25, "Publication Count": 0.25}, "centre national de la recherche scientifique": {"Citation Count": 1.0, "Publication Count": 0.2}, "national university of singapore": {"Citation Count": 5.285714285714286, "Publication Count": 0.8761904761904762}, "international society for intelligence research": {"Citation Count": 1.25, "Publication Count": 0.25}, "mauna kea technologies": {"Citation Count": 3.75, "Publication Count": 0.75}, "case western reserve university": {"Citation Count": 33.63333333333333, "Publication Count": 1.8499999999999999}, "university of washington": {"Citation Count": 13.200000000000001, "Publication Count": 0.5333333333333333}, "carnegie mellon university": {"Citation Count": 5.321428571428571, "Publication Count": 2.0357142857142856}, "intel": {"Citation Count": 3.0357142857142856, "Publication Count": 0.5595238095238095}, "university of kentucky": {"Citation Count": 23.0, "Publication Count": 2.0}, "university of california": {"Citation Count": 4.3, "Publication Count": 1.0333333333333332}, "kansas state university": {"Citation Count": 0.5, "Publication Count": 0.16666666666666666}, "city university of hong kong": {"Citation Count": 12.5, "Publication Count": 0.4583333333333333}, "university of queensland": {"Citation Count": 13.566666666666666, "Publication Count": 0.6333333333333333}, "university of adelaide": {"Citation Count": 12.0, "Publication Count": 0.3333333333333333}, "simon fraser university": {"Citation Count": 38.0, "Publication Count": 4.0}, "northeastern university": {"Citation Count": 8.8, "Publication Count": 0.4}, "oregon health science university": {"Citation Count": 4.75, "Publication Count": 1.25}, "rochester institute of technology": {"Citation Count": 3.0, "Publication Count": 1.0}, "eth zurich": {"Citation Count": 22.800000000000004, "Publication Count": 1.8},