{"johns hopkins university": {"Citation Count": 42.01666666666667, "Publication Count": 7.472222222222223}, "ecole centrale paris": {"Citation Count": 17.67142857142857, "Publication Count": 1.9190476190476191}, "ge healthcare": {"Citation Count": 14.126984126984127, "Publication Count": 1.1746031746031744}, "nagoya university": {"Citation Count": 12.999999999999998, "Publication Count": 1.6666666666666665}, "university of houston": {"Citation Count": 12.933333333333332, "Publication Count": 2.3}, "eth zurich": {"Citation Count": 27.166666666666668, "Publication Count": 2.216666666666667}, "technische universitat munchen": {"Citation Count": 125.13968253968254, "Publication Count": 8.998412698412698}, "brigham and women s hospital": {"Citation Count": 59.56666666666666, "Publication Count": 3.1}, "st mary s hospital": {"Citation Count": 2.0, "Publication Count": 0.6666666666666666}, "university of strasbourg": {"Citation Count": 14.75, "Publication Count": 2.458333333333333}, "university of rennes": {"Citation Count": 20.0, "Publication Count": 1.3333333333333333}, "french institute for research in computer science and automation": {"Citation Count": 65.25, "Publication Count": 6.872222222222223}, "university of british columbia": {"Citation Count": 46.66190476190476, "Publication Count": 4.411904761904762}, "princeton university": {"Citation Count": 146.5920634920635, "Publication Count": 10.169047619047618}, "university of tokyo": {"Citation Count": 25.624999999999996, "Publication Count": 3.3749999999999996}, "imperial college london": {"Citation Count": 63.06666666666666, "Publication Count": 3.7333333333333334}, "supelec": {"Citation Count": 3.8571428571428568, "Publication Count": 0.42857142857142855}, "harvard university": {"Citation Count": 77.9047619047619, "Publication Count": 5.023809523809525}, "massachusetts institute of technology": {"Citation Count": 8.1, "Publication Count": 0.9}, "kingston general hospital": {"Citation Count": 7.533333333333333, "Publication Count": 1.9666666666666666}, "queen s university": {"Citation Count": 10.119047619047619, "Publication Count": 3.216269841269841}, "centre national de la recherche scientifique": {"Citation Count": 48.45, "Publication Count": 2.1214285714285714}, "philips": {"Citation Count": 34.094444444444434, "Publication Count": 3.5722222222222224}, "university of southern california": {"Citation Count": 11.761904761904761, "Publication Count": 0.47619047619047616}, "siemens": {"Citation Count": 109.35, "Publication Count": 6.415873015873015}, "kyushu university": {"Citation Count": 1.5, "Publication Count": 0.5}, "aichi institute of technology": {"Citation Count": 5.0, "Publication Count": 0.6666666666666666}, "french institute of health and medical research": {"Citation Count": 14.816666666666666, "Publication Count": 1.1484126984126983}, "montreal neurological institute and hospital": {"Citation Count": 36.05, "Publication Count": 3.8}, "ontario veterinary college": {"Citation Count": 0.8, "Publication Count": 0.2}, "leipzig university": {"Citation Count": 4.666666666666666, "Publication Count": 0.6666666666666666}, "university of zurich": {"Citation Count": 2.6666666666666665, "Publication Count": 0.41666666666666663}, "university of wisconsin madison": {"Citation Count": 8.6, "Publication Count": 1.4}, "indian institute of technology bombay": {"Citation Count": 0.125, "Publication Count": 0.125}, "national research council": {"Citation Count": 7.0, "Publication Count": 1.0}, "university of auckland": {"Citation Count": 12.457142857142857, "Publication Count": 1.2428571428571429}, "pompeu fabra university": {"Citation Count": 38.4, "Publication Count": 4.758333333333333}, "university college london": {"Citation Count": 46.96666666666667, "Publication Count": 4.533333333333333}, "australian national university": {"Citation Count": 3.0, "Publication Count": 0.3333333333333333}, "telecom paristech": {"Citation Count": 0.0, "Publication Count": 0.75}, "georgia institute of technology": {"Citation Count": 2.1333333333333333, "Publication Count": 0.5333333333333333}, "dartmouth college": {"Citation Count": 6.0, "Publication Count": 0.75}, "dartmouth hitchcock medical center": {"Citation Count": 2.0, "Publication Count": 0.25}, "rochester institute of technology": {"Citation Count": 4.0, "Publication Count": 2.5}, "national university of singapore": {"Citation Count": 44.1, "Publication Count": 2.85}, "university of lubeck": {"Citation Count": 2.25, "Publication Count": 0.25}, "johns hopkins university school of medicine": {"Citation Count": 0.0, "Publication Count": 0.6666666666666666}, "mcmaster university": {"Citation Count": 13.0, "Publication Count": 1.0}, "rutgers university": {"Citation Count": 45.80238095238096, "Publication Count": 3.3880952380952385}, "new york university": {"Citation Count": 1.5714285714285714, "Publication Count": 0.14285714285714285}, "university of oxford": {"Citation Count": 361.4761904761904, "Publication Count": 3.3809523809523805}, "arizona state university": {"Citation Count": 0.0, "Publication Count": 0.14285714285714285}, "university college hospital": {"Citation Count": 3.375, "Publication Count": 0.375}, "telecom sudparis": {"Citation Count": 0.0, "Publication Count": 0.6666666666666666}, "mines paristech": {"Citation Count": 0.0, "Publication Count": 0.3333333333333333}, "university of north carolina at chapel hill": {"Citation Count": 169.5, "Publication Count": 12.109523809523811}, "university of michigan": {"Citation Count": 5.0, "Publication Count": 0.3333333333333333}, "university of maryland baltimore": {"Citation Count": 2.0, "Publication Count": 0.6666666666666666}, "ohio state university": {"Citation Count": 18.311507936507937, "Publication Count": 1.982936507936508}, "erasmus university rotterdam": {"Citation Count": 4.25, "Publication Count": 1.5833333333333333}, "heidelberg university": {"Citation Count": 31.583333333333332, "Publication Count": 2.2916666666666665}, "university hospital heidelberg": {"Citation Count": 2.0, "Publication Count": 0.25}, "german cancer research center": {"Citation Count": 3.0, "Publication Count": 0.375}, "geneva college": {"Citation Count": 1.3333333333333333, "Publication Count": 0.3333333333333333}, "institute of cancer research": {"Citation Count": 7.6000000000000005, "Publication Count": 0.4}, "university of california santa barbara": {"Citation Count": 7.0, "Publication Count": 1.0}, "graz university of technology": {"Citation Count": 4.857142857142857, "Publication Count": 0.2857142857142857}, "yale university": {"Citation Count": 20.42857142857143, "Publication Count": 3.142857142857143}, "agency for science technology and research": {"Citation Count": 26.25, "Publication Count": 1.5}, "national university of health sciences": {"Citation Count": 3.5, "Publication Count": 0.25}, "ecole polytechnique": {"Citation Count": 6.25, "Publication Count": 0.25}, "university of california san diego": {"Citation Count": 8.523809523809524, "Publication Count": 0.6190476190476191}, "ibm": {"Citation Count": 29.3952380952381, "Publication Count": 1.826190476190476}, "scientific computing and imaging institute": {"Citation Count": 40.08571428571429, "Publication Count": 3.0285714285714285}, "paris descartes university": {"Citation Count": 0.3333333333333333, "Publication Count": 0.1111111111111111}, "university of kent": {"Citation Count": 1.3333333333333333, "Publication Count": 0.6666666666666666}, "king s college london": {"Citation Count": 0.6666666666666666, "Publication Count": 0.3333333333333333}, "university of georgia": {"Citation Count": 11.714285714285714, "Publication Count": 2.085714285714286}, "northwestern polytechnical university": {"Citation Count": 15.119047619047617, "Publication Count": 1.7142857142857142}, "university of waterloo": {"Citation Count": 6.0, "Publication Count": 0.16666666666666666}, "copenhagen university hospital": {"Citation Count": 6.333333333333333,