{"boston children s hospital": {"Citation Count": 18.71428571428571, "Publication Count": 2.571428571428571}, "imperial college london": {"Citation Count": 99.59166666666667, "Publication Count": 5.6083333333333325}, "nagoya university": {"Citation Count": 16.8, "Publication Count": 0.4}, "technische universitat munchen": {"Citation Count": 40.522077922077926, "Publication Count": 6.7199134199134205}, "ludwig maximilian university of munich": {"Citation Count": 15.514285714285714, "Publication Count": 1.3285714285714287}, "university of tokyo": {"Citation Count": 1.5, "Publication Count": 1.4999999999999998}, "kyushu university": {"Citation Count": 1.5, "Publication Count": 0.5}, "johns hopkins university": {"Citation Count": 97.93636363636364, "Publication Count": 7.4818181818181815}, "university of british columbia": {"Citation Count": 37.0, "Publication Count": 4.333333333333334}, "french institute for research in computer science and automation": {"Citation Count": 125.67738095238096, "Publication Count": 9.067063492063491}, "agency for science technology and research": {"Citation Count": 6.0, "Publication Count": 0.2857142857142857}, "nanyang technological university": {"Citation Count": 3.0, "Publication Count": 0.6428571428571428}, "national university of singapore": {"Citation Count": 6.0, "Publication Count": 0.2857142857142857}, "microsoft": {"Citation Count": 105.53333333333333, "Publication Count": 2.40952380952381}, "university of bern": {"Citation Count": 4.733333333333333, "Publication Count": 2.0666666666666664}, "johns hopkins university school of medicine": {"Citation Count": 3.7, "Publication Count": 0.45}, "university of sydney": {"Citation Count": 4.5, "Publication Count": 0.75}, "university of north carolina at chapel hill": {"Citation Count": 139.79047619047617, "Publication Count": 12.064285714285715}, "university of strasbourg": {"Citation Count": 4.0, "Publication Count": 0.2222222222222222}, "sun yat sen university": {"Citation Count": 1.4444444444444444, "Publication Count": 0.1111111111111111}, "city university of hong kong": {"Citation Count": 2.888888888888889, "Publication Count": 0.2222222222222222}, "houston methodist hospital": {"Citation Count": 5.777777777777778, "Publication Count": 0.4444444444444444}, "katholieke universiteit leuven": {"Citation Count": 1.0, "Publication Count": 1.0}, "michigan state university": {"Citation Count": 22.666666666666664, "Publication Count": 0.6666666666666666}, "ventana medical systems": {"Citation Count": 11.333333333333332, "Publication Count": 0.3333333333333333}, "university of iowa": {"Citation Count": 12.4, "Publication Count": 1.85}, "university of utah": {"Citation Count": 44.2, "Publication Count": 2.8666666666666667}, "siemens": {"Citation Count": 94.82727272727271, "Publication Count": 6.916919191919192}, "university of houston": {"Citation Count": 6.5, "Publication Count": 2.0}, "university of houston downtown": {"Citation Count": 0.5, "Publication Count": 0.25}, "athens university of economics and business": {"Citation Count": 0.5, "Publication Count": 0.25}, "rutgers university": {"Citation Count": 14.516666666666667, "Publication Count": 1.75}, "st jude children s research hospital": {"Citation Count": 1.875, "Publication Count": 0.125}, "national university of colombia": {"Citation Count": 5.625, "Publication Count": 0.375}, "pennsylvania state university": {"Citation Count": 1.875, "Publication Count": 0.125}, "leibniz institute for neurobiology": {"Citation Count": 0.0, "Publication Count": 0.3333333333333333}, "otto von guericke university magdeburg": {"Citation Count": 0.0, "Publication Count": 0.6666666666666666}, "princeton university": {"Citation Count": 66.06666666666668, "Publication Count": 4.703174603174603}, "university of south carolina": {"Citation Count": 5.5, "Publication Count": 0.6666666666666666}, "netherlands cancer institute": {"Citation Count": 3.0, "Publication Count": 1.0}, "philips": {"Citation Count": 90.13333333333333, "Publication Count": 3.7595238095238095}, "hannover medical school": {"Citation Count": 0.0, "Publication Count": 0.5714285714285714}, "leibniz university of hanover": {"Citation Count": 0.0, "Publication Count": 0.2857142857142857}, "university of wuppertal": {"Citation Count": 1.1428571428571428, "Publication Count": 0.2857142857142857}, "rwth aachen university": {"Citation Count": 5.571428571428571, "Publication Count": 1.1428571428571428}, "southern medical university": {"Citation Count": 1.1428571428571428, "Publication Count": 0.2857142857142857}, "supelec": {"Citation Count": 1.7142857142857142, "Publication Count": 0.42857142857142855}, "ge healthcare": {"Citation Count": 25.38095238095238, "Publication Count": 2.628571428571429}, "university of rennes": {"Citation Count": 15.666666666666666, "Publication Count": 3.25}, "commonwealth scientific and industrial research organisation": {"Citation Count": 4.708333333333333, "Publication Count": 0.9916666666666667}, "university of lorraine": {"Citation Count": 2.5, "Publication Count": 0.95}, "french institute of health and medical research": {"Citation Count": 2.9285714285714284, "Publication Count": 0.726190476190476}, "cornell university": {"Citation Count": 6.0, "Publication Count": 1.0}, "university of texas at arlington": {"Citation Count": 20.6, "Publication Count": 2.3666666666666663}, "new york university": {"Citation Count": 5.0, "Publication Count": 0.3333333333333333}, "georgia institute of technology": {"Citation Count": 0.3333333333333333, "Publication Count": 0.3333333333333333}, "intel": {"Citation Count": 0.16666666666666666, "Publication Count": 0.16666666666666666}, "university of pittsburgh": {"Citation Count": 0.5, "Publication Count": 0.5}, "simon fraser university": {"Citation Count": 19.0, "Publication Count": 1.6666666666666665}, "eth zurich": {"Citation Count": 21.0, "Publication Count": 1.0}, "carnegie mellon university": {"Citation Count": 24.0, "Publication Count": 1.5}, "stanford university": {"Citation Count": 3.5, "Publication Count": 0.25}, "university of california los angeles": {"Citation Count": 26.623809523809523, "Publication Count": 3.712698412698412}, "beijing institute of technology": {"Citation Count": 4.5, "Publication Count": 0.5}, "arizona state university": {"Citation Count": 1.5, "Publication Count": 0.16666666666666666}, "university of oxford": {"Citation Count": 122.21428571428571, "Publication Count": 3.571428571428571}, "yandex": {"Citation Count": 22.25, "Publication Count": 0.25}, "australian national university": {"Citation Count": 6.000000000000001, "Publication Count": 0.6000000000000001}, "garvan institute of medical research": {"Citation Count": 2.0, "Publication Count": 0.2}, "university of michigan": {"Citation Count": 6.666666666666666, "Publication Count": 0.6666666666666666}, "university of notre dame": {"Citation Count": 5.0, "Publication Count": 1.0}, "boston university": {"Citation Count": 11.0, "Publication Count": 1.0}, "university of bonn": {"Citation Count": 1.0, "Publication Count": 0.16666666666666666}, "university of erlangen nuremberg": {"Citation Count": 22.4, "Publication Count": 1.5333333333333332}, "malmo university": {"Citation Count": 2.0, "Publication Count": 0.3333333333333333}, "university of bergen": {"Citation Count": 5.4, "Publication Count": 0.6000000000000001}, "robarts research institute": {"Citation Count": 47.6, "Publication Count": 3.9333333333333336}, "university health network": {"Citation Count": 2.4000000000000004, "Publication Count": 0.4}, "university college london": {"Citation Count": 49.52380952380952, "Publication Count": 4.095238095238095}, "montreal neurological institute and hospital": {"Citation Count": 10.249999999999998, "Publication Count": 1.25}, "samsung": {"Citation Count": 7.999999999999999, "Publication Count": 0.9999999999999999}, "king s college london": {"Citation Count": 10.966666666666667, "Publication Count": 1.0333333333333332},