{"university of california santa barbara": {"Citation Count": 91.28571428571428, "Publication Count": 1.714285714285714}, "university of wisconsin madison": {"Citation Count": 32.5, "Publication Count": 1.5}, "rice university": {"Citation Count": 54.0, "Publication Count": 4.666666666666667}, "beihang university": {"Citation Count": 27.0, "Publication Count": 1.6666666666666665}, "microsoft": {"Citation Count": 178.75064935064935, "Publication Count": 4.197402597402597}, "ohio state university": {"Citation Count": 16.5, "Publication Count": 1.1666666666666667}, "princeton university": {"Citation Count": 52.766666666666666, "Publication Count": 1.9666666666666668}, "university of washington": {"Citation Count": 30.0, "Publication Count": 1.0}, "peking university": {"Citation Count": 121.57142857142857, "Publication Count": 1.7142857142857142}, "yale university": {"Citation Count": 4.714285714285714, "Publication Count": 0.14285714285714285}, "university of science and technology of china": {"Citation Count": 4.333333333333333, "Publication Count": 0.1111111111111111}, "illinois institute of technology": {"Citation Count": 49.0, "Publication Count": 0.625}, "tsinghua university": {"Citation Count": 165.06060606060606, "Publication Count": 1.202020202020202}, "portland state university": {"Citation Count": 3.0, "Publication Count": 1.0}, "university of texas at austin": {"Citation Count": 31.400000000000006, "Publication Count": 1.0}, "university of california san diego": {"Citation Count": 11.857142857142858, "Publication Count": 1.1428571428571428}, "university college london": {"Citation Count": 57.0, "Publication Count": 1.0}, "university of michigan": {"Citation Count": 20.0, "Publication Count": 0.5714285714285714}, "t mobile us inc": {"Citation Count": 15.0, "Publication Count": 0.42857142857142855}, "rutgers university": {"Citation Count": 39.9, "Publication Count": 0.3666666666666667}, "university of minnesota": {"Citation Count": 12.666666666666666, "Publication Count": 0.3333333333333333}, "at t labs": {"Citation Count": 32.14285714285714, "Publication Count": 0.7142857142857142}, "carnegie mellon university": {"Citation Count": 12.857142857142856, "Publication Count": 0.2857142857142857}, "university of south florida": {"Citation Count": 5.5, "Publication Count": 0.5}, "shanghai jiao tong university": {"Citation Count": 15.67727272727273, "Publication Count": 0.740909090909091}, "north carolina state university": {"Citation Count": 2.75, "Publication Count": 0.25}, "nanyang technological university": {"Citation Count": 106.0, "Publication Count": 1.1666666666666665}, "massachusetts institute of technology": {"Citation Count": 171.7, "Publication Count": 3.1}, "university of victoria": {"Citation Count": 2.0, "Publication Count": 1.0}, "old dominion university": {"Citation Count": 2.0, "Publication Count": 2.0}, "hong kong university of science and technology": {"Citation Count": 90.0, "Publication Count": 2.0}, "new jersey institute of technology": {"Citation Count": 2.0, "Publication Count": 1.0}, "drexel university": {"Citation Count": 0.16666666666666666, "Publication Count": 0.16666666666666666}, "university of illinois at urbana champaign": {"Citation Count": 0.16666666666666666, "Publication Count": 1.1666666666666667}, "ibm": {"Citation Count": 0.9500000000000001, "Publication Count": 0.35}, "university of hong kong": {"Citation Count": 0.7000000000000001, "Publication Count": 0.1}, "university of british columbia": {"Citation Count": 2.8000000000000003, "Publication Count": 0.4}, "nankai university": {"Citation Count": 0.7000000000000001, "Publication Count": 0.1}, "uppsala university": {"Citation Count": 1.4000000000000001, "Publication Count": 0.2}, "ajou university": {"Citation Count": 1.0, "Publication Count": 1.0}, "queen mary university of london": {"Citation Count": 10.0, "Publication Count": 1.0}, "xi an jiaotong university": {"Citation Count": 0.0, "Publication Count": 1.4166666666666665}, "university of texas at dallas": {"Citation Count": 0.0, "Publication Count": 0.125}, "dartmouth college": {"Citation Count": 3.8571428571428568, "Publication Count": 1.1428571428571428}, "daegu gyeongbuk institute of science and technology": {"Citation Count": 5.0, "Publication Count": 1.0}, "university of edinburgh": {"Citation Count": 2.0, "Publication Count": 1.3333333333333333}, "florida state university": {"Citation Count": 32.0, "Publication Count": 0.41666666666666663}, "stevens institute of technology": {"Citation Count": 96.0, "Publication Count": 1.25}, "eth zurich": {"Citation Count": 10.0, "Publication Count": 1.0}, "university of toronto": {"Citation Count": 8.0, "Publication Count": 2.0}, "university at buffalo": {"Citation Count": 0.0, "Publication Count": 0.6666666666666666}, "hewlett packard": {"Citation Count": 0.0, "Publication Count": 0.3333333333333333}, "northwest university": {"Citation Count": 1.9999999999999998, "Publication Count": 0.9999999999999999}, "university of waterloo": {"Citation Count": 30.0, "Publication Count": 1.0}, "delft university of technology": {"Citation Count": 3.7272727272727275, "Publication Count": 0.09090909090909091}, "university of science and technology sana a": {"Citation Count": 3.7272727272727275, "Publication Count": 0.09090909090909091}, "harbin institute of technology": {"Citation Count": 7.454545454545455, "Publication Count": 0.18181818181818182}, "george washington university": {"Citation Count": 8.0, "Publication Count": 0.3333333333333333}, "university of massachusetts amherst": {"Citation Count": 42.0, "Publication Count": 1.0}, "cisco systems inc": {"Citation Count": 0.25, "Publication Count": 0.25}, "indiana university purdue university indianapolis": {"Citation Count": 30.5, "Publication Count": 0.16666666666666666}}