{"university of calgary": {"Citation Count": 5.5, "Publication Count": 0.5}, "johns hopkins university": {"Citation Count": 5.5, "Publication Count": 0.5}, "united states naval academy": {"Citation Count": 4.0, "Publication Count": 1.0}, "boston university": {"Citation Count": 9.000000000000002, "Publication Count": 0.6000000000000001}, "north carolina state university": {"Citation Count": 3.0, "Publication Count": 0.2}, "purdue university": {"Citation Count": 13.357142857142858, "Publication Count": 1.6428571428571426}, "saarland university": {"Citation Count": 8.25, "Publication Count": 1.9166666666666665}, "university of erlangen nuremberg": {"Citation Count": 1.25, "Publication Count": 0.25}, "kaist": {"Citation Count": 26.76190476190476, "Publication Count": 1.2380952380952381}, "sri international": {"Citation Count": 3.6666666666666665, "Publication Count": 0.3333333333333333}, "carnegie mellon university": {"Citation Count": 10.5, "Publication Count": 1.5}, "clemson university": {"Citation Count": 1.7142857142857142, "Publication Count": 0.5714285714285714}, "arizona state university": {"Citation Count": 1.2857142857142856, "Publication Count": 0.42857142857142855}, "northeastern university": {"Citation Count": 11.499999999999998, "Publication Count": 1.0999999999999999}, "university of georgia": {"Citation Count": 1.6666666666666665, "Publication Count": 0.8333333333333333}, "auburn university at montgomery": {"Citation Count": 0.3333333333333333, "Publication Count": 0.16666666666666666}, "iowa state university": {"Citation Count": 4.0, "Publication Count": 1.0}, "university of oxford": {"Citation Count": 7.0, "Publication Count": 1.8333333333333333}, "university of catania": {"Citation Count": 1.0, "Publication Count": 0.16666666666666666}, "french institute for research in computer science and automation": {"Citation Count": 3.5, "Publication Count": 0.5}, "commonwealth scientific and industrial research organisation": {"Citation Count": 3.4285714285714284, "Publication Count": 0.42857142857142855}, "university of queensland": {"Citation Count": 2.2857142857142856, "Publication Count": 0.2857142857142857}, "university of new south wales": {"Citation Count": 2.2857142857142856, "Publication Count": 0.2857142857142857}, "bauhaus university weimar": {"Citation Count": 1.3333333333333333, "Publication Count": 0.6666666666666666}, "northwest university": {"Citation Count": 9.142857142857142, "Publication Count": 0.5714285714285714}, "lancaster university": {"Citation Count": 4.571428571428571, "Publication Count": 0.2857142857142857}, "university of bath": {"Citation Count": 2.2857142857142856, "Publication Count": 0.14285714285714285}, "stony brook university": {"Citation Count": 12.0, "Publication Count": 1.0}, "university of texas at austin": {"Citation Count": 7.400000000000001, "Publication Count": 0.8}, "stanford university": {"Citation Count": 4.4, "Publication Count": 0.4}, "university of the west of england": {"Citation Count": 3.833333333333333, "Publication Count": 0.16666666666666666}, "university college london": {"Citation Count": 19.166666666666664, "Publication Count": 0.8333333333333333}, "max planck society": {"Citation Count": 1.6, "Publication Count": 0.8}, "university of maryland college park": {"Citation Count": 9.142857142857142, "Publication Count": 1.1428571428571428}, "university of pennsylvania": {"Citation Count": 0.625, "Publication Count": 0.625}, "university of michigan": {"Citation Count": 7.805555555555555, "Publication Count": 0.6944444444444444}, "university of western ontario": {"Citation Count": 0.6666666666666666, "Publication Count": 0.6666666666666666}, "google": {"Citation Count": 1.8888888888888888, "Publication Count": 0.1111111111111111}, "international computer science institute": {"Citation Count": 1.8888888888888888, "Publication Count": 0.1111111111111111}, "university of illinois at urbana champaign": {"Citation Count": 4.920634920634921, "Publication Count": 0.36507936507936506}, "indian institute of science": {"Citation Count": 1.3333333333333333, "Publication Count": 0.6666666666666666}, "aarhus university": {"Citation Count": 46.333333333333336, "Publication Count": 1.1666666666666667}, "technische universitat darmstadt": {"Citation Count": 13.583333333333332, "Publication Count": 2.25}, "university of california san diego": {"Citation Count": 1.3333333333333333, "Publication Count": 1.1666666666666667}, "university of tsukuba": {"Citation Count": 9.0, "Publication Count": 1.0}, "indiana university bloomington": {"Citation Count": 4.200000000000001, "Publication Count": 0.6000000000000001}, "university of california riverside": {"Citation Count": 1.4000000000000001, "Publication Count": 0.2}, "syracuse university": {"Citation Count": 1.4000000000000001, "Publication Count": 0.2}, "shanghai jiao tong university": {"Citation Count": 2.571428571428571, "Publication Count": 0.857142857142857}, "pennsylvania state university": {"Citation Count": 10.0, "Publication Count": 1.6666666666666665}, "university of california santa barbara": {"Citation Count": 20.257142857142856, "Publication Count": 2.614285714285714}, "columbia university": {"Citation Count": 0.7000000000000001, "Publication Count": 0.1}, "university of ulm": {"Citation Count": 0.7000000000000001, "Publication Count": 0.1}, "fordham university": {"Citation Count": 0.7000000000000001, "Publication Count": 0.1}, "washington university in st louis": {"Citation Count": 0.7000000000000001, "Publication Count": 0.1}, "university of cincinnati": {"Citation Count": 0.7000000000000001, "Publication Count": 0.1}, "vu university amsterdam": {"Citation Count": 24.375, "Publication Count": 1.425}, "ruhr university bochum": {"Citation Count": 2.625, "Publication Count": 0.375}, "seoul national university": {"Citation Count": 1.0, "Publication Count": 1.0}, "graz university of technology": {"Citation Count": 12.75, "Publication Count": 0.75}, "university of lubeck": {"Citation Count": 2.125, "Publication Count": 0.125}, "georgia institute of technology": {"Citation Count": 62.31428571428572, "Publication Count": 2.5690476190476192}, "hebrew university of jerusalem": {"Citation Count": 4.342857142857143, "Publication Count": 0.5428571428571429}, "bar ilan university": {"Citation Count": 3.2, "Publication Count": 0.4}, "fraunhofer society": {"Citation Count": 1.6, "Publication Count": 0.2}, "ericsson": {"Citation Count": 0.25, "Publication Count": 0.25}, "concordia university": {"Citation Count": 1.35, "Publication Count": 0.95}, "imdea": {"Citation Count": 0.0, "Publication Count": 0.6666666666666666}, "university of milan": {"Citation Count": 0.0, "Publication Count": 0.3333333333333333}, "princeton university": {"Citation Count": 3.0000000000000004, "Publication Count": 0.6000000000000001}, "royal institute of technology": {"Citation Count": 1.0, "Publication Count": 0.2}, "karlstad university": {"Citation Count": 1.0, "Publication Count": 0.2}, "yale university": {"Citation Count": 0.8, "Publication Count": 0.2}, "united states naval research laboratory": {"Citation Count": 1.6, "Publication Count": 0.4}, "rutgers university": {"Citation Count": 3.8, "Publication Count": 0.5333333333333333}, "georgetown university": {"Citation Count": 2.0, "Publication Count": 1.0}, "microsoft": {"Citation Count": 16.142857142857142, "Publication Count": 0.39285714285714285}, "massachusetts institute of technology": {"Citation Count": 5.642857142857142, "Publication Count": 0.6428571428571428}, "cornell university": {"Citation Count": 1.1428571428571428, "Publication Count": 0.14285714285714285}, "national university of singapore": {"Citation Count": 27.75, "Publication Count": 1.4166666666666665}, "florida international university": {"Citation Count": 3.0, "Publication Count": 0.3333333333333333}, "tsinghua university": {"Citation Count": 1.5000000000000002, "Publication Count": 0.30000000000000004}, "university of kentucky": {"Citation Count": 0.5,