{"university of edinburgh": {"Citation Count": 21.333333333333332, "Publication Count": 2.583333333333333}, "carnegie mellon university": {"Citation Count": 287.20952380952383, "Publication Count": 13.592857142857143}, "baidu": {"Citation Count": 23.416666666666664, "Publication Count": 0.5833333333333333}, "purdue university": {"Citation Count": 82.33333333333333, "Publication Count": 2.1666666666666665}, "indiana university purdue university indianapolis": {"Citation Count": 4.666666666666666, "Publication Count": 0.6666666666666666}, "university of illinois at chicago": {"Citation Count": 22.0, "Publication Count": 1.0}, "ibm": {"Citation Count": 206.0690476190476, "Publication Count": 6.711904761904762}, "htc": {"Citation Count": 0.25, "Publication Count": 0.25}, "the chinese university of hong kong": {"Citation Count": 488.7, "Publication Count": 3.9000000000000004}, "university of zaragoza": {"Citation Count": 5.5, "Publication Count": 0.25}, "university of california berkeley": {"Citation Count": 476.7142857142858, "Publication Count": 13.904761904761905}, "university of los andes": {"Citation Count": 5.5, "Publication Count": 0.25}, "interdisciplinary center for scientific computing": {"Citation Count": 15.0, "Publication Count": 1.0}, "brown university": {"Citation Count": 2.0, "Publication Count": 1.0}, "yahoo": {"Citation Count": 37.4, "Publication Count": 2.2}, "university of pennsylvania": {"Citation Count": 28.583333333333332, "Publication Count": 1.9166666666666665}, "stanford university": {"Citation Count": 544.6666666666666, "Publication Count": 17.333333333333336}, "ecole centrale paris": {"Citation Count": 7.333333333333333, "Publication Count": 1.3333333333333333}, "princeton university": {"Citation Count": 336.92619047619047, "Publication Count": 10.209523809523809}, "massachusetts institute of technology": {"Citation Count": 876.2666666666667, "Publication Count": 12.383333333333333}, "johns hopkins university": {"Citation Count": 23.733333333333334, "Publication Count": 1.2666666666666666}, "national university of singapore": {"Citation Count": 21.7, "Publication Count": 2.45}, "university of illinois at urbana champaign": {"Citation Count": 82.46666666666667, "Publication Count": 5.716666666666667}, "microsoft": {"Citation Count": 400.45, "Publication Count": 9.133333333333333}, "weizmann institute of science": {"Citation Count": 38.666666666666664, "Publication Count": 1.3333333333333333}, "eth zurich": {"Citation Count": 69.60714285714286, "Publication Count": 6.869047619047619}, "technische universitat munchen": {"Citation Count": 1.75, "Publication Count": 0.25}, "university of minnesota": {"Citation Count": 157.66666666666669, "Publication Count": 4.583333333333333}, "australian national university": {"Citation Count": 151.0, "Publication Count": 2.9166666666666665}, "university of new south wales": {"Citation Count": 17.0, "Publication Count": 1.75}, "columbia university": {"Citation Count": 209.9, "Publication Count": 7.2}, "pohang university of science and technology": {"Citation Count": 58.666666666666664, "Publication Count": 1.3333333333333333}, "boston college": {"Citation Count": 1.5, "Publication Count": 0.25}, "technion israel institute of technology": {"Citation Count": 77.58333333333333, "Publication Count": 6.916666666666666}, "michigan state university": {"Citation Count": 9.166666666666666, "Publication Count": 0.8333333333333333}, "university of iowa": {"Citation Count": 12.5, "Publication Count": 0.8333333333333333}, "disney research": {"Citation Count": 15.0, "Publication Count": 1.0}, "university of california los angeles": {"Citation Count": 221.0, "Publication Count": 6.0}, "university of alberta": {"Citation Count": 39.5, "Publication Count": 3.9666666666666663}, "university college london": {"Citation Count": 45.31666666666667, "Publication Count": 4.15}, "university of oxford": {"Citation Count": 1242.0666666666666, "Publication Count": 3.9666666666666672}, "florida state university": {"Citation Count": 7.5, "Publication Count": 0.5}, "university of california san diego": {"Citation Count": 71.66666666666666, "Publication Count": 4.916666666666666}, "exxonmobil": {"Citation Count": 4.0, "Publication Count": 1.0}, "universite de montreal": {"Citation Count": 2240.4166666666665, "Publication Count": 3.791666666666666}, "aalto university": {"Citation Count": 4.75, "Publication Count": 0.25}, "max planck society": {"Citation Count": 231.91666666666666, "Publication Count": 3.65}, "beijing normal university": {"Citation Count": 3.0, "Publication Count": 1.0}, "mcgovern institute for brain research": {"Citation Count": 2.0, "Publication Count": 0.5}, "university of texas at austin": {"Citation Count": 371.93333333333334, "Publication Count": 16.433333333333334}, "ariel university": {"Citation Count": 0.6666666666666666, "Publication Count": 0.6666666666666666}, "ben gurion university of the negev": {"Citation Count": 10.833333333333334, "Publication Count": 1.8333333333333333}, "tsinghua university": {"Citation Count": 48.1, "Publication Count": 2.2583333333333333}, "istituto italiano di tecnologia": {"Citation Count": 13.0, "Publication Count": 1.0}, "indian institute of science": {"Citation Count": 63.666666666666664, "Publication Count": 5.199999999999999}, "ecole normale superieure": {"Citation Count": 298.8333333333333, "Publication Count": 5.166666666666666}, "centre national de la recherche scientifique": {"Citation Count": 70.8, "Publication Count": 3.533333333333333}, "university of michigan": {"Citation Count": 173.08333333333331, "Publication Count": 4.583333333333333}, "google": {"Citation Count": 3564.3333333333335, "Publication Count": 7.0}, "university of maryland college park": {"Citation Count": 39.0, "Publication Count": 4.0}, "french institute for research in computer science and automation": {"Citation Count": 186.83333333333331, "Publication Count": 9.5}, "university of california san francisco": {"Citation Count": 3.0, "Publication Count": 1.0}, "hong kong university of science and technology": {"Citation Count": 3.0, "Publication Count": 0.5}, "harbin institute of technology": {"Citation Count": 32.400000000000006, "Publication Count": 0.65}, "sun yat sen university": {"Citation Count": 22.400000000000002, "Publication Count": 0.8}, "duke university": {"Citation Count": 45.916666666666664, "Publication Count": 6.416666666666667}, "university of wisconsin madison": {"Citation Count": 17.75, "Publication Count": 2.0}, "university of chicago": {"Citation Count": 4.5, "Publication Count": 2.5}, "university of southern california": {"Citation Count": 145.25, "Publication Count": 4.666666666666666}, "university of washington": {"Citation Count": 148.25, "Publication Count": 5.25}, "university of texas at dallas": {"Citation Count": 10.5, "Publication Count": 2.0}, "ceremade": {"Citation Count": 1.0, "Publication Count": 0.25}, "hec paris": {"Citation Count": 1.0, "Publication Count": 0.25}, "ensae paristech": {"Citation Count": 1.0, "Publication Count": 0.25}, "lawrence berkeley national laboratory": {"Citation Count": 1.75, "Publication Count": 0.25}, "university of florida": {"Citation Count": 1.75, "Publication Count": 0.25}, "university of tokyo": {"Citation Count": 23.633333333333333, "Publication Count": 1.5666666666666667}, "university at buffalo": {"Citation Count": 6.0, "Publication Count": 1.0}, "ecole polytechnique federale de lausanne": {"Citation Count": 21.25, "Publication Count": 2.25}, "technical university of berlin": {"Citation Count": 8.4, "Publication Count": 2.3666666666666667}, "university of cambridge": {"Citation Count": 218.83333333333334, "Publication Count": 9.333333333333334}, "university of geneva": {"Citation Count": 1.3333333333333333, "Publication Count": 0.6666666666666666}, "university of barcelona": {"Citation Count": 0.6666666666666666, "Publication Count": 0.3333333333333333}, "yale university": {"Citation Count": 4.0, "Publication Count": 3.0},