{"princeton university": {"Citation Count": 386.0, "Publication Count": 1.6333333333333333}, "cornell university": {"Citation Count": 74.0, "Publication Count": 1.2}, "university of illinois at urbana champaign": {"Citation Count": 147.88888888888889, "Publication Count": 1.4444444444444444}, "university of southern california": {"Citation Count": 259.0, "Publication Count": 2.6666666666666665}, "microsoft": {"Citation Count": 305.6666666666667, "Publication Count": 4.916666666666666}, "college of william mary": {"Citation Count": 27.5, "Publication Count": 0.5}, "university of california san diego": {"Citation Count": 111.3888888888889, "Publication Count": 1.9444444444444446}, "peking university": {"Citation Count": 7.555555555555555, "Publication Count": 0.1111111111111111}, "university college london": {"Citation Count": 284.0, "Publication Count": 2.0}, "stanford university": {"Citation Count": 344.0, "Publication Count": 2.333333333333333}, "google": {"Citation Count": 50.166666666666664, "Publication Count": 0.3333333333333333}, "university of california berkeley": {"Citation Count": 255.26666666666665, "Publication Count": 2.966666666666667}, "institute of company secretaries of india": {"Citation Count": 7.666666666666666, "Publication Count": 0.16666666666666666}, "purdue university": {"Citation Count": 24.666666666666664, "Publication Count": 0.6666666666666666}, "university of massachusetts amherst": {"Citation Count": 31.5, "Publication Count": 0.75}, "at t labs": {"Citation Count": 27.07142857142857, "Publication Count": 0.5357142857142857}, "university of science and technology of china": {"Citation Count": 30.499999999999996, "Publication Count": 0.49999999999999994}, "tsinghua university": {"Citation Count": 30.499999999999996, "Publication Count": 0.49999999999999994}, "ibm": {"Citation Count": 59.5, "Publication Count": 0.5}, "university of british columbia": {"Citation Count": 59.5, "Publication Count": 0.5}, "national university of singapore": {"Citation Count": 73.0, "Publication Count": 1.0}, "university of washington": {"Citation Count": 200.68571428571428, "Publication Count": 2.342857142857143}, "intel": {"Citation Count": 89.66666666666666, "Publication Count": 0.5833333333333333}, "carnegie mellon university": {"Citation Count": 144.33333333333331, "Publication Count": 0.9166666666666666}, "university of michigan": {"Citation Count": 98.0, "Publication Count": 1.0}, "university of texas at austin": {"Citation Count": 81.5, "Publication Count": 2.75}, "facebook": {"Citation Count": 316.99999999999994, "Publication Count": 0.9999999999999998}, "massachusetts institute of technology": {"Citation Count": 84.0, "Publication Count": 1.0}, "northwestern university": {"Citation Count": 33.14285714285714, "Publication Count": 0.5714285714285714}}