{"university of washington": {"Citation Count": 161.875, "Publication Count": 2.875}, "eth zurich": {"Citation Count": 45.875, "Publication Count": 1.875}, "stanford university": {"Citation Count": 99.0, "Publication Count": 1.0952380952380951}, "ecole polytechnique federale de lausanne": {"Citation Count": 90.66666666666666, "Publication Count": 0.6666666666666666}, "university of california san diego": {"Citation Count": 40.0, "Publication Count": 1.0}, "university of wisconsin madison": {"Citation Count": 76.99999999999999, "Publication Count": 1.9999999999999998}, "university of texas at austin": {"Citation Count": 52.66666666666666, "Publication Count": 2.0809523809523807}, "columbia university": {"Citation Count": 18.333333333333332, "Publication Count": 0.8333333333333333}, "university college london": {"Citation Count": 5.0, "Publication Count": 0.14285714285714285}, "google": {"Citation Count": 5.0, "Publication Count": 0.14285714285714285}, "chalmers university of technology": {"Citation Count": 5.0, "Publication Count": 0.14285714285714285}, "university of california berkeley": {"Citation Count": 430.5333333333333, "Publication Count": 1.9666666666666666}, "stony brook university": {"Citation Count": 48.666666666666664, "Publication Count": 0.3333333333333333}, "purdue university": {"Citation Count": 24.333333333333332, "Publication Count": 0.16666666666666666}, "cornell university": {"Citation Count": 10.142857142857142, "Publication Count": 0.14285714285714285}, "microsoft": {"Citation Count": 586.5142857142857, "Publication Count": 6.214285714285714}, "university of pennsylvania": {"Citation Count": 22.142857142857142, "Publication Count": 0.7142857142857142}, "harvard university": {"Citation Count": 29.25, "Publication Count": 1.5}, "technion israel institute of technology": {"Citation Count": 4.0, "Publication Count": 0.2857142857142857}, "university of michigan": {"Citation Count": 69.0, "Publication Count": 1.6}, "facebook": {"Citation Count": 70.27272727272728, "Publication Count": 1.2181818181818183}, "university of toronto": {"Citation Count": 101.57142857142857, "Publication Count": 2.2857142857142856}, "yale university": {"Citation Count": 15.0, "Publication Count": 0.75}, "bell labs": {"Citation Count": 5.0, "Publication Count": 0.25}, "french institute for research in computer science and automation": {"Citation Count": 17.0, "Publication Count": 0.5}, "university of southern california": {"Citation Count": 13.963636363636365, "Publication Count": 0.2909090909090909}, "princeton university": {"Citation Count": 5.363636363636364, "Publication Count": 0.09090909090909091}, "surya university": {"Citation Count": 8.4, "Publication Count": 0.2}, "university of chicago": {"Citation Count": 25.200000000000003, "Publication Count": 0.6000000000000001}, "max planck society": {"Citation Count": 7.333333333333333, "Publication Count": 0.6666666666666666}, "university of lisbon": {"Citation Count": 3.6666666666666665, "Publication Count": 0.3333333333333333}, "hewlett packard": {"Citation Count": 16.0, "Publication Count": 0.5}, "ohio state university": {"Citation Count": 16.0, "Publication Count": 0.5}, "massachusetts institute of technology": {"Citation Count": 70.75, "Publication Count": 3.5}, "new york university": {"Citation Count": 34.4, "Publication Count": 0.8}, "georgetown university": {"Citation Count": 9.0, "Publication Count": 0.42857142857142855}, "baidu": {"Citation Count": 259.0, "Publication Count": 1.0}, "northwestern university": {"Citation Count": 3.25, "Publication Count": 0.25}, "nicta": {"Citation Count": 6.571428571428571, "Publication Count": 0.2857142857142857}, "intel": {"Citation Count": 9.857142857142856, "Publication Count": 0.42857142857142855}}