{"massachusetts institute of technology": {"Citation Count": 424.99999999999994, "Publication Count": 4.199999999999999}, "university of illinois at urbana champaign": {"Citation Count": 88.8, "Publication Count": 1.2}, "university of toronto": {"Citation Count": 124.0, "Publication Count": 1.0}, "facebook": {"Citation Count": 260.0, "Publication Count": 1.0}, "columbia university": {"Citation Count": 166.125, "Publication Count": 2.125}, "google": {"Citation Count": 884.3295454545455, "Publication Count": 2.1477272727272725}, "microsoft": {"Citation Count": 552.7142857142857, "Publication Count": 3.657142857142857}, "max planck society": {"Citation Count": 55.5, "Publication Count": 0.75}, "university of pennsylvania": {"Citation Count": 18.5, "Publication Count": 0.25}, "university of california san diego": {"Citation Count": 56.400000000000006, "Publication Count": 0.6000000000000001}, "intel": {"Citation Count": 377.0857142857143, "Publication Count": 0.6285714285714286}, "university of washington": {"Citation Count": 160.0, "Publication Count": 2.0}, "yale university": {"Citation Count": 120.0, "Publication Count": 1.0}, "university of michigan": {"Citation Count": 92.0, "Publication Count": 1.0}, "university of california berkeley": {"Citation Count": 87.28571428571428, "Publication Count": 0.8928571428571428}, "new york university": {"Citation Count": 201.0, "Publication Count": 1.0}, "university of texas at austin": {"Citation Count": 47.999999999999986, "Publication Count": 0.9999999999999998}, "princeton university": {"Citation Count": 161.0, "Publication Count": 1.0}, "nec": {"Citation Count": 221.45454545454544, "Publication Count": 0.2727272727272727}, "international computer science institute": {"Citation Count": 73.81818181818183, "Publication Count": 0.09090909090909091}, "deutsche telekom": {"Citation Count": 47.57142857142857, "Publication Count": 0.14285714285714285}, "stanford university": {"Citation Count": 190.28571428571428, "Publication Count": 0.5714285714285714}, "switch": {"Citation Count": 47.57142857142857, "Publication Count": 0.14285714285714285}, "lancaster university": {"Citation Count": 11.0, "Publication Count": 0.25}, "pennsylvania state university": {"Citation Count": 238.85714285714283, "Publication Count": 0.2857142857142857}, "duke university": {"Citation Count": 238.85714285714283, "Publication Count": 0.2857142857142857}, "ibm": {"Citation Count": 183.00000000000003, "Publication Count": 1.0000000000000002}, "hewlett packard": {"Citation Count": 54.0, "Publication Count": 0.3333333333333333}, "rice university": {"Citation Count": 54.0, "Publication Count": 0.3333333333333333}, "vmware": {"Citation Count": 54.0, "Publication Count": 0.3333333333333333}, "university of melbourne": {"Citation Count": 20.0, "Publication Count": 1.0}}