{"texas tech university": {"Citation Count": 28.333333333333332, "Publication Count": 0.3333333333333333}, "institut mines telecom": {"Citation Count": 29.833333333333332, "Publication Count": 0.8333333333333333}, "florida state university": {"Citation Count": 29.083333333333332, "Publication Count": 0.5833333333333333}, "cornell university": {"Citation Count": 189.0, "Publication Count": 3.0}, "university of groningen": {"Citation Count": 11.333333333333332, "Publication Count": 0.6666666666666666}, "eindhoven university of technology": {"Citation Count": 5.666666666666666, "Publication Count": 0.3333333333333333}, "university of lille": {"Citation Count": 0.75, "Publication Count": 0.25}, "johns hopkins university": {"Citation Count": 19.333333333333332, "Publication Count": 2.4166666666666665}, "duke university": {"Citation Count": 14.0, "Publication Count": 0.5}, "virginia tech": {"Citation Count": 20.266666666666666, "Publication Count": 0.8666666666666667}, "university of california los angeles": {"Citation Count": 13.6, "Publication Count": 0.8666666666666667}, "university of toronto": {"Citation Count": 44.86666666666667, "Publication Count": 2.0666666666666664}, "adobe systems": {"Citation Count": 0.4, "Publication Count": 0.2}, "national university of singapore": {"Citation Count": 177.675, "Publication Count": 4.358333333333333}, "ibm": {"Citation Count": 8.4, "Publication Count": 0.4}, "omnivision technologies": {"Citation Count": 0.4, "Publication Count": 0.2}, "university of oxford": {"Citation Count": 78.35714285714285, "Publication Count": 0.9285714285714286}, "xidian university": {"Citation Count": 5.5, "Publication Count": 0.5}, "instituto superior tecnico": {"Citation Count": 1.2000000000000002, "Publication Count": 0.4}, "waseda university": {"Citation Count": 1.8000000000000003, "Publication Count": 0.6000000000000001}, "drexel university": {"Citation Count": 36.0, "Publication Count": 2.0}, "university of california berkeley": {"Citation Count": 291.58333333333337, "Publication Count": 3.6}, "microsoft": {"Citation Count": 295.8833333333333, "Publication Count": 1.5333333333333332}, "university of science and technology of china": {"Citation Count": 8.333333333333332, "Publication Count": 0.3333333333333333}, "university of texas at san antonio": {"Citation Count": 4.166666666666666, "Publication Count": 0.16666666666666666}, "facebook": {"Citation Count": 78.91666666666667, "Publication Count": 0.6666666666666666}, "ecole polytechnique federale de lausanne": {"Citation Count": 53.0, "Publication Count": 2.75}, "chinese academy of sciences": {"Citation Count": 244.36666666666667, "Publication Count": 4.7}, "omron": {"Citation Count": 61.2, "Publication Count": 0.4}, "university of szeged": {"Citation Count": 0.5, "Publication Count": 0.5}, "technische universitat munchen": {"Citation Count": 9.1, "Publication Count": 1.2}, "michigan state university": {"Citation Count": 31.333333333333332, "Publication Count": 0.3333333333333333}, "university of adelaide": {"Citation Count": 176.6, "Publication Count": 3.8000000000000003}, "information technology university": {"Citation Count": 6.333333333333334, "Publication Count": 0.9333333333333333}, "georgia institute of technology": {"Citation Count": 0.2, "Publication Count": 0.2}, "stony brook university": {"Citation Count": 0.8, "Publication Count": 0.8}, "samsung": {"Citation Count": 0.2, "Publication Count": 0.2}, "harvard university": {"Citation Count": 4.866666666666666, "Publication Count": 0.5333333333333333}, "new york university": {"Citation Count": 71.0, "Publication Count": 1.0}, "carnegie mellon university": {"Citation Count": 98.0, "Publication Count": 6.25}, "the chinese university of hong kong": {"Citation Count": 646.25, "Publication Count": 3.5}, "tel aviv university": {"Citation Count": 16.0, "Publication Count": 2.0}, "university of amsterdam": {"Citation Count": 4.0, "Publication Count": 1.0}, "agency for science technology and research": {"Citation Count": 12.600000000000001, "Publication Count": 0.45}, "university of california merced": {"Citation Count": 19.066666666666666, "Publication Count": 0.7333333333333334}, "nanjing university of information science and technology": {"Citation Count": 19.6, "Publication Count": 0.6000000000000001}, "rmit university": {"Citation Count": 10.200000000000001, "Publication Count": 0.6000000000000001}, "swinburne university of technology": {"Citation Count": 3.4000000000000004, "Publication Count": 0.2}, "university of technology sydney": {"Citation Count": 208.66666666666666, "Publication Count": 2.3333333333333335}, "nanjing university of science and technology": {"Citation Count": 5.0, "Publication Count": 0.2}, "university of western australia": {"Citation Count": 81.25, "Publication Count": 2.4166666666666665}, "murdoch university": {"Citation Count": 11.75, "Publication Count": 0.25}, "delft university of technology": {"Citation Count": 13.0, "Publication Count": 1.0}, "beijing university of technology": {"Citation Count": 5.2, "Publication Count": 0.4}, "university of reading": {"Citation Count": 2.6, "Publication Count": 0.2}, "charles sturt university": {"Citation Count": 25.933333333333334, "Publication Count": 0.5333333333333333}, "university of liege": {"Citation Count": 2.6, "Publication Count": 0.2}, "eth zurich": {"Citation Count": 67.61666666666667, "Publication Count": 1.8666666666666665}, "university of bonn": {"Citation Count": 12.25, "Publication Count": 0.25}, "guangdong university of technology": {"Citation Count": 23.333333333333332, "Publication Count": 0.3333333333333333}, "peking university": {"Citation Count": 30.676190476190474, "Publication Count": 1.9619047619047618}, "university of maryland college park": {"Citation Count": 68.9, "Publication Count": 1.9}, "university of tokyo": {"Citation Count": 10.8, "Publication Count": 2.0}, "university of california santa cruz": {"Citation Count": 5.0, "Publication Count": 1.0}, "queen mary university of london": {"Citation Count": 59.976190476190474, "Publication Count": 1.5952380952380951}, "fudan university": {"Citation Count": 1.7142857142857142, "Publication Count": 0.14285714285714285}, "mind institute": {"Citation Count": 0.0, "Publication Count": 0.25}, "sun yat sen university": {"Citation Count": 15.666666666666666, "Publication Count": 0.3333333333333333}, "university of cambridge": {"Citation Count": 2.6666666666666665, "Publication Count": 0.6666666666666666}, "charles iii university of madrid": {"Citation Count": 2.0, "Publication Count": 1.0}, "stanford university": {"Citation Count": 32.785714285714285, "Publication Count": 0.8095238095238095}, "university of michigan": {"Citation Count": 3.25, "Publication Count": 0.25}, "nuance communications": {"Citation Count": 3.8000000000000003, "Publication Count": 0.2}, "university of coimbra": {"Citation Count": 12.0, "Publication Count": 2.25}, "kaist": {"Citation Count": 24.8, "Publication Count": 0.8}, "university of haifa": {"Citation Count": 1.0, "Publication Count": 1.0}, "arizona state university": {"Citation Count": 27.0, "Publication Count": 2.0}, "university of california riverside": {"Citation Count": 47.0, "Publication Count": 3.3333333333333335}, "sri international": {"Citation Count": 8.5, "Publication Count": 0.5}, "oregon state university": {"Citation Count": 12.166666666666666, "Publication Count": 0.8333333333333333}, "max planck society": {"Citation Count": 277.9166666666667, "Publication Count": 3.0}, "university of liverpool": {"Citation Count": 3.0, "Publication Count": 1.0}, "helsinki institute for information technology": {"Citation Count": 3.0, "Publication Count": 1.0}, "australian national university": {"Citation Count": 35.83333333333333, "Publication Count": 0.9444444444444444}, "university of minnesota": {"Citation Count": 4.666666666666666, "Publication Count": 0.6666666666666666}, "university of southern california": {"Citation Count": 11.0, "Publication Count": 0.5},