{"university of stuttgart": {"Citation Count": 6.428571428571429, "Publication Count": 1.3928571428571428}, "university of washington": {"Citation Count": 6.615384615384616, "Publication Count": 2.3076923076923075}, "telefonica": {"Citation Count": 0.42857142857142855, "Publication Count": 0.14285714285714285}, "aarhus university": {"Citation Count": 0.42857142857142855, "Publication Count": 0.14285714285714285}, "ulster university": {"Citation Count": 0.42857142857142855, "Publication Count": 0.14285714285714285}, "ensenada center for scientific research and higher education": {"Citation Count": 1.4285714285714286, "Publication Count": 1.1428571428571428}, "georgia institute of technology": {"Citation Count": 14.153846153846153, "Publication Count": 0.6126373626373627}, "indiana university": {"Citation Count": 0.42857142857142855, "Publication Count": 0.14285714285714285}, "university of paris": {"Citation Count": 24.0, "Publication Count": 0.5}, "northeastern university": {"Citation Count": 12.0, "Publication Count": 0.25}, "alpen adria universitat klagenfurt": {"Citation Count": 6.0, "Publication Count": 0.6666666666666666}, "lancaster university": {"Citation Count": 4.0, "Publication Count": 2.5}, "university of central lancashire": {"Citation Count": 0.8571428571428571, "Publication Count": 0.2857142857142857}, "university of primorska": {"Citation Count": 1.2857142857142856, "Publication Count": 0.42857142857142855}, "university of california los angeles": {"Citation Count": 3.714285714285714, "Publication Count": 0.7619047619047619}, "northwestern university": {"Citation Count": 1.857142857142857, "Publication Count": 0.38095238095238093}, "university of new south wales": {"Citation Count": 0.0, "Publication Count": 1.0}, "university of michigan": {"Citation Count": 3.188644688644689, "Publication Count": 0.7490842490842491}, "cornell university": {"Citation Count": 3.6520146520146524, "Publication Count": 0.2783882783882784}, "microsoft": {"Citation Count": 1.153846153846154, "Publication Count": 0.07692307692307693}, "university of texas at austin": {"Citation Count": 1.153846153846154, "Publication Count": 0.07692307692307693}, "pennsylvania state university": {"Citation Count": 1.153846153846154, "Publication Count": 0.07692307692307693}, "ibm": {"Citation Count": 1.0, "Publication Count": 2.5}, "hewlett packard": {"Citation Count": 0.5, "Publication Count": 2.0}, "keio university": {"Citation Count": 3.6, "Publication Count": 0.4}, "university of tokyo": {"Citation Count": 3.6, "Publication Count": 0.4}, "delft university of technology": {"Citation Count": 1.8, "Publication Count": 0.2}, "university of minnesota": {"Citation Count": 0.19047619047619047, "Publication Count": 0.047619047619047616}, "ohio state university": {"Citation Count": 0.38095238095238093, "Publication Count": 0.09523809523809523}, "university of california san francisco": {"Citation Count": 0.19047619047619047, "Publication Count": 0.047619047619047616}, "university of memphis": {"Citation Count": 0.5714285714285714, "Publication Count": 0.14285714285714285}, "university of utah": {"Citation Count": 0.19047619047619047, "Publication Count": 0.047619047619047616}, "applied science private university": {"Citation Count": 0.19047619047619047, "Publication Count": 0.047619047619047616}, "university of massachusetts amherst": {"Citation Count": 0.38095238095238093, "Publication Count": 0.09523809523809523}, "university of california san diego": {"Citation Count": 11.19047619047619, "Publication Count": 1.0476190476190477}, "massachusetts institute of technology": {"Citation Count": 2.333333333333333, "Publication Count": 2.716666666666667}, "ecole polytechnique federale de lausanne": {"Citation Count": 1.2000000000000002, "Publication Count": 0.2}, "instituto potosino de investigacion cientifica y tecnologica": {"Citation Count": 0.6000000000000001, "Publication Count": 0.1}, "hong kong university of science and technology": {"Citation Count": 0.0, "Publication Count": 1.0}, "qualcomm": {"Citation Count": 4.0, "Publication Count": 1.0}, "hasso plattner institute": {"Citation Count": 2.0, "Publication Count": 1.0}, "google": {"Citation Count": 1.3333333333333333, "Publication Count": 0.6666666666666666}, "singapore management university": {"Citation Count": 0.5, "Publication Count": 0.5}, "carnegie mellon university": {"Citation Count": 1.0, "Publication Count": 1.0}, "university of manchester": {"Citation Count": 0.0, "Publication Count": 0.5}, "tamkang university": {"Citation Count": 1.0, "Publication Count": 1.0}, "university of tampere": {"Citation Count": 4.0, "Publication Count": 1.0}, "bell labs": {"Citation Count": 3.333333333333333, "Publication Count": 0.6666666666666666}, "university college london": {"Citation Count": 0.8333333333333333, "Publication Count": 0.16666666666666666}, "intel": {"Citation Count": 0.0, "Publication Count": 1.0}, "university of oldenburg": {"Citation Count": 0.0, "Publication Count": 0.25}, "university of new hampshire": {"Citation Count": 0.0, "Publication Count": 0.25}, "wellesley college": {"Citation Count": 0.0, "Publication Count": 0.25}, "carleton university": {"Citation Count": 1.0, "Publication Count": 1.0}, "stanford university": {"Citation Count": 3.0, "Publication Count": 1.7}, "french institute for research in computer science and automation": {"Citation Count": 0.0, "Publication Count": 0.25}, "huazhong university of science and technology": {"Citation Count": 0.0, "Publication Count": 1.0}, "university of erlangen nuremberg": {"Citation Count": 0.5, "Publication Count": 0.5}, "university of siegen": {"Citation Count": 0.5, "Publication Count": 0.5}, "university of waterloo": {"Citation Count": 0.0, "Publication Count": 0.3333333333333333}, "ludwig maximilian university of munich": {"Citation Count": 0.0, "Publication Count": 0.3333333333333333}, "university of munster": {"Citation Count": 0.0, "Publication Count": 0.3333333333333333}}