{"microsoft": {"Citation Count": 824.9285714285713, "Publication Count": 7.226190476190476}, "university of hasselt": {"Citation Count": 23.25, "Publication Count": 0.75}, "ibm": {"Citation Count": 237.21984126984128, "Publication Count": 9.832539682539684}, "university of wisconsin madison": {"Citation Count": 268.3888888888889, "Publication Count": 3.9611111111111112}, "massachusetts institute of technology": {"Citation Count": 160.20000000000002, "Publication Count": 1.4}, "google": {"Citation Count": 310.6595238095238, "Publication Count": 2.0928571428571425}, "eth zurich": {"Citation Count": 67.66666666666666, "Publication Count": 2.083333333333333}, "brown university": {"Citation Count": 78.33333333333333, "Publication Count": 1.6666666666666665}, "rwth aachen university": {"Citation Count": 1.5, "Publication Count": 0.5}, "cornell university": {"Citation Count": 167.5, "Publication Count": 3.2666666666666666}, "university of central florida": {"Citation Count": 47.0, "Publication Count": 1.0}, "university of massachusetts amherst": {"Citation Count": 359.0, "Publication Count": 2.0}, "university of hong kong": {"Citation Count": 138.66666666666666, "Publication Count": 0.6666666666666666}, "national university of singapore": {"Citation Count": 335.66666666666663, "Publication Count": 3.2}, "singapore management university": {"Citation Count": 53.0, "Publication Count": 1.0}, "purdue university": {"Citation Count": 101.83333333333333, "Publication Count": 1.5833333333333333}, "yahoo": {"Citation Count": 991.0595238095241, "Publication Count": 5.642857142857142}, "ecole polytechnique": {"Citation Count": 24.0, "Publication Count": 1.0}, "kyungpook national university": {"Citation Count": 26.150000000000002, "Publication Count": 0.8500000000000001}, "at t labs": {"Citation Count": 439.66666666666663, "Publication Count": 3.966666666666667}, "university of toronto": {"Citation Count": 228.91666666666666, "Publication Count": 2.583333333333333}, "york university": {"Citation Count": 35.25, "Publication Count": 0.75}, "tel aviv university": {"Citation Count": 54.0, "Publication Count": 3.5}, "university of california santa cruz": {"Citation Count": 91.66666666666666, "Publication Count": 1.6666666666666665}, "university of trento": {"Citation Count": 45.666666666666664, "Publication Count": 1.0666666666666667}, "university of california san diego": {"Citation Count": 130.384126984127, "Publication Count": 4.487301587301587}, "portland state university": {"Citation Count": 72.99999999999999, "Publication Count": 1.0}, "hong kong university of science and technology": {"Citation Count": 76.06666666666668, "Publication Count": 0.9666666666666667}, "university of new south wales": {"Citation Count": 340.7, "Publication Count": 2.55}, "the chinese university of hong kong": {"Citation Count": 139.7, "Publication Count": 2.35}, "east china university of science and technology": {"Citation Count": 23.200000000000003, "Publication Count": 0.2}, "university of oxford": {"Citation Count": 81.25, "Publication Count": 0.75}, "university of waterloo": {"Citation Count": 126.125, "Publication Count": 1.125}, "university of california berkeley": {"Citation Count": 270.93333333333334, "Publication Count": 2.8666666666666663}, "university of edinburgh": {"Citation Count": 211.2, "Publication Count": 3.6}, "national university of defense technology": {"Citation Count": 10.4, "Publication Count": 1.2}, "chinese academy of sciences": {"Citation Count": 7.4, "Publication Count": 0.2}, "stanford university": {"Citation Count": 122.83333333333331, "Publication Count": 1.1}, "russian academy of sciences": {"Citation Count": 123.0, "Publication Count": 1.0}, "duke university": {"Citation Count": 25.0, "Publication Count": 1.0}, "nicta": {"Citation Count": 13.0, "Publication Count": 0.5}, "technische universitat munchen": {"Citation Count": 8.5, "Publication Count": 1.25}, "harbin institute of technology": {"Citation Count": 19.0, "Publication Count": 1.0}, "hebrew university of jerusalem": {"Citation Count": 16.0, "Publication Count": 1.0}, "university of washington": {"Citation Count": 186.93333333333334, "Publication Count": 2.8666666666666667}, "carnegie mellon university": {"Citation Count": 33.71428571428571, "Publication Count": 1.7142857142857142}, "polytechnic university of milan": {"Citation Count": 56.2, "Publication Count": 1.2}, "hewlett packard": {"Citation Count": 97.66666666666666, "Publication Count": 0.8333333333333333}, "oracle corporation": {"Citation Count": 145.0, "Publication Count": 5.05}, "max planck society": {"Citation Count": 354.0, "Publication Count": 1.857142857142857}, "university of utah": {"Citation Count": 53.0, "Publication Count": 1.0}, "university of michigan": {"Citation Count": 80.0, "Publication Count": 2.0}, "university of british columbia": {"Citation Count": 25.75, "Publication Count": 0.25}, "columbia university": {"Citation Count": 27.35, "Publication Count": 0.45}, "hong kong polytechnic university": {"Citation Count": 65.0, "Publication Count": 1.0}, "university of maryland baltimore county": {"Citation Count": 1.2000000000000002, "Publication Count": 0.2}, "florida international university": {"Citation Count": 2.4000000000000004, "Publication Count": 0.4}, "university of california los angeles": {"Citation Count": 110.4, "Publication Count": 1.0666666666666667}, "mitre corporation": {"Citation Count": 6.0, "Publication Count": 0.4}, "university of pennsylvania": {"Citation Count": 72.99999999999999, "Publication Count": 0.9999999999999998}, "university of maryland college park": {"Citation Count": 64.42857142857143, "Publication Count": 1.1428571428571428}, "north carolina state university": {"Citation Count": 84.5, "Publication Count": 0.5}, "university of south australia": {"Citation Count": 11.0, "Publication Count": 0.2}, "university of melbourne": {"Citation Count": 103.5, "Publication Count": 1.25}, "university of alberta": {"Citation Count": 14.5, "Publication Count": 0.5}, "university of ontario institute of technology": {"Citation Count": 24.0, "Publication Count": 0.5}, "arizona state university": {"Citation Count": 159.6, "Publication Count": 2.4}, "intel": {"Citation Count": 171.00000000000003, "Publication Count": 1.5000000000000002}, "university of zurich": {"Citation Count": 290.0, "Publication Count": 0.6666666666666666}, "university of southern california": {"Citation Count": 18.0, "Publication Count": 1.0}, "sun yat sen university": {"Citation Count": 7.666666666666666, "Publication Count": 0.16666666666666666}, "simon fraser university": {"Citation Count": 7.666666666666666, "Publication Count": 0.16666666666666666}, "aalborg university": {"Citation Count": 135.93333333333334, "Publication Count": 1.7333333333333334}, "university of queensland": {"Citation Count": 173.40000000000003, "Publication Count": 1.6}, "university of illinois at urbana champaign": {"Citation Count": 199.0, "Publication Count": 1.0}, "indian institute of technology bombay": {"Citation Count": 31.23076923076923, "Publication Count": 1.0769230769230769}, "indian institute of science": {"Citation Count": 84.0, "Publication Count": 2.0}, "university of north carolina at chapel hill": {"Citation Count": 30.0, "Publication Count": 1.0}, "university of california santa barbara": {"Citation Count": 15.75, "Publication Count": 0.75}, "kaiserslautern university of technology": {"Citation Count": 6.0, "Publication Count": 1.0}, "university of nantes": {"Citation Count": 4.5, "Publication Count": 0.5}, "french institute for research in computer science and automation": {"Citation Count": 2.25, "Publication Count": 0.25}, "ecole polytechnique federale de lausanne": {"Citation Count": 15.285714285714285, "Publication Count": 0.857142857142857}, "university of zagreb": {"Citation Count": 5.7142857142857135, "Publication Count": 0.2857142857142857}, "conservatoire national des arts et metiers": {"Citation Count": 1.2307692307692308,