{"university of california los angeles": {"Citation Count": 6.142857142857142, "Publication Count": 1.2857142857142856}, "university of california berkeley": {"Citation Count": 1.7142857142857142, "Publication Count": 0.42857142857142855}, "tel aviv university": {"Citation Count": 11.392857142857142, "Publication Count": 0.5357142857142857}, "city university of hong kong": {"Citation Count": 4.0, "Publication Count": 1.0}, "national university of singapore": {"Citation Count": 11.166666666666666, "Publication Count": 1.0833333333333333}, "stanford university": {"Citation Count": 12.666666666666666, "Publication Count": 2.333333333333333}, "kyoto university": {"Citation Count": 0.6666666666666666, "Publication Count": 0.3333333333333333}, "university of california san diego": {"Citation Count": 74.75, "Publication Count": 1.9722222222222223}, "pacific northwest national laboratory": {"Citation Count": 2.0, "Publication Count": 0.6666666666666666}, "indiana university purdue university indianapolis": {"Citation Count": 0.5, "Publication Count": 0.16666666666666666}, "duke university": {"Citation Count": 2.5, "Publication Count": 1.5}, "joint genome institute": {"Citation Count": 11.0, "Publication Count": 0.1111111111111111}, "saint petersburg academic university": {"Citation Count": 60.500000000000014, "Publication Count": 0.6111111111111113}, "bigelow laboratory for ocean sciences": {"Citation Count": 5.5, "Publication Count": 0.05555555555555555}, "university of south carolina": {"Citation Count": 5.5, "Publication Count": 0.05555555555555555}, "j craig venter institute": {"Citation Count": 11.0, "Publication Count": 0.1111111111111111}, "massachusetts institute of technology": {"Citation Count": 2.0, "Publication Count": 1.0}, "mcgill university": {"Citation Count": 0.6666666666666666, "Publication Count": 0.6666666666666666}, "ecole polytechnique": {"Citation Count": 0.3333333333333333, "Publication Count": 0.3333333333333333}, "university of regensburg": {"Citation Count": 2.0, "Publication Count": 1.0}, "university of connecticut": {"Citation Count": 15.0, "Publication Count": 1.0}, "university of michigan": {"Citation Count": 0.6666666666666666, "Publication Count": 0.3333333333333333}, "sanford burnham institute for medical research": {"Citation Count": 0.6666666666666666, "Publication Count": 0.3333333333333333}, "chinese academy of sciences": {"Citation Count": 0.6666666666666666, "Publication Count": 0.3333333333333333}, "genome institute of singapore": {"Citation Count": 3.5, "Publication Count": 0.25}, "fudan university": {"Citation Count": 0.0, "Publication Count": 0.2}, "tongji university": {"Citation Count": 0.0, "Publication Count": 0.6000000000000001}, "howard hughes medical institute": {"Citation Count": 0.0, "Publication Count": 0.2}}