{"technische universitat munchen": {"Citation Count": 13.749999999999998, "Publication Count": 0.41666666666666663}, "ludwig maximilian university of munich": {"Citation Count": 8.738095238095237, "Publication Count": 0.3571428571428571}, "intel": {"Citation Count": 53.56944444444444, "Publication Count": 3.5694444444444446}, "national university of defense technology": {"Citation Count": 6.527777777777778, "Publication Count": 0.4444444444444444}, "d e shaw research": {"Citation Count": 87.02222222222225, "Publication Count": 0.9777777777777782}, "columbia university": {"Citation Count": 1.9777777777777779, "Publication Count": 0.022222222222222223}, "university of tsukuba": {"Citation Count": 4.0, "Publication Count": 0.16666666666666666}, "university of illinois at urbana champaign": {"Citation Count": 166.13333333333335, "Publication Count": 7.6000000000000005}, "university of texas at austin": {"Citation Count": 27.55, "Publication Count": 2.8833333333333337}, "university of california riverside": {"Citation Count": 5.333333333333333, "Publication Count": 0.6666666666666666}, "university of edinburgh": {"Citation Count": 2.6666666666666665, "Publication Count": 0.3333333333333333}, "cornell university": {"Citation Count": 0.3333333333333333, "Publication Count": 0.16666666666666666}, "duke university": {"Citation Count": 0.6666666666666666, "Publication Count": 0.3333333333333333}, "advanced micro devices": {"Citation Count": 79.6, "Publication Count": 1.4}, "university of utah": {"Citation Count": 37.77857142857143, "Publication Count": 2.2452380952380953}, "tsinghua university": {"Citation Count": 7.4, "Publication Count": 0.9333333333333333}, "university of california irvine": {"Citation Count": 1.8, "Publication Count": 0.2}, "qatar computing research institute": {"Citation Count": 1.8, "Publication Count": 0.2}, "sandia national laboratories": {"Citation Count": 50.695238095238096, "Publication Count": 2.3619047619047615}, "cray": {"Citation Count": 2.466666666666667, "Publication Count": 0.06666666666666667}, "university of california davis": {"Citation Count": 6.857142857142857, "Publication Count": 1.4285714285714286}, "lawrence livermore national laboratory": {"Citation Count": 44.86349206349206, "Publication Count": 2.425396825396825}, "fujitsu": {"Citation Count": 5.666666666666666, "Publication Count": 0.3333333333333333}, "zuse institute berlin": {"Citation Count": 5.25, "Publication Count": 0.75}, "oak ridge national laboratory": {"Citation Count": 35.0, "Publication Count": 1.8333333333333335}, "carnegie mellon university": {"Citation Count": 57.0, "Publication Count": 2.0}, "tokyo institute of technology": {"Citation Count": 20.666666666666664, "Publication Count": 1.6666666666666665}, "centre national de la recherche scientifique": {"Citation Count": 10.444444444444445, "Publication Count": 0.8888888888888888}, "king abdullah university of science and technology": {"Citation Count": 3.5555555555555554, "Publication Count": 0.4444444444444444}, "eth zurich": {"Citation Count": 83.93333333333332, "Publication Count": 2.3666666666666667}, "university of colorado boulder": {"Citation Count": 6.0, "Publication Count": 0.3333333333333333}, "rice university": {"Citation Count": 8.0, "Publication Count": 0.6666666666666666}, "university of california los angeles": {"Citation Count": 4.0, "Publication Count": 0.3333333333333333}, "argonne national laboratory": {"Citation Count": 50.83611111111111, "Publication Count": 4.269444444444444}, "university of chicago": {"Citation Count": 5.0, "Publication Count": 0.25}, "massachusetts institute of technology": {"Citation Count": 4.0, "Publication Count": 1.0}, "purdue university": {"Citation Count": 10.333333333333332, "Publication Count": 1.6666666666666665}, "lawrence berkeley national laboratory": {"Citation Count": 51.39999999999999, "Publication Count": 2.533333333333333}, "ohio state university": {"Citation Count": 78.70833333333333, "Publication Count": 4.125}, "pacific northwest national laboratory": {"Citation Count": 9.583333333333332, "Publication Count": 0.75}, "georgia institute of technology": {"Citation Count": 79.02777777777777, "Publication Count": 2.944444444444444}, "huazhong university of science and technology": {"Citation Count": 23.333333333333332, "Publication Count": 1.3333333333333333}, "los alamos national laboratory": {"Citation Count": 31.066666666666663, "Publication Count": 1.4666666666666668}, "kitware": {"Citation Count": 14.333333333333332, "Publication Count": 0.3333333333333333}, "indian institute of technology bombay": {"Citation Count": 1.0, "Publication Count": 0.25}, "queen s university": {"Citation Count": 1.2000000000000002, "Publication Count": 0.4}, "twitter": {"Citation Count": 0.875, "Publication Count": 0.125}, "chinese academy of sciences": {"Citation Count": 3.5, "Publication Count": 0.5}, "vu university amsterdam": {"Citation Count": 7.0, "Publication Count": 1.0}, "university of toulouse": {"Citation Count": 0.8095238095238095, "Publication Count": 0.047619047619047616}, "hr wallingford": {"Citation Count": 0.8095238095238095, "Publication Count": 0.047619047619047616}, "asm clermont auvergne": {"Citation Count": 0.8095238095238095, "Publication Count": 0.047619047619047616}, "texas a m university": {"Citation Count": 9.333333333333332, "Publication Count": 0.3333333333333333}, "university of bergen": {"Citation Count": 2.0, "Publication Count": 0.16666666666666666}, "ibm": {"Citation Count": 31.0, "Publication Count": 3.0}, "university of maryland college park": {"Citation Count": 0.6000000000000001, "Publication Count": 0.2}, "french institute for research in computer science and automation": {"Citation Count": 4.5, "Publication Count": 0.5}, "texas tech university": {"Citation Count": 6.5, "Publication Count": 0.5}, "university of southern california": {"Citation Count": 3.1111111111111107, "Publication Count": 0.4444444444444444}, "kumamoto university": {"Citation Count": 1.5555555555555554, "Publication Count": 0.2222222222222222}, "illinois institute of technology": {"Citation Count": 3.25, "Publication Count": 0.25}, "washington university in st louis": {"Citation Count": 3.25, "Publication Count": 0.25}, "northwestern university": {"Citation Count": 14.999999999999998, "Publication Count": 0.9999999999999999}, "university of nebraska lincoln": {"Citation Count": 3.6666666666666665, "Publication Count": 0.3333333333333333}, "colorado state university": {"Citation Count": 9.600000000000001, "Publication Count": 0.6000000000000001}, "nvidia": {"Citation Count": 23.333333333333332, "Publication Count": 0.8333333333333333}, "meteoswiss": {"Citation Count": 1.3333333333333333, "Publication Count": 0.16666666666666666}, "stanford university": {"Citation Count": 11.0, "Publication Count": 1.0}, "university of new mexico": {"Citation Count": 5.2, "Publication Count": 0.4}, "rutgers university": {"Citation Count": 10.333333333333332, "Publication Count": 0.3333333333333333}, "university of tennessee": {"Citation Count": 3.0, "Publication Count": 0.3333333333333333}, "university of colorado colorado springs": {"Citation Count": 11.25, "Publication Count": 0.75}, "tongji university": {"Citation Count": 3.75, "Publication Count": 0.25}, "nanyang technological university": {"Citation Count": 27.0, "Publication Count": 1.6666666666666665}, "seoul national university": {"Citation Count": 6.5, "Publication Count": 0.5}, "sungkyunkwan university": {"Citation Count": 1.625, "Publication Count": 0.125}, "pohang university of science and technology": {"Citation Count": 3.25, "Publication Count": 0.25}, "kaist": {"Citation Count": 1.625, "Publication Count": 0.125}}