{"intel": {"Citation Count": 93.65, "Publication Count": 5.164285714285715}, "lawrence berkeley national laboratory": {"Citation Count": 83.53968253968252, "Publication Count": 3.5515873015873014}, "lawrence livermore national laboratory": {"Citation Count": 130.47142857142856, "Publication Count": 4.935714285714286}, "ibm": {"Citation Count": 217.83531746031747, "Publication Count": 7.534126984126984}, "university of texas at austin": {"Citation Count": 105.74999999999999, "Publication Count": 2.9166666666666665}, "argonne national laboratory": {"Citation Count": 70.86666666666666, "Publication Count": 3.694444444444444}, "los alamos national laboratory": {"Citation Count": 16.0, "Publication Count": 0.988095238095238}, "university of tsukuba": {"Citation Count": 36.0, "Publication Count": 0.6666666666666666}, "tokyo institute of technology": {"Citation Count": 49.4047619047619, "Publication Count": 2.452380952380952}, "indiana university bloomington": {"Citation Count": 28.33333333333333, "Publication Count": 1.2564102564102562}, "university of mainz": {"Citation Count": 23.0, "Publication Count": 0.5}, "university of hamburg": {"Citation Count": 15.333333333333332, "Publication Count": 0.3333333333333333}, "oak ridge national laboratory": {"Citation Count": 140.6904761904762, "Publication Count": 3.6587301587301586}, "duke university": {"Citation Count": 10.285714285714285, "Publication Count": 0.2857142857142857}, "purdue university": {"Citation Count": 46.416666666666664, "Publication Count": 2.9166666666666665}, "university of innsbruck": {"Citation Count": 48.999999999999986, "Publication Count": 0.9999999999999998}, "university of lugano": {"Citation Count": 21.95238095238095, "Publication Count": 0.8095238095238095}, "university of california berkeley": {"Citation Count": 195.60000000000002, "Publication Count": 2.8}, "cray": {"Citation Count": 130.875, "Publication Count": 1.4583333333333333}, "national renewable energy laboratory": {"Citation Count": 19.3, "Publication Count": 0.4833333333333333}, "eth zurich": {"Citation Count": 28.1, "Publication Count": 1.9}, "university of new mexico": {"Citation Count": 11.733333333333334, "Publication Count": 0.7333333333333334}, "sandia national laboratories": {"Citation Count": 70.2, "Publication Count": 0.9333333333333333}, "ecole polytechnique federale de lausanne": {"Citation Count": 31.0, "Publication Count": 1.0}, "french institute for research in computer science and automation": {"Citation Count": 62.99999999999999, "Publication Count": 1.5833333333333333}, "google": {"Citation Count": 50.666666666666664, "Publication Count": 0.8333333333333333}, "university of notre dame": {"Citation Count": 43.5, "Publication Count": 0.5}, "agh university of science and technology": {"Citation Count": 39.75, "Publication Count": 0.25}, "georgia institute of technology": {"Citation Count": 72.88888888888889, "Publication Count": 2.111111111111111}, "princeton university": {"Citation Count": 12.966666666666665, "Publication Count": 0.8944444444444444}, "ohio state university": {"Citation Count": 203.73333333333335, "Publication Count": 4.508333333333333}, "texas instruments": {"Citation Count": 7.5, "Publication Count": 0.5}, "university of illinois at urbana champaign": {"Citation Count": 87.71428571428571, "Publication Count": 3.5238095238095237}, "georgia tech research institute": {"Citation Count": 3.355555555555556, "Publication Count": 0.3111111111111111}, "university of utah": {"Citation Count": 35.766666666666666, "Publication Count": 1.3833333333333333}, "fujitsu": {"Citation Count": 7.0, "Publication Count": 0.3333333333333333}, "dresden university of technology": {"Citation Count": 22.200000000000003, "Publication Count": 0.6000000000000001}, "university of california davis": {"Citation Count": 7.571428571428571, "Publication Count": 0.45238095238095233}, "shanghai jiao tong university": {"Citation Count": 6.800000000000001, "Publication Count": 0.4}, "nanyang technological university": {"Citation Count": 6.800000000000001, "Publication Count": 0.4}, "hong kong baptist university": {"Citation Count": 3.4000000000000004, "Publication Count": 0.2}, "pennsylvania state university": {"Citation Count": 32.25, "Publication Count": 1.75}, "hewlett packard": {"Citation Count": 10.5, "Publication Count": 0.5}, "seoul national university": {"Citation Count": 1.875, "Publication Count": 0.125}, "stony brook university": {"Citation Count": 13.749999999999998, "Publication Count": 0.9642857142857142}, "university college dublin": {"Citation Count": 8.0, "Publication Count": 1.0}, "indian institute of science": {"Citation Count": 87.625, "Publication Count": 1.375}, "nvidia": {"Citation Count": 22.4, "Publication Count": 0.7666666666666666}, "centre national de la recherche scientifique": {"Citation Count": 2.4000000000000004, "Publication Count": 0.1}, "environmental molecular sciences laboratory": {"Citation Count": 3.2, "Publication Count": 0.2}, "university of california san diego": {"Citation Count": 13.600000000000001, "Publication Count": 0.7428571428571429}, "northwestern university": {"Citation Count": 62.14999999999999, "Publication Count": 1.4833333333333334}, "national institute of informatics": {"Citation Count": 5.333333333333333, "Publication Count": 0.3333333333333333}, "north carolina state university": {"Citation Count": 57.0, "Publication Count": 1.0}, "rutgers university": {"Citation Count": 16.400000000000002, "Publication Count": 0.2}, "kitware": {"Citation Count": 10.933333333333334, "Publication Count": 0.13333333333333333}, "columbia university": {"Citation Count": 27.0, "Publication Count": 0.5}, "university of missouri": {"Citation Count": 1.5, "Publication Count": 0.25}, "national institute of advanced industrial science and technology": {"Citation Count": 3.0, "Publication Count": 0.2}, "auburn university": {"Citation Count": 21.0, "Publication Count": 0.3333333333333333}, "tsinghua university": {"Citation Count": 6.0, "Publication Count": 0.21428571428571427}, "brown university": {"Citation Count": 2.0, "Publication Count": 0.07142857142857142}, "johns hopkins university": {"Citation Count": 6.0, "Publication Count": 1.0}, "university of bergen": {"Citation Count": 11.5, "Publication Count": 0.16666666666666666}, "iowa state university": {"Citation Count": 8.0, "Publication Count": 1.0}, "pacific northwest national laboratory": {"Citation Count": 4.25, "Publication Count": 0.25}, "university of north carolina at chapel hill": {"Citation Count": 14.0, "Publication Count": 0.5}, "stanford university": {"Citation Count": 161.28571428571428, "Publication Count": 1.1428571428571428}, "brookhaven national laboratory": {"Citation Count": 11.25, "Publication Count": 0.75}, "university of rochester": {"Citation Count": 2.9285714285714284, "Publication Count": 0.07142857142857142}, "chalmers university of technology": {"Citation Count": 14.0, "Publication Count": 1.0}, "louisiana state university": {"Citation Count": 3.6666666666666665, "Publication Count": 0.16666666666666666}, "university of washington": {"Citation Count": 0.5555555555555556, "Publication Count": 0.1111111111111111}, "university of chicago": {"Citation Count": 17.1, "Publication Count": 0.9000000000000001}, "illinois institute of technology": {"Citation Count": 7.200000000000001, "Publication Count": 0.6000000000000001}, "fermilab": {"Citation Count": 2.4000000000000004, "Publication Count": 0.2}, "advanced micro devices": {"Citation Count": 115.0, "Publication Count": 1.0}, "urbana university": {"Citation Count": 15.0, "Publication Count": 0.25}, "national center for supercomputing applications": {"Citation Count": 15.0, "Publication Count": 0.25}, "university of oslo": {"Citation Count": 1.0, "Publication Count": 1.0}, "university of delaware": {"Citation Count": 3.0, "Publication Count": 1.0}, "national center for atmospheric research": {"Citation Count": 2.0666666666666664, "Publication Count": 0.26666666666666666},