{"university of illinois at urbana champaign": {"Citation Count": 82.0, "Publication Count": 2.0}, "max planck society": {"Citation Count": 50.33333333333333, "Publication Count": 1.0}, "university of lyon": {"Citation Count": 4.333333333333333, "Publication Count": 0.3333333333333333}, "florida international university": {"Citation Count": 16.0, "Publication Count": 0.6666666666666666}, "university of texas at arlington": {"Citation Count": 8.0, "Publication Count": 0.3333333333333333}, "katholieke universiteit leuven": {"Citation Count": 62.5, "Publication Count": 1.3333333333333333}, "tufts university": {"Citation Count": 11.333333333333332, "Publication Count": 0.6666666666666666}, "harvard university": {"Citation Count": 5.666666666666666, "Publication Count": 0.3333333333333333}, "georgia institute of technology": {"Citation Count": 1.0, "Publication Count": 1.0}, "university of california riverside": {"Citation Count": 121.35000000000002, "Publication Count": 0.8500000000000001}, "ibm": {"Citation Count": 64.83333333333333, "Publication Count": 4.666666666666666}, "koc university": {"Citation Count": 3.0, "Publication Count": 0.3333333333333333}, "university of illinois at chicago": {"Citation Count": 18.0, "Publication Count": 0.8333333333333333}, "university of toronto": {"Citation Count": 2.25, "Publication Count": 0.75}, "carnegie mellon university": {"Citation Count": 35.666666666666664, "Publication Count": 2.4166666666666665}, "rwth aachen university": {"Citation Count": 23.200000000000003, "Publication Count": 0.8}, "university of minnesota": {"Citation Count": 45.99999999999999, "Publication Count": 2.3333333333333335}, "university of cincinnati": {"Citation Count": 3.0, "Publication Count": 0.5}, "sichuan university": {"Citation Count": 24.333333333333332, "Publication Count": 0.3333333333333333}, "international computer science institute": {"Citation Count": 45.0, "Publication Count": 0.5}, "university of maryland baltimore county": {"Citation Count": 5.7142857142857135, "Publication Count": 0.5714285714285714}, "association for computing machinery": {"Citation Count": 9.595238095238095, "Publication Count": 0.7261904761904762}, "george mason university": {"Citation Count": 1.4285714285714284, "Publication Count": 0.14285714285714285}, "agency for science technology and research": {"Citation Count": 27.5, "Publication Count": 0.5}, "iowa state university": {"Citation Count": 20.666666666666668, "Publication Count": 1.3333333333333333}, "texas a m university": {"Citation Count": 2.6666666666666665, "Publication Count": 0.3333333333333333}, "at t labs": {"Citation Count": 2.6666666666666665, "Publication Count": 0.3333333333333333}, "federal fluminense university": {"Citation Count": 0.42857142857142855, "Publication Count": 0.14285714285714285}, "university of kent": {"Citation Count": 0.42857142857142855, "Publication Count": 0.14285714285714285}, "university of antwerp": {"Citation Count": 6.333333333333333, "Publication Count": 0.3333333333333333}, "the chinese university of hong kong": {"Citation Count": 16.083333333333332, "Publication Count": 1.4166666666666665}, "nanyang technological university": {"Citation Count": 6.25, "Publication Count": 1.5}, "university of kansas": {"Citation Count": 9.0, "Publication Count": 1.0}, "university of massachusetts amherst": {"Citation Count": 66.66666666666666, "Publication Count": 1.5833333333333333}, "indian school of business": {"Citation Count": 2.0, "Publication Count": 0.16666666666666666}, "osaka university": {"Citation Count": 24.5, "Publication Count": 0.5}, "tokyo institute of technology": {"Citation Count": 37.166666666666664, "Publication Count": 0.6666666666666666}, "philips": {"Citation Count": 55.0, "Publication Count": 0.5}, "california state university": {"Citation Count": 11.0, "Publication Count": 0.25}, "michigan state university": {"Citation Count": 26.200000000000003, "Publication Count": 0.65}, "ames research center": {"Citation Count": 11.0, "Publication Count": 0.25}, "universities space research association": {"Citation Count": 4.666666666666666, "Publication Count": 0.3333333333333333}, "university of massachusetts boston": {"Citation Count": 4.666666666666666, "Publication Count": 0.3333333333333333}, "university of houston clear lake": {"Citation Count": 4.666666666666666, "Publication Count": 0.3333333333333333}, "university of calabar": {"Citation Count": 12.0, "Publication Count": 1.0}, "fraunhofer society": {"Citation Count": 14.0, "Publication Count": 1.0}, "university of melbourne": {"Citation Count": 9.0, "Publication Count": 1.0}, "university of maryland college park": {"Citation Count": 103.0, "Publication Count": 2.0}, "wayne state university": {"Citation Count": 2.0, "Publication Count": 0.5}, "utrecht university": {"Citation Count": 7.0, "Publication Count": 0.5}, "university of pisa": {"Citation Count": 80.0, "Publication Count": 1.0}, "simon fraser university": {"Citation Count": 109.0, "Publication Count": 1.5}, "pacific northwest national laboratory": {"Citation Count": 1.6666666666666665, "Publication Count": 0.3333333333333333}, "tsinghua university": {"Citation Count": 70.0, "Publication Count": 3.0}, "hong kong university of science and technology": {"Citation Count": 17.666666666666664, "Publication Count": 0.3333333333333333}, "rensselaer polytechnic institute": {"Citation Count": 24.0, "Publication Count": 1.25}, "technische universitat munchen": {"Citation Count": 0.0, "Publication Count": 1.0}, "university of north carolina at charlotte": {"Citation Count": 69.0, "Publication Count": 2.0}, "university of sao paulo": {"Citation Count": 22.0, "Publication Count": 0.6666666666666666}, "arizona state university": {"Citation Count": 0.0, "Publication Count": 0.5}, "purdue university": {"Citation Count": 42.0, "Publication Count": 1.0}, "helsinki institute for information technology": {"Citation Count": 38.0, "Publication Count": 0.6666666666666666}, "aalto university": {"Citation Count": 19.0, "Publication Count": 0.3333333333333333}, "stanford university": {"Citation Count": 0.6666666666666666, "Publication Count": 0.16666666666666666}, "university of texas at austin": {"Citation Count": 24.0, "Publication Count": 1.0}, "university of california davis": {"Citation Count": 12.5, "Publication Count": 0.5}, "university of manchester": {"Citation Count": 8.5, "Publication Count": 0.5}, "martin luther university of halle wittenberg": {"Citation Count": 26.5, "Publication Count": 0.5}, "florida institute of technology": {"Citation Count": 4.0, "Publication Count": 1.0}, "accenture": {"Citation Count": 1.0, "Publication Count": 0.25}, "korea university": {"Citation Count": 0.0, "Publication Count": 0.3333333333333333}, "temple university": {"Citation Count": 9.0, "Publication Count": 1.0}, "universidade federal de minas gerais": {"Citation Count": 0.0, "Publication Count": 0.75}, "blekinge institute of technology": {"Citation Count": 2.0, "Publication Count": 1.0}, "university of thessaly": {"Citation Count": 15.333333333333332, "Publication Count": 0.6666666666666666}, "university of kentucky": {"Citation Count": 42.0, "Publication Count": 0.75}, "minnesota state university mankato": {"Citation Count": 14.0, "Publication Count": 0.25}, "university of alberta": {"Citation Count": 52.666666666666664, "Publication Count": 0.6666666666666666}, "university of bonn": {"Citation Count": 10.0, "Publication Count": 0.6666666666666666}, "northwestern university": {"Citation Count": 1.25, "Publication Count": 0.25}, "ludwig maximilian university of munich": {"Citation Count": 24.666666666666664, "Publication Count": 0.3333333333333333}, "hokkaido university": {"Citation Count": 15.0, "Publication Count": 0.5}, "national institute of informatics": {"Citation Count": 15.0, "Publication Count": 0.5}, "ochanomizu university": {"Citation Count": 12.666666666666666, "Publication Count": 0.16666666666666666},