{"stanford university": {"Citation Count": 256.65714285714284, "Publication Count": 1.342857142857143}, "university college london": {"Citation Count": 214.8, "Publication Count": 0.2}, "university of southern california": {"Citation Count": 278.51428571428573, "Publication Count": 1.4857142857142858}, "brown university": {"Citation Count": 214.8, "Publication Count": 0.2}, "microsoft": {"Citation Count": 46.400000000000006, "Publication Count": 0.4}, "google": {"Citation Count": 23.200000000000003, "Publication Count": 0.2}, "johns hopkins university": {"Citation Count": 81.97142857142858, "Publication Count": 0.8285714285714285}, "ben gurion university of the negev": {"Citation Count": 22.400000000000002, "Publication Count": 0.2}, "rice university": {"Citation Count": 67.20000000000002, "Publication Count": 0.6000000000000001}, "texas instruments": {"Citation Count": 22.400000000000002, "Publication Count": 0.2}, "university of california merced": {"Citation Count": 37.333333333333336, "Publication Count": 1.1666666666666667}, "rwth aachen university": {"Citation Count": 89.0, "Publication Count": 1.0}, "tel aviv university": {"Citation Count": 76.85714285714285, "Publication Count": 0.14285714285714285}, "massachusetts institute of technology": {"Citation Count": 384.2857142857142, "Publication Count": 0.7142857142857142}, "university of illinois at chicago": {"Citation Count": 76.85714285714285, "Publication Count": 0.14285714285714285}, "hong kong university of science and technology": {"Citation Count": 73.14285714285714, "Publication Count": 0.2857142857142857}, "xi an jiaotong university": {"Citation Count": 73.14285714285714, "Publication Count": 0.2857142857142857}, "illinois institute of technology": {"Citation Count": 73.14285714285714, "Publication Count": 0.2857142857142857}, "hangzhou dianzi university": {"Citation Count": 36.57142857142857, "Publication Count": 0.14285714285714285}, "university of california berkeley": {"Citation Count": 145.85714285714286, "Publication Count": 1.1428571428571428}, "university of virginia": {"Citation Count": 47.333333333333336, "Publication Count": 1.1666666666666667}, "university of michigan": {"Citation Count": 4.666666666666666, "Publication Count": 0.3333333333333333}, "northwestern university": {"Citation Count": 9.333333333333332, "Publication Count": 0.6666666666666666}, "delft university of technology": {"Citation Count": 59.33333333333333, "Publication Count": 0.6666666666666666}, "commonwealth scientific and industrial research organisation": {"Citation Count": 29.666666666666664, "Publication Count": 0.3333333333333333}, "harvard university": {"Citation Count": 159.99999999999997, "Publication Count": 0.7142857142857142}, "spaulding rehabilitation hospital": {"Citation Count": 64.0, "Publication Count": 0.2857142857142857}, "cisco systems inc": {"Citation Count": 6.333333333333333, "Publication Count": 0.16666666666666666}, "university of california los angeles": {"Citation Count": 6.333333333333333, "Publication Count": 0.16666666666666666}, "carnegie mellon university": {"Citation Count": 66.0, "Publication Count": 1.0}, "eth zurich": {"Citation Count": 136.0, "Publication Count": 1.0}, "purdue university": {"Citation Count": 28.5, "Publication Count": 0.75}, "university of minnesota": {"Citation Count": 191.0, "Publication Count": 2.0}}