{"peking university": {"Citation Count": 46.75714285714286, "Publication Count": 2.492857142857143}, "university of illinois at urbana champaign": {"Citation Count": 45.607142857142854, "Publication Count": 1.1928571428571428}, "microsoft": {"Citation Count": 71.99474789915966, "Publication Count": 3.96015406162465}, "new york university shanghai": {"Citation Count": 0.8571428571428571, "Publication Count": 0.14285714285714285}, "baden wurttemberg cooperative state university": {"Citation Count": 9.833333333333332, "Publication Count": 0.8333333333333333}, "brown university": {"Citation Count": 9.833333333333332, "Publication Count": 0.8333333333333333}, "university of hong kong": {"Citation Count": 32.233333333333334, "Publication Count": 1.2333333333333334}, "hong kong polytechnic university": {"Citation Count": 8.25, "Publication Count": 0.75}, "technical university of berlin": {"Citation Count": 35.0, "Publication Count": 2.0}, "university of washington": {"Citation Count": 59.1764705882353, "Publication Count": 2.725490196078431}, "qatar computing research institute": {"Citation Count": 72.9936507936508, "Publication Count": 2.226984126984127}, "twitter": {"Citation Count": 146.40000000000003, "Publication Count": 1.088888888888889}, "university of mannheim": {"Citation Count": 10.666666666666666, "Publication Count": 1.3333333333333333}, "max planck society": {"Citation Count": 7.066666666666666, "Publication Count": 0.5333333333333333}, "northwestern university": {"Citation Count": 2.5, "Publication Count": 0.25}, "brandeis university": {"Citation Count": 2.5, "Publication Count": 0.25}, "massachusetts institute of technology": {"Citation Count": 18.72222222222222, "Publication Count": 0.8888888888888888}, "ibm": {"Citation Count": 27.499999999999996, "Publication Count": 1.6666666666666665}, "duke university": {"Citation Count": 2.5, "Publication Count": 0.16666666666666666}, "university of texas at dallas": {"Citation Count": 3.0, "Publication Count": 0.5}, "university of california irvine": {"Citation Count": 1.5, "Publication Count": 0.25}, "hong kong baptist university": {"Citation Count": 4.0, "Publication Count": 1.0}, "university of bremen": {"Citation Count": 4.333333333333333, "Publication Count": 0.3333333333333333}, "university of milan": {"Citation Count": 4.333333333333333, "Publication Count": 0.3333333333333333}, "ecole normale superieure de cachan": {"Citation Count": 1.75, "Publication Count": 0.25}, "drexel university": {"Citation Count": 3.5, "Publication Count": 0.5}, "university of massachusetts amherst": {"Citation Count": 20.416666666666664, "Publication Count": 1.9166666666666665}, "tencent": {"Citation Count": 13.600000000000001, "Publication Count": 0.4}, "university of wisconsin madison": {"Citation Count": 68.66666666666667, "Publication Count": 2.4444444444444446}, "eth zurich": {"Citation Count": 44.8, "Publication Count": 2.6}, "huawei": {"Citation Count": 28.533333333333335, "Publication Count": 1.177777777777778}, "walmart labs": {"Citation Count": 3.9999999999999996, "Publication Count": 0.49999999999999994}, "linkedin": {"Citation Count": 0.6666666666666666, "Publication Count": 0.08333333333333333}, "university of california santa barbara": {"Citation Count": 23.5, "Publication Count": 1.25}, "carnegie mellon university": {"Citation Count": 48.166666666666664, "Publication Count": 1.3333333333333333}, "university of chicago": {"Citation Count": 2.833333333333333, "Publication Count": 0.16666666666666666}, "nippon telegraph and telephone": {"Citation Count": 6.0, "Publication Count": 1.0}, "university of california berkeley": {"Citation Count": 156.62424242424242, "Publication Count": 2.9214452214452216}, "nanyang technological university": {"Citation Count": 190.26666666666665, "Publication Count": 4.666666666666666}, "beijing university of technology": {"Citation Count": 1.3333333333333333, "Publication Count": 0.3333333333333333}, "hong kong university of science and technology": {"Citation Count": 55.7, "Publication Count": 3.633333333333333}, "university of new south wales": {"Citation Count": 9.600000000000001, "Publication Count": 1.7000000000000002}, "northeastern university": {"Citation Count": 6.0, "Publication Count": 0.5}, "the chinese university of hong kong": {"Citation Count": 57.61666666666667, "Publication Count": 3.783333333333333}, "queen s university belfast": {"Citation Count": 10.333333333333332, "Publication Count": 0.3333333333333333}, "hebrew university of jerusalem": {"Citation Count": 6.666666666666666, "Publication Count": 0.6666666666666666}, "technion israel institute of technology": {"Citation Count": 3.333333333333333, "Publication Count": 0.3333333333333333}, "university of technology sydney": {"Citation Count": 4.783333333333333, "Publication Count": 0.8166666666666667}, "indian institute of technology madras": {"Citation Count": 6.0, "Publication Count": 1.0}, "university of jyvaskyla": {"Citation Count": 7.0, "Publication Count": 1.0}, "hewlett packard": {"Citation Count": 53.875, "Publication Count": 1.4583333333333333}, "university of texas at arlington": {"Citation Count": 2.0, "Publication Count": 0.6666666666666666}, "free university of bozen bolzano": {"Citation Count": 7.0, "Publication Count": 0.5}, "at t labs": {"Citation Count": 7.300000000000001, "Publication Count": 0.45}, "google": {"Citation Count": 24.900000000000002, "Publication Count": 2.0833333333333335}, "national university of singapore": {"Citation Count": 87.7, "Publication Count": 3.7}, "university of california santa cruz": {"Citation Count": 5.5, "Publication Count": 0.5}, "soochow university": {"Citation Count": 6.666666666666666, "Publication Count": 0.2222222222222222}, "openlink software": {"Citation Count": 8.625, "Publication Count": 0.125}, "vu university amsterdam": {"Citation Count": 8.625, "Publication Count": 0.125}, "oracle corporation": {"Citation Count": 28.958333333333332, "Publication Count": 1.4583333333333333}, "technische universitat munchen": {"Citation Count": 58.625, "Publication Count": 1.125}, "polytechnic university of catalonia": {"Citation Count": 8.625, "Publication Count": 0.125}, "icahn school of medicine at mount sinai": {"Citation Count": 9.0, "Publication Count": 0.23076923076923078}, "cloudera": {"Citation Count": 3.0, "Publication Count": 0.07692307692307693}, "chinese academy of sciences": {"Citation Count": 3.2, "Publication Count": 0.8}, "intel": {"Citation Count": 17.666666666666664, "Publication Count": 0.3333333333333333}, "university of warwick": {"Citation Count": 3.8000000000000003, "Publication Count": 0.2}, "university of tokyo": {"Citation Count": 16.666666666666664, "Publication Count": 0.6666666666666666}, "rakuten": {"Citation Count": 8.333333333333332, "Publication Count": 0.3333333333333333}, "boston university": {"Citation Count": 16.0, "Publication Count": 0.8}, "rose hulman institute of technology": {"Citation Count": 5.0, "Publication Count": 0.2}, "georgetown university": {"Citation Count": 5.0, "Publication Count": 0.2}, "french institute for research in computer science and automation": {"Citation Count": 2.0, "Publication Count": 0.5}, "renmin university of china": {"Citation Count": 4.800000000000001, "Publication Count": 0.6000000000000001}, "monmouth university": {"Citation Count": 6.0, "Publication Count": 0.25}, "tsinghua university": {"Citation Count": 75.95, "Publication Count": 2.9166666666666665}, "university of illinois at chicago": {"Citation Count": 2.75, "Publication Count": 0.25}, "rmit university": {"Citation Count": 6.833333333333333, "Publication Count": 0.3666666666666667}, "monash university": {"Citation Count": 0.0, "Publication Count": 0.2}, "imperial college london": {"Citation Count": 11.0, "Publication Count": 0.5833333333333333}, "ecole polytechnique federale de lausanne": {"Citation Count": 43.525, "Publication Count": 2.408333333333333}, "zhejiang university": {"Citation Count": 4.466666666666667,