{"university of copenhagen": {"Citation Count": 35.0, "Publication Count": 4.0}, "ecole polytechnique federale de lausanne": {"Citation Count": 56.41666666666667, "Publication Count": 5.916666666666667}, "versailles saint quentin en yvelines university": {"Citation Count": 12.75, "Publication Count": 0.25}, "columbia university": {"Citation Count": 23.75, "Publication Count": 2.25}, "university of liverpool": {"Citation Count": 7.0, "Publication Count": 2.0}, "max planck society": {"Citation Count": 8.166666666666666, "Publication Count": 1.1666666666666665}, "tsinghua university": {"Citation Count": 2.9999999999999996, "Publication Count": 0.6666666666666666}, "cornell university": {"Citation Count": 6.333333333333333, "Publication Count": 0.8666666666666667}, "microsoft": {"Citation Count": 15.133333333333333, "Publication Count": 2.5666666666666664}, "tel aviv university": {"Citation Count": 28.433333333333337, "Publication Count": 4.566666666666666}, "eindhoven university of technology": {"Citation Count": 4.5, "Publication Count": 0.9166666666666666}, "ibm": {"Citation Count": 0.5, "Publication Count": 0.5}, "technische universitat munchen": {"Citation Count": 5.333333333333333, "Publication Count": 0.6666666666666666}, "technical university of berlin": {"Citation Count": 6.666666666666666, "Publication Count": 1.0}, "university of maryland college park": {"Citation Count": 12.297619047619047, "Publication Count": 3.202380952380952}, "stanford university": {"Citation Count": 61.85, "Publication Count": 4.15}, "washington university in st louis": {"Citation Count": 5.0, "Publication Count": 1.0}, "university of warsaw": {"Citation Count": 26.242857142857144, "Publication Count": 3.6357142857142857}, "carnegie mellon university": {"Citation Count": 37.17142857142857, "Publication Count": 4.5095238095238095}, "massachusetts institute of technology": {"Citation Count": 99.38333333333333, "Publication Count": 6.366666666666666}, "weizmann institute of science": {"Citation Count": 3.7738095238095237, "Publication Count": 0.7261904761904762}, "california institute of technology": {"Citation Count": 7.333333333333333, "Publication Count": 1.3333333333333333}, "google": {"Citation Count": 2.0, "Publication Count": 1.0}, "princeton university": {"Citation Count": 11.683333333333332, "Publication Count": 1.9833333333333332}, "boston university": {"Citation Count": 3.333333333333333, "Publication Count": 0.5333333333333333}, "new york university": {"Citation Count": 18.5, "Publication Count": 2.25}, "imperial college london": {"Citation Count": 2.5, "Publication Count": 0.5}, "university of bordeaux": {"Citation Count": 2.75, "Publication Count": 0.25}, "university of pisa": {"Citation Count": 2.0, "Publication Count": 0.3333333333333333}, "university of verona": {"Citation Count": 2.0, "Publication Count": 0.3333333333333333}, "national institute of informatics": {"Citation Count": 4.5, "Publication Count": 1.8333333333333333}, "university of tokyo": {"Citation Count": 5.5, "Publication Count": 2.1666666666666665}, "centrum wiskunde informatica": {"Citation Count": 3.0, "Publication Count": 0.3333333333333333}, "university of california berkeley": {"Citation Count": 25.208333333333336, "Publication Count": 5.041666666666667}, "harvard university": {"Citation Count": 5.25, "Publication Count": 0.9833333333333334}, "chalmers university of technology": {"Citation Count": 1.0, "Publication Count": 0.3333333333333333}, "kyushu university": {"Citation Count": 1.0, "Publication Count": 0.3333333333333333}, "university of illinois at urbana champaign": {"Citation Count": 6.666666666666666, "Publication Count": 4.0}, "university of oxford": {"Citation Count": 6.0, "Publication Count": 1.25}, "eth zurich": {"Citation Count": 8.833333333333334, "Publication Count": 2.5833333333333335}, "national and kapodistrian university of athens": {"Citation Count": 2.5, "Publication Count": 0.25}, "georgia institute of technology": {"Citation Count": 7.458333333333334, "Publication Count": 2.2916666666666665}, "shanghai jiao tong university": {"Citation Count": 0.6666666666666666, "Publication Count": 0.3333333333333333}, "university of texas at dallas": {"Citation Count": 1.6666666666666665, "Publication Count": 0.3333333333333333}, "university of pennsylvania": {"Citation Count": 33.75, "Publication Count": 1.75}, "university of hong kong": {"Citation Count": 10.25, "Publication Count": 1.25}, "universite du quebec en outaouais": {"Citation Count": 6.0, "Publication Count": 0.6666666666666666}, "university of connecticut": {"Citation Count": 0.3333333333333333, "Publication Count": 0.5333333333333333}, "northeastern university": {"Citation Count": 0.0, "Publication Count": 0.4}, "central connecticut state university": {"Citation Count": 0.0, "Publication Count": 0.2}, "mississippi state university": {"Citation Count": 3.0, "Publication Count": 0.25}, "national university of singapore": {"Citation Count": 3.0, "Publication Count": 0.25}, "stony brook university": {"Citation Count": 3.0, "Publication Count": 0.25}, "georgetown university": {"Citation Count": 3.0, "Publication Count": 0.25}, "indian institute of technology madras": {"Citation Count": 0.0, "Publication Count": 0.5}, "brown university": {"Citation Count": 0.0, "Publication Count": 0.25}, "bowdoin college": {"Citation Count": 0.0, "Publication Count": 0.25}, "universite libre de bruxelles": {"Citation Count": 2.5, "Publication Count": 0.8333333333333333}, "association for computing machinery": {"Citation Count": 0.8, "Publication Count": 0.2}, "vmware": {"Citation Count": 0.8, "Publication Count": 0.2}, "apple inc": {"Citation Count": 0.8, "Publication Count": 0.2}, "johns hopkins university": {"Citation Count": 10.583333333333332, "Publication Count": 2.083333333333333}, "ben gurion university of the negev": {"Citation Count": 2.0, "Publication Count": 1.2}, "hebrew university of jerusalem": {"Citation Count": 1.0, "Publication Count": 0.6666666666666666}, "university of waterloo": {"Citation Count": 25.833333333333332, "Publication Count": 2.3333333333333335}, "university of south florida": {"Citation Count": 10.5, "Publication Count": 0.8333333333333333}, "university of latvia": {"Citation Count": 1.5, "Publication Count": 0.25}, "university of amsterdam": {"Citation Count": 1.5, "Publication Count": 0.25}, "university of california los angeles": {"Citation Count": 0.0, "Publication Count": 1.0}, "university of arkansas": {"Citation Count": 3.75, "Publication Count": 0.75}, "university of wisconsin river falls": {"Citation Count": 1.25, "Publication Count": 0.25}, "university of california irvine": {"Citation Count": 1.0, "Publication Count": 1.0}, "university of tubingen": {"Citation Count": 0.2857142857142857, "Publication Count": 0.14285714285714285}, "roma tre university": {"Citation Count": 0.8571428571428571, "Publication Count": 0.42857142857142855}, "free university of berlin": {"Citation Count": 0.2857142857142857, "Publication Count": 0.14285714285714285}, "rolf c hagen group": {"Citation Count": 0.2857142857142857, "Publication Count": 0.14285714285714285}, "karlsruhe institute of technology": {"Citation Count": 0.2857142857142857, "Publication Count": 0.14285714285714285}, "ohio state university": {"Citation Count": 8.0, "Publication Count": 1.0}, "university of texas at austin": {"Citation Count": 1.25, "Publication Count": 1.45}, "hong kong polytechnic university": {"Citation Count": 17.0, "Publication Count": 1.0}, "university of bergen": {"Citation Count": 4.0, "Publication Count": 0.25}, "russian academy of sciences": {"Citation Count": 5.714285714285714, "Publication Count": 0.6785714285714286}, "university of warwick": {"Citation Count": 4.057142857142857, "Publication Count": 0.34285714285714286}, "indian institute of technology bombay": {"Citation Count": 4.0, "Publication Count": 0.5}, "chennai mathematical institute": {"Citation Count": 4.0, "Publication Count": 0.5},