{"shenzhen university": {"Citation Count": 9.716666666666669, "Publication Count": 1.7333333333333334}, "shenzhen institute of information technology": {"Citation Count": 1.25, "Publication Count": 0.25}, "harbin engineering university": {"Citation Count": 4.0, "Publication Count": 1.6666666666666665}, "university of vienna": {"Citation Count": 4.75, "Publication Count": 0.25}, "zhejiang university of technology": {"Citation Count": 14.0, "Publication Count": 2.0}, "china three gorges university": {"Citation Count": 1.3333333333333333, "Publication Count": 0.6666666666666666}, "china university of mining and technology": {"Citation Count": 33.9, "Publication Count": 1.7}, "southeast university": {"Citation Count": 13.0, "Publication Count": 1.0}, "jiangsu university": {"Citation Count": 4.285714285714285, "Publication Count": 0.7142857142857142}, "university of science and technology sana a": {"Citation Count": 2.357142857142857, "Publication Count": 0.30952380952380953}, "tongji university": {"Citation Count": 5.964285714285714, "Publication Count": 3.833333333333333}, "beihang university": {"Citation Count": 20.0, "Publication Count": 1.0}, "deakin university": {"Citation Count": 1.857142857142857, "Publication Count": 0.14285714285714285}, "southwest university": {"Citation Count": 11.14285714285714, "Publication Count": 0.857142857142857}, "aalto university": {"Citation Count": 0.6666666666666666, "Publication Count": 0.6666666666666666}, "helsinki institute for information technology": {"Citation Count": 0.3333333333333333, "Publication Count": 0.3333333333333333}, "university of idaho": {"Citation Count": 4.0, "Publication Count": 1.0}, "university of texas health science center at san antonio": {"Citation Count": 0.16666666666666666, "Publication Count": 0.16666666666666666}, "university of texas at san antonio": {"Citation Count": 0.16666666666666666, "Publication Count": 0.16666666666666666}, "xi an jiaotong liverpool university": {"Citation Count": 0.16666666666666666, "Publication Count": 0.16666666666666666}, "wuhan university of technology": {"Citation Count": 1.0, "Publication Count": 0.5}, "hong kong polytechnic university": {"Citation Count": 5.666666666666666, "Publication Count": 1.1666666666666665}, "university of toronto": {"Citation Count": 0.3333333333333333, "Publication Count": 0.3333333333333333}, "university of waterloo": {"Citation Count": 2.333333333333333, "Publication Count": 1.0833333333333333}, "zhejiang sci tech university": {"Citation Count": 1.5, "Publication Count": 0.5}, "jiangnan university": {"Citation Count": 0.75, "Publication Count": 0.25}, "university of verona": {"Citation Count": 5.5, "Publication Count": 1.5}, "university of catania": {"Citation Count": 4.5, "Publication Count": 0.5}, "princeton university": {"Citation Count": 2.333333333333333, "Publication Count": 0.3333333333333333}, "purdue university": {"Citation Count": 6.25, "Publication Count": 1.3333333333333333}, "city university of hong kong": {"Citation Count": 5.416666666666666, "Publication Count": 1.5833333333333333}, "the chinese university of hong kong": {"Citation Count": 2.75, "Publication Count": 0.5833333333333333}, "central china normal university": {"Citation Count": 4.333333333333333, "Publication Count": 1.0}, "agilent technologies": {"Citation Count": 0.0, "Publication Count": 0.42857142857142855}, "karolinska institutet": {"Citation Count": 0.0, "Publication Count": 0.2857142857142857}, "university of edinburgh": {"Citation Count": 0.0, "Publication Count": 0.3333333333333333}, "ulster university": {"Citation Count": 0.0, "Publication Count": 0.6666666666666666}, "university of geneva": {"Citation Count": 2.0, "Publication Count": 1.0}, "george mason university": {"Citation Count": 2.6666666666666665, "Publication Count": 0.6666666666666666}, "chinese academy of sciences": {"Citation Count": 6.233333333333334, "Publication Count": 1.8333333333333335}, "yanshan university": {"Citation Count": 0.16666666666666666, "Publication Count": 0.16666666666666666}, "university of western ontario": {"Citation Count": 1.5, "Publication Count": 0.75}, "university of saskatchewan": {"Citation Count": 9.75, "Publication Count": 1.3928571428571428}, "wuhan university": {"Citation Count": 2.333333333333333, "Publication Count": 0.3333333333333333}, "drexel university": {"Citation Count": 2.333333333333333, "Publication Count": 0.3333333333333333}, "central south university": {"Citation Count": 34.25, "Publication Count": 3.19047619047619}, "uppsala university": {"Citation Count": 0.0, "Publication Count": 0.75}, "science for life laboratory": {"Citation Count": 0.0, "Publication Count": 0.25}, "yuan ze university": {"Citation Count": 2.0, "Publication Count": 0.4}, "university of california davis": {"Citation Count": 1.4523809523809523, "Publication Count": 0.9952380952380953}, "fred hutchinson cancer research center": {"Citation Count": 0.0, "Publication Count": 0.2}, "maastricht university": {"Citation Count": 0.6666666666666666, "Publication Count": 0.8666666666666667}, "state university of campinas": {"Citation Count": 2.25, "Publication Count": 0.9166666666666666}, "university of british columbia": {"Citation Count": 0.25, "Publication Count": 0.25}, "simon fraser university": {"Citation Count": 2.5, "Publication Count": 1.5}, "instituto de medicina molecular": {"Citation Count": 0.0, "Publication Count": 0.2}, "university of york": {"Citation Count": 0.0, "Publication Count": 0.4}, "hull york medical school": {"Citation Count": 0.0, "Publication Count": 0.4}, "university of minho": {"Citation Count": 2.1428571428571423, "Publication Count": 0.7142857142857142}, "university of california riverside": {"Citation Count": 2.0, "Publication Count": 1.0}, "kyoto university": {"Citation Count": 0.3333333333333333, "Publication Count": 0.3333333333333333}, "graduate university for advanced studies": {"Citation Count": 0.3333333333333333, "Publication Count": 0.3333333333333333}, "university of portsmouth": {"Citation Count": 0.25, "Publication Count": 0.25}, "vietnam academy of science and technology": {"Citation Count": 0.5, "Publication Count": 0.5}, "national and kapodistrian university of athens": {"Citation Count": 0.6666666666666666, "Publication Count": 0.3333333333333333}, "academy of athens": {"Citation Count": 1.3333333333333333, "Publication Count": 0.6666666666666666}, "university of paris": {"Citation Count": 2.0, "Publication Count": 0.6666666666666666}, "university of picardie jules verne": {"Citation Count": 1.0, "Publication Count": 0.3333333333333333}, "colorado school of mines": {"Citation Count": 0.5, "Publication Count": 0.25}, "university of texas at arlington": {"Citation Count": 1.8333333333333333, "Publication Count": 1.0833333333333333}, "cornell university": {"Citation Count": 3.5, "Publication Count": 0.5}, "beijing university of technology": {"Citation Count": 3.5, "Publication Count": 0.5}, "university of california los angeles": {"Citation Count": 0.0, "Publication Count": 1.5}, "naval medical research center": {"Citation Count": 0.6666666666666666, "Publication Count": 0.6666666666666666}, "temple university": {"Citation Count": 4.999999999999999, "Publication Count": 0.9999999999999999}, "columbia university": {"Citation Count": 5.25, "Publication Count": 0.75}, "university of connecticut": {"Citation Count": 7.0, "Publication Count": 2.0}, "old dominion university": {"Citation Count": 9.166666666666666, "Publication Count": 1.8333333333333333}, "tennessee state university": {"Citation Count": 0.8333333333333333, "Publication Count": 0.16666666666666666}, "georgia state university": {"Citation Count": 2.6, "Publication Count": 0.9666666666666667}, "university of texas at dallas": {"Citation Count": 0.4, "Publication Count": 1.2}, "university of lyon": {"Citation Count": 1.0, "Publication Count": 0.3333333333333333}, "hunan university": {"Citation Count": 12.75, "Publication Count": 1.55},