{"university of texas at austin": {"Citation Count": 13.5, "Publication Count": 0.5}, "yale university": {"Citation Count": 6.75, "Publication Count": 0.25}, "technion israel institute of technology": {"Citation Count": 6.75, "Publication Count": 0.25}, "nicta": {"Citation Count": 108.99999999999997, "Publication Count": 0.9999999999999998}, "boston university": {"Citation Count": 3.333333333333333, "Publication Count": 0.3333333333333333}, "duke university": {"Citation Count": 83.55555555555556, "Publication Count": 0.8888888888888888}, "university of paris": {"Citation Count": 7.499999999999999, "Publication Count": 0.8333333333333333}, "north carolina state university": {"Citation Count": 76.88888888888889, "Publication Count": 0.2222222222222222}, "microsoft": {"Citation Count": 38.44444444444444, "Publication Count": 0.1111111111111111}, "technicolor": {"Citation Count": 38.44444444444444, "Publication Count": 0.1111111111111111}, "pennsylvania state university": {"Citation Count": 38.44444444444444, "Publication Count": 0.1111111111111111}, "seoul national university": {"Citation Count": 50.44444444444444, "Publication Count": 0.8611111111111112}, "university of washington": {"Citation Count": 63.44444444444444, "Publication Count": 1.1111111111111112}, "university of michigan": {"Citation Count": 0.8, "Publication Count": 0.8}, "google": {"Citation Count": 0.2, "Publication Count": 0.2}, "columbia university": {"Citation Count": 7.0, "Publication Count": 1.0}}