{"university of north carolina at chapel hill": {"Citation Count": 281.3333333333333, "Publication Count": 4.833333333333334}, "aarhus university": {"Citation Count": 31.53333333333333, "Publication Count": 1.5333333333333332}, "wellington management company": {"Citation Count": 6.333333333333333, "Publication Count": 0.3333333333333333}, "university of british columbia": {"Citation Count": 248.89285714285714, "Publication Count": 6.135714285714286}, "stanford university": {"Citation Count": 285.72222222222223, "Publication Count": 6.0055555555555555}, "disney research": {"Citation Count": 620.6666666666667, "Publication Count": 9.575}, "walt disney animation studios": {"Citation Count": 41.0, "Publication Count": 0.6000000000000001}, "industrial light magic": {"Citation Count": 162.5, "Publication Count": 1.5}, "georgia institute of technology": {"Citation Count": 32.5, "Publication Count": 0.5}, "vrvis": {"Citation Count": 24.0, "Publication Count": 0.4}, "vienna university of technology": {"Citation Count": 36.00000000000001, "Publication Count": 0.6000000000000001}, "swansea university": {"Citation Count": 11.0, "Publication Count": 1.0}, "arizona state university": {"Citation Count": 46.0, "Publication Count": 1.5}, "simon fraser university": {"Citation Count": 47.547619047619044, "Publication Count": 1.0714285714285714}, "south china university of technology": {"Citation Count": 10.333333333333332, "Publication Count": 0.16666666666666666}, "memorial university of newfoundland": {"Citation Count": 18.309523809523807, "Publication Count": 0.47619047619047616}, "tel aviv university": {"Citation Count": 91.84761904761905, "Publication Count": 1.8285714285714287}, "university of waterloo": {"Citation Count": 12.0, "Publication Count": 1.0}, "university of california berkeley": {"Citation Count": 268.56666666666666, "Publication Count": 7.183333333333334}, "university of toulouse": {"Citation Count": 39.785714285714285, "Publication Count": 0.9285714285714286}, "university of victoria": {"Citation Count": 6.857142857142857, "Publication Count": 0.2857142857142857}, "french institute for research in computer science and automation": {"Citation Count": 206.7833333333333, "Publication Count": 4.604761904761905}, "massachusetts institute of technology": {"Citation Count": 745.9071428571427, "Publication Count": 10.54563492063492}, "toshiba": {"Citation Count": 42.166666666666664, "Publication Count": 0.5833333333333333}, "university of california san diego": {"Citation Count": 29.0, "Publication Count": 1.0}, "university of california santa barbara": {"Citation Count": 60.0, "Publication Count": 1.6666666666666665}, "clemson university": {"Citation Count": 18.0, "Publication Count": 0.5333333333333333}, "karlsruhe institute of technology": {"Citation Count": 43.71428571428571, "Publication Count": 1.857142857142857}, "microsoft": {"Citation Count": 742.4579365079364, "Publication Count": 10.93015873015873}, "brown university": {"Citation Count": 12.0, "Publication Count": 0.2}, "air force research laboratory": {"Citation Count": 12.0, "Publication Count": 0.2}, "university of sao paulo": {"Citation Count": 12.0, "Publication Count": 0.2}, "new york university": {"Citation Count": 190.66666666666666, "Publication Count": 3.5333333333333337}, "university of california santa cruz": {"Citation Count": 14.0, "Publication Count": 1.0}, "hangzhou dianzi university": {"Citation Count": 5.0, "Publication Count": 0.5}, "city university of hong kong": {"Citation Count": 24.8, "Publication Count": 0.7}, "university of girona": {"Citation Count": 18.0, "Publication Count": 1.0}, "university of konstanz": {"Citation Count": 32.0, "Publication Count": 1.0}, "university of erlangen nuremberg": {"Citation Count": 191.75, "Publication Count": 1.25}, "dartmouth college": {"Citation Count": 36.5, "Publication Count": 1.1666666666666665}, "johns hopkins university": {"Citation Count": 180.0, "Publication Count": 0.5}, "eth zurich": {"Citation Count": 286.5, "Publication Count": 4.333333333333333}, "university of grenoble": {"Citation Count": 93.42857142857143, "Publication Count": 3.7714285714285714}, "university college london": {"Citation Count": 114.89999999999999, "Publication Count": 3.316666666666667}, "ohio state university": {"Citation Count": 64.8, "Publication Count": 3.3}, "university of pennsylvania": {"Citation Count": 76.21428571428572, "Publication Count": 1.119047619047619}, "institute of science and technology austria": {"Citation Count": 42.666666666666664, "Publication Count": 1.8333333333333333}, "university of washington": {"Citation Count": 49.84444444444445, "Publication Count": 1.9111111111111112}, "sapienza university of rome": {"Citation Count": 20.5, "Publication Count": 0.75}, "cornell university": {"Citation Count": 140.2166666666667, "Publication Count": 3.3027777777777776}, "adobe systems": {"Citation Count": 199.71666666666667, "Publication Count": 4.5}, "hebrew university of jerusalem": {"Citation Count": 39.80952380952381, "Publication Count": 0.976190476190476}, "harvard university": {"Citation Count": 56.8952380952381, "Publication Count": 1.519047619047619}, "tsinghua university": {"Citation Count": 349.7952380952381, "Publication Count": 7.3999999999999995}, "ecole polytechnique federale de lausanne": {"Citation Count": 121.46666666666665, "Publication Count": 1.0666666666666667}, "zhejiang university": {"Citation Count": 203.4261904761905, "Publication Count": 3.4595238095238097}, "texas a m university": {"Citation Count": 44.32142857142857, "Publication Count": 2.178571428571429}, "university of zaragoza": {"Citation Count": 37.1, "Publication Count": 0.8}, "college of engineering pune": {"Citation Count": 7.2, "Publication Count": 0.1}, "university of wisconsin madison": {"Citation Count": 7.2, "Publication Count": 0.1}, "saarland university": {"Citation Count": 46.77142857142857, "Publication Count": 0.9619047619047618}, "delft university of technology": {"Citation Count": 6.857142857142857, "Publication Count": 0.14285714285714285}, "mcgill university": {"Citation Count": 16.0, "Publication Count": 1.0}, "carnegie mellon university": {"Citation Count": 92.92142857142856, "Publication Count": 3.15}, "interdisciplinary center herzliya": {"Citation Count": 19.6, "Publication Count": 0.4}, "hangzhou normal university": {"Citation Count": 3.833333333333333, "Publication Count": 0.16666666666666666}, "pohang university of science and technology": {"Citation Count": 6.5, "Publication Count": 0.5}, "ajou university": {"Citation Count": 3.25, "Publication Count": 0.25}, "university of missouri": {"Citation Count": 3.25, "Publication Count": 0.25}, "university of giessen": {"Citation Count": 1.3333333333333333, "Publication Count": 0.16666666666666666}, "technical university of berlin": {"Citation Count": 43.33333333333333, "Publication Count": 0.8333333333333333}, "california institute of technology": {"Citation Count": 141.75, "Publication Count": 2.25}, "university of kentucky": {"Citation Count": 41.875, "Publication Count": 0.625}, "university of science and technology of china": {"Citation Count": 118.5138888888889, "Publication Count": 1.152777777777778}, "nanjing university": {"Citation Count": 19.035714285714285, "Publication Count": 0.5357142857142857}, "national university of defense technology": {"Citation Count": 17.642857142857142, "Publication Count": 0.5357142857142857}, "princeton university": {"Citation Count": 124.73333333333333, "Publication Count": 2.2666666666666666}, "google": {"Citation Count": 16.5, "Publication Count": 0.16666666666666666}, "technion israel institute of technology": {"Citation Count": 28.333333333333332, "Publication Count": 0.8333333333333333}, "ecole polytechnique": {"Citation Count": 7.666666666666666, "Publication Count": 0.16666666666666666}, "universite de montreal": {"Citation Count": 30.152380952380952, "Publication Count": 1.1761904761904762},