{"university of illinois at urbana champaign": {"Citation Count": 24.3, "Publication Count": 0.65}, "microsoft": {"Citation Count": 162.95714285714286, "Publication Count": 5.9865079365079366}, "adobe systems": {"Citation Count": 85.69025974025973, "Publication Count": 5.66038961038961}, "carnegie mellon university": {"Citation Count": 33.714285714285715, "Publication Count": 1.9095238095238094}, "king abdullah university of science and technology": {"Citation Count": 32.535714285714285, "Publication Count": 4.2023809523809526}, "graz university of technology": {"Citation Count": 8.25, "Publication Count": 0.75}, "vienna university of technology": {"Citation Count": 22.25, "Publication Count": 1.0833333333333333}, "harbin institute of technology": {"Citation Count": 7.25, "Publication Count": 0.25}, "massachusetts institute of technology": {"Citation Count": 83.10303030303031, "Publication Count": 6.487878787878788}, "university of texas at austin": {"Citation Count": 8.993939393939396, "Publication Count": 0.5575757575757575}, "university of science and technology of china": {"Citation Count": 36.21428571428571, "Publication Count": 3.178571428571428}, "university of tokyo": {"Citation Count": 11.666666666666666, "Publication Count": 1.4166666666666665}, "university of tsukuba": {"Citation Count": 6.666666666666666, "Publication Count": 1.1666666666666667}, "nagoya institute of technology": {"Citation Count": 2.6666666666666665, "Publication Count": 0.16666666666666666}, "utsunomiya university": {"Citation Count": 8.0, "Publication Count": 0.5}, "purdue university": {"Citation Count": 35.333333333333336, "Publication Count": 1.6666666666666667}, "old dominion university": {"Citation Count": 1.6666666666666665, "Publication Count": 0.3333333333333333}, "ecole polytechnique federale de lausanne": {"Citation Count": 39.483333333333334, "Publication Count": 2.1166666666666667}, "california polytechnic state university": {"Citation Count": 1.7272727272727273, "Publication Count": 0.09090909090909091}, "stanford university": {"Citation Count": 116.49949494949493, "Publication Count": 7.868686868686868}, "disney research": {"Citation Count": 132.67489177489176, "Publication Count": 10.276623376623379}, "eth zurich": {"Citation Count": 34.214285714285715, "Publication Count": 3.3690476190476186}, "michigan state university": {"Citation Count": 5.666666666666667, "Publication Count": 0.9166666666666666}, "california institute of technology": {"Citation Count": 10.25, "Publication Count": 2.0}, "university of british columbia": {"Citation Count": 92.0904761904762, "Publication Count": 6.626190476190476}, "ningbo university": {"Citation Count": 4.466666666666667, "Publication Count": 0.7666666666666667}, "university of hong kong": {"Citation Count": 26.20952380952381, "Publication Count": 2.0047619047619047}, "ningbo institute of technology zhejiang university": {"Citation Count": 0.6000000000000001, "Publication Count": 0.2}, "university college london": {"Citation Count": 47.142857142857146, "Publication Count": 5.526190476190476}, "university of utah": {"Citation Count": 3.9000000000000004, "Publication Count": 0.7}, "middle east technical university": {"Citation Count": 1.5, "Publication Count": 0.5}, "max planck society": {"Citation Count": 82.3809523809524, "Publication Count": 4.833333333333334}, "technicolor": {"Citation Count": 13.57142857142857, "Publication Count": 0.42857142857142855}, "national university of singapore": {"Citation Count": 12.866666666666667, "Publication Count": 0.5333333333333333}, "universite paris saclay": {"Citation Count": 3.5, "Publication Count": 0.5}, "delft university of technology": {"Citation Count": 3.5, "Publication Count": 0.5}, "university of central florida": {"Citation Count": 0.42857142857142855, "Publication Count": 0.14285714285714285}, "university of california riverside": {"Citation Count": 2.0, "Publication Count": 0.25}, "technische universitat munchen": {"Citation Count": 3.5, "Publication Count": 0.7499999999999999}, "university of denver": {"Citation Count": 2.0, "Publication Count": 0.25}, "university of maryland baltimore county": {"Citation Count": 2.0, "Publication Count": 0.25}, "university of southern california": {"Citation Count": 33.6, "Publication Count": 1.85}, "toyohashi university of technology": {"Citation Count": 4.0, "Publication Count": 0.5}, "tokai university": {"Citation Count": 4.0, "Publication Count": 0.5}, "washington university in st louis": {"Citation Count": 3.2, "Publication Count": 0.4}, "saint louis university": {"Citation Count": 4.800000000000001, "Publication Count": 0.6000000000000001}, "columbia university": {"Citation Count": 44.16666666666667, "Publication Count": 4.233333333333333}, "new york university": {"Citation Count": 22.75, "Publication Count": 1.9166666666666667}, "edinburgh napier university": {"Citation Count": 3.0, "Publication Count": 0.25}, "unity technologies": {"Citation Count": 8.5, "Publication Count": 0.5}, "charles university in prague": {"Citation Count": 18.8, "Publication Count": 1.9}, "french institute for research in computer science and automation": {"Citation Count": 53.74999999999999, "Publication Count": 4.999999999999999}, "university of lorraine": {"Citation Count": 24.833333333333332, "Publication Count": 1.25}, "the chinese university of hong kong": {"Citation Count": 13.0, "Publication Count": 4.142857142857142}, "university of hull": {"Citation Count": 7.333333333333333, "Publication Count": 0.30952380952380953}, "shenzhen university": {"Citation Count": 9.938888888888888, "Publication Count": 0.7694444444444444}, "carleton university": {"Citation Count": 5.25, "Publication Count": 0.41666666666666663}, "simon fraser university": {"Citation Count": 13.028571428571428, "Publication Count": 1.338095238095238}, "university of california santa cruz": {"Citation Count": 1.7142857142857142, "Publication Count": 0.14285714285714285}, "university of california irvine": {"Citation Count": 3.333333333333333, "Publication Count": 0.3333333333333333}, "cornell university": {"Citation Count": 32.78333333333333, "Publication Count": 2.95}, "lancaster university": {"Citation Count": 3.6, "Publication Count": 0.4}, "yale university": {"Citation Count": 9.9, "Publication Count": 1.1}, "university of texas at dallas": {"Citation Count": 6.857142857142857, "Publication Count": 0.42857142857142855}, "university of california san diego": {"Citation Count": 2.75, "Publication Count": 0.25}, "university of california berkeley": {"Citation Count": 6.416666666666666, "Publication Count": 0.5833333333333333}, "autodesk": {"Citation Count": 9.25, "Publication Count": 1.5833333333333333}, "karlsruhe institute of technology": {"Citation Count": 15.75, "Publication Count": 0.75}, "saarland university": {"Citation Count": 3.466666666666667, "Publication Count": 0.7833333333333333}, "weizmann institute of science": {"Citation Count": 51.6, "Publication Count": 3.4}, "seoul national university": {"Citation Count": 25.0, "Publication Count": 2.0}, "university of bath": {"Citation Count": 4.342857142857143, "Publication Count": 0.34285714285714286}, "kaist": {"Citation Count": 25.133333333333333, "Publication Count": 2.816666666666667}, "stony brook university": {"Citation Count": 15.333333333333332, "Publication Count": 0.6666666666666666}, "aalto university": {"Citation Count": 19.466666666666665, "Publication Count": 1.0666666666666667}, "nvidia": {"Citation Count": 46.03333333333333, "Publication Count": 2.5166666666666666}, "qatar computing research institute": {"Citation Count": 13.666666666666666, "Publication Count": 0.5}, "paris dauphine university": {"Citation Count": 11.25, "Publication Count": 0.5833333333333333}, "kyoto university": {"Citation Count": 5.0, "Publication Count": 0.3333333333333333}, "centre national de la recherche scientifique": {"Citation Count": 5.0, "Publication Count": 0.3333333333333333},