{"national university of singapore": {"Citation Count": 18.0, "Publication Count": 0.3333333333333333}, "university of castilla la mancha": {"Citation Count": 3.4285714285714284, "Publication Count": 0.5714285714285714}, "polytechnic university of valencia": {"Citation Count": 4.214285714285714, "Publication Count": 0.5357142857142857}, "intel": {"Citation Count": 33.41269841269841, "Publication Count": 0.5873015873015872}, "durham university": {"Citation Count": 39.0, "Publication Count": 1.0}, "sun microsystems": {"Citation Count": 5.333333333333333, "Publication Count": 0.3333333333333333}, "university of florida": {"Citation Count": 61.733333333333334, "Publication Count": 2.933333333333333}, "national taiwan university": {"Citation Count": 79.33333333333333, "Publication Count": 2.0}, "chunghwa telecom": {"Citation Count": 8.0, "Publication Count": 0.3333333333333333}, "national university of kaohsiung": {"Citation Count": 8.0, "Publication Count": 0.3333333333333333}, "tsinghua university": {"Citation Count": 60.60000000000001, "Publication Count": 1.35}, "hong kong university of science and technology": {"Citation Count": 83.45, "Publication Count": 2.7}, "huazhong university of science and technology": {"Citation Count": 11.0, "Publication Count": 0.5}, "university of southern california": {"Citation Count": 62.58333333333333, "Publication Count": 1.4583333333333333}, "zhejiang university": {"Citation Count": 22.666666666666664, "Publication Count": 0.6666666666666666}, "microsoft": {"Citation Count": 78.28333333333333, "Publication Count": 1.2833333333333332}, "university of texas at arlington": {"Citation Count": 122.5, "Publication Count": 2.5}, "virginia tech": {"Citation Count": 31.999999999999996, "Publication Count": 0.6666666666666666}, "purdue university": {"Citation Count": 30.666666666666664, "Publication Count": 0.3333333333333333}, "virginia bioinformatics institute": {"Citation Count": 30.666666666666664, "Publication Count": 0.3333333333333333}, "georgia state university": {"Citation Count": 54.800000000000004, "Publication Count": 0.4}, "university of texas at dallas": {"Citation Count": 100.95000000000002, "Publication Count": 2.1}, "soongsil university": {"Citation Count": 8.666666666666666, "Publication Count": 0.3333333333333333}, "university of california irvine": {"Citation Count": 8.666666666666666, "Publication Count": 0.3333333333333333}, "stony brook university": {"Citation Count": 7.0, "Publication Count": 0.5}, "ghent university": {"Citation Count": 47.33333333333333, "Publication Count": 0.6666666666666666}, "vmware": {"Citation Count": 30.0, "Publication Count": 1.0}, "university of california san diego": {"Citation Count": 7.333333333333333, "Publication Count": 0.3333333333333333}, "university of amsterdam": {"Citation Count": 23.333333333333332, "Publication Count": 0.6666666666666666}, "beijing university of posts and telecommunications": {"Citation Count": 7.0, "Publication Count": 1.0}, "howard university": {"Citation Count": 3.25, "Publication Count": 0.25}, "university of ottawa": {"Citation Count": 12.0, "Publication Count": 1.5}, "university of delaware": {"Citation Count": 8.666666666666666, "Publication Count": 0.3333333333333333}, "chinese academy of sciences": {"Citation Count": 26.333333333333332, "Publication Count": 0.8333333333333333}, "university of british columbia": {"Citation Count": 11.75, "Publication Count": 1.125}, "korea university": {"Citation Count": 34.833333333333336, "Publication Count": 0.9999999999999999}, "samsung": {"Citation Count": 1.5, "Publication Count": 0.5}, "commonwealth scientific and industrial research organisation": {"Citation Count": 0.3333333333333333, "Publication Count": 0.3333333333333333}, "information technology university": {"Citation Count": 0.6666666666666666, "Publication Count": 0.6666666666666666}, "jonkoping university": {"Citation Count": 65.0, "Publication Count": 0.5}, "university of catania": {"Citation Count": 32.5, "Publication Count": 0.25}, "university of pittsburgh": {"Citation Count": 12.0, "Publication Count": 1.0}, "north dakota state university": {"Citation Count": 73.0, "Publication Count": 0.5}, "south china university of technology": {"Citation Count": 32.0, "Publication Count": 1.3333333333333333}, "university of california santa barbara": {"Citation Count": 19.0, "Publication Count": 1.3333333333333333}, "national cheng kung university": {"Citation Count": 111.0, "Publication Count": 4.0}, "bilkent university": {"Citation Count": 6.0, "Publication Count": 1.0}, "university of texas at austin": {"Citation Count": 44.5, "Publication Count": 2.0}, "ibm": {"Citation Count": 61.44444444444444, "Publication Count": 1.2222222222222223}, "florida atlantic university": {"Citation Count": 50.0, "Publication Count": 2.0}, "university of illinois at urbana champaign": {"Citation Count": 18.0, "Publication Count": 1.0}, "illinois institute of technology": {"Citation Count": 39.0, "Publication Count": 1.3333333333333333}, "university of sydney": {"Citation Count": 32.5, "Publication Count": 1.25}, "simon fraser university": {"Citation Count": 2.5, "Publication Count": 0.25}, "sharif university of technology": {"Citation Count": 5.0, "Publication Count": 0.5}, "florida state university": {"Citation Count": 7.0, "Publication Count": 1.0}, "national and kapodistrian university of athens": {"Citation Count": 8.0, "Publication Count": 1.0}, "georgia institute of technology": {"Citation Count": 36.5, "Publication Count": 2.5}, "cleveland state university": {"Citation Count": 2.0, "Publication Count": 0.5}, "texas a m university": {"Citation Count": 7.6, "Publication Count": 1.15}, "sant anna school of advanced studies": {"Citation Count": 157.0, "Publication Count": 1.0}, "deakin university": {"Citation Count": 39.666666666666664, "Publication Count": 0.3333333333333333}, "central queensland university": {"Citation Count": 39.666666666666664, "Publication Count": 0.3333333333333333}, "shanghai jiao tong university": {"Citation Count": 54.166666666666664, "Publication Count": 0.8333333333333333}, "university of texas at san antonio": {"Citation Count": 3.0, "Publication Count": 1.0}, "southeast university": {"Citation Count": 44.0, "Publication Count": 1.0}, "rochester institute of technology": {"Citation Count": 15.5, "Publication Count": 0.5}, "university of nevada reno": {"Citation Count": 15.5, "Publication Count": 0.5}, "university of new south wales": {"Citation Count": 6.0, "Publication Count": 0.6666666666666666}, "university of melbourne": {"Citation Count": 3.0, "Publication Count": 0.3333333333333333}, "iowa state university": {"Citation Count": 20.8, "Publication Count": 1.2}, "university of massachusetts lowell": {"Citation Count": 4.4, "Publication Count": 0.4}, "dakota state university": {"Citation Count": 1.8, "Publication Count": 0.2}, "university of georgia": {"Citation Count": 18.0, "Publication Count": 0.6666666666666666}, "imperial college london": {"Citation Count": 7.25, "Publication Count": 0.25}, "sun yat sen university": {"Citation Count": 4.666666666666666, "Publication Count": 0.3333333333333333}, "michigan state university": {"Citation Count": 51.666666666666664, "Publication Count": 1.1666666666666665}, "university of minnesota": {"Citation Count": 12.0, "Publication Count": 1.0}, "delft university of technology": {"Citation Count": 18.0, "Publication Count": 1.0}, "institut eurecom": {"Citation Count": 9.666666666666666, "Publication Count": 0.3333333333333333}, "ohio state university": {"Citation Count": 69.17142857142856, "Publication Count": 1.7714285714285714}, "hofstra university": {"Citation Count": 30.0, "Publication Count": 0.5}, "university of rhode island": {"Citation Count": 21.0, "Publication Count": 1.0}, "university of toronto": {"Citation Count": 30.583333333333332, "Publication Count": 1.5833333333333333}, "university of ontario institute of technology": {"Citation Count": 14.666666666666666,