{"brown university": {"Citation Count": 40.75, "Publication Count": 2.583333333333333}, "lawrence berkeley national laboratory": {"Citation Count": 46.14285714285714, "Publication Count": 2.095238095238095}, "stony brook university": {"Citation Count": 90.35000000000001, "Publication Count": 7.783333333333333}, "beihang university": {"Citation Count": 8.333333333333332, "Publication Count": 1.0}, "arizona state university": {"Citation Count": 12.55, "Publication Count": 1.45}, "intel": {"Citation Count": 99.0, "Publication Count": 2.333333333333333}, "kangwon national university": {"Citation Count": 2.6666666666666665, "Publication Count": 0.3333333333333333}, "yonsei university": {"Citation Count": 10.666666666666666, "Publication Count": 1.3333333333333333}, "university of missouri st louis": {"Citation Count": 2.6666666666666665, "Publication Count": 0.3333333333333333}, "mcmaster university": {"Citation Count": 40.0, "Publication Count": 1.0}, "university of auckland": {"Citation Count": 25.6, "Publication Count": 1.0666666666666667}, "university of glasgow": {"Citation Count": 29.416666666666664, "Publication Count": 0.9166666666666666}, "university of konstanz": {"Citation Count": 171.6, "Publication Count": 3.5999999999999996}, "university of north carolina at charlotte": {"Citation Count": 42.00000000000001, "Publication Count": 0.6000000000000001}, "university of california davis": {"Citation Count": 244.14761904761906, "Publication Count": 10.406349206349205}, "lawrence livermore national laboratory": {"Citation Count": 47.57142857142857, "Publication Count": 1.5317460317460316}, "university of wisconsin madison": {"Citation Count": 22.0, "Publication Count": 2.0}, "indian institute of science": {"Citation Count": 49.0, "Publication Count": 2.0}, "pacific northwest national laboratory": {"Citation Count": 15.964285714285714, "Publication Count": 1.8928571428571428}, "zhejiang university": {"Citation Count": 249.98333333333338, "Publication Count": 4.533333333333333}, "central queensland university": {"Citation Count": 1.3333333333333333, "Publication Count": 0.6666666666666666}, "university of technology sydney": {"Citation Count": 0.6666666666666666, "Publication Count": 0.3333333333333333}, "university of illinois at urbana champaign": {"Citation Count": 39.5, "Publication Count": 1.25}, "ecole polytechnique federale de lausanne": {"Citation Count": 14.285714285714285, "Publication Count": 0.7142857142857142}, "tecnun": {"Citation Count": 29.25, "Publication Count": 1.25}, "university of north carolina at chapel hill": {"Citation Count": 87.33333333333333, "Publication Count": 3.166666666666666}, "information technology university": {"Citation Count": 0.6000000000000001, "Publication Count": 0.2}, "cd adapco": {"Citation Count": 0.6000000000000001, "Publication Count": 0.2}, "swansea university": {"Citation Count": 41.25714285714285, "Publication Count": 1.6285714285714286}, "university of utah": {"Citation Count": 169.05714285714282, "Publication Count": 6.947619047619048}, "state university of campinas": {"Citation Count": 5.0, "Publication Count": 1.0}, "university of new hampshire": {"Citation Count": 15.0, "Publication Count": 1.0}, "montreal neurological institute and hospital": {"Citation Count": 25.333333333333332, "Publication Count": 0.6666666666666666}, "french institute for research in computer science and automation": {"Citation Count": 231.66666666666666, "Publication Count": 5.3}, "university of california irvine": {"Citation Count": 20.0, "Publication Count": 1.0}, "utrecht university": {"Citation Count": 61.0, "Publication Count": 1.0}, "otto von guericke university magdeburg": {"Citation Count": 28.0, "Publication Count": 1.0}, "eth zurich": {"Citation Count": 23.416666666666664, "Publication Count": 2.583333333333333}, "university of texas at austin": {"Citation Count": 6.416666666666666, "Publication Count": 0.5833333333333333}, "purdue university": {"Citation Count": 139.06666666666666, "Publication Count": 6.933333333333334}, "university of york": {"Citation Count": 1.0, "Publication Count": 1.0}, "linkoping university": {"Citation Count": 74.06666666666666, "Publication Count": 4.1000000000000005}, "princeton university": {"Citation Count": 10.0, "Publication Count": 0.5}, "university of toronto": {"Citation Count": 45.25, "Publication Count": 1.75}, "oak ridge national laboratory": {"Citation Count": 5.666666666666666, "Publication Count": 0.5}, "umea university": {"Citation Count": 43.0, "Publication Count": 1.0}, "university of california santa barbara": {"Citation Count": 9.666666666666666, "Publication Count": 1.6666666666666667}, "city university of hong kong": {"Citation Count": 53.4, "Publication Count": 1.8666666666666665}, "university of wurzburg": {"Citation Count": 16.5, "Publication Count": 1.0}, "university of minnesota": {"Citation Count": 40.21428571428571, "Publication Count": 1.357142857142857}, "carnegie mellon university": {"Citation Count": 12.25, "Publication Count": 0.45}, "university of southern california": {"Citation Count": 36.0, "Publication Count": 0.8}, "graz university of technology": {"Citation Count": 29.550000000000004, "Publication Count": 1.35}, "sichuan university": {"Citation Count": 10.5, "Publication Count": 0.5}, "iowa state university": {"Citation Count": 47.0, "Publication Count": 2.0}, "university of munster": {"Citation Count": 21.142857142857142, "Publication Count": 1.1857142857142857}, "volkswagen": {"Citation Count": 6.571428571428571, "Publication Count": 0.14285714285714285}, "university of kiel": {"Citation Count": 13.142857142857142, "Publication Count": 0.2857142857142857}, "virginia tech": {"Citation Count": 174.5, "Publication Count": 3.1666666666666665}, "rwth aachen university": {"Citation Count": 98.0, "Publication Count": 1.0}, "duke university": {"Citation Count": 55.5, "Publication Count": 0.5}, "university of central florida": {"Citation Count": 51.0, "Publication Count": 2.0}, "hangzhou dianzi university": {"Citation Count": 62.2, "Publication Count": 0.2}, "hangzhou normal university": {"Citation Count": 62.2, "Publication Count": 0.2}, "fraunhofer society": {"Citation Count": 123.0, "Publication Count": 2.0}, "microsoft": {"Citation Count": 210.95, "Publication Count": 4.033333333333333}, "parc": {"Citation Count": 9.0, "Publication Count": 0.16666666666666666}, "louisiana state university": {"Citation Count": 18.35, "Publication Count": 0.65}, "national cheng kung university": {"Citation Count": 51.416666666666664, "Publication Count": 2.583333333333333}, "tel aviv university": {"Citation Count": 9.75, "Publication Count": 0.25}, "university of edinburgh": {"Citation Count": 8.0, "Publication Count": 0.3333333333333333}, "national institute of advanced industrial science and technology": {"Citation Count": 8.0, "Publication Count": 0.3333333333333333}, "oregon state university": {"Citation Count": 77.4, "Publication Count": 2.5999999999999996}, "colorado school of mines": {"Citation Count": 17.0, "Publication Count": 0.7}, "united states army research laboratory": {"Citation Count": 1.1666666666666665, "Publication Count": 0.16666666666666666}, "mississippi state university": {"Citation Count": 11.833333333333332, "Publication Count": 0.8333333333333333}, "kentucky state university": {"Citation Count": 1.1666666666666665, "Publication Count": 0.16666666666666666}, "national taiwan university": {"Citation Count": 22.5, "Publication Count": 0.75}, "universidade federal do rio grande do sul": {"Citation Count": 13.0, "Publication Count": 1.0}, "university of rio grande": {"Citation Count": 0.4, "Publication Count": 0.2}, "ecole centrale de nantes": {"Citation Count": 6.0, "Publication Count": 0.4}, "free university of berlin": {"Citation Count": 21.0, "Publication Count": 0.5}, "nanyang technological university": {"Citation Count": 23.0, "Publication Count": 1.7}, "national chengchi university": {"Citation Count": 2.5, "Publication Count": 0.25},