{"university of tokyo": {"Citation Count": 39.2, "Publication Count": 1.8}, "open university": {"Citation Count": 30.785714285714285, "Publication Count": 0.7857142857142857}, "university of bath": {"Citation Count": 8.3, "Publication Count": 0.24285714285714285}, "indiana university bloomington": {"Citation Count": 7.442857142857143, "Publication Count": 0.24285714285714285}, "microsoft": {"Citation Count": 570.1428571428571, "Publication Count": 5.542857142857142}, "national university of singapore": {"Citation Count": 28.000000000000004, "Publication Count": 0.7777777777777779}, "keio university": {"Citation Count": 8.0, "Publication Count": 0.2222222222222222}, "motorola": {"Citation Count": 15.666666666666666, "Publication Count": 1.0}, "missouri western state university": {"Citation Count": 7.666666666666666, "Publication Count": 0.3333333333333333}, "intel": {"Citation Count": 24.857142857142854, "Publication Count": 1.0095238095238095}, "university of washington": {"Citation Count": 166.93571428571428, "Publication Count": 2.664285714285714}, "academia sinica": {"Citation Count": 5.666666666666666, "Publication Count": 0.3333333333333333}, "national taiwan university": {"Citation Count": 11.333333333333332, "Publication Count": 0.6666666666666666}, "duke university": {"Citation Count": 4.75, "Publication Count": 0.25}, "adobe systems": {"Citation Count": 14.857142857142856, "Publication Count": 0.14285714285714285}, "ludwig maximilian university of munich": {"Citation Count": 8.0, "Publication Count": 1.0}, "university of science and technology beijing": {"Citation Count": 70.25, "Publication Count": 0.25}, "telecom sudparis": {"Citation Count": 64.0, "Publication Count": 0.5}, "nanjing university": {"Citation Count": 42.666666666666664, "Publication Count": 0.3333333333333333}, "zhejiang university": {"Citation Count": 21.333333333333332, "Publication Count": 0.16666666666666666}, "university of science and technology of china": {"Citation Count": 103.33333333333334, "Publication Count": 0.9333333333333333}, "eth zurich": {"Citation Count": 75.0, "Publication Count": 2.5}, "at t labs": {"Citation Count": 47.999999999999986, "Publication Count": 0.9999999999999998}, "lancaster university": {"Citation Count": 59.107142857142854, "Publication Count": 0.8928571428571428}, "university of cambridge": {"Citation Count": 30.75, "Publication Count": 0.75}, "university of the west of england": {"Citation Count": 4.285714285714286, "Publication Count": 0.2857142857142857}, "university of bristol": {"Citation Count": 2.142857142857143, "Publication Count": 0.14285714285714285}, "nanyang technological university": {"Citation Count": 17.6, "Publication Count": 0.4}, "carnegie mellon university": {"Citation Count": 530.9166666666666, "Publication Count": 7.535714285714286}, "university of geneva": {"Citation Count": 19.0, "Publication Count": 0.16666666666666666}, "university of california irvine": {"Citation Count": 4.333333333333333, "Publication Count": 0.6666666666666666}, "university of madeira": {"Citation Count": 9.0, "Publication Count": 0.42857142857142855}, "coventry university": {"Citation Count": 3.0, "Publication Count": 0.14285714285714285}, "new york university": {"Citation Count": 8.0, "Publication Count": 0.5}, "university of alabama at birmingham": {"Citation Count": 8.0, "Publication Count": 0.5}, "university of california los angeles": {"Citation Count": 32.0, "Publication Count": 1.0}, "rice university": {"Citation Count": 0.6666666666666666, "Publication Count": 0.6666666666666666}, "nokia": {"Citation Count": 7.766666666666667, "Publication Count": 1.4333333333333333}, "university of toronto": {"Citation Count": 0.8333333333333333, "Publication Count": 0.16666666666666666}, "university of michigan": {"Citation Count": 15.300000000000002, "Publication Count": 0.30000000000000004}, "university of colorado boulder": {"Citation Count": 38.099999999999994, "Publication Count": 1.1}, "university college london": {"Citation Count": 41.0, "Publication Count": 1.0}, "it university of copenhagen": {"Citation Count": 4.0, "Publication Count": 1.0}, "mitsubishi": {"Citation Count": 5.800000000000001, "Publication Count": 0.2}, "college of william mary": {"Citation Count": 24.0, "Publication Count": 0.75}, "university of nebraska lincoln": {"Citation Count": 8.0, "Publication Count": 0.25}, "federal university of alagoas": {"Citation Count": 5.6000000000000005, "Publication Count": 0.2}, "pennsylvania state university": {"Citation Count": 11.766666666666666, "Publication Count": 0.3666666666666667}, "university of waterloo": {"Citation Count": 35.0, "Publication Count": 1.0}, "cornell university": {"Citation Count": 65.5, "Publication Count": 0.6428571428571428}, "dartmouth college": {"Citation Count": 113.5, "Publication Count": 1.0714285714285714}, "seattle children s": {"Citation Count": 14.600000000000001, "Publication Count": 0.2}, "georgia institute of technology": {"Citation Count": 30.833333333333332, "Publication Count": 0.8333333333333333}, "university of massachusetts amherst": {"Citation Count": 20.400000000000002, "Publication Count": 0.4}, "university of memphis": {"Citation Count": 10.200000000000001, "Publication Count": 0.2}, "university of pittsburgh": {"Citation Count": 10.200000000000001, "Publication Count": 0.2}, "university of south florida": {"Citation Count": 10.200000000000001, "Publication Count": 0.2}, "massachusetts institute of technology": {"Citation Count": 32.0, "Publication Count": 0.8}, "masdar institute of science and technology": {"Citation Count": 8.0, "Publication Count": 0.2}}