{"dartmouth college": {"Citation Count": 205.22222222222226, "Publication Count": 0.9444444444444445}, "university of texas at austin": {"Citation Count": 27.555555555555554, "Publication Count": 0.1111111111111111}, "northeastern university": {"Citation Count": 36.55555555555555, "Publication Count": 1.111111111111111}, "kaist": {"Citation Count": 23.885714285714286, "Publication Count": 2.971428571428571}, "singapore management university": {"Citation Count": 1.4285714285714284, "Publication Count": 0.14285714285714285}, "ibm": {"Citation Count": 6.095238095238095, "Publication Count": 0.8095238095238095}, "north carolina state university": {"Citation Count": 1.3333333333333333, "Publication Count": 0.3333333333333333}, "college of william mary": {"Citation Count": 2.6666666666666665, "Publication Count": 0.6666666666666666}, "wayne state university": {"Citation Count": 39.75, "Publication Count": 1.75}, "intel": {"Citation Count": 18.25, "Publication Count": 1.5833333333333333}, "yonsei university": {"Citation Count": 34.0, "Publication Count": 3.0}, "university of neuch\u00e2tel": {"Citation Count": 2.0, "Publication Count": 0.3333333333333333}, "technicolor": {"Citation Count": 4.0, "Publication Count": 0.6666666666666666}, "university of oulu": {"Citation Count": 40.39999999999999, "Publication Count": 2.8}, "aalborg university": {"Citation Count": 17.0, "Publication Count": 1.0}, "university of washington": {"Citation Count": 57.9047619047619, "Publication Count": 4.7904761904761894}, "osaka university": {"Citation Count": 11.333333333333334, "Publication Count": 2.166666666666667}, "university of hasselt": {"Citation Count": 22.333333333333332, "Publication Count": 0.3333333333333333}, "university of zurich": {"Citation Count": 44.666666666666664, "Publication Count": 0.6666666666666666}, "open university": {"Citation Count": 37.6, "Publication Count": 1.4666666666666668}, "university of lincoln": {"Citation Count": 3.0, "Publication Count": 0.16666666666666666}, "microsoft": {"Citation Count": 101.5047619047619, "Publication Count": 4.407142857142857}, "carnegie mellon university": {"Citation Count": 33.333333333333336, "Publication Count": 3.466666666666667}, "german research centre for artificial intelligence": {"Citation Count": 38.6, "Publication Count": 1.4000000000000001}, "kaiserslautern university of technology": {"Citation Count": 15.400000000000002, "Publication Count": 0.6000000000000001}, "technische universitat munchen": {"Citation Count": 47.0, "Publication Count": 1.0}, "portland state university": {"Citation Count": 5.571428571428571, "Publication Count": 0.42857142857142855}, "oregon health science university": {"Citation Count": 5.571428571428571, "Publication Count": 0.42857142857142855}, "university of madeira": {"Citation Count": 3.0, "Publication Count": 0.2}, "fx palo alto laboratory": {"Citation Count": 19.0, "Publication Count": 1.0}, "telefonica": {"Citation Count": 50.80952380952381, "Publication Count": 2.176190476190476}, "university of california irvine": {"Citation Count": 30.5, "Publication Count": 1.2}, "university of tokyo": {"Citation Count": 56.916666666666664, "Publication Count": 2.4166666666666665}, "university of regensburg": {"Citation Count": 3.375, "Publication Count": 0.125}, "technische universitat darmstadt": {"Citation Count": 6.75, "Publication Count": 0.25}, "nanjing university": {"Citation Count": 25.6, "Publication Count": 0.8}, "rmit university": {"Citation Count": 6.4, "Publication Count": 0.2}, "huazhong university of science and technology": {"Citation Count": 1.6, "Publication Count": 0.2}, "samsung": {"Citation Count": 67.85714285714285, "Publication Count": 1.3761904761904762}, "keio university": {"Citation Count": 6.999999999999998, "Publication Count": 0.9999999999999998}, "massachusetts institute of technology": {"Citation Count": 12.8, "Publication Count": 0.4}, "georgia institute of technology": {"Citation Count": 19.200000000000003, "Publication Count": 0.6000000000000001}, "future university hakodate": {"Citation Count": 4.2, "Publication Count": 0.2}, "national taiwan university": {"Citation Count": 11.4, "Publication Count": 1.4}, "ochanomizu university": {"Citation Count": 8.4, "Publication Count": 0.4}, "southern methodist university": {"Citation Count": 3.4285714285714284, "Publication Count": 0.14285714285714285}, "daegu gyeongbuk institute of science and technology": {"Citation Count": 1.6666666666666665, "Publication Count": 0.8333333333333333}, "electronics and telecommunications research institute": {"Citation Count": 0.3333333333333333, "Publication Count": 0.16666666666666666}, "rutgers university": {"Citation Count": 31.999999999999996, "Publication Count": 1.1666666666666665}, "university of twente": {"Citation Count": 12.0, "Publication Count": 1.0}, "leiden university": {"Citation Count": 3.0, "Publication Count": 1.0}, "northwestern polytechnical university": {"Citation Count": 39.166666666666664, "Publication Count": 0.8333333333333333}, "northwestern university": {"Citation Count": 4.0, "Publication Count": 1.0}, "university of nottingham": {"Citation Count": 11.200000000000001, "Publication Count": 0.8}, "university of southampton": {"Citation Count": 3.2, "Publication Count": 0.4}, "fudan university": {"Citation Count": 3.142857142857143, "Publication Count": 0.2857142857142857}, "harbin institute of technology": {"Citation Count": 1.5714285714285714, "Publication Count": 0.14285714285714285}, "ecole polytechnique federale de lausanne": {"Citation Count": 10.0, "Publication Count": 1.25}, "university of lausanne": {"Citation Count": 2.5, "Publication Count": 0.5}, "university of ulm": {"Citation Count": 10.999999999999998, "Publication Count": 0.9999999999999999}, "lancaster university": {"Citation Count": 23.800000000000004, "Publication Count": 1.4000000000000001}, "university of stuttgart": {"Citation Count": 22.000000000000004, "Publication Count": 0.8}, "university of wisconsin madison": {"Citation Count": 30.0, "Publication Count": 0.75}, "purdue university": {"Citation Count": 11.0, "Publication Count": 1.0}, "max planck society": {"Citation Count": 11.600000000000001, "Publication Count": 0.4}, "naval surface warfare center": {"Citation Count": 12.333333333333332, "Publication Count": 0.16666666666666666}, "indiana university bloomington": {"Citation Count": 49.33333333333333, "Publication Count": 0.6666666666666666}, "university of trento": {"Citation Count": 9.666666666666666, "Publication Count": 0.3333333333333333}, "fondazione bruno kessler": {"Citation Count": 4.833333333333333, "Publication Count": 0.16666666666666666}, "telecom italia": {"Citation Count": 4.833333333333333, "Publication Count": 0.16666666666666666}, "university of california santa barbara": {"Citation Count": 2.25, "Publication Count": 0.25}, "peking university": {"Citation Count": 2.25, "Publication Count": 0.25}, "university of south carolina": {"Citation Count": 14.5, "Publication Count": 0.5}, "alexandria university": {"Citation Count": 14.5, "Publication Count": 0.5}, "tsinghua university": {"Citation Count": 33.5, "Publication Count": 1.1666666666666665}, "hong kong university of science and technology": {"Citation Count": 26.5, "Publication Count": 1.8333333333333333}, "university of virginia": {"Citation Count": 7.0, "Publication Count": 0.3333333333333333}, "cornell university": {"Citation Count": 30.0, "Publication Count": 1.0}, "kyoto university": {"Citation Count": 14.333333333333332, "Publication Count": 0.3333333333333333}, "institut mines telecom": {"Citation Count": 56.142857142857146, "Publication Count": 1.1785714285714286}, "university of massachusetts lowell": {"Citation Count": 18.0, "Publication Count": 0.25}, "shanghai jiao tong university": {"Citation Count": 27.333333333333332, "Publication Count": 0.3333333333333333}, "new jersey institute of technology": {"Citation Count": 13.666666666666666, "Publication Count": 0.16666666666666666},