{"autodesk": {"Citation Count": 89.93333333333334, "Publication Count": 3.0166666666666666}, "university of california berkeley": {"Citation Count": 88.4, "Publication Count": 6.4}, "university of tokyo": {"Citation Count": 64.58333333333333, "Publication Count": 2.583333333333333}, "university of toronto": {"Citation Count": 33.86666666666667, "Publication Count": 2.2666666666666666}, "yale university": {"Citation Count": 7.5, "Publication Count": 0.75}, "kaist": {"Citation Count": 9.3, "Publication Count": 1.45}, "princeton university": {"Citation Count": 7.0, "Publication Count": 1.0}, "carnegie mellon university": {"Citation Count": 222.17777777777778, "Publication Count": 6.294444444444443}, "university of california irvine": {"Citation Count": 33.0, "Publication Count": 0.75}, "university of oulu": {"Citation Count": 27.200000000000003, "Publication Count": 0.8}, "stanford university": {"Citation Count": 88.72222222222224, "Publication Count": 2.2222222222222223}, "university of rochester": {"Citation Count": 23.11111111111111, "Publication Count": 0.4444444444444444}, "massachusetts institute of technology": {"Citation Count": 182.31666666666666, "Publication Count": 4.558333333333334}, "hewlett packard": {"Citation Count": 0.0, "Publication Count": 0.6666666666666666}, "university of washington": {"Citation Count": 56.83333333333333, "Publication Count": 3.4999999999999996}, "harvard university": {"Citation Count": 9.633333333333333, "Publication Count": 0.3666666666666667}, "microsoft": {"Citation Count": 215.82207792207794, "Publication Count": 4.9831168831168835}, "joanneum research": {"Citation Count": 11.181818181818182, "Publication Count": 0.2727272727272727}, "university of ulm": {"Citation Count": 10.861111111111112, "Publication Count": 0.9027777777777779}, "university of copenhagen": {"Citation Count": 1.4444444444444444, "Publication Count": 0.1111111111111111}, "nagoya institute of technology": {"Citation Count": 12.0, "Publication Count": 1.0}, "adobe systems": {"Citation Count": 32.166666666666664, "Publication Count": 1.6666666666666665}, "university of michigan": {"Citation Count": 5.666666666666666, "Publication Count": 0.3333333333333333}, "university of maryland college park": {"Citation Count": 24.0, "Publication Count": 1.0}, "google": {"Citation Count": 12.0, "Publication Count": 1.5}, "city university of hong kong": {"Citation Count": 2.25, "Publication Count": 0.25}, "hong kong university of science and technology": {"Citation Count": 4.5, "Publication Count": 0.5}, "hasso plattner institute": {"Citation Count": 49.99999999999999, "Publication Count": 0.7142857142857142}, "cornell university": {"Citation Count": 41.233333333333334, "Publication Count": 1.0523809523809524}, "max planck society": {"Citation Count": 66.0, "Publication Count": 1.5}, "french institute for research in computer science and automation": {"Citation Count": 16.200000000000003, "Publication Count": 0.8500000000000001}, "university of lorraine": {"Citation Count": 3.4000000000000004, "Publication Count": 0.2}, "michigan state university": {"Citation Count": 13.0, "Publication Count": 1.0}, "eth zurich": {"Citation Count": 45.114285714285714, "Publication Count": 0.6714285714285714}, "columbia university": {"Citation Count": 10.0, "Publication Count": 1.0}, "university of bristol": {"Citation Count": 12.0, "Publication Count": 0.75}, "lancaster university": {"Citation Count": 31.75, "Publication Count": 1.375}, "nokia": {"Citation Count": 2.25, "Publication Count": 0.375}, "simon fraser university": {"Citation Count": 0.75, "Publication Count": 0.125}, "yahoo": {"Citation Count": 0.75, "Publication Count": 0.125}, "national taiwan university": {"Citation Count": 13.600000000000001, "Publication Count": 0.8}, "academia sinica": {"Citation Count": 3.4000000000000004, "Publication Count": 0.2}, "ntt docomo": {"Citation Count": 3.0, "Publication Count": 1.0}, "istituto di scienza e tecnologie dell informazione": {"Citation Count": 14.25, "Publication Count": 0.75}, "university of waterloo": {"Citation Count": 24.0, "Publication Count": 2.0}, "university of california santa barbara": {"Citation Count": 58.0, "Publication Count": 1.0}, "georgia institute of technology": {"Citation Count": 37.6, "Publication Count": 2.1}, "meiji university": {"Citation Count": 6.0, "Publication Count": 1.0}, "tufts university": {"Citation Count": 8.999999999999998, "Publication Count": 0.9999999999999998}, "university of manitoba": {"Citation Count": 3.4000000000000004, "Publication Count": 0.1}, "aalto university": {"Citation Count": 6.0, "Publication Count": 0.5}, "university of southern california": {"Citation Count": 11.600000000000001, "Publication Count": 0.1}, "university of illinois at urbana champaign": {"Citation Count": 23.200000000000003, "Publication Count": 0.2}, "university of north carolina at chapel hill": {"Citation Count": 11.600000000000001, "Publication Count": 0.1}, "telekom innovation laboratories": {"Citation Count": 2.125, "Publication Count": 0.125}, "keio university": {"Citation Count": 6.375, "Publication Count": 0.375}, "technical university of berlin": {"Citation Count": 2.125, "Publication Count": 0.125}, "it university of copenhagen": {"Citation Count": 9.0, "Publication Count": 1.0}}