{"harvard university": {"Citation Count": 165.0, "Publication Count": 1.0}, "carnegie mellon university": {"Citation Count": 721.8333333333333, "Publication Count": 7.166666666666666}, "massachusetts institute of technology": {"Citation Count": 442.5833333333333, "Publication Count": 6.727777777777778}, "university of rochester": {"Citation Count": 92.0, "Publication Count": 0.8}, "adobe systems": {"Citation Count": 196.08333333333331, "Publication Count": 1.630952380952381}, "stanford university": {"Citation Count": 238.58333333333331, "Publication Count": 5.416666666666667}, "university of california berkeley": {"Citation Count": 47.61666666666666, "Publication Count": 1.7833333333333332}, "university of california irvine": {"Citation Count": 6.666666666666666, "Publication Count": 0.6666666666666666}, "it university of copenhagen": {"Citation Count": 3.333333333333333, "Publication Count": 0.3333333333333333}, "keio university": {"Citation Count": 39.583333333333336, "Publication Count": 2.4166666666666665}, "willow garage": {"Citation Count": 46.400000000000006, "Publication Count": 0.8}, "microsoft": {"Citation Count": 1129.2121212121215, "Publication Count": 2.8701298701298703}, "university of washington": {"Citation Count": 59.33333333333333, "Publication Count": 1.1428571428571428}, "university of maryland college park": {"Citation Count": 33.66666666666667, "Publication Count": 1.2222222222222223}, "autodesk": {"Citation Count": 136.5, "Publication Count": 4.3}, "university of minnesota": {"Citation Count": 5.0, "Publication Count": 0.2}, "university of waterloo": {"Citation Count": 27.0, "Publication Count": 1.0}, "rwth aachen university": {"Citation Count": 90.8, "Publication Count": 1.8}, "french institute for research in computer science and automation": {"Citation Count": 93.41666666666667, "Publication Count": 2.583333333333333}, "nokia": {"Citation Count": 10.0, "Publication Count": 0.6666666666666666}, "georgia institute of technology": {"Citation Count": 5.0, "Publication Count": 0.3333333333333333}, "university of maryland baltimore county": {"Citation Count": 11.333333333333332, "Publication Count": 0.16666666666666666}, "university of toronto": {"Citation Count": 221.2348484848485, "Publication Count": 2.840909090909091}, "hasso plattner institute": {"Citation Count": 109.5, "Publication Count": 1.5}, "lancaster university": {"Citation Count": 14.333333333333332, "Publication Count": 0.3333333333333333}, "university of duisburg essen": {"Citation Count": 14.333333333333332, "Publication Count": 0.3333333333333333}, "ludwig maximilian university of munich": {"Citation Count": 39.83333333333333, "Publication Count": 0.8333333333333333}, "ntt docomo": {"Citation Count": 4.0, "Publication Count": 1.0}, "university of calgary": {"Citation Count": 102.0, "Publication Count": 0.75}, "smart technologies": {"Citation Count": 34.0, "Publication Count": 0.25}, "university of alberta": {"Citation Count": 19.75, "Publication Count": 0.25}, "national taiwan university": {"Citation Count": 67.99999999999999, "Publication Count": 1.9999999999999996}, "university of saskatchewan": {"Citation Count": 98.4, "Publication Count": 0.8}, "university of ontario institute of technology": {"Citation Count": 24.6, "Publication Count": 0.2}, "disney research": {"Citation Count": 35.5, "Publication Count": 0.5}, "university of manitoba": {"Citation Count": 6.0, "Publication Count": 0.14285714285714285}, "university of bristol": {"Citation Count": 18.0, "Publication Count": 0.42857142857142855}, "german research centre for artificial intelligence": {"Citation Count": 18.0, "Publication Count": 0.42857142857142855}, "york university": {"Citation Count": 18.666666666666664, "Publication Count": 0.6666666666666666}, "nippon telegraph and telephone": {"Citation Count": 8.0, "Publication Count": 1.0}, "university of tokyo": {"Citation Count": 11.75, "Publication Count": 0.25}, "imperial college london": {"Citation Count": 199.63636363636365, "Publication Count": 0.18181818181818182}, "samsung": {"Citation Count": 3.0, "Publication Count": 0.5}, "kaist": {"Citation Count": 47.0, "Publication Count": 1.5}, "university of lille": {"Citation Count": 22.0, "Publication Count": 0.5}}