{"queen mary university of london": {"Citation Count": 24.0, "Publication Count": 1.0}, "hong kong university of science and technology": {"Citation Count": 30.666666666666664, "Publication Count": 1.9999999999999998}, "max planck society": {"Citation Count": 83.4, "Publication Count": 1.6}, "national technical university of athens": {"Citation Count": 25.333333333333332, "Publication Count": 1.3333333333333333}, "national and kapodistrian university of athens": {"Citation Count": 46.33333333333333, "Publication Count": 2.0}, "ibm": {"Citation Count": 16.5, "Publication Count": 1.1666666666666665}, "dresden university of technology": {"Citation Count": 14.0, "Publication Count": 0.6666666666666666}, "university of michigan": {"Citation Count": 157.25, "Publication Count": 2.25}, "university of illinois at urbana champaign": {"Citation Count": 4.5, "Publication Count": 0.75}, "google": {"Citation Count": 110.41666666666666, "Publication Count": 0.9833333333333334}, "stanford university": {"Citation Count": 99.00000000000001, "Publication Count": 0.6000000000000001}, "university of california berkeley": {"Citation Count": 55.33333333333333, "Publication Count": 0.6666666666666666}, "yahoo": {"Citation Count": 35.266666666666666, "Publication Count": 0.7333333333333334}, "microsoft": {"Citation Count": 109.5, "Publication Count": 1.95}, "university of pennsylvania": {"Citation Count": 44.83333333333333, "Publication Count": 1.5833333333333333}, "university of hong kong": {"Citation Count": 67.33333333333333, "Publication Count": 0.6666666666666666}, "the chinese university of hong kong": {"Citation Count": 49.666666666666664, "Publication Count": 3.0}, "university of texas at dallas": {"Citation Count": 72.33333333333333, "Publication Count": 1.3333333333333333}, "university of toronto": {"Citation Count": 6.0, "Publication Count": 0.5}, "saint mary s university": {"Citation Count": 6.0, "Publication Count": 0.5}, "athens university of economics and business": {"Citation Count": 3.6666666666666665, "Publication Count": 0.3333333333333333}, "university of maryland college park": {"Citation Count": 3.6666666666666665, "Publication Count": 0.3333333333333333}, "university of calgary": {"Citation Count": 4.0, "Publication Count": 0.3333333333333333}, "purdue university": {"Citation Count": 347.66666666666663, "Publication Count": 3.1666666666666665}, "university of wisconsin madison": {"Citation Count": 9.333333333333332, "Publication Count": 0.3333333333333333}, "nanyang technological university": {"Citation Count": 6.0, "Publication Count": 0.6666666666666666}, "national sun yat sen university": {"Citation Count": 3.0, "Publication Count": 0.3333333333333333}, "virginia tech": {"Citation Count": 198.75, "Publication Count": 0.75}, "national university of singapore": {"Citation Count": 65.66666666666667, "Publication Count": 2.0}, "eth zurich": {"Citation Count": 26.0, "Publication Count": 0.6666666666666666}, "university of waterloo": {"Citation Count": 13.0, "Publication Count": 0.3333333333333333}, "national cheng kung university": {"Citation Count": 0.0, "Publication Count": 0.25}, "national taiwan university": {"Citation Count": 54.33333333333333, "Publication Count": 2.833333333333333}, "istituto di scienza e tecnologie dell informazione": {"Citation Count": 49.0, "Publication Count": 0.5}, "university of pisa": {"Citation Count": 49.0, "Publication Count": 0.5}, "university of southern california": {"Citation Count": 106.0, "Publication Count": 1.0}, "technion israel institute of technology": {"Citation Count": 54.0, "Publication Count": 0.6666666666666666}, "university of haifa": {"Citation Count": 27.0, "Publication Count": 0.3333333333333333}, "kaiserslautern university of technology": {"Citation Count": 22.0, "Publication Count": 1.0}, "university of southern maine": {"Citation Count": 6.0, "Publication Count": 1.0}, "singapore management university": {"Citation Count": 8.0, "Publication Count": 0.3333333333333333}, "university of minnesota": {"Citation Count": 40.0, "Publication Count": 0.5}, "university of florida": {"Citation Count": 24.25, "Publication Count": 1.75}, "french institute for research in computer science and automation": {"Citation Count": 39.666666666666664, "Publication Count": 0.3333333333333333}, "tel aviv university": {"Citation Count": 39.666666666666664, "Publication Count": 0.3333333333333333}, "university of calabria": {"Citation Count": 6.4, "Publication Count": 0.4}, "university of helsinki": {"Citation Count": 43.666666666666664, "Publication Count": 0.3333333333333333}, "seoul national university": {"Citation Count": 6.666666666666666, "Publication Count": 0.6666666666666666}, "university of queensland": {"Citation Count": 10.666666666666666, "Publication Count": 0.6666666666666666}, "university of new south wales": {"Citation Count": 2.6666666666666665, "Publication Count": 0.16666666666666666}, "national chiao tung university": {"Citation Count": 18.666666666666664, "Publication Count": 0.6666666666666666}, "university of oklahoma": {"Citation Count": 122.0, "Publication Count": 1.0}, "university at buffalo": {"Citation Count": 0.5, "Publication Count": 0.5}, "center for information technology": {"Citation Count": 29.5, "Publication Count": 0.5}, "university of buenos aires": {"Citation Count": 29.5, "Publication Count": 0.5}, "university of california irvine": {"Citation Count": 8.0, "Publication Count": 1.0}, "university of ottawa": {"Citation Count": 18.0, "Publication Count": 1.0}, "ecole polytechnique federale de lausanne": {"Citation Count": 17.583333333333332, "Publication Count": 1.0833333333333333}, "national university of ireland galway": {"Citation Count": 3.75, "Publication Count": 0.25}, "university of illinois at chicago": {"Citation Count": 11.0, "Publication Count": 1.0}, "arizona state university": {"Citation Count": 5.25, "Publication Count": 0.75}, "ncr corporation": {"Citation Count": 9.0, "Publication Count": 0.3333333333333333}, "university of california los angeles": {"Citation Count": 9.0, "Publication Count": 0.3333333333333333}, "princeton university": {"Citation Count": 9.0, "Publication Count": 0.3333333333333333}, "kaist": {"Citation Count": 8.0, "Publication Count": 1.0}}