{"university of michigan": {"Citation Count": 25.428571428571427, "Publication Count": 1.3190476190476188}, "northwestern university": {"Citation Count": 7.0, "Publication Count": 0.8333333333333333}, "cornell university": {"Citation Count": 88.88333333333333, "Publication Count": 5.75}, "university of cambridge": {"Citation Count": 19.3, "Publication Count": 1.9833333333333332}, "university of birmingham": {"Citation Count": 6.4, "Publication Count": 0.2}, "university college london": {"Citation Count": 31.0, "Publication Count": 1.8}, "queen mary university of london": {"Citation Count": 9.9, "Publication Count": 0.45}, "yahoo": {"Citation Count": 115.32380952380953, "Publication Count": 5.704761904761904}, "arizona state university": {"Citation Count": 6.666666666666666, "Publication Count": 0.3333333333333333}, "ibm": {"Citation Count": 8.333333333333332, "Publication Count": 0.6666666666666666}, "university of illinois at chicago": {"Citation Count": 51.761904761904766, "Publication Count": 3.3095238095238093}, "linkedin": {"Citation Count": 8.666666666666666, "Publication Count": 0.8333333333333333}, "tsinghua university": {"Citation Count": 25.010714285714286, "Publication Count": 2.0035714285714286}, "university of california los angeles": {"Citation Count": 9.1, "Publication Count": 0.7}, "bar ilan university": {"Citation Count": 3.25, "Publication Count": 0.75}, "microsoft": {"Citation Count": 116.84761904761905, "Publication Count": 11.259523809523808}, "eth zurich": {"Citation Count": 34.25, "Publication Count": 1.75}, "university of california santa cruz": {"Citation Count": 5.7142857142857135, "Publication Count": 0.5714285714285714}, "carnegie mellon university": {"Citation Count": 29.809523809523807, "Publication Count": 4.0476190476190474}, "university of pennsylvania": {"Citation Count": 1.0, "Publication Count": 0.5}, "georgia institute of technology": {"Citation Count": 4.999999999999999, "Publication Count": 1.25}, "pennsylvania state university": {"Citation Count": 5.261904761904761, "Publication Count": 0.5595238095238095}, "google": {"Citation Count": 77.95, "Publication Count": 6.158333333333333}, "university of central florida": {"Citation Count": 2.4285714285714284, "Publication Count": 0.14285714285714285}, "university of washington": {"Citation Count": 2.4285714285714284, "Publication Count": 0.14285714285714285}, "university of virginia": {"Citation Count": 12.0, "Publication Count": 1.0}, "university of edinburgh": {"Citation Count": 0.8, "Publication Count": 0.2}, "columbia university": {"Citation Count": 47.650000000000006, "Publication Count": 2.85}, "harvard university": {"Citation Count": 6.5, "Publication Count": 0.75}, "facebook": {"Citation Count": 25.1, "Publication Count": 2.05}, "university of oxford": {"Citation Count": 8.0, "Publication Count": 1.0}, "university of mannheim": {"Citation Count": 20.0, "Publication Count": 1.0}, "pontifical catholic university of chile": {"Citation Count": 12.8, "Publication Count": 0.8}, "academia sinica": {"Citation Count": 4.4523809523809526, "Publication Count": 0.5952380952380952}, "national taiwan university": {"Citation Count": 1.4285714285714284, "Publication Count": 0.14285714285714285}, "tamkang university": {"Citation Count": 1.4285714285714284, "Publication Count": 0.14285714285714285}, "peking university": {"Citation Count": 28.642857142857142, "Publication Count": 0.9285714285714286}, "tencent": {"Citation Count": 9.75, "Publication Count": 0.375}, "hong kong university of science and technology": {"Citation Count": 3.25, "Publication Count": 0.125}, "university of california santa barbara": {"Citation Count": 13.666666666666668, "Publication Count": 1.3333333333333333}, "university of maryland college park": {"Citation Count": 22.0, "Publication Count": 0.8333333333333333}, "new york university": {"Citation Count": 7.333333333333333, "Publication Count": 0.5}, "institut eurecom": {"Citation Count": 4.0, "Publication Count": 0.6666666666666666}, "renmin university of china": {"Citation Count": 8.0, "Publication Count": 1.0}, "charles iii university of madrid": {"Citation Count": 8.071428571428571, "Publication Count": 0.8214285714285714}, "polytechnic university of turin": {"Citation Count": 1.1428571428571428, "Publication Count": 0.14285714285714285}, "university of houston": {"Citation Count": 11.0, "Publication Count": 1.0}, "northeastern university": {"Citation Count": 27.5, "Publication Count": 2.0}, "telecom italia": {"Citation Count": 5.666666666666666, "Publication Count": 0.16666666666666666}, "fondazione bruno kessler": {"Citation Count": 11.333333333333332, "Publication Count": 0.3333333333333333}, "bell labs": {"Citation Count": 15.666666666666668, "Publication Count": 1.1333333333333333}, "university of trento": {"Citation Count": 5.666666666666666, "Publication Count": 0.16666666666666666}, "university of paris": {"Citation Count": 5.666666666666666, "Publication Count": 0.16666666666666666}, "cisco systems inc": {"Citation Count": 3.5, "Publication Count": 0.25}, "university of southern california": {"Citation Count": 7.0, "Publication Count": 1.0}, "sapienza university of rome": {"Citation Count": 2.0, "Publication Count": 0.2}, "indian institute of technology gandhinagar": {"Citation Count": 2.0, "Publication Count": 0.2}, "university of texas at austin": {"Citation Count": 13.4, "Publication Count": 1.2}, "eindhoven university of technology": {"Citation Count": 3.333333333333333, "Publication Count": 0.16666666666666666}, "university of california san diego": {"Citation Count": 132.0, "Publication Count": 2.0}, "stanford university": {"Citation Count": 74.83333333333334, "Publication Count": 4.0}, "university of amsterdam": {"Citation Count": 36.5, "Publication Count": 2.1666666666666665}, "yandex": {"Citation Count": 15.5, "Publication Count": 0.8333333333333333}, "east china normal university": {"Citation Count": 0.8333333333333333, "Publication Count": 0.16666666666666666}, "university of pisa": {"Citation Count": 4.4, "Publication Count": 0.4}, "ludwig maximilian university of munich": {"Citation Count": 4.4, "Publication Count": 0.4}, "university of illinois at urbana champaign": {"Citation Count": 11.726190476190474, "Publication Count": 2.3452380952380953}, "wright state university": {"Citation Count": 9.0, "Publication Count": 1.0}, "kyoto university": {"Citation Count": 3.0, "Publication Count": 1.0}, "university of koblenz and landau": {"Citation Count": 0.5, "Publication Count": 0.5}, "universidade federal de minas gerais": {"Citation Count": 7.0, "Publication Count": 0.5}, "university of queensland": {"Citation Count": 2.1666666666666665, "Publication Count": 0.16666666666666666}, "university of electronic science and technology of china": {"Citation Count": 2.1666666666666665, "Publication Count": 0.16666666666666666}, "kumamoto university": {"Citation Count": 7.333333333333333, "Publication Count": 0.6666666666666666}, "university of melbourne": {"Citation Count": 6.4, "Publication Count": 1.4}, "university of southampton": {"Citation Count": 0.6666666666666666, "Publication Count": 0.3333333333333333}, "university of sao paulo": {"Citation Count": 3.5, "Publication Count": 0.5}, "university of rennes": {"Citation Count": 10.0, "Publication Count": 1.0}, "university of sheffield": {"Citation Count": 2.0, "Publication Count": 0.3333333333333333}, "university of fribourg": {"Citation Count": 4.0, "Publication Count": 0.6666666666666666}, "ohio state university": {"Citation Count": 1.2000000000000002, "Publication Count": 0.4}, "rutgers university": {"Citation Count": 3.5, "Publication Count": 0.25}, "university of wisconsin madison": {"Citation Count": 7.0, "Publication Count": 0.5}, "north carolina state university": {"Citation Count": 6.0, "Publication Count": 0.5}, "lancaster university": {"Citation Count": 6.0, "Publication Count": 0.5}, "max planck society": {"Citation Count": 17.0, "Publication Count": 1.75},