{"university of southern california": {"Citation Count": 8.4, "Publication Count": 1.9}, "google": {"Citation Count": 45.766666666666666, "Publication Count": 9.220238095238095}, "duke university": {"Citation Count": 1.65, "Publication Count": 0.7}, "stanford university": {"Citation Count": 44.15714285714286, "Publication Count": 5.642857142857144}, "yahoo": {"Citation Count": 23.916666666666664, "Publication Count": 4.916666666666666}, "cornell university": {"Citation Count": 40.23333333333333, "Publication Count": 5.866666666666666}, "yandex": {"Citation Count": 6.0, "Publication Count": 2.0}, "tsinghua university": {"Citation Count": 16.0, "Publication Count": 2.1333333333333333}, "california institute of technology": {"Citation Count": 2.333333333333333, "Publication Count": 0.3333333333333333}, "hebrew university of jerusalem": {"Citation Count": 3.0, "Publication Count": 1.0}, "microsoft": {"Citation Count": 68.39166666666667, "Publication Count": 6.908333333333333}, "huawei": {"Citation Count": 1.5178571428571428, "Publication Count": 0.26785714285714285}, "arizona state university": {"Citation Count": 25.958333333333332, "Publication Count": 1.8749999999999998}, "university of washington": {"Citation Count": 4.375, "Publication Count": 1.125}, "michigan state university": {"Citation Count": 6.351190476190476, "Publication Count": 0.43452380952380953}, "university of cambridge": {"Citation Count": 17.19047619047619, "Publication Count": 1.8095238095238095}, "samsung": {"Citation Count": 2.833333333333333, "Publication Count": 0.16666666666666666}, "university of essex": {"Citation Count": 2.833333333333333, "Publication Count": 0.16666666666666666}, "shanghai jiao tong university": {"Citation Count": 0.0, "Publication Count": 0.5}, "columbia university": {"Citation Count": 30.166666666666664, "Publication Count": 0.6666666666666666}, "seoul national university": {"Citation Count": 2.0, "Publication Count": 1.0}, "peking university": {"Citation Count": 9.038095238095238, "Publication Count": 1.1952380952380954}, "purdue university": {"Citation Count": 9.98095238095238, "Publication Count": 1.7238095238095235}, "foundation for research technology hellas": {"Citation Count": 6.666666666666666, "Publication Count": 0.8333333333333333}, "university of crete": {"Citation Count": 1.3333333333333333, "Publication Count": 0.16666666666666666}, "beijing university of posts and telecommunications": {"Citation Count": 2.571428571428571, "Publication Count": 0.42857142857142855}, "carnegie mellon university": {"Citation Count": 27.54047619047619, "Publication Count": 3.526190476190476}, "national university of singapore": {"Citation Count": 95.0, "Publication Count": 0.75}, "shandong university": {"Citation Count": 32.96666666666666, "Publication Count": 0.5666666666666667}, "texas a m university": {"Citation Count": 30.166666666666664, "Publication Count": 0.16666666666666666}, "university of manchester": {"Citation Count": 1.4000000000000001, "Publication Count": 0.2}, "rutgers university": {"Citation Count": 8.8, "Publication Count": 2.4000000000000004}, "ohio state university": {"Citation Count": 3.6500000000000004, "Publication Count": 0.95}, "university of california los angeles": {"Citation Count": 5.833333333333333, "Publication Count": 0.30952380952380953}, "nec": {"Citation Count": 0.6666666666666666, "Publication Count": 0.3333333333333333}, "fudan university": {"Citation Count": 0.0, "Publication Count": 0.6666666666666666}, "universite paris saclay": {"Citation Count": 2.6666666666666665, "Publication Count": 0.6666666666666666}, "university of hong kong": {"Citation Count": 3.033333333333333, "Publication Count": 1.0333333333333332}, "university of turin": {"Citation Count": 0.3333333333333333, "Publication Count": 0.3333333333333333}, "tufts university": {"Citation Count": 2.0, "Publication Count": 1.0}, "universidade nova de lisboa": {"Citation Count": 1.6666666666666665, "Publication Count": 1.0}, "university of lisbon": {"Citation Count": 0.16666666666666666, "Publication Count": 0.16666666666666666}, "university of waterloo": {"Citation Count": 0.0, "Publication Count": 1.0}, "kaiserslautern university of technology": {"Citation Count": 0.6666666666666666, "Publication Count": 0.3333333333333333}, "georgetown university": {"Citation Count": 2.0, "Publication Count": 0.5}, "institute for scientific interchange": {"Citation Count": 9.0, "Publication Count": 1.75}, "northeastern university": {"Citation Count": 6.25, "Publication Count": 0.8690476190476191}, "university of greenwich": {"Citation Count": 1.5, "Publication Count": 0.16666666666666666}, "rice university": {"Citation Count": 0.0, "Publication Count": 1.0}, "university of illinois at urbana champaign": {"Citation Count": 76.4, "Publication Count": 3.8357142857142854}, "ibm": {"Citation Count": 14.685714285714287, "Publication Count": 0.9928571428571429}, "united states army research laboratory": {"Citation Count": 5.875, "Publication Count": 0.25}, "university of ioannina": {"Citation Count": 4.800000000000001, "Publication Count": 0.8}, "nanyang technological university": {"Citation Count": 3.333333333333333, "Publication Count": 0.6666666666666666}, "harbin institute of technology": {"Citation Count": 1.6666666666666665, "Publication Count": 0.3333333333333333}, "university of california santa cruz": {"Citation Count": 14.266666666666666, "Publication Count": 2.2666666666666666}, "twitter": {"Citation Count": 1.1666666666666665, "Publication Count": 0.8333333333333333}, "sapienza university of rome": {"Citation Count": 0.8571428571428571, "Publication Count": 0.14285714285714285}, "queen mary university of london": {"Citation Count": 4.285714285714285, "Publication Count": 0.7142857142857142}, "indiana university": {"Citation Count": 1.4000000000000001, "Publication Count": 0.2}, "university of michigan": {"Citation Count": 19.038095238095238, "Publication Count": 2.052380952380952}, "at t labs": {"Citation Count": 2.8000000000000003, "Publication Count": 0.4}, "university of california santa barbara": {"Citation Count": 7.3999999999999995, "Publication Count": 2.8}, "modul university vienna": {"Citation Count": 7.0, "Publication Count": 0.5}, "university of regensburg": {"Citation Count": 7.0, "Publication Count": 0.5}, "newcastle university": {"Citation Count": 1.8181818181818183, "Publication Count": 0.4545454545454546}, "post graduate institute of medical education and research": {"Citation Count": 0.7272727272727273, "Publication Count": 0.18181818181818182}, "indraprastha institute of information technology": {"Citation Count": 1.0909090909090908, "Publication Count": 0.2727272727272727}, "khalifa university": {"Citation Count": 3.0000000000000004, "Publication Count": 0.6000000000000001}, "massachusetts institute of technology": {"Citation Count": 22.125, "Publication Count": 1.9749999999999999}, "university of otago": {"Citation Count": 0.2, "Publication Count": 0.2}, "ebay": {"Citation Count": 0.4, "Publication Count": 0.4}, "georgia institute of technology": {"Citation Count": 3.5, "Publication Count": 0.5}, "east china normal university": {"Citation Count": 3.333333333333333, "Publication Count": 0.6666666666666666}, "beijing institute of technology": {"Citation Count": 9.0, "Publication Count": 1.0}, "university of warsaw": {"Citation Count": 0.0, "Publication Count": 1.0}, "facebook": {"Citation Count": 3.5, "Publication Count": 1.1666666666666665}, "virginia tech": {"Citation Count": 1.0, "Publication Count": 0.3333333333333333}, "university of california berkeley": {"Citation Count": 7.9, "Publication Count": 0.95}, "hong kong university of science and technology": {"Citation Count": 8.833333333333332, "Publication Count": 0.8333333333333333}, "university of fribourg": {"Citation Count": 1.6666666666666665, "Publication Count": 0.3333333333333333}, "shanghai university of finance and economics": {"Citation Count": 1.6666666666666665,