{"Tufts University": {"Citation Count": 18.545454545454547, "Publication Count": 0.5909090909090909}, "Jet Propulsion Laboratory": {"Citation Count": 5.0, "Publication Count": 0.25}, "Tufts Medical Center": {"Citation Count": 5.0, "Publication Count": 0.25}, "IBM": {"Citation Count": 8.545454545454545, "Publication Count": 0.09090909090909091}, "University of Tennessee at Knoxville": {"Citation Count": 17.09090909090909, "Publication Count": 0.18181818181818182}, "Humboldt University of Berlin": {"Citation Count": 8.545454545454545, "Publication Count": 0.09090909090909091}, "Quaternix Research, Inc.": {"Citation Count": 8.545454545454545, "Publication Count": 0.09090909090909091}, "Oldham Council": {"Citation Count": 8.545454545454545, "Publication Count": 0.09090909090909091}, "George Mason University": {"Citation Count": 8.545454545454545, "Publication Count": 0.09090909090909091}, "Southern Illinois University Carbondale": {"Citation Count": 8.545454545454545, "Publication Count": 0.09090909090909091}, "State University of New York": {"Citation Count": 4.2727272727272725, "Publication Count": 0.045454545454545456}, "University at Buffalo, State University of New York": {"Citation Count": 4.2727272727272725, "Publication Count": 0.045454545454545456}, "VivoMind Research, LLC": {"Citation Count": 8.545454545454545, "Publication Count": 0.09090909090909091}, "Worcester Polytechnic Institute": {"Citation Count": 0.0, "Publication Count": 0.2}, "Harvey Mudd College": {"Citation Count": 0.0, "Publication Count": 0.2}, "Georgia Institute of Technology": {"Citation Count": 0.6000000000000001, "Publication Count": 0.6000000000000001}, "Carnegie Mellon University": {"Citation Count": 12.838345864661653, "Publication Count": 0.9214627477785371}, "University of Alberta": {"Citation Count": 1.2000000000000002, "Publication Count": 0.4303030303030303}, "University of California, Santa Cruz": {"Citation Count": 0.6000000000000001, "Publication Count": 0.2}, "University of Denver": {"Citation Count": 0.6526315789473685, "Publication Count": 0.25263157894736843}, "The University of Texas at Austin": {"Citation Count": 0.0, "Publication Count": 0.030303030303030304}, "Infosys (India)": {"Citation Count": 0.10526315789473684, "Publication Count": 0.16586921850079744}, "United States Naval Research Laboratory": {"Citation Count": 0.0, "Publication Count": 0.14393939393939392}, "University of Maryland, College Park": {"Citation Count": 0.0, "Publication Count": 0.06060606060606061}, "Research Europe at EMC": {"Citation Count": 0.0, "Publication Count": 0.030303030303030304}, "*University of Georgia;": {"Citation Count": 0.0, "Publication Count": 0.030303030303030304}, "University of Edinburgh": {"Citation Count": 0.0, "Publication Count": 0.030303030303030304}, "University of Liverpool": {"Citation Count": 9.0, "Publication Count": 1.0303030303030303}, "University of North Carolina at Greensboro": {"Citation Count": 0.0, "Publication Count": 0.030303030303030304}, "University of Technology Sydney": {"Citation Count": 0.0, "Publication Count": 0.06060606060606061}, "VeriSign, Inc.": {"Citation Count": 0.0, "Publication Count": 0.030303030303030304}, "Computer Science": {"Citation Count": 0.0, "Publication Count": 0.030303030303030304}, "Massachusetts Institute of Technology": {"Citation Count": 3.2526315789473688, "Publication Count": 0.9662679425837322}, "Oklahoma City University": {"Citation Count": 0.0, "Publication Count": 0.030303030303030304}, "Michigan Technological University": {"Citation Count": 0.0, "Publication Count": 0.030303030303030304}, "University College Cork": {"Citation Count": 0.0, "Publication Count": 0.030303030303030304}, "Cognitive Systems Research Institute": {"Citation Count": 0.0, "Publication Count": 0.030303030303030304}, "McGill University": {"Citation Count": 6.0, "Publication Count": 0.5303030303030303}, "Stottler Henke Associates (United States)": {"Citation Count": 0.0, "Publication Count": 0.030303030303030304}, "University of Dundee": {"Citation Count": 0.0, "Publication Count": 0.030303030303030304}, "Istanbul Technical University": {"Citation Count": 0.0, "Publication Count": 0.030303030303030304}, "Electrical Engineering and Computer Science - Computer Science and Engineering": {"Citation Count": 0.0, "Publication Count": 0.030303030303030304}, "University of Wisconsin": {"Citation Count": 0.0, "Publication Count": 0.030303030303030304}, "University of Central Florida": {"Citation Count": 0.0, "Publication Count": 0.030303030303030304}, "University of Washington": {"Citation Count": 3.0526315789473686, "Publication Count": 0.5526315789473684}, "University of Eastern Piedmont Amadeo Avogadro": {"Citation Count": 3.0, "Publication Count": 0.5}, "King's College London": {"Citation Count": 23.428571428571427, "Publication Count": 0.6190476190476191}, "Carlos III University of Madrid": {"Citation Count": 35.19548872180451, "Publication Count": 0.48120300751879697}, "Data61": {"Citation Count": 5.857142857142857, "Publication Count": 0.07142857142857142}, "Australian National University": {"Citation Count": 5.909774436090225, "Publication Count": 0.3240601503759399}, "Palo Alto Research Center": {"Citation Count": 11.714285714285714, "Publication Count": 0.14285714285714285}, "Microsoft Research (United Kingdom)": {"Citation Count": 0.0, "Publication Count": 0.3333333333333333}, "RWTH Aachen University": {"Citation Count": 1.5, "Publication Count": 0.5}, "University of KwaZulu-Natal": {"Citation Count": 1.5, "Publication Count": 0.5}, "SRI International": {"Citation Count": 1.5, "Publication Count": 0.5}, "General Dynamics (United States)": {"Citation Count": 1.2857142857142856, "Publication Count": 0.42857142857142855}, "PARC": {"Citation Count": 0.5, "Publication Count": 0.5}, "Google (United States)": {"Citation Count": 0.9, "Publication Count": 0.6}, "The Ohio State University": {"Citation Count": 0.25, "Publication Count": 0.25}, "Clemson University": {"Citation Count": 0.25, "Publication Count": 0.25}, "Marathon Oil (United States)": {"Citation Count": 0.25, "Publication Count": 0.25}, "University of Pittsburgh": {"Citation Count": 0.25, "Publication Count": 0.25}, "BodyMedia, Inc.": {"Citation Count": 11.0, "Publication Count": 0.5}, "Cerebellum Capital, Inc.": {"Citation Count": 5.5, "Publication Count": 0.25}, "BodyMedia": {"Citation Count": 5.5, "Publication Count": 0.25}, "Ohio University": {"Citation Count": 21.6, "Publication Count": 0.8}, "University of California, Riverside": {"Citation Count": 5.4, "Publication Count": 0.2}, "PeriGen, Inc.": {"Citation Count": 6.0, "Publication Count": 0.5}, "Nokia (Netherlands)": {"Citation Count": 0.4, "Publication Count": 0.1}, "Erasmus University Rotterdam": {"Citation Count": 2.0, "Publication Count": 0.5}, "Aristotle University of Thessaloniki": {"Citation Count": 2.0, "Publication Count": 0.5}, "Kyoto University": {"Citation Count": 2.0, "Publication Count": 1.0}, "Southern California University for Professional Studies": {"Citation Count": 29.357142857142858, "Publication Count": 0.8392857142857143}, "University of Southern California": {"Citation Count": 29.357142857142858, "Publication Count": 0.8392857142857143}, "\u00d6rebro University": {"Citation Count": 31.0, "Publication Count": 0.5}, "Federal University of Rio Grande do Sul": {"Citation Count": 31.026315789473685, "Publication Count": 0.5263157894736842}, "Maastricht University": {"Citation Count": 131.0, "Publication Count": 1.0}, "Singapore Management University": {"Citation Count": 38.5, "Publication Count": 0.5}, "Kyushu University": {"Citation Count": 38.5, "Publication Count": 0.5}, "Bar-Ilan University": {"Citation Count": 0.8333333333333333, "Publication Count": 1.1666666666666667}, "Delft University of Technology": {"Citation Count": 13.0, "Publication Count": 1.0}, "The Open University": {"Citation Count": 0.0, "Publication Count": 0.08333333333333333}, "Rikengenesis": {"Citation Count": 0.0,