{"Association for the Advancement of Artificial Intelligence": {"Citation Count": 3.0, "Publication Count": 4.0}, "North Carolina State University": {"Citation Count": 70.66666666666666, "Publication Count": 0.3333333333333333}, "ETH Z\u00fcrich": {"Citation Count": 70.66666666666666, "Publication Count": 0.3333333333333333}, "Kiva Systems": {"Citation Count": 70.66666666666666, "Publication Count": 0.3333333333333333}, "General Vision, Inc.": {"Citation Count": 2.0, "Publication Count": 1.0}, "University College Dublin": {"Citation Count": 0.0, "Publication Count": 0.3333333333333333}, "ChangingWorlds": {"Citation Count": 0.0, "Publication Count": 0.6666666666666666}, " Fannie Mae": {"Citation Count": 1.0, "Publication Count": 1.0}, "City University of Hong Kong": {"Citation Count": 3.0, "Publication Count": 1.0}, "Rensselaer Polytechnic Institute": {"Citation Count": 0.42857142857142855, "Publication Count": 0.19285714285714284}, "National Center for Atmospheric Research": {"Citation Count": 2.142857142857143, "Publication Count": 0.7642857142857143}, "Associates Research": {"Citation Count": 0.42857142857142855, "Publication Count": 0.14285714285714285}, "University of Siena": {"Citation Count": 4.666666666666666, "Publication Count": 0.6666666666666666}, "QuestIT": {"Citation Count": 2.333333333333333, "Publication Count": 0.3333333333333333}, "University of Pittsburgh": {"Citation Count": 1.3333333333333333, "Publication Count": 0.3333333333333333}, "Marathon Oil (United States)": {"Citation Count": 1.3333333333333333, "Publication Count": 0.3333333333333333}, "American Academy of Allergy, Asthma and Immunology": {"Citation Count": 1.3333333333333333, "Publication Count": 0.3333333333333333}, "United States Air Force Research Laboratory": {"Citation Count": 0.0, "Publication Count": 0.058823529411764705}, "DEVCOM Army Research Laboratory": {"Citation Count": 0.0, "Publication Count": 0.058823529411764705}, "Towson University": {"Citation Count": 0.0, "Publication Count": 0.058823529411764705}, "University of Pennsylvania": {"Citation Count": 0.0, "Publication Count": 0.058823529411764705}, "University of Maryland, Baltimore County": {"Citation Count": 25.57142857142857, "Publication Count": 0.9033613445378151}, "University of Palermo": {"Citation Count": 0.0, "Publication Count": 0.058823529411764705}, "Ames Research Center": {"Citation Count": 0.0, "Publication Count": 0.11764705882352941}, "Intelligent Automation (United States)": {"Citation Count": 0.0, "Publication Count": 0.11764705882352941}, "Michigan State University": {"Citation Count": 0.0, "Publication Count": 0.058823529411764705}, "IULM University": {"Citation Count": 0.0, "Publication Count": 0.058823529411764705}, "University of Southern California": {"Citation Count": 17.0, "Publication Count": 2.1176470588235294}, "South University": {"Citation Count": 0.0, "Publication Count": 0.058823529411764705}, "Goddard Space Flight Center": {"Citation Count": 0.0, "Publication Count": 0.058823529411764705}, "Cycorp (United States)": {"Citation Count": 3.0, "Publication Count": 1.0}, "Lawrence Livermore National Laboratory": {"Citation Count": 171.0, "Publication Count": 1.0}, "Information Sciences Institute#TAB#": {"Citation Count": 0.3333333333333333, "Publication Count": 0.16666666666666666}, "Universit\u00e0 della Svizzera italiana": {"Citation Count": 0.3333333333333333, "Publication Count": 0.16666666666666666}, "Sorbonne University": {"Citation Count": 0.0, "Publication Count": 1.0}, "Franklin & Marshall College": {"Citation Count": 2.2857142857142856, "Publication Count": 0.14285714285714285}, "University of Maryland, College Park": {"Citation Count": 1685.857142857143, "Publication Count": 1.4285714285714286}, "Bowie State University": {"Citation Count": 2.2857142857142856, "Publication Count": 0.14285714285714285}, "University of Michigan\u2013Ann Arbor": {"Citation Count": 7.5, "Publication Count": 0.5}, "University of North Texas": {"Citation Count": 7.5, "Publication Count": 0.5}, "Massachusetts Institute of Technology": {"Citation Count": 36.0, "Publication Count": 1.0}, "JPMorgan Chase & Co (United States)": {"Citation Count": 6.666666666666666, "Publication Count": 0.3333333333333333}, "Southern California University for Professional Studies": {"Citation Count": 6.666666666666666, "Publication Count": 0.3333333333333333}, "\u00c9cole Polytechnique F\u00e9d\u00e9rale de Lausanne": {"Citation Count": 75.0, "Publication Count": 2.0}, "Yahoo (Spain)": {"Citation Count": 7.0, "Publication Count": 0.16666666666666666}, "Microsoft Research (United Kingdom)": {"Citation Count": 14.0, "Publication Count": 0.3333333333333333}, "Kodak (France)": {"Citation Count": 0.0, "Publication Count": 0.025}, "Carestream (United States)": {"Citation Count": 0.0, "Publication Count": 0.025}, "Arizona State University": {"Citation Count": 0.0, "Publication Count": 0.05}, "Geological Survey of Canada": {"Citation Count": 0.0, "Publication Count": 0.05}, "Imperial College London": {"Citation Count": 0.0, "Publication Count": 0.05}, "SRI International": {"Citation Count": 21.333333333333332, "Publication Count": 0.7166666666666667}, "University of Applied Sciences and Arts Northwestern Switzerland": {"Citation Count": 0.0, "Publication Count": 0.1}, "Northwestern University": {"Citation Count": 0.0, "Publication Count": 0.05}, "Hewlett-Packard (United States)": {"Citation Count": 0.0, "Publication Count": 0.05}, "Psychometrix Associates": {"Citation Count": 0.0, "Publication Count": 0.05}, "USC Information Sciences Institute": {"Citation Count": 0.0, "Publication Count": 0.05}, "Florida International University": {"Citation Count": 0.0, "Publication Count": 0.05}, "National Science Foundation": {"Citation Count": 0.0, "Publication Count": 0.05}, "Stanford University": {"Citation Count": 0.0, "Publication Count": 0.1}, "University of Aberdeen": {"Citation Count": 0.0, "Publication Count": 0.05}, "MIT - CSAIL": {"Citation Count": 0.0, "Publication Count": 0.05}, "Brigham Young University": {"Citation Count": 0.0, "Publication Count": 0.05}, "Adventium Labs (United States)": {"Citation Count": 0.0, "Publication Count": 0.3333333333333333}, "University of Strathclyde": {"Citation Count": 0.0, "Publication Count": 0.3333333333333333}, "Australian National University": {"Citation Count": 0.0, "Publication Count": 0.3333333333333333}, "University of Kentucky": {"Citation Count": 77.5, "Publication Count": 1.5}, "Ilog": {"Citation Count": 33.5, "Publication Count": 0.5}, "University of Toronto": {"Citation Count": 100.66666666666667, "Publication Count": 2.333333333333333}, "Universit\u00e9 Paris Dauphine-PSL": {"Citation Count": 43.5, "Publication Count": 0.75}, "University of Amsterdam": {"Citation Count": 14.5, "Publication Count": 0.25}, "University of Auckland": {"Citation Count": 20.0, "Publication Count": 1.0}, "University of Padua": {"Citation Count": 30.0, "Publication Count": 1.0}}