{"Linux Foundation, San Francisco, USA": {"Citation Count": 1.5, "Publication Count": 0.5}, "Princeton University": {"Citation Count": 1.5, "Publication Count": 0.5}, "Visa (United States)": {"Citation Count": 0.0, "Publication Count": 0.5}, "IBM Research - India": {"Citation Count": 0.0, "Publication Count": 0.5}, "Center for Research and Advanced Studies of the National Polytechnic Institute": {"Citation Count": 0.3333333333333333, "Publication Count": 0.3333333333333333}, "Technology Innovation Institute": {"Citation Count": 0.5, "Publication Count": 0.5}, "NTT Social Informatics Laboratories, Tokyo, Japan": {"Citation Count": 1.8333333333333333, "Publication Count": 1.5833333333333333}, "Institut de Biologie de l'\u00c9cole Normale Sup\u00e9rieure": {"Citation Count": 1.3333333333333333, "Publication Count": 0.6666666666666666}, "Institut Polytechnique de Paris": {"Citation Count": 0.3333333333333333, "Publication Count": 0.22916666666666666}, "T\u00e9l\u00e9com Paris": {"Citation Count": 0.3333333333333333, "Publication Count": 0.22916666666666666}, "NTT Research, Inc., Sunnyvale, USA": {"Citation Count": 0.0, "Publication Count": 0.3333333333333333}, "NTT Social Informatics Laboratories, Musashino-shi, Japan": {"Citation Count": 0.0, "Publication Count": 0.3333333333333333}, "Waseda University": {"Citation Count": 0.0, "Publication Count": 0.3333333333333333}, "MIT CSAIL, Cambridge, USA": {"Citation Count": 0.3333333333333333, "Publication Count": 0.3333333333333333}, "NTT Research, Sunnyvale, USA": {"Citation Count": 0.4444444444444444, "Publication Count": 0.6944444444444444}, "Northeastern University": {"Citation Count": 0.1111111111111111, "Publication Count": 0.1111111111111111}, "Boston University": {"Citation Count": 0.1111111111111111, "Publication Count": 0.1111111111111111}, "University of Bras\u00edlia": {"Citation Count": 0.6666666666666666, "Publication Count": 0.6666666666666666}, "Laborat\u00f3rio Nacional de Computa\u00e7\u00e3o Cient\u00edfica": {"Citation Count": 0.16666666666666666, "Publication Count": 0.16666666666666666}, "Nanyang Technological University": {"Citation Count": 0.4666666666666666, "Publication Count": 0.4666666666666666}, "Zhongguancun Laboratory, Beijing, China": {"Citation Count": 0.06666666666666667, "Publication Count": 0.06666666666666667}, "Tsinghua University": {"Citation Count": 0.06666666666666667, "Publication Count": 0.06666666666666667}, "Institute of Information Engineering": {"Citation Count": 0.4380952380952381, "Publication Count": 0.4380952380952381}, "Chinese Academy of Sciences": {"Citation Count": 0.4380952380952381, "Publication Count": 0.4380952380952381}, "Imec": {"Citation Count": 0.0, "Publication Count": 0.5}, "KU Leuven": {"Citation Count": 0.0, "Publication Count": 0.5}, "Jinan University": {"Citation Count": 1.2857142857142856, "Publication Count": 1.2857142857142856}, "University of Chinese Academy of Sciences": {"Citation Count": 0.23809523809523808, "Publication Count": 0.23809523809523808}, "Sorbonne Paris Cit\u00e9": {"Citation Count": 0.0, "Publication Count": 0.5}, "Universit\u00e9 Paris Cit\u00e9": {"Citation Count": 0.3333333333333333, "Publication Count": 0.6666666666666666}, "CNRS, FILOFOCS, Tel Aviv, Israel": {"Citation Count": 0.0, "Publication Count": 0.5}, "Barkhausen Institute": {"Citation Count": 0.0, "Publication Count": 0.5}, "University of California, Riverside": {"Citation Count": 0.0, "Publication Count": 0.25}, "Helmholtz Center for Information Security": {"Citation Count": 0.0, "Publication Count": 0.75}, "Duke University": {"Citation Count": 0.0, "Publication Count": 0.25}, "Aalto University": {"Citation Count": 0.6666666666666666, "Publication Count": 0.3333333333333333}, "Microsoft Research (United Kingdom)": {"Citation Count": 0.6666666666666666, "Publication Count": 0.3333333333333333}, "University of Edinburgh": {"Citation Count": 0.3333333333333333, "Publication Count": 0.16666666666666666}, "TU Wien": {"Citation Count": 0.25, "Publication Count": 0.75}, "University of California, Berkeley": {"Citation Count": 0.0, "Publication Count": 0.25}, "Berkeley College": {"Citation Count": 0.0, "Publication Count": 0.25}, "IMDEA Software": {"Citation Count": 0.9166666666666666, "Publication Count": 0.9166666666666666}, "IOG, Chennai, India": {"Citation Count": 0.25, "Publication Count": 0.25}, "ETH Zurich": {"Citation Count": 0.25, "Publication Count": 0.25}, "Geometry, arithmetic, algorithms, codes and encryption": {"Citation Count": 0.6666666666666666, "Publication Count": 0.3333333333333333}, "Computer Science Laboratory of the \u00c9cole Polytechnique": {"Citation Count": 0.6666666666666666, "Publication Count": 0.3333333333333333}, "Direction G\u00e9n\u00e9rale de l'Armement": {"Citation Count": 0.6666666666666666, "Publication Count": 0.4583333333333333}, "Ruhr University Bochum": {"Citation Count": 1.0, "Publication Count": 1.5}, "CryptoExperts (France)": {"Citation Count": 0.3333333333333333, "Publication Count": 0.3333333333333333}, "OUtils de R\u00e9solution Alg\u00e9briques pour la G\u00e9om\u00e9trie et ses ApplicatioNs": {"Citation Count": 0.08333333333333333, "Publication Count": 0.08333333333333333}, "Institut de Math\u00e9matiques de Jussieu": {"Citation Count": 0.08333333333333333, "Publication Count": 0.08333333333333333}, "Sorbonne Universite\u0301": {"Citation Count": 0.25, "Publication Count": 0.25}, "Computer Algorithms for Medicine": {"Citation Count": 0.25, "Publication Count": 0.25}, "University of St. Thomas - Minnesota": {"Citation Count": 0.0, "Publication Count": 1.0}, "French Institute for Research in Computer Science and Automation": {"Citation Count": 0.0, "Publication Count": 0.22916666666666666}, "\u00c9cole Normale Sup\u00e9rieure de Lyon": {"Citation Count": 0.0, "Publication Count": 1.3541666666666665}, "UCLouvain, ICTEAM/ELEN/Crypto Group, Louvain-la-Neuve, Belgium": {"Citation Count": 0.0, "Publication Count": 0.5}, "Luxembourg University, SnT, Luxembourg, Luxembourg": {"Citation Count": 0.0, "Publication Count": 0.25}, "Institut de Recherche en Informatique et Syst\u00e8mes Al\u00e9atoires": {"Citation Count": 0.0, "Publication Count": 0.875}, "Royal Holloway University of London": {"Citation Count": 0.0, "Publication Count": 0.5}, "IBM Research - Zurich": {"Citation Count": 0.0, "Publication Count": 0.5}, "University of Sheffield": {"Citation Count": 0.0, "Publication Count": 0.25}, "New York University": {"Citation Count": 0.0, "Publication Count": 0.25}, "Protocol Labs, San Francisco, USA": {"Citation Count": 0.2, "Publication Count": 0.6000000000000001}, "IT University of Copenhagen": {"Citation Count": 0.4, "Publication Count": 0.4}, "Aarhus University": {"Citation Count": 0.4, "Publication Count": 0.4}, "Shanghai Jiao Tong University": {"Citation Count": 0.0, "Publication Count": 0.75}, "State Key Laboratory of Cryptology": {"Citation Count": 0.0, "Publication Count": 0.375}, "Eindhoven University of Technology": {"Citation Count": 3.0, "Publication Count": 1.6666666666666665}, "Inria Lyon, Lyon, France": {"Citation Count": 0.0, "Publication Count": 0.25}, "Institut Universitaire de France": {"Citation Count": 0.0, "Publication Count": 0.125}, "Centrum Wiskunde & Informatica": {"Citation Count": 1.75, "Publication Count": 0.875}, "Leiden University": {"Citation Count": 0.25, "Publication Count": 0.125}, "Zhejiang University": {"Citation Count": 0.7083333333333333, "Publication Count": 0.5416666666666666}, "ZJU-Hangzhou Global Scientific and Technological Innovation Center, Hangzhou, China": {"Citation Count": 0.7083333333333333, "Publication Count": 0.5416666666666666}, "Virginia Commonwealth University": {"Citation Count": 0.9166666666666666, "Publication Count": 0.5833333333333333}, "University of Catania": {"Citation Count": 0.3333333333333333, "Publication Count": 0.3333333333333333}, "Pompeu Fabra University": {"Citation Count": 0.0, "Publication Count": 0.6},