{"T\u00e9l\u00e9com Paris": {"Citation Count": 14.0, "Publication Count": 1.0}, "NTT (Japan)": {"Citation Count": 5.800000000000001, "Publication Count": 0.2}, "University of Electro-Communications": {"Citation Count": 23.200000000000003, "Publication Count": 0.8}, "Nanyang Technological University": {"Citation Count": 70.5, "Publication Count": 0.75}, "KU Leuven": {"Citation Count": 46.92857142857143, "Publication Count": 0.39285714285714285}, "LACAL, EPFL": {"Citation Count": 5.0, "Publication Count": 1.0}, "Information Processing and System Research Lab": {"Citation Count": 6.666666666666665, "Publication Count": 0.6666666666666665}, "Institut Lavoisier de Versailles": {"Citation Count": 1.111111111111111, "Publication Count": 0.11111111111111109}, "Proteogenomics Research Institute for Systems Medicine": {"Citation Count": 1.111111111111111, "Publication Count": 0.11111111111111109}, "Prot\u00e9omique, R\u00e9ponse Inflammatoire et Spectrom\u00e9trie de Masse": {"Citation Count": 1.111111111111111, "Publication Count": 0.11111111111111109}, "Universit\u00e9 Catholique de Louvain": {"Citation Count": 46.857142857142854, "Publication Count": 0.2857142857142857}, "University of Bristol": {"Citation Count": 23.428571428571427, "Publication Count": 0.14285714285714285}, "Graz University of Technology": {"Citation Count": 23.428571428571427, "Publication Count": 0.14285714285714285}, "Ruhr University Bochum": {"Citation Count": 99.42857142857143, "Publication Count": 2.142857142857143}, "Infineon Technologies (Canada)": {"Citation Count": 23.428571428571427, "Publication Count": 0.14285714285714285}, "FHNW": {"Citation Count": 90.0, "Publication Count": 1.0}, "Institute of Software": {"Citation Count": 26.0, "Publication Count": 1.0}, "Weizmann Institute of Science": {"Citation Count": 101.0, "Publication Count": 1.0}, "Max Planck Institute for Software Systems": {"Citation Count": 67.66666666666666, "Publication Count": 0.3333333333333333}, "Certicom Research": {"Citation Count": 67.66666666666666, "Publication Count": 0.3333333333333333}, "University of Waterloo": {"Citation Count": 67.66666666666666, "Publication Count": 0.3333333333333333}, "Aarhus University": {"Citation Count": 63.0, "Publication Count": 1.25}, "University of California, Irvine": {"Citation Count": 105.33333333333333, "Publication Count": 0.6666666666666666}, "Mathematical Sciences Research Institute": {"Citation Count": 26.333333333333332, "Publication Count": 0.16666666666666666}, "Seoul National University": {"Citation Count": 26.333333333333332, "Publication Count": 0.16666666666666666}, "Ingenico (France)": {"Citation Count": 7.0, "Publication Count": 1.0}, "Harvard University ,": {"Citation Count": 1.5, "Publication Count": 0.25}, "Brown University": {"Citation Count": 1.5, "Publication Count": 0.25}, "Academia Sinica": {"Citation Count": 3.0, "Publication Count": 0.5}, "Dublin City University": {"Citation Count": 14.0, "Publication Count": 1.0}, "Technical University of Darmstadt": {"Citation Count": 89.33333333333333, "Publication Count": 1.1666666666666667}, "IBM Research - Zurich": {"Citation Count": 11.333333333333332, "Publication Count": 0.16666666666666666}, "University of California, San Diego": {"Citation Count": 22.666666666666664, "Publication Count": 0.3333333333333333}, "Portland State University": {"Citation Count": 11.333333333333332, "Publication Count": 0.16666666666666666}, "Laboratory for Cryptologic Algorithms (LACAL), EPFL, Lausanne, Switzerland": {"Citation Count": 11.333333333333332, "Publication Count": 0.16666666666666666}, "University College London": {"Citation Count": 345.0, "Publication Count": 2.0}, "IDC Herzileya": {"Citation Count": 1.5, "Publication Count": 0.5}, "U. of Virginia": {"Citation Count": 1.5, "Publication Count": 0.5}, "\u00c9cole Normale Sup\u00e9rieure de Lyon": {"Citation Count": 57.0, "Publication Count": 0.25}, "French Institute for Research in Computer Science and Automation": {"Citation Count": 57.0, "Publication Count": 0.25}, "Macquarie University": {"Citation Count": 114.0, "Publication Count": 0.5}, "University of Maryland, College Park": {"Citation Count": 119.66666666666667, "Publication Count": 1.0}, "Microsoft (United States)": {"Citation Count": 54.0, "Publication Count": 0.3333333333333333}, "Indian Institute of Technology Madras": {"Citation Count": 23.333333333333332, "Publication Count": 0.6666666666666666}, "UCL Australia": {"Citation Count": 8.0, "Publication Count": 1.0}, "Technion": {"Citation Count": 4.5, "Publication Count": 0.375}, "UCLA": {"Citation Count": 4.5, "Publication Count": 0.375}, "Shandong University": {"Citation Count": 22.0, "Publication Count": 1.0}, "University of Calgary": {"Citation Count": 34.0, "Publication Count": 1.0}, "University of California": {"Citation Count": 22.666666666666664, "Publication Count": 0.6666666666666666}, "Stanford University": {"Citation Count": 11.333333333333332, "Publication Count": 0.3333333333333333}, "University of Trier": {"Citation Count": 9.0, "Publication Count": 0.5}, "DGA-MI": {"Citation Count": 18.5, "Publication Count": 0.5}, "Computer Science Laboratory of Lille": {"Citation Count": 18.5, "Publication Count": 0.5}, "Microsoft Research (United Kingdom)": {"Citation Count": 296.0, "Publication Count": 1.0}, "Centrum Wiskunde & Informatica": {"Citation Count": 42.0, "Publication Count": 0.5}, "New York University": {"Citation Count": 153.0, "Publication Count": 1.0}}