{"Tekniska H\u00f6gskolans Studentk\u00e5r": {"Citation Count": 10.4, "Publication Count": 0.8}, "Ericsson (Sweden)": {"Citation Count": 2.6, "Publication Count": 0.2}, "Technion \u2013 Israel Institute of Technology": {"Citation Count": 2.0, "Publication Count": 0.3333333333333333}, "Israel Electric (Israel)": {"Citation Count": 2.0, "Publication Count": 0.3333333333333333}, "Tel Aviv University": {"Citation Count": 2.125, "Publication Count": 0.22916666666666666}, "Technion, Israel / VMware Research, USA": {"Citation Count": 1.0, "Publication Count": 0.16666666666666666}, "Cornell University": {"Citation Count": 83.6, "Publication Count": 4.3999999999999995}, "Intel (United States)": {"Citation Count": 7.15, "Publication Count": 0.575}, "University of Michigan\u2013Ann Arbor": {"Citation Count": 13.542857142857143, "Publication Count": 1.342857142857143}, "Seoul National University": {"Citation Count": 11.3, "Publication Count": 3.0666666666666664}, "Rutgers, The State University of New Jersey": {"Citation Count": 13.4, "Publication Count": 1.7}, "Yale University": {"Citation Count": 2.9999999999999996, "Publication Count": 0.5}, "Kitware (United States)": {"Citation Count": 5.609523809523809, "Publication Count": 0.5095238095238095}, "Pennsylvania State University": {"Citation Count": 14.714285714285714, "Publication Count": 1.6142857142857143}, "ETH Zurich": {"Citation Count": 39.885714285714286, "Publication Count": 1.6357142857142857}, "EPFL (Switzerland)": {"Citation Count": 11.942857142857143, "Publication Count": 1.1428571428571428}, "Google (United States)": {"Citation Count": 31.17142857142857, "Publication Count": 1.9714285714285715}, "University of Illinois Urbana-Champaign": {"Citation Count": 28.45, "Publication Count": 5.358333333333333}, "University of Toronto": {"Citation Count": 6.5, "Publication Count": 1.75}, "SickKids Foundation": {"Citation Count": 0.16666666666666666, "Publication Count": 0.08333333333333333}, "Hospital for Sick Children": {"Citation Count": 0.16666666666666666, "Publication Count": 0.08333333333333333}, "University of Sydney": {"Citation Count": 2.4999999999999996, "Publication Count": 0.41666666666666663}, "UNIVERSITY OF PENNSYLVANIA, USA.": {"Citation Count": 9.0, "Publication Count": 1.0}, "The University of Texas at Austin": {"Citation Count": 46.125, "Publication Count": 2.3625000000000003}, "National University of Singapore": {"Citation Count": 1.3333333333333333, "Publication Count": 0.6666666666666666}, "Universitat Polit\u00e8cnica de Catalunya": {"Citation Count": 0.6666666666666666, "Publication Count": 0.3333333333333333}, "IISC Bangalore, India": {"Citation Count": 2.0, "Publication Count": 0.5}, "University of British Columbia": {"Citation Count": 0.6666666666666666, "Publication Count": 0.16666666666666666}, "University of Edinburgh": {"Citation Count": 19.4, "Publication Count": 2.6}, "Purdue University System": {"Citation Count": 10.0, "Publication Count": 2.5}, "Microsoft Research (United Kingdom)": {"Citation Count": 5.800000000000001, "Publication Count": 0.4}, "Technical University of Darmstadt": {"Citation Count": 6.0, "Publication Count": 0.75}, "Vrije Universiteit Amsterdam": {"Citation Count": 5.0, "Publication Count": 1.4583333333333333}, "Universit\u00e0 della Svizzera italiana": {"Citation Count": 1.0, "Publication Count": 0.125}, "Rice University": {"Citation Count": 8.0, "Publication Count": 1.5}, "University of Chicago": {"Citation Count": 3.4, "Publication Count": 1.4}, "Nanjing University": {"Citation Count": 0.2, "Publication Count": 0.2}, "Microsoft (United States)": {"Citation Count": 1.4, "Publication Count": 0.65}, "Simon Fraser University": {"Citation Count": 2.925, "Publication Count": 0.1125}, "University of California, San Diego": {"Citation Count": 16.083333333333332, "Publication Count": 1.9166666666666665}, "University of Colorado Boulder": {"Citation Count": 2.6666666666666665, "Publication Count": 0.3333333333333333}, "University of Pittsburgh": {"Citation Count": 1.6666666666666665, "Publication Count": 0.16666666666666666}, "Indiana University": {"Citation Count": 35.0, "Publication Count": 1.0}, "University of California, Irvine": {"Citation Count": 14.666666666666666, "Publication Count": 1.6666666666666665}, "University of California, Los Angeles": {"Citation Count": 6.533333333333333, "Publication Count": 0.9333333333333333}, "Northeastern University": {"Citation Count": 13.0, "Publication Count": 1.0}, "Princeton University": {"Citation Count": 10.000000000000002, "Publication Count": 0.6000000000000001}, "Argonne National Laboratory": {"Citation Count": 14.399999999999999, "Publication Count": 0.6}, "University of Virginia": {"Citation Count": 7.5, "Publication Count": 0.5}, "Columbia University": {"Citation Count": 3.75, "Publication Count": 0.25}, "Hunan University": {"Citation Count": 9.0, "Publication Count": 0.5}, "University of California, Merced": {"Citation Count": 9.0, "Publication Count": 0.5}, "Huawei, Germany / Huawei, China": {"Citation Count": 13.090909090909092, "Publication Count": 0.7272727272727273}, "Huawei Technologies (China)": {"Citation Count": 2.454545454545454, "Publication Count": 0.13636363636363635}, "Shanghai Jiao Tong University": {"Citation Count": 0.8181818181818182, "Publication Count": 0.045454545454545456}, "Max Planck Institute for Software Systems": {"Citation Count": 1.6363636363636365, "Publication Count": 0.09090909090909091}, "Imperial College London": {"Citation Count": 4.0, "Publication Count": 1.0}, "Arizona State University": {"Citation Count": 4.0, "Publication Count": 1.0}, "Pacific Northwest National Laboratory": {"Citation Count": 1.1666666666666665, "Publication Count": 0.16666666666666666}, "University of Texas at Dallas; USA": {"Citation Count": 1.1666666666666665, "Publication Count": 0.16666666666666666}, "University of Washington": {"Citation Count": 2.333333333333333, "Publication Count": 0.3333333333333333}, "Beijing University of Posts and Telecommunications": {"Citation Count": 1.2000000000000002, "Publication Count": 0.2}, "University of California, Davis": {"Citation Count": 1.2000000000000002, "Publication Count": 0.2}, "Georgia Institute of Technology": {"Citation Count": 7.0, "Publication Count": 1.6666666666666665}, "Harvard University Press": {"Citation Count": 19.30952380952381, "Publication Count": 1.9880952380952381}, "Massachusetts Institute of Technology": {"Citation Count": 33.33333333333333, "Publication Count": 3.083333333333333}, "Kyungpook National University": {"Citation Count": 0.5, "Publication Count": 0.08333333333333333}, "Meta (United States)": {"Citation Count": 12.647619047619049, "Publication Count": 0.7238095238095238}, "Harvard University": {"Citation Count": 1.6428571428571428, "Publication Count": 0.07142857142857142}, "Korea Advanced Institute of Science and Technology": {"Citation Count": 1.6, "Publication Count": 0.2}, "William & Mary": {"Citation Count": 0.16666666666666666, "Publication Count": 0.16666666666666666}, "Perspecta Labs, USA": {"Citation Count": 0.8333333333333334, "Publication Count": 0.8333333333333334}, "Carnegie Mellon University": {"Citation Count": 0.0, "Publication Count": 1.0}, "Amazon (United States)": {"Citation Count": 1.8, "Publication Count": 0.2}, "Franklin & Marshall College": {"Citation Count": 0.5, "Publication Count": 0.25}, "Michigan Technological University": {"Citation Count": 0.5, "Publication Count": 0.25}, "University of California, Riverside": {"Citation Count": 3.071428571428571, "Publication Count": 0.8928571428571428}, "University of Utah": {"Citation Count": 7.8, "Publication Count": 0.6}, "Washington State University": {"Citation Count": 2.6, "Publication Count": 0.2}, "The Ohio State University": {"Citation Count": 2.6, "Publication Count": 0.2}, "Nvidia (United States)": {"Citation Count": 3.6666666666666665, "Publication Count": 0.3333333333333333}, "Duke University": {"Citation Count": 2.0,