{"University of Rio Grande and Rio Grande Community College": {"Citation Count": 1.6666666666666665, "Publication Count": 0.3333333333333333}, "Institute of Informatics": {"Citation Count": 1.6666666666666665, "Publication Count": 0.3333333333333333}, "Federal University of Rio Grande do Sul": {"Citation Count": 1.6666666666666665, "Publication Count": 0.3333333333333333}}