{"Shanghai Jiao Tong University": {"Citation Count": 4.9375, "Publication Count": 1.9375}, "Sandia National Laboratories": {"Citation Count": 1.611111111111111, "Publication Count": 1.7777777777777777}, "University of New Mexico": {"Citation Count": 0.16666666666666666, "Publication Count": 0.16666666666666666}, "University of Rennes": {"Citation Count": 0.2857142857142857, "Publication Count": 0.5357142857142857}, "Institut de Recherche en Informatique et Syst\u00e8mes Al\u00e9atoires": {"Citation Count": 0.2857142857142857, "Publication Count": 0.5357142857142857}, "University of Montpellier": {"Citation Count": 0.21428571428571427, "Publication Count": 0.21428571428571427}, "Montpellier Laboratory of Informatics, Robotics and Microelectronics": {"Citation Count": 0.21428571428571427, "Publication Count": 0.21428571428571427}, "Computer Science Department": {"Citation Count": 0.1904761904761905, "Publication Count": 0.1904761904761905}, "Duke University": {"Citation Count": 0.3333333333333333, "Publication Count": 0.3333333333333333}, "Oak Ridge National Laboratory": {"Citation Count": 2.814285714285714, "Publication Count": 2.407142857142857}, "East China Normal University": {"Citation Count": 0.04761904761904762, "Publication Count": 0.04761904761904762}, "Qatar Computing Research Institute": {"Citation Count": 0.04761904761904762, "Publication Count": 0.04761904761904762}, "Meta (Israel)": {"Citation Count": 0.04761904761904762, "Publication Count": 0.04761904761904762}, "Renaissance Computing Institute": {"Citation Count": 0.14285714285714288, "Publication Count": 0.14285714285714288}, "Information Sciences Institute#TAB#": {"Citation Count": 0.14285714285714288, "Publication Count": 0.14285714285714288}, "Institute of Computing Technology": {"Citation Count": 0.4166666666666667, "Publication Count": 0.1388888888888889}, "Chinese Academy of Sciences": {"Citation Count": 1.2166666666666668, "Publication Count": 0.40555555555555556}, "University of Chinese Academy of Sciences": {"Citation Count": 1.7833333333333334, "Publication Count": 0.5944444444444444}, "Benchmark Research (United States)": {"Citation Count": 0.5833333333333334, "Publication Count": 0.19444444444444445}, "Shenzhen Institutes of Advanced Technology": {"Citation Count": 0.8, "Publication Count": 0.26666666666666666}, "Macau University of Science and Technology": {"Citation Count": 0.6000000000000001, "Publication Count": 0.2}, "University of Macau": {"Citation Count": 0.6000000000000001, "Publication Count": 0.2}, "University of Lille": {"Citation Count": 2.1, "Publication Count": 0.6}, "Inria Bordeaux - Sud-Ouest Research Centre": {"Citation Count": 2.0, "Publication Count": 0.5}, "William & Mary": {"Citation Count": 2.0, "Publication Count": 0.4}, "Argonne National Laboratory": {"Citation Count": 6.5, "Publication Count": 3.075}, "University of Science and Technology of China": {"Citation Count": 1.0, "Publication Count": 1.0}, "National University of Defense Technology": {"Citation Count": 4.4, "Publication Count": 1.8}, "Illinois Institute of Technology": {"Citation Count": 2.375, "Publication Count": 2.125}, "Huazhong University of Science and Technology": {"Citation Count": 1.4, "Publication Count": 1.4}, "Northwestern Polytechnical University": {"Citation Count": 0.1, "Publication Count": 0.1}, "PingCAP,China": {"Citation Count": 0.4, "Publication Count": 0.4}, "Virginia Tech": {"Citation Count": 0.05, "Publication Count": 0.05}, "Kuwait University": {"Citation Count": 0.05, "Publication Count": 0.05}, "University of Luxembourg": {"Citation Count": 0.0, "Publication Count": 0.25}, "University of Utah": {"Citation Count": 0.0, "Publication Count": 1.75}, "ShangHai JiAi Genetics & IVF Institute": {"Citation Count": 0.0625, "Publication Count": 0.0625}, "Johannes Gutenberg University Mainz": {"Citation Count": 0.0, "Publication Count": 0.6666666666666666}, "Barcelona Supercomputing Center": {"Citation Count": 2.916666666666667, "Publication Count": 3.375}, "TuSimple": {"Citation Count": 0.0, "Publication Count": 0.8}, "Tsinghua University": {"Citation Count": 0.6, "Publication Count": 0.8}, "Institute of Software": {"Citation Count": 0.75, "Publication Count": 0.25}, "Beihang University": {"Citation Count": 2.25, "Publication Count": 0.75}, "Louisiana State University": {"Citation Count": 2.3333333333333335, "Publication Count": 0.7777777777777778}, "University of Stuttgart": {"Citation Count": 0.3333333333333333, "Publication Count": 0.1111111111111111}, "University of Oregon": {"Citation Count": 0.3333333333333333, "Publication Count": 0.6111111111111112}, "Department of Computational and Data Sciences, Indian Institute of Science, Bengaluru, India": {"Citation Count": 0.0, "Publication Count": 1.0}, "Queen's University Belfast": {"Citation Count": 5.0, "Publication Count": 1.0}, "Sandia National Laboratories California": {"Citation Count": 0.0, "Publication Count": 0.47619047619047616}, "NexGen Analytics,Sheridan,WY,U.S.A.": {"Citation Count": 0.0, "Publication Count": 0.5}, "Intense Computing,New York,NY,U.S.A.": {"Citation Count": 0.0, "Publication Count": 0.16666666666666666}, "Georgia Institute of Technology": {"Citation Count": 0.4444444444444444, "Publication Count": 1.1111111111111112}, "Technical University of Berlin": {"Citation Count": 9.0, "Publication Count": 1.0}, "Zhejiang University": {"Citation Count": 1.875, "Publication Count": 0.625}, "Washington State University": {"Citation Count": 2.7083333333333335, "Publication Count": 1.2083333333333333}, "Zhejiang Lab": {"Citation Count": 0.375, "Publication Count": 0.125}, "University of Alabama": {"Citation Count": 0.2, "Publication Count": 0.1}, "University of California, Riverside": {"Citation Count": 2.6, "Publication Count": 1.0}, "University of Washington": {"Citation Count": 0.2, "Publication Count": 0.1}, "Missouri University of Science and Technology": {"Citation Count": 0.7, "Publication Count": 0.225}, "Cerebras Systems,Los Altos,CA": {"Citation Count": 0.4, "Publication Count": 0.2}, "University of Massachusetts Lowell": {"Citation Count": 1.6, "Publication Count": 0.8}, "Electronics and Telecommunications Research Institute": {"Citation Count": 0.4, "Publication Count": 0.2}, "Florida State University": {"Citation Count": 0.0, "Publication Count": 0.75}, "Lawrence Livermore National Laboratory": {"Citation Count": 1.75, "Publication Count": 1.601190476190476}, "University of Cincinnati": {"Citation Count": 2.0, "Publication Count": 1.0}, "Renmin University of China": {"Citation Count": 2.0, "Publication Count": 1.0}, "National Institute of Informatics": {"Citation Count": 0.5333333333333333, "Publication Count": 1.2833333333333332}, "The Graduate University for Advanced Studies, SOKENDAI": {"Citation Count": 0.3333333333333333, "Publication Count": 0.3333333333333333}, "University of Electro-Communications": {"Citation Count": 0.3333333333333333, "Publication Count": 0.3333333333333333}, "American Rock Mechanics Association": {"Citation Count": 1.3333333333333333, "Publication Count": 0.6666666666666666}, "University of Tennessee at Knoxville": {"Citation Count": 1.4444444444444444, "Publication Count": 0.4444444444444444}, "Los Alamos National Laboratory": {"Citation Count": 0.3333333333333333, "Publication Count": 0.5666666666666667}, "Concordia University": {"Citation Count": 0.6666666666666666, "Publication Count": 0.6666666666666666}, "University of Southern California": {"Citation Count": 0.16666666666666666, "Publication Count": 0.16666666666666666}, "University of Hawaii System": {"Citation Count": 0.16666666666666666, "Publication Count": 0.16666666666666666}, "Pacific Northwest National Laboratory": {"Citation Count": 0.2222222222222222, "Publication Count": 0.2222222222222222}, "Lawrence Berkeley National Laboratory": {"Citation Count": 0.2222222222222222, "Publication Count": 0.2222222222222222}, "Texas Advanced Computing Center,Austin,TX,USA": {"Citation Count": 0.1111111111111111,