{"Northwestern University": {"Citation Count": 2.4285714285714284, "Publication Count": 0.14285714285714285}, "Argonne National Laboratory": {"Citation Count": 44.035714285714285, "Publication Count": 2.811904761904762}, "University of Alabama": {"Citation Count": 13.42857142857143, "Publication Count": 0.5428571428571429}, "Lomonosov Moscow State University": {"Citation Count": 2.4285714285714284, "Publication Count": 0.14285714285714285}, "University of California, Riverside": {"Citation Count": 24.42857142857143, "Publication Count": 0.942857142857143}, "The Ohio State University": {"Citation Count": 12.333333333333334, "Publication Count": 1.8333333333333335}, "Indian Statistical Institute": {"Citation Count": 1.6666666666666665, "Publication Count": 0.16666666666666666}, "Clemson University": {"Citation Count": 3.75, "Publication Count": 1.25}, "The University of Tokyo": {"Citation Count": 1.0, "Publication Count": 1.0}, "University of Santiago de Compostela": {"Citation Count": 7.0, "Publication Count": 1.0}, "University of Sydney": {"Citation Count": 6.666666666666667, "Publication Count": 1.2666666666666666}, "Department of Computing": {"Citation Count": 2.3333333333333335, "Publication Count": 0.5333333333333333}, "Vrije Universiteit Amsterdam": {"Citation Count": 7.8, "Publication Count": 1.1}, "University of Amsterdam": {"Citation Count": 1.6, "Publication Count": 0.2}, "Delft University of Technology": {"Citation Count": 4.6, "Publication Count": 0.7}, "University of Erlangen-Nuremberg": {"Citation Count": 4.857142857142857, "Publication Count": 1.2857142857142856}, "Shanghai Jiao Tong University": {"Citation Count": 4.0, "Publication Count": 0.5}, "University of Tennessee at Knoxville": {"Citation Count": 1.3333333333333333, "Publication Count": 0.16666666666666666}, "University of Utah": {"Citation Count": 1.3333333333333333, "Publication Count": 0.16666666666666666}, "Princeton Plasma Physics Laboratory": {"Citation Count": 1.3333333333333333, "Publication Count": 0.16666666666666666}, "Illinois Institute of Technology": {"Citation Count": 15.166666666666666, "Publication Count": 1.0833333333333333}, "Teradata (United Kingdom)": {"Citation Count": 1.6666666666666665, "Publication Count": 0.3333333333333333}, "Northrop Grumman (Germany)": {"Citation Count": 1.6666666666666665, "Publication Count": 0.3333333333333333}, "Keio University": {"Citation Count": 0.6666666666666666, "Publication Count": 0.3333333333333333}, "University of Tsukuba": {"Citation Count": 0.6666666666666666, "Publication Count": 0.3333333333333333}, "Faculty of Environment and Information Studies": {"Citation Count": 0.6666666666666666, "Publication Count": 0.3333333333333333}, "Lawrence Berkeley National Laboratory": {"Citation Count": 31.0, "Publication Count": 2.6666666666666665}, "Beihang University": {"Citation Count": 2.75, "Publication Count": 0.6964285714285714}, "China National Petroleum Corporation (China)": {"Citation Count": 0.0, "Publication Count": 0.42857142857142855}, "University of Illinois Urbana-Champaign": {"Citation Count": 14.25, "Publication Count": 1.75}, "Sandia National Laboratories California": {"Citation Count": 4.0, "Publication Count": 0.5}, "New Mexico State University": {"Citation Count": 2.6666666666666665, "Publication Count": 0.3333333333333333}, "Lawrence Livermore National Laboratory": {"Citation Count": 5.333333333333333, "Publication Count": 0.8333333333333333}, "Technical University of Darmstadt": {"Citation Count": 6.666666666666667, "Publication Count": 0.8333333333333334}, "ETH Zurich": {"Citation Count": 9.833333333333334, "Publication Count": 0.6666666666666666}, "CA Technologies, Barcelona, Spain": {"Citation Count": 2.4, "Publication Count": 0.6}, "Technical University of Madrid": {"Citation Count": 0.8, "Publication Count": 0.2}, "Universitat Polit\u00e8cnica de Catalunya": {"Citation Count": 0.8, "Publication Count": 0.2}, "Data61": {"Citation Count": 2.0, "Publication Count": 0.2}, "Virginia Tech": {"Citation Count": 5.5, "Publication Count": 0.5}, "Oak Ridge National Laboratory": {"Citation Count": 5.5, "Publication Count": 0.5}, "Tokyo Institute of Technology": {"Citation Count": 12.7, "Publication Count": 2.033333333333333}, "University of Nebraska": {"Citation Count": 4.0, "Publication Count": 0.5}, "Computer Science and Engineering": {"Citation Count": 4.0, "Publication Count": 0.5}, "Pacific Northwest National Laboratory": {"Citation Count": 2.0, "Publication Count": 1.0}, "Sandia National Laboratories": {"Citation Count": 4.5, "Publication Count": 0.25}, "Northeastern University": {"Citation Count": 13.5, "Publication Count": 0.75}, "Nvidia (United States)": {"Citation Count": 4.5, "Publication Count": 0.25}, "Johannes Gutenberg University Mainz": {"Citation Count": 9.428571428571429, "Publication Count": 1.1785714285714286}, "Barcelona Supercomputing Center": {"Citation Count": 12.571428571428571, "Publication Count": 0.5714285714285714}, "Fac. of Inf., Tech. Univ. Vienna, Vienna, Austria": {"Citation Count": 3.0, "Publication Count": 0.5}, "Fraunhofer Institute for Industrial Mathematics": {"Citation Count": 3.0, "Publication Count": 0.5}, "Technical University of Munich": {"Citation Count": 7.333333333333333, "Publication Count": 0.6666666666666666}, "RWTH Aachen University": {"Citation Count": 3.6666666666666665, "Publication Count": 0.3333333333333333}, "Laboratoire Bordelais de Recherche en Informatique": {"Citation Count": 2.0, "Publication Count": 0.4}, "Georgia Institute of Technology": {"Citation Count": 1.0, "Publication Count": 0.2}, "Optimisation des ressources : mod\u00e8les, algorithmes et ordonnancement": {"Citation Count": 1.0, "Publication Count": 0.2}, "Laboratoire de l'Informatique du Parall\u00e9lisme": {"Citation Count": 1.0, "Publication Count": 0.2}, "South China University of Technology": {"Citation Count": 0.75, "Publication Count": 0.25}, "University of Virginia": {"Citation Count": 0.75, "Publication Count": 0.25}, "University of Central Florida": {"Citation Count": 0.75, "Publication Count": 0.25}, "IBM Research - India": {"Citation Count": 2.4000000000000004, "Publication Count": 0.8}, "Google (United States)": {"Citation Count": 0.6000000000000001, "Publication Count": 0.2}, "Tsinghua University": {"Citation Count": 19.25, "Publication Count": 0.875}, "Loughborough University": {"Citation Count": 0.0, "Publication Count": 0.25}, "Universit\u00e4t Innsbruck": {"Citation Count": 2.142857142857143, "Publication Count": 0.7142857142857143}, "Sun Yat-sen University": {"Citation Count": 0.0, "Publication Count": 1.0}, "National Institute of Advanced Industrial Science and Technology": {"Citation Count": 0.8, "Publication Count": 0.8}, "Hasselt University": {"Citation Count": 3.0, "Publication Count": 1.0}}