{"Royal Holloway University of London": {"Citation Count": 20.0, "Publication Count": 0.5}, "Ruhr University Bochum": {"Citation Count": 33.0, "Publication Count": 1.55}, "University of California\u2014San Diego": {"Citation Count": 36.0, "Publication Count": 1.0}, "Hebrew University of Jerusalem": {"Citation Count": 18.0, "Publication Count": 1.6666666666666665}, "IBM research": {"Citation Count": 44.0, "Publication Count": 1.0}, "IBM Research": {"Citation Count": 15.25, "Publication Count": 0.25}, "New York University": {"Citation Count": 77.88095238095238, "Publication Count": 1.3095238095238095}, "KU Leuven": {"Citation Count": 13.05952380952381, "Publication Count": 0.7142857142857143}, "Imec": {"Citation Count": 8.80952380952381, "Publication Count": 0.4642857142857143}, "Research Square (United States)": {"Citation Count": 0.8095238095238096, "Publication Count": 0.04761904761904762}, "NXP (Belgium)": {"Citation Count": 2.428571428571429, "Publication Count": 0.14285714285714288}, "University of Bristol": {"Citation Count": 5.059523809523809, "Publication Count": 0.2976190476190476}, "Institute for Systems and Computer Engineering of Porto": {"Citation Count": 3.0, "Publication Count": 0.25}, "University of Porto": {"Citation Count": 3.0, "Publication Count": 0.25}, "PSL Research University": {"Citation Count": 7.333333333333333, "Publication Count": 0.8333333333333333}, "FLORIDA STATE UNIV.": {"Citation Count": 1.3333333333333333, "Publication Count": 0.3333333333333333}, "University of California, Santa Barbara": {"Citation Count": 3.0476190476190474, "Publication Count": 0.47619047619047616}, "Oregon State University": {"Citation Count": 6.333333333333333, "Publication Count": 0.5833333333333333}, "Bar-Ilan University": {"Citation Count": 73.19761904761904, "Publication Count": 3.3940476190476185}, "Shanghai Jiao Tong University": {"Citation Count": 1.5555555555555554, "Publication Count": 0.05555555555555555}, "Technical University of Denmark": {"Citation Count": 1.5555555555555554, "Publication Count": 0.05555555555555555}, "University of Luxembourg": {"Citation Count": 3.2698412698412698, "Publication Count": 0.1984126984126984}, "State Key Laboratory of Cryptology": {"Citation Count": 6.5666666666666655, "Publication Count": 0.31666666666666665}, "NTT (Japan)": {"Citation Count": 21.266666666666666, "Publication Count": 1.2166666666666668}, "University of Hyogo": {"Citation Count": 7.866666666666667, "Publication Count": 0.3666666666666667}, "University of Applied Sciences and Arts Northwestern Switzerland": {"Citation Count": 10.366666666666667, "Publication Count": 0.6166666666666667}, "French Institute for Research in Computer Science and Automation": {"Citation Count": 9.0, "Publication Count": 1.125}, "Indian Statistical Institute": {"Citation Count": 18.333333333333332, "Publication Count": 1.8333333333333333}, "Brown University": {"Citation Count": 26.0, "Publication Count": 0.6666666666666666}, "Microsoft Research (United Kingdom)": {"Citation Count": 34.599999999999994, "Publication Count": 0.6333333333333333}, "University of Maryland, College Park": {"Citation Count": 34.88095238095238, "Publication Count": 1.4345238095238095}, "Hong Kong University of Science and Technology": {"Citation Count": 10.333333333333332, "Publication Count": 0.3333333333333333}, "Cornell Tech, New York, USA": {"Citation Count": 7.0, "Publication Count": 0.3333333333333333}, "Columbia University": {"Citation Count": 21.0, "Publication Count": 1.5416666666666665}, "Universidad del Noreste": {"Citation Count": 13.708333333333332, "Publication Count": 1.0833333333333333}, "The University of Texas at Austin": {"Citation Count": 9.0, "Publication Count": 1.0}, "Central Michigan University": {"Citation Count": 12.0, "Publication Count": 0.5}, "UCLA Health": {"Citation Count": 36.66666666666667, "Publication Count": 1.6666666666666665}, "-MIT": {"Citation Count": 13.5, "Publication Count": 1.0}, "Technion \u2013 Israel Institute of Technology": {"Citation Count": 11.416666666666666, "Publication Count": 0.9166666666666665}, "Stanford University": {"Citation Count": 183.03571428571428, "Publication Count": 2.0357142857142856}, "City College of New York": {"Citation Count": 11.142857142857142, "Publication Count": 0.14285714285714285}, "Princeton University": {"Citation Count": 11.142857142857142, "Publication Count": 0.14285714285714285}, "Center for Encrypted Functionalities, UCLA, Los Angeles, USA": {"Citation Count": 33.42857142857142, "Publication Count": 0.42857142857142855}, "\u00c9cole Normale Sup\u00e9rieure": {"Citation Count": 13.75, "Publication Count": 0.25}, "University of Catania": {"Citation Count": 13.75, "Publication Count": 0.25}, "IMDEA Software": {"Citation Count": 13.75, "Publication Count": 0.25}, "KIT#TAB#": {"Citation Count": 13.75, "Publication Count": 0.25}, "Indian Institute of Technology Kharagpur": {"Citation Count": 5.0, "Publication Count": 0.25}, "Graz University of Technology": {"Citation Count": 10.0, "Publication Count": 0.5}, "Bauhaus University, Weimar": {"Citation Count": 2.5, "Publication Count": 0.125}, "Infineon Technologies (Canada)": {"Citation Count": 2.5, "Publication Count": 0.125}, "Korea Advanced Institute of Science and Technology": {"Citation Count": 1.7142857142857142, "Publication Count": 0.14285714285714285}, "Tsinghua University": {"Citation Count": 9.261904761904761, "Publication Count": 0.869047619047619}, "Interdisciplinary Center Herzliya": {"Citation Count": 4.166666666666667, "Publication Count": 0.29166666666666663}, "Herzliya Medical Center": {"Citation Count": 4.166666666666667, "Publication Count": 0.29166666666666663}, "Berkeley College": {"Citation Count": 4.0, "Publication Count": 0.125}, "University of California, Berkeley": {"Citation Count": 44.916666666666664, "Publication Count": 4.041666666666666}, "Moscow Institute of Thermal Technology": {"Citation Count": 9.875, "Publication Count": 0.5}, "University of California, Davis": {"Citation Count": 11.0, "Publication Count": 1.0}, "Technical University of Darmstadt": {"Citation Count": 6.333333333333333, "Publication Count": 0.6666666666666666}, "Karlsruhe Institute of Technology": {"Citation Count": 10.0, "Publication Count": 0.6666666666666666}, "Norwegian University of Science and Technology": {"Citation Count": 19.0, "Publication Count": 0.5}, "Paderborn University": {"Citation Count": 19.0, "Publication Count": 0.5}, "Institute of Software": {"Citation Count": 12.066666666666666, "Publication Count": 0.2666666666666667}, "Chinese Academy of Sciences": {"Citation Count": 12.066666666666666, "Publication Count": 0.2666666666666667}, "Shandong University": {"Citation Count": 0.8333333333333333, "Publication Count": 0.08333333333333333}, "University of Haifa": {"Citation Count": 4.2, "Publication Count": 0.2}, "Weizmann Institute of Science": {"Citation Count": 53.4, "Publication Count": 1.9}, "University of Connecticut": {"Citation Count": 3.0, "Publication Count": 0.25}, "New Jersey Institute of Technology": {"Citation Count": 3.0, "Publication Count": 0.25}, "City University of Seattle": {"Citation Count": 1.5, "Publication Count": 0.125}, "Virginia Commonwealth University": {"Citation Count": 3.0, "Publication Count": 0.25}, "Cornell Tech New York, USA": {"Citation Count": 6.0, "Publication Count": 0.5}, "Alexandra Institute (Denmark)": {"Citation Count": 5.0, "Publication Count": 0.25}, "Unbound Tech Ltd., Petach Tikva, Israel": {"Citation Count": 7.5, "Publication Count": 0.375}, "Massachusetts Institute of Technology": {"Citation Count": 7.25, "Publication Count": 0.25}, "Johns Hopkins University": {"Citation Count": 21.75, "Publication Count": 0.75}, "Indian Institute of Science Bangalore": {"Citation Count": 22.0, "Publication Count": 1.0}, "CMU, Pittsburgh, USA": {"Citation Count": 5.666666666666666, "Publication Count": 0.16666666666666666}, "University of Baltimore": {"Citation Count": 5.666666666666666,