{"Shanghai Jiao Tong University": {"Citation Count": 258.0, "Publication Count": 2.0}, "University of Cambridge": {"Citation Count": 43.33333333333333, "Publication Count": 0.6666666666666666}, "Max Planck Institute for Software Systems": {"Citation Count": 29.375, "Publication Count": 0.875}, "Google (United States)": {"Citation Count": 797.0416666666666, "Publication Count": 1.2083333333333333}, "Princeton University": {"Citation Count": 17.9, "Publication Count": 0.525}, "University of Maryland, College Park": {"Citation Count": 5.5, "Publication Count": 0.125}, "NEC Labs, Princeton#TAB#": {"Citation Count": 33.0, "Publication Count": 0.75}, "Virginia Tech": {"Citation Count": 80.33333333333333, "Publication Count": 1.6666666666666665}, "IBM Research - Almaden": {"Citation Count": 11.666666666666666, "Publication Count": 0.3333333333333333}, "Carnegie Mellon University": {"Citation Count": 20.0, "Publication Count": 0.5}, "Rice University": {"Citation Count": 20.0, "Publication Count": 0.5}, "Universidade Nova de Lisboa": {"Citation Count": 70.59821428571429, "Publication Count": 0.7767857142857143}, "French Institute for Research in Computer Science and Automation": {"Citation Count": 27.71428571428571, "Publication Count": 0.2857142857142857}, "NEC (Japan)": {"Citation Count": 3.8571428571428568, "Publication Count": 0.14285714285714285}, "University of California, Riverside": {"Citation Count": 5.785714285714286, "Publication Count": 0.21428571428571427}, "NEC (United States)": {"Citation Count": 11.571428571428571, "Publication Count": 0.42857142857142855}, "Korea Advanced Institute of Science and Technology": {"Citation Count": 52.103571428571435, "Publication Count": 0.9964285714285714}, "University of Michigan\u2013Ann Arbor": {"Citation Count": 11.261904761904761, "Publication Count": 0.738095238095238}, "Michigan United": {"Citation Count": 1.9285714285714284, "Publication Count": 0.07142857142857142}, "NOVA Univ. Lisbon / NOVA LINCS": {"Citation Count": 7.7142857142857135, "Publication Count": 0.42857142857142855}, "MPI-SWS": {"Citation Count": 5.142857142857142, "Publication Count": 0.2857142857142857}, "Saarland University": {"Citation Count": 2.571428571428571, "Publication Count": 0.14285714285714285}, "Microsoft Research (United Kingdom)": {"Citation Count": 26.34642857142857, "Publication Count": 0.9678571428571429}, "The University of Texas at Austin": {"Citation Count": 30.5, "Publication Count": 1.5}, "Kitware (United States)": {"Citation Count": 4.25, "Publication Count": 0.25}, " NYU": {"Citation Count": 4.25, "Publication Count": 0.25}, "University of Erlangen-Nuremberg": {"Citation Count": 7.199999999999999, "Publication Count": 0.6}, "Universidade de Lisboa": {"Citation Count": 2.4000000000000004, "Publication Count": 0.2}, "Johannes Gutenberg University Mainz": {"Citation Count": 5.25, "Publication Count": 0.75}, "Pure Storage (United States)": {"Citation Count": 1.75, "Publication Count": 0.25}, "Huazhong University of Science and Technology": {"Citation Count": 14.0, "Publication Count": 0.6666666666666666}, "Virginia Commonwealth University": {"Citation Count": 7.0, "Publication Count": 0.3333333333333333}, "University of Lisbon": {"Citation Count": 1.3125, "Publication Count": 0.0625}, "Microsoft (Germany)": {"Citation Count": 2.625, "Publication Count": 0.125}, "University of Lille": {"Citation Count": 11.0, "Publication Count": 0.5}, "University of Neuch\u00e2tel": {"Citation Count": 11.0, "Publication Count": 0.5}, "Oracle (United States)": {"Citation Count": 4.666666666666666, "Publication Count": 0.3333333333333333}, "University of Massachusetts Amherst": {"Citation Count": 85.0, "Publication Count": 1.0}, "Postech": {"Citation Count": 12.4, "Publication Count": 0.4}, "University of Colorado System": {"Citation Count": 6.2, "Publication Count": 0.2}, "University of California, San Diego": {"Citation Count": 16.0, "Publication Count": 0.5}, "SING Group@HKUST": {"Citation Count": 21.5, "Publication Count": 0.5}, "NJU#TAB#": {"Citation Count": 5.375, "Publication Count": 0.125}, "sjtu": {"Citation Count": 5.375, "Publication Count": 0.125}, "Columbia University": {"Citation Count": 46.375, "Publication Count": 1.375}, "Intel (United States)": {"Citation Count": 11.200000000000001, "Publication Count": 0.2}, "Polytechnic University of Bucharest": {"Citation Count": 9.090909090909092, "Publication Count": 0.36363636363636365}, "New Europe College": {"Citation Count": 11.363636363636363, "Publication Count": 0.45454545454545453}, "MIT - CSAIL": {"Citation Count": 17.272727272727273, "Publication Count": 1.0909090909090908}, "UCL Australia": {"Citation Count": 2.272727272727273, "Publication Count": 0.09090909090909091}, "IBM Research - Thomas J. Watson Research Center": {"Citation Count": 15.625, "Publication Count": 0.625}, "iMinds": {"Citation Count": 14.0, "Publication Count": 0.5}, "KU Leuven": {"Citation Count": 14.0, "Publication Count": 0.5}, "University of Pennsylvania": {"Citation Count": 14.833333333333332, "Publication Count": 1.0833333333333333}, "University of Chicago": {"Citation Count": 3.5, "Publication Count": 0.25}, "University of Illinois at Chicago": {"Citation Count": 8.666666666666666, "Publication Count": 0.6666666666666666}, "Yahoo! Lab, Haifa , Israel": {"Citation Count": 65.0, "Publication Count": 1.0}}