{"National Cheng Kung University": {"Citation Count": 4.428571428571429, "Publication Count": 1.5714285714285714}, "Industrial Technology Research Institute": {"Citation Count": 2.571428571428571, "Publication Count": 0.42857142857142855}, "Fuzhou University": {"Citation Count": 21.85952380952381, "Publication Count": 3.326190476190476}, "National Taiwan University": {"Citation Count": 95.55952380952381, "Publication Count": 6.967857142857143}, "Synopsys (United States)": {"Citation Count": 5.166666666666666, "Publication Count": 0.5}, "City University of New York": {"Citation Count": 0.7142857142857142, "Publication Count": 0.14285714285714285}, "Chongqing University": {"Citation Count": 0.7142857142857142, "Publication Count": 0.14285714285714285}, "Johannes Kepler University of Linz": {"Citation Count": 4.904761904761904, "Publication Count": 0.7619047619047619}, "University of Bremen": {"Citation Count": 28.714285714285715, "Publication Count": 1.1428571428571428}, "New York University": {"Citation Count": 27.595238095238095, "Publication Count": 2.452380952380952}, "University of Maryland, College Park": {"Citation Count": 24.0, "Publication Count": 1.0}, "Texas A&M University": {"Citation Count": 40.0, "Publication Count": 2.6}, "Robert Bosch (Germany)": {"Citation Count": 17.2, "Publication Count": 0.8}, "Technical University of Munich": {"Citation Count": 51.266666666666666, "Publication Count": 7.0}, "RWTH Aachen University": {"Citation Count": 8.333333333333334, "Publication Count": 0.8666666666666667}, "Korea Advanced Institute of Science and Technology": {"Citation Count": 9.142857142857142, "Publication Count": 1.1428571428571428}, "Shanghai Jiao Tong University": {"Citation Count": 11.571428571428571, "Publication Count": 2.7142857142857144}, "Art Institute of Portland": {"Citation Count": 1.4285714285714284, "Publication Count": 0.14285714285714285}, "Polytechnic University of Turin": {"Citation Count": 8.0, "Publication Count": 1.0}, "TU Dresden": {"Citation Count": 7.45, "Publication Count": 0.65}, "Pennsylvania State University": {"Citation Count": 4.25, "Publication Count": 0.25}, "University of Utah": {"Citation Count": 4.25, "Publication Count": 0.25}, "University of Notre Dame": {"Citation Count": 6.25, "Publication Count": 0.75}, "Seoul National University": {"Citation Count": 11.600000000000001, "Publication Count": 1.8}, "Zhejiang University": {"Citation Count": 2.1666666666666665, "Publication Count": 0.6666666666666666}, "MediaTek (Taiwan)": {"Citation Count": 7.2, "Publication Count": 0.2}, "University of California, San Diego": {"Citation Count": 153.25, "Publication Count": 5.683333333333333}, "Qualcomm (United States)": {"Citation Count": 6.0, "Publication Count": 1.0}, "University of California\u2014San Diego": {"Citation Count": 0.0, "Publication Count": 1.0}, "Institute of Computing Technology": {"Citation Count": 24.333333333333336, "Publication Count": 1.3208333333333333}, "Chinese Academy of Sciences": {"Citation Count": 8.5, "Publication Count": 0.4875}, "University of Chinese Academy of Sciences": {"Citation Count": 8.0, "Publication Count": 0.4}, "National University of Singapore": {"Citation Count": 3.1666666666666665, "Publication Count": 0.16666666666666666}, "Carnegie Mellon University": {"Citation Count": 72.0, "Publication Count": 2.525}, "Siemens (Germany)": {"Citation Count": 0.2, "Publication Count": 0.2}, "Software (Germany)": {"Citation Count": 0.2, "Publication Count": 0.2}, "University of California, Riverside": {"Citation Count": 32.0, "Publication Count": 2.375}, "Duke Kunshan University": {"Citation Count": 1.0, "Publication Count": 0.125}, "Duke University": {"Citation Count": 36.38095238095238, "Publication Count": 3.0773809523809526}, "Northwestern University": {"Citation Count": 8.0, "Publication Count": 1.3}, "University of California System": {"Citation Count": 59.0, "Publication Count": 2.0}, "Universidade Federal de Santa Catarina": {"Citation Count": 3.0, "Publication Count": 1.0}, "University of California, Berkeley": {"Citation Count": 9.0, "Publication Count": 1.0}, "Academia Sinica": {"Citation Count": 5.7, "Publication Count": 0.15}, "Macronix International (China)": {"Citation Count": 13.733333333333334, "Publication Count": 0.6333333333333333}, "National Tsing Hua University": {"Citation Count": 22.37142857142857, "Publication Count": 2.388095238095238}, "Georgia Institute of Technology": {"Citation Count": 15.0, "Publication Count": 1.4}, "Hong Kong University of Science and Technology": {"Citation Count": 1.0, "Publication Count": 1.0}, "Peking University": {"Citation Count": 25.0, "Publication Count": 1.5}, "Research Center for Information Technology Innovation, Academia Sinica": {"Citation Count": 0.5, "Publication Count": 0.25}, "National Yang Ming Chiao Tung University": {"Citation Count": 2.2857142857142856, "Publication Count": 1.2857142857142856}, "IBM Research - Thomas J. Watson Research Center": {"Citation Count": 2.2857142857142856, "Publication Count": 0.2857142857142857}, "Intrinsic-ID, Eindhoven, Netherlands": {"Citation Count": 0.6666666666666666, "Publication Count": 0.3333333333333333}, "Osaka University": {"Citation Count": 3.3333333333333335, "Publication Count": 1.3333333333333333}, "Socionext (Japan)": {"Citation Count": 0.6666666666666666, "Publication Count": 0.6666666666666666}, "University of Minnesota": {"Citation Count": 21.666666666666664, "Publication Count": 1.6666666666666665}, "Macronix International (Taiwan)": {"Citation Count": 1.1666666666666665, "Publication Count": 0.16666666666666666}, "National Chung Cheng University": {"Citation Count": 1.1666666666666665, "Publication Count": 0.16666666666666666}, "Institute of Information Science, Academia Sinica": {"Citation Count": 1.1666666666666665, "Publication Count": 0.16666666666666666}, "University of Delaware": {"Citation Count": 2.6666666666666665, "Publication Count": 0.6666666666666666}, "INTEL Corporation#TAB#": {"Citation Count": 1.3333333333333333, "Publication Count": 0.3333333333333333}, "School of Electrical & Computer Engineering, Purdue University": {"Citation Count": 15.0, "Publication Count": 1.0}, "ALaRI - USI, Lugano, Switzerland": {"Citation Count": 6.333333333333333, "Publication Count": 0.3333333333333333}, "Politecnico di Milano": {"Citation Count": 6.333333333333333, "Publication Count": 0.3333333333333333}, "Univ. of Stuttgart, DE": {"Citation Count": 6.333333333333333, "Publication Count": 0.3333333333333333}, "Delft University of Technology": {"Citation Count": 1.0, "Publication Count": 0.3333333333333333}, "CNRS/Lab-STICC, Lorient, France": {"Citation Count": 1.0, "Publication Count": 0.3333333333333333}, "University of Michigan\u2013Ann Arbor": {"Citation Count": 10.028571428571428, "Publication Count": 2.1714285714285713}, "Princeton University": {"Citation Count": 5.2, "Publication Count": 1.2}, "The University of Texas at Austin": {"Citation Count": 0.8666666666666667, "Publication Count": 0.5333333333333333}, "Advanced Micro Devices (Canada)": {"Citation Count": 14.0, "Publication Count": 1.0}, "Colorado State University": {"Citation Count": 17.333333333333332, "Publication Count": 0.6666666666666666}, "Washington State University": {"Citation Count": 11.666666666666666, "Publication Count": 0.9333333333333333}, "Huawei Technologies (United States)": {"Citation Count": 1.5, "Publication Count": 0.5}, "Chinese University of Hong Kong": {"Citation Count": 0.0, "Publication Count": 0.14285714285714285}, "University of Louisiana at Lafayette": {"Citation Count": 10.333333333333332, "Publication Count": 0.3333333333333333}, "University of Erlangen-Nuremberg": {"Citation Count": 8.0, "Publication Count": 1.5}, "Indiana University Bloomington": {"Citation Count": 6.666666666666666, "Publication Count": 0.6666666666666666}, "Florida International University": {"Citation Count": 7.19047619047619, "Publication Count": 0.47619047619047616},