{"Peking University": {"Citation Count": 109.58928571428571, "Publication Count": 1.9107142857142858}, "University of Illinois Urbana-Champaign": {"Citation Count": 5.375, "Publication Count": 0.125}, "University of Michigan\u2013Ann Arbor": {"Citation Count": 5.375, "Publication Count": 0.125}, "Wandoujia Lab, Beijing, China": {"Citation Count": 5.375, "Publication Count": 0.125}, "Free University of Bozen-Bolzano": {"Citation Count": 116.93333333333332, "Publication Count": 0.8222222222222222}, "University of Molise": {"Citation Count": 40.86666666666667, "Publication Count": 0.3111111111111111}, "University of Sannio": {"Citation Count": 40.86666666666667, "Publication Count": 0.3111111111111111}, "The University of Texas at San Antonio": {"Citation Count": 77.125, "Publication Count": 0.9583333333333333}, "University of Texas at Dallas, Dallas,TX": {"Citation Count": 13.625, "Publication Count": 0.125}, "Carnegie Mellon University": {"Citation Count": 67.65, "Publication Count": 1.1166666666666667}, "Helmholtz Center for Information Security": {"Citation Count": 31.0, "Publication Count": 1.0}, "Nanyang Technological University": {"Citation Count": 27.333333333333332, "Publication Count": 0.6666666666666666}, "Iowa State University": {"Citation Count": 13.666666666666666, "Publication Count": 0.3333333333333333}, "Technical University of Darmstadt": {"Citation Count": 240.575, "Publication Count": 3.525}, "National University of Singapore": {"Citation Count": 358.8333333333333, "Publication Count": 2.1666666666666665}, "Bestseller E-commerce": {"Citation Count": 5.666666666666666, "Publication Count": 0.3333333333333333}, "Singapore University of Technology and Design": {"Citation Count": 5.142857142857142, "Publication Count": 0.2857142857142857}, "NUS (Singapore)": {"Citation Count": 5.142857142857142, "Publication Count": 0.2857142857142857}, "NTU, Singapore#TAB#": {"Citation Count": 5.142857142857142, "Publication Count": 0.2857142857142857}, "Universit\u00e9 Paris , France": {"Citation Count": 2.571428571428571, "Publication Count": 0.14285714285714285}, "UCLA Health": {"Citation Count": 40.0, "Publication Count": 0.25}, "Microsoft (United States)": {"Citation Count": 205.16666666666666, "Publication Count": 1.5416666666666665}, "University of California, Davis": {"Citation Count": 195.4904761904762, "Publication Count": 2.5047619047619047}, "University of Limerick": {"Citation Count": 172.66666666666666, "Publication Count": 0.6666666666666666}, "University of Auckland": {"Citation Count": 95.04761904761904, "Publication Count": 0.47619047619047616}, "GrammaTech (United States)": {"Citation Count": 3.6666666666666665, "Publication Count": 0.3333333333333333}, "University of Nebraska\u2013Lincoln": {"Citation Count": 8.666666666666666, "Publication Count": 1.0}, "ETH Zurich, SWITZERLAND": {"Citation Count": 59.0, "Publication Count": 1.0}, "University of Maryland, College Park": {"Citation Count": 18.0, "Publication Count": 0.6}, "Massachusetts Institute of Technology": {"Citation Count": 47.5, "Publication Count": 1.9}, "Indian Institute of Science Bangalore": {"Citation Count": 8.666666666666666, "Publication Count": 0.6666666666666666}, "IBM Research - India": {"Citation Count": 4.333333333333333, "Publication Count": 0.3333333333333333}, "Microsoft Research Asia (China)": {"Citation Count": 42.42857142857143, "Publication Count": 1.1428571428571428}, "Rutgers Sexual and Reproductive Health and Rights": {"Citation Count": 8.0, "Publication Count": 1.0}, "Auburn University": {"Citation Count": 35.5, "Publication Count": 1.5}, "Polytechnique Montr\u00e9al": {"Citation Count": 23.0, "Publication Count": 0.3333333333333333}, "University of Alberta": {"Citation Count": 11.5, "Publication Count": 0.16666666666666666}, "University of Delaware": {"Citation Count": 31.5, "Publication Count": 0.375}, "IBM Research - Almaden": {"Citation Count": 10.5, "Publication Count": 0.125}, "AbbVie (United States)": {"Citation Count": 11.833333333333334, "Publication Count": 0.4583333333333333}, "Google (United States)": {"Citation Count": 21.0, "Publication Count": 0.25}, "University of Southern California": {"Citation Count": 86.5, "Publication Count": 1.5}, "Universit\u00e0 della Svizzera italiana": {"Citation Count": 17.0, "Publication Count": 0.3333333333333333}, "Florida State University": {"Citation Count": 11.333333333333332, "Publication Count": 0.2222222222222222}, "Federal University of Technology \u2013 Paran\u00e1": {"Citation Count": 23.75, "Publication Count": 0.25}, "Federal University of Amazonas": {"Citation Count": 23.75, "Publication Count": 0.25}, "Hospital Universit\u00e1rio da Universidade de S\u00e3o Paulo": {"Citation Count": 47.5, "Publication Count": 0.5}, "Radboud University Nijmegen": {"Citation Count": 51.75, "Publication Count": 0.25}, "Delft University of Technology": {"Citation Count": 173.3, "Publication Count": 1.2666666666666666}, "University of Victoria": {"Citation Count": 60.464285714285715, "Publication Count": 0.39285714285714285}, "University of Waterloo": {"Citation Count": 466.79047619047617, "Publication Count": 2.0095238095238095}, "Queen's University": {"Citation Count": 226.25, "Publication Count": 1.5}, "Nara Institute of Science and Technology": {"Citation Count": 164.5, "Publication Count": 1.0}, "McGill University": {"Citation Count": 164.25, "Publication Count": 1.5}, "Renmin University of China": {"Citation Count": 37.761904761904766, "Publication Count": 1.6904761904761905}, "Institute of Software": {"Citation Count": 25.666666666666664, "Publication Count": 1.1666666666666667}, "Indian Institute of Technology Kanpur": {"Citation Count": 56.25, "Publication Count": 0.75}, "MSNW (United States)": {"Citation Count": 18.75, "Publication Count": 0.25}, "University of Pennsylvania": {"Citation Count": 41.666666666666664, "Publication Count": 0.3333333333333333}, "Microsoft Research (United Kingdom)": {"Citation Count": 56.46666666666667, "Publication Count": 0.7333333333333334}, "Computer Science Laboratory of the \u00c9cole Polytechnique": {"Citation Count": 41.666666666666664, "Publication Count": 0.3333333333333333}, "Technion": {"Citation Count": 4.666666666666666, "Publication Count": 0.6666666666666666}, "Academic College of Tel Aviv-Yafo": {"Citation Count": 2.333333333333333, "Publication Count": 0.3333333333333333}, "Nanjing University": {"Citation Count": 42.25595238095238, "Publication Count": 1.8273809523809523}, "Purdue University System": {"Citation Count": 14.571428571428571, "Publication Count": 0.42857142857142855}, "The Ohio State University": {"Citation Count": 4.857142857142857, "Publication Count": 0.14285714285714285}, "University of Adelaide": {"Citation Count": 81.16666666666667, "Publication Count": 0.6666666666666666}, "Ohio University": {"Citation Count": 201.0, "Publication Count": 1.0}, "Utah State University": {"Citation Count": 38.0, "Publication Count": 1.0}, "University of Virginia": {"Citation Count": 26.0, "Publication Count": 0.16666666666666666}, "Huawei Technologies (United Kingdom)": {"Citation Count": 26.0, "Publication Count": 0.16666666666666666}, "Pontifical Catholic University of Rio de Janeiro": {"Citation Count": 44.0, "Publication Count": 0.8}, "LAC+USC Medical Center": {"Citation Count": 11.0, "Publication Count": 0.2}, "University of Zurich": {"Citation Count": 107.2, "Publication Count": 1.4}, "Hong Kong University of Science and Technology": {"Citation Count": 41.5, "Publication Count": 1.75}, "Drexel University": {"Citation Count": 100.80000000000001, "Publication Count": 1.6}, "University of Hawaii System": {"Citation Count": 25.200000000000003, "Publication Count": 0.4}, "Oregon State University": {"Citation Count": 32.25, "Publication Count": 1.25}, "University of Luxembourg": {"Citation Count": 110.45, "Publication Count": 1.5166666666666668}, "UCL Australia": {"Citation Count": 42.800000000000004, "Publication Count": 0.4},