{"University of California, San Diego": {"Citation Count": 119.39047619047618, "Publication Count": 2.2095238095238097}, "Technical University of Denmark": {"Citation Count": 6.0, "Publication Count": 0.1}, "University of Naples Federico II": {"Citation Count": 18.0, "Publication Count": 0.3}, "Tsinghua University": {"Citation Count": 95.57142857142857, "Publication Count": 1.1428571428571428}, "University of Arizona": {"Citation Count": 13.0, "Publication Count": 1.0}, "ETH Zurich Zurich Switzerland": {"Citation Count": 30.0, "Publication Count": 1.6666666666666665}, "IBM Research - Zurich": {"Citation Count": 4.0, "Publication Count": 0.3333333333333333}, "UAM, Madrid, Spain": {"Citation Count": 9.666666666666666, "Publication Count": 0.3333333333333333}, "T\u00e9l\u00e9com Paris": {"Citation Count": 4.833333333333333, "Publication Count": 0.16666666666666666}, "University of Brescia": {"Citation Count": 14.5, "Publication Count": 0.5}, "Rutgers, The State University of New Jersey": {"Citation Count": 6.857142857142857, "Publication Count": 0.14285714285714285}, "Berkeley College": {"Citation Count": 48.57142857142857, "Publication Count": 0.3571428571428571}, "University of California, Berkeley": {"Citation Count": 51.99999999999999, "Publication Count": 0.42857142857142855}, "CNRS & UPMC, Paris, France": {"Citation Count": 6.857142857142857, "Publication Count": 0.14285714285714285}, "International Computer Science Institute": {"Citation Count": 17.142857142857142, "Publication Count": 0.35714285714285715}, "Swinburne University of Technology": {"Citation Count": 17.4, "Publication Count": 0.6}, "Asia Pacific Network Information Centre, Brisbane, Australia": {"Citation Count": 11.600000000000001, "Publication Count": 0.4}, "Purdue University West Lafayette": {"Citation Count": 12.0, "Publication Count": 0.6666666666666666}, "AT&T (United States)": {"Citation Count": 127.66666666666666, "Publication Count": 3.4999999999999996}, "USC/Information Sciences Institute, Los Angeles, CA, USA#TAB#": {"Citation Count": 33.0, "Publication Count": 1.0}, "Intel (United States)": {"Citation Count": 22.57142857142857, "Publication Count": 0.14285714285714285}, "Stony Brook University": {"Citation Count": 22.57142857142857, "Publication Count": 0.14285714285714285}, "University of Cambridge": {"Citation Count": 129.71428571428572, "Publication Count": 1.4285714285714286}, "UFMG, Belo horizonte, Brazil": {"Citation Count": 46.199999999999996, "Publication Count": 0.6}, "Pompeu Fabra University": {"Citation Count": 15.4, "Publication Count": 0.2}, "Korea Advanced Institute of Science and Technology": {"Citation Count": 15.4, "Publication Count": 0.2}, "University of California, Santa Barbara": {"Citation Count": 26.857142857142854, "Publication Count": 0.5714285714285714}, "Bell Laboratories, Dublin, Ireland": {"Citation Count": 6.7142857142857135, "Publication Count": 0.14285714285714285}, "Peking University": {"Citation Count": 6.7142857142857135, "Publication Count": 0.14285714285714285}, "University of Milan": {"Citation Count": 6.7142857142857135, "Publication Count": 0.14285714285714285}, "Institute of Computing Technology": {"Citation Count": 49.14285714285714, "Publication Count": 0.5714285714285714}, "French Institute for Research in Computer Science and Automation": {"Citation Count": 12.285714285714285, "Publication Count": 0.14285714285714285}, "PPTV, Shanghai, China": {"Citation Count": 24.57142857142857, "Publication Count": 0.2857142857142857}, "Swedish Institute": {"Citation Count": 28.0, "Publication Count": 0.5}, "TeliaSonera (Sweden)": {"Citation Count": 28.0, "Publication Count": 0.5}, "Akamai Technologies, Bangalore, India": {"Citation Count": 85.5, "Publication Count": 0.5}, "University of Massachusetts Amherst": {"Citation Count": 85.5, "Publication Count": 0.5}, "Stanford University": {"Citation Count": 290.0, "Publication Count": 1.0}, "Boston University": {"Citation Count": 48.0, "Publication Count": 2.0}, "National Research Council": {"Citation Count": 13.2, "Publication Count": 0.3}, "Italian Resuscitation Council": {"Citation Count": 8.8, "Publication Count": 0.2}, "University of Pisa": {"Citation Count": 13.2, "Publication Count": 0.3}, "IMT School for Advanced Studies Lucca": {"Citation Count": 8.8, "Publication Count": 0.2}, "University of Southern California": {"Citation Count": 21.0, "Publication Count": 1.0}, "University of Wisconsin\u2013Madison": {"Citation Count": 115.46666666666667, "Publication Count": 1.5666666666666667}, "Colgate University": {"Citation Count": 80.33333333333333, "Publication Count": 0.8333333333333333}, "University of Connecticut": {"Citation Count": 47.2, "Publication Count": 0.8}, "Illinois State University": {"Citation Count": 11.8, "Publication Count": 0.2}, "North Carolina State University": {"Citation Count": 117.58333333333333, "Publication Count": 1.0833333333333333}, "Ulsan National Institute of Science and Technology": {"Citation Count": 36.75, "Publication Count": 0.25}, "Polytechnic University of Turin": {"Citation Count": 180.70476190476188, "Publication Count": 1.0761904761904761}, "Telefonica Research and Development": {"Citation Count": 52.64285714285714, "Publication Count": 1.0357142857142856}, "Queen Mary University of London": {"Citation Count": 22.57142857142857, "Publication Count": 0.14285714285714285}, "University of Michigan\u2013Ann Arbor": {"Citation Count": 37.199999999999996, "Publication Count": 0.6}, "IBM (United States)": {"Citation Count": 14.666666666666666, "Publication Count": 0.6666666666666666}, "New York University": {"Citation Count": 47.0, "Publication Count": 0.5}, "SUNY Polytechnic Institute": {"Citation Count": 47.0, "Publication Count": 0.5}, "Georgia Institute of Technology": {"Citation Count": 17.333333333333332, "Publication Count": 0.6666666666666666}, "Microsoft (United States)": {"Citation Count": 8.666666666666666, "Publication Count": 0.3333333333333333}, "Narus, Sunnyvale, CA, USA": {"Citation Count": 35.2, "Publication Count": 0.4}, "University of Illinois at Chicago": {"Citation Count": 6.800000000000001, "Publication Count": 0.2}, "Deutsche Telekom (Germany)": {"Citation Count": 2.6666666666666665, "Publication Count": 0.3333333333333333}, "Technical University of Berlin": {"Citation Count": 2.6666666666666665, "Publication Count": 0.3333333333333333}, "Modas GmbH, Berlin, Germany": {"Citation Count": 2.6666666666666665, "Publication Count": 0.3333333333333333}, "Princeton University": {"Citation Count": 9.5, "Publication Count": 0.5}, "University of Maryland, College Park,MD,USA.": {"Citation Count": 9.5, "Publication Count": 0.5}, "University of California, Davis": {"Citation Count": 13.333333333333334, "Publication Count": 0.8333333333333334}, "University of Twente": {"Citation Count": 210.66666666666666, "Publication Count": 0.6666666666666666}, "Marina Del Rey Hospital": {"Citation Count": 3.0, "Publication Count": 1.0}, "Cyprus University of Technology": {"Citation Count": 2.5, "Publication Count": 0.25}, "Northwestern University": {"Citation Count": 82.0, "Publication Count": 1.0}, "Simula Research Laboratory": {"Citation Count": 12.333333333333332, "Publication Count": 0.16666666666666666}, "RIPE-NCC, Amsterdam, Netherlands": {"Citation Count": 12.333333333333332, "Publication Count": 0.16666666666666666}, "University of Waikato": {"Citation Count": 7.0, "Publication Count": 1.0}}