{"ETH Zurich": {"Citation Count": 94.0, "Publication Count": 2.0}, "Kista Photonics Research Center": {"Citation Count": 12.333333333333332, "Publication Count": 0.3333333333333333}, "University College London": {"Citation Count": 0.8333333333333333, "Publication Count": 0.08333333333333333}, "Vrije Universiteit Brussel": {"Citation Count": 0.8333333333333333, "Publication Count": 0.08333333333333333}, "iMinds": {"Citation Count": 0.8333333333333333, "Publication Count": 0.08333333333333333}, "UCL Australia": {"Citation Count": 7.5, "Publication Count": 0.75}, "University of Wisconsin\u2013Madison": {"Citation Count": 7.0, "Publication Count": 1.0}, "Stony Brook University": {"Citation Count": 4.035714285714286, "Publication Count": 0.5357142857142857}, "Technion \u2013 Israel Institute of Technology": {"Citation Count": 1.1428571428571428, "Publication Count": 0.14285714285714285}, "University of Arizona": {"Citation Count": 1.1428571428571428, "Publication Count": 0.14285714285714285}, "Columbia University": {"Citation Count": 1.1428571428571428, "Publication Count": 0.14285714285714285}, "Akamai (United States)": {"Citation Count": 1.1428571428571428, "Publication Count": 0.14285714285714285}, "Ben-Gurion University of the Negev": {"Citation Count": 1.1428571428571428, "Publication Count": 0.14285714285714285}, "West Virginia University": {"Citation Count": 8.0, "Publication Count": 1.0}, "University of Maryland, Baltimore County": {"Citation Count": 28.833333333333336, "Publication Count": 1.8333333333333335}, "University of Arkansas at Fayetteville": {"Citation Count": 2.1666666666666665, "Publication Count": 0.16666666666666666}, "IMDEA Networks": {"Citation Count": 11.333333333333332, "Publication Count": 0.3333333333333333}, "armasuisse,Thun,SWITZERLAND": {"Citation Count": 11.333333333333332, "Publication Count": 0.3333333333333333}, "Michigan State University": {"Citation Count": 14.083333333333334, "Publication Count": 1.5833333333333335}, "Digital Science (United States)": {"Citation Count": 1.9583333333333333, "Publication Count": 0.20833333333333331}, "Advanced Digital Sciences Center": {"Citation Count": 1.9583333333333333, "Publication Count": 0.20833333333333331}, "University of Iowa": {"Citation Count": 28.0, "Publication Count": 1.0}, "Delft University of Technology": {"Citation Count": 33.25, "Publication Count": 1.25}, "Tsinghua University": {"Citation Count": 13.600000000000001, "Publication Count": 0.4}, "Microsoft Research (United Kingdom)": {"Citation Count": 37.1, "Publication Count": 0.9}, "University of California, Davis": {"Citation Count": 9.633333333333333, "Publication Count": 0.3666666666666667}, "Indian Institute of Science Bangalore": {"Citation Count": 28.0, "Publication Count": 0.5}, "UNSW Sydney": {"Citation Count": 44.666666666666664, "Publication Count": 0.8333333333333333}, "Commonwealth Scientific and Industrial Research Organisation": {"Citation Count": 37.333333333333336, "Publication Count": 0.6666666666666666}, "Uppsala University": {"Citation Count": 14.666666666666666, "Publication Count": 0.3333333333333333}, "Xandem Technology (United States)": {"Citation Count": 3.6666666666666665, "Publication Count": 0.08333333333333333}, "University of Utah": {"Citation Count": 3.6666666666666665, "Publication Count": 0.08333333333333333}, "Microsoft (United States)": {"Citation Count": 84.66666666666666, "Publication Count": 0.3333333333333333}, "Intel (United States)": {"Citation Count": 44.33333333333333, "Publication Count": 0.3333333333333333}, "University of Illinois Urbana-Champaign": {"Citation Count": 74.22222222222221, "Publication Count": 0.9444444444444444}, "Technical University of Berlin": {"Citation Count": 42.33333333333333, "Publication Count": 0.16666666666666666}, "Hewlett-Packard (United States)": {"Citation Count": 42.33333333333333, "Publication Count": 0.16666666666666666}, "University of California Los Angeles, CA,": {"Citation Count": 17.5, "Publication Count": 0.5}, "DEVCOM Army Research Laboratory": {"Citation Count": 10.38888888888889, "Publication Count": 0.2777777777777778}, "University of Aberdeen": {"Citation Count": 11.666666666666666, "Publication Count": 0.3333333333333333}, "University at Buffalo, State University of New York": {"Citation Count": 4.555555555555555, "Publication Count": 0.1111111111111111}, "Keio University": {"Citation Count": 2.833333333333333, "Publication Count": 0.16666666666666666}, "Institute for Infocomm Research": {"Citation Count": 2.833333333333333, "Publication Count": 0.16666666666666666}, "Singapore Management University": {"Citation Count": 8.5, "Publication Count": 0.5}, "University of Minnesota System": {"Citation Count": 5.0, "Publication Count": 0.2}, "Chinese Academy of Sciences": {"Citation Count": 10.0, "Publication Count": 0.4}, "Shanghai Jiao Tong University": {"Citation Count": 19.25, "Publication Count": 0.55}, "University of Minnesota": {"Citation Count": 2.5, "Publication Count": 0.1}, "University of Trento": {"Citation Count": 7.7142857142857135, "Publication Count": 0.2857142857142857}, "Fondazione Bruno Kessler": {"Citation Count": 3.8571428571428568, "Publication Count": 0.14285714285714285}, "Fondazione Edmund Mach": {"Citation Count": 7.7142857142857135, "Publication Count": 0.2857142857142857}, "TRETEC, Trento, Italy": {"Citation Count": 3.8571428571428568, "Publication Count": 0.14285714285714285}, "DREAM-IT, Pistoia, Italy": {"Citation Count": 3.8571428571428568, "Publication Count": 0.14285714285714285}, "University of Virginia": {"Citation Count": 2.0, "Publication Count": 1.0}, "Purdue University System": {"Citation Count": 10.5, "Publication Count": 0.75}, "Technical University of Darmstadt": {"Citation Count": 3.5, "Publication Count": 0.25}, "USTC China": {"Citation Count": 11.75, "Publication Count": 0.25}, "Hospital das Cl\u00ednicas da Universidade Federal de Minas Gerais": {"Citation Count": 10.0, "Publication Count": 0.8333333333333334}}