{"Royal Institute of Technology": {"Citation Count": 2.0, "Publication Count": 1.0}, "Augusta University": {"Citation Count": 1.75, "Publication Count": 0.25}, "University of Liverpool": {"Citation Count": 2.25, "Publication Count": 0.375}, "University of Wroc\u0142aw": {"Citation Count": 5.666666666666666, "Publication Count": 1.3333333333333333}, "Massachusetts Institute of Technology": {"Citation Count": 9.333333333333332, "Publication Count": 0.3333333333333333}, "University of Washington": {"Citation Count": 15.066666666666666, "Publication Count": 0.8666666666666667}, "The University of Texas at Austin": {"Citation Count": 9.333333333333332, "Publication Count": 0.3333333333333333}, "University of Oxford": {"Citation Count": 1.0, "Publication Count": 1.125}, "Queen Mary University of London": {"Citation Count": 0.5, "Publication Count": 0.5}, "French Institute for Research in Computer Science and Automation": {"Citation Count": 6.333333333333333, "Publication Count": 1.0}, "University of Chile": {"Citation Count": 1.6666666666666665, "Publication Count": 0.3333333333333333}, "University of Warsaw": {"Citation Count": 5.7666666666666675, "Publication Count": 0.4555555555555556}, "University of Warwick": {"Citation Count": 4.800000000000001, "Publication Count": 0.95}, "University of Bordeaux": {"Citation Count": 3.3833333333333333, "Publication Count": 0.5055555555555555}, "Max Planck Institute for Software Systems": {"Citation Count": 4.466666666666667, "Publication Count": 0.5333333333333333}, "Centrum Wiskunde & Informatica": {"Citation Count": 4.5, "Publication Count": 0.5}, "Leiden University": {"Citation Count": 1.5, "Publication Count": 0.16666666666666666}, "Laboratoire Bordelais de Recherche en Informatique": {"Citation Count": 0.5833333333333333, "Publication Count": 0.3055555555555555}, "Claude Bernard University Lyon 1": {"Citation Count": 0.8194444444444444, "Publication Count": 0.27314814814814814}, "University of Lyon System": {"Citation Count": 0.4444444444444444, "Publication Count": 0.14814814814814814}, "Grenoble Institute of Technology": {"Citation Count": 0.16666666666666666, "Publication Count": 0.05555555555555555}, "Laboratoire des Sciences pour la Conception, l'Optimisation et la Production": {"Citation Count": 0.16666666666666666, "Publication Count": 0.05555555555555555}, "City, University of London": {"Citation Count": 0.3333333333333333, "Publication Count": 0.1111111111111111}, "Universit\u00e9 Paris Dauphine-PSL": {"Citation Count": 0.6666666666666666, "Publication Count": 0.2222222222222222}, "Warsaw University of Technology": {"Citation Count": 0.16666666666666666, "Publication Count": 0.05555555555555555}, "Institut Universitaire de France": {"Citation Count": 0.1111111111111111, "Publication Count": 0.037037037037037035}, "University of Southern California": {"Citation Count": 0.75, "Publication Count": 0.5833333333333333}, "Northwestern University": {"Citation Count": 0.75, "Publication Count": 0.25}, "Cornell University": {"Citation Count": 0.75, "Publication Count": 0.25}, "University of Chicago": {"Citation Count": 0.75, "Publication Count": 0.25}, "University of California, Berkeley": {"Citation Count": 13.975000000000001, "Publication Count": 1.758333333333333}, "Microsoft Research (India)": {"Citation Count": 5.4, "Publication Count": 0.2}, "Duke University": {"Citation Count": 5.4, "Publication Count": 0.2}, "Royal Holloway University of London": {"Citation Count": 0.0, "Publication Count": 0.5}, "University of Toronto": {"Citation Count": 0.0, "Publication Count": 0.5}, "Coventry (United Kingdom)": {"Citation Count": 1.0, "Publication Count": 0.5}, "Helmholtz Center for Information Security": {"Citation Count": 0.375, "Publication Count": 0.875}, "Microsoft (United States)": {"Citation Count": 6.333333333333333, "Publication Count": 1.3333333333333333}, "Princeton University": {"Citation Count": 2.0, "Publication Count": 0.5}, "National University of Singapore": {"Citation Count": 0.375, "Publication Count": 0.125}, "Hungarian Academy of Sciences": {"Citation Count": 0.1875, "Publication Count": 0.0625}, "Institute for Computer Science and Control": {"Citation Count": 0.1875, "Publication Count": 0.0625}, "Indian Institute of Science Bangalore": {"Citation Count": 0.375, "Publication Count": 0.125}, "Weizmann Institute of Science": {"Citation Count": 0.7083333333333333, "Publication Count": 0.4583333333333333}, "Nanjing University": {"Citation Count": 1.375, "Publication Count": 0.625}, "Amazon (United States)": {"Citation Count": 0.0, "Publication Count": 0.3333333333333333}, "Alibaba Group (United States)": {"Citation Count": 0.0, "Publication Count": 0.3333333333333333}, "The Ohio State University": {"Citation Count": 0.0, "Publication Count": 0.3333333333333333}, "Institute of Computer Science": {"Citation Count": 0.5, "Publication Count": 0.5}, "Sharif University of Technology": {"Citation Count": 1.7999999999999998, "Publication Count": 0.3}, "University of Maryland, College Park": {"Citation Count": 2.4000000000000004, "Publication Count": 0.4}, "Institute for Research in Fundamental Sciences": {"Citation Count": 0.6000000000000001, "Publication Count": 0.1}, "Toyota Technological Institute at Chicago": {"Citation Count": 2.95, "Publication Count": 0.45}, "Health Affairs": {"Citation Count": 0.0, "Publication Count": 1.0}, "ETH Zurich": {"Citation Count": 2.35, "Publication Count": 0.45}, "University of Michigan\u2013Ann Arbor": {"Citation Count": 1.75, "Publication Count": 0.25}, "Columbia University": {"Citation Count": 1.75, "Publication Count": 0.25}, "Imperial College London": {"Citation Count": 1.0, "Publication Count": 1.0}, "Universitat Polit\u00e8cnica de Catalunya": {"Citation Count": 0.0, "Publication Count": 0.6666666666666666}, "Institute of Mathematics of the Czech Academy of Sciences Czech Republic": {"Citation Count": 0.0, "Publication Count": 0.16666666666666666}, "Sapienza University of Rome": {"Citation Count": 0.0, "Publication Count": 0.16666666666666666}, "University of Copenhagen, Denmark and Lund University, Sweden": {"Citation Count": 0.0, "Publication Count": 0.16666666666666666}, "Steklov Mathematical Institute": {"Citation Count": 0.0, "Publication Count": 0.16666666666666666}, "Google (United States)": {"Citation Count": 4.0, "Publication Count": 0.5}, "University of Cambridge": {"Citation Count": 0.0, "Publication Count": 0.3333333333333333}, "University of Siegen": {"Citation Count": 1.6666666666666665, "Publication Count": 0.3333333333333333}, "Charles University": {"Citation Count": 8.666666666666666, "Publication Count": 0.8333333333333333}, "Durham University": {"Citation Count": 7.0, "Publication Count": 0.5}, "Universit\u00e9 Paris Cit\u00e9": {"Citation Count": 0.0, "Publication Count": 0.125}, "Sorbonne University": {"Citation Count": 0.0, "Publication Count": 0.125}, "Universit\u00e9 Gustave Eiffel": {"Citation Count": 0.0, "Publication Count": 0.5}, "Stanford University": {"Citation Count": 1.4000000000000001, "Publication Count": 1.2}, "Universit\u00e9 de Sherbrooke": {"Citation Count": 0.5, "Publication Count": 0.125}, "University of Paris-Saclay": {"Citation Count": 2.5, "Publication Count": 0.7916666666666666}, "University of Kassel": {"Citation Count": 0.5, "Publication Count": 0.125}, "Universit\u00e9 de Montr\u00e9al": {"Citation Count": 0.5, "Publication Count": 0.125}, "Amazon (Germany)": {"Citation Count": 0.0, "Publication Count": 0.25}, "University of Strathclyde": {"Citation Count": 0.0, "Publication Count": 0.25}, "Carnegie Mellon University": {"Citation Count": 10.25, "Publication Count": 2.25}, "TU Wien": {"Citation Count": 3.25, "Publication Count": 1.0833333333333333}, "Birkbeck, University of London": {"Citation Count": 0.75, "Publication Count": 0.25}, "University of Technology": {"Citation Count": 2.4000000000000004, "Publication Count": 0.8}, "University of Edinburgh": {"Citation Count": 0.5, "Publication Count": 0.25},