{"Computer Science Laboratory of Lille": {"Citation Count": 1.1818181818181819, "Publication Count": 0.09090909090909091}, "University of Virginia": {"Citation Count": 2.3636363636363638, "Publication Count": 0.18181818181818182}, ", AMD Research": {"Citation Count": 1.1818181818181819, "Publication Count": 0.09090909090909091}, "Chinese Academy of Sciences": {"Citation Count": 1.1818181818181819, "Publication Count": 0.09090909090909091}, "University of Chinese Academy of Sciences": {"Citation Count": 1.1818181818181819, "Publication Count": 0.09090909090909091}, "IBM Research - Thomas J. Watson Research Center": {"Citation Count": 2.3636363636363638, "Publication Count": 0.18181818181818182}, "Hewlett-Packard (United States)": {"Citation Count": 1.8484848484848486, "Publication Count": 0.4242424242424242}, "University of Wisconsin\u2013Madison": {"Citation Count": 16.28181818181818, "Publication Count": 2.990909090909091}, "Google (United States)": {"Citation Count": 9.750740487582593, "Publication Count": 1.4674755069491912}, "University of Illinois Urbana-Champaign": {"Citation Count": 5.7666666666666675, "Publication Count": 0.48333333333333334}, "Seoul National University": {"Citation Count": 4.9, "Publication Count": 0.5}, "Chalmers University of Technology": {"Citation Count": 4.666666666666666, "Publication Count": 0.6666666666666666}, "Erasmus MC": {"Citation Count": 2.333333333333333, "Publication Count": 0.3333333333333333}, "University of Minnesota System": {"Citation Count": 2.0, "Publication Count": 1.0}, "Carnegie Mellon University": {"Citation Count": 19.766666666666666, "Publication Count": 0.8833333333333333}, "Jonetix": {"Citation Count": 0.6666666666666666, "Publication Count": 0.3333333333333333}, "University of California, Berkeley": {"Citation Count": 69.16666666666667, "Publication Count": 1.1666666666666667}, "Advanced Micro Devices (Canada)": {"Citation Count": 6.166666666666667, "Publication Count": 1.1666666666666667}, "Intel (United Kingdom)": {"Citation Count": 375.0, "Publication Count": 2.0}, "Xilinx (United States)": {"Citation Count": 21.0, "Publication Count": 1.0}, "University of California, Davis": {"Citation Count": 0.0, "Publication Count": 0.5}, "AxStream": {"Citation Count": 0.0, "Publication Count": 0.5}, "Duke University": {"Citation Count": 0.0, "Publication Count": 0.5}, "French Institute for Research in Computer Science and Automation": {"Citation Count": 1.0, "Publication Count": 0.3333333333333333}, "University of Toronto": {"Citation Count": 2.0, "Publication Count": 0.6666666666666666}, "University of Michigan\u2013Ann Arbor": {"Citation Count": 8.373737373737374, "Publication Count": 2.1313131313131315}, "Federal University of Bahia": {"Citation Count": 0.18181818181818182, "Publication Count": 0.09090909090909091}, "Harvard University Press": {"Citation Count": 2.571428571428571, "Publication Count": 0.2857142857142857}, "Sungkyunkwan University": {"Citation Count": 0.7777777777777777, "Publication Count": 0.1111111111111111}, "Pennsylvania State University": {"Citation Count": 17.22222222222222, "Publication Count": 0.5555555555555556}, "IBM (United States)": {"Citation Count": 3.444444444444444, "Publication Count": 0.1111111111111111}, "University of California, Santa Barbara": {"Citation Count": 6.888888888888888, "Publication Count": 0.2222222222222222}, "Tsinghua University": {"Citation Count": 3.444444444444444, "Publication Count": 0.1111111111111111}, "Intel (United States)": {"Citation Count": 12.55, "Publication Count": 1.15}, "Massachusetts Institute of Technology": {"Citation Count": 13.257894736842104, "Publication Count": 0.6263157894736842}, "University of Washington": {"Citation Count": 4.2, "Publication Count": 0.2}, "Nvidia (United Kingdom)": {"Citation Count": 4.2, "Publication Count": 0.2}, "Barcelona Supercomputing Center": {"Citation Count": 28.644444444444442, "Publication Count": 1.0444444444444443}, "Microsoft Research (United Kingdom)": {"Citation Count": 3.1111111111111107, "Publication Count": 0.1111111111111111}, "Instituci\u00f3 Catalana de Recerca i Estudis Avan\u00e7ats": {"Citation Count": 5.811111111111111, "Publication Count": 0.2111111111111111}, "ETH Z\u00fcrich": {"Citation Count": 2.5, "Publication Count": 0.5}, "Canadian Nautical Research Society": {"Citation Count": 1.25, "Publication Count": 0.25}, "Algo-Logic Systems": {"Citation Count": 4.0, "Publication Count": 1.0}, "Kitware (United States)": {"Citation Count": 1.0, "Publication Count": 1.0}, "University of Chicago": {"Citation Count": 0.16666666666666666, "Publication Count": 0.16666666666666666}, "University of Rhode Island": {"Citation Count": 0.3333333333333333, "Publication Count": 0.3333333333333333}, "Dechert": {"Citation Count": 0.3333333333333333, "Publication Count": 0.3333333333333333}, "The University of Texas at Austin": {"Citation Count": 0.5, "Publication Count": 0.41666666666666663}, "ETH Zurich": {"Citation Count": 0.3333333333333333, "Publication Count": 0.16666666666666666}, "Stanford University": {"Citation Count": 0.16666666666666666, "Publication Count": 0.08333333333333333}, "Verdande Group": {"Citation Count": 0.3333333333333333, "Publication Count": 0.16666666666666666}, "Cadence Design Systems (United States)": {"Citation Count": 0.16666666666666666, "Publication Count": 0.08333333333333333}, "Samsung (United States)": {"Citation Count": 0.16666666666666666, "Publication Count": 0.08333333333333333}, "Apple (Germany)": {"Citation Count": 0.16666666666666666, "Publication Count": 0.08333333333333333}, "Santa Clara University": {"Citation Count": 0.16666666666666666, "Publication Count": 0.08333333333333333}, "Princeton University": {"Citation Count": 62.0, "Publication Count": 1.75}, "George Washington University": {"Citation Count": 22.0, "Publication Count": 1.0}, "University of Cambridge": {"Citation Count": 11.842105263157894, "Publication Count": 0.47368421052631576}, "SRI International": {"Citation Count": 3.9473684210526314, "Publication Count": 0.15789473684210525}, "Memorial": {"Citation Count": 0.6578947368421052, "Publication Count": 0.02631578947368421}, "Memorial University of Newfoundland": {"Citation Count": 0.6578947368421052, "Publication Count": 0.02631578947368421}, "Bridge University": {"Citation Count": 1.3157894736842104, "Publication Count": 0.05263157894736842}, "\u00c9cole Centrale d'\u00c9lectronique": {"Citation Count": 2.631578947368421, "Publication Count": 0.10526315789473684}, "University College London": {"Citation Count": 1.3157894736842104, "Publication Count": 0.05263157894736842}, "New York University": {"Citation Count": 0.5, "Publication Count": 0.25}, "New York University Abu Dhabi": {"Citation Count": 1.0, "Publication Count": 0.5}, "Indian Institute of Technology Tirupati": {"Citation Count": 0.5, "Publication Count": 0.25}, "Technical University of Darmstadt": {"Citation Count": 32.0, "Publication Count": 1.0}, "Pohang University of Science and Technology": {"Citation Count": 5.0, "Publication Count": 1.0}, "University of Padua": {"Citation Count": 26.285714285714285, "Publication Count": 0.2857142857142857}, "University of Turku": {"Citation Count": 52.57142857142857, "Publication Count": 0.5714285714285714}, "Consorzio Nazionale Interuniversitario per le Telecomunicazioni": {"Citation Count": 13.142857142857142, "Publication Count": 0.14285714285714285}, "Cisco Systems (United States)": {"Citation Count": 5.4, "Publication Count": 0.2}, "Universitat Polit\u00e8cnica de Catalunya": {"Citation Count": 2.7, "Publication Count": 0.1}, "American Rock Mechanics Association": {"Citation Count": 8.5, "Publication Count": 0.5}, "IBM Research - Zurich": {"Citation Count": 0.75, "Publication Count": 0.75}, "IBM SYSTEMS AND TECHNOLOGY GROUP#TAB#": {"Citation Count": 0.125, "Publication Count": 0.125}, "IBM research": {"Citation Count": 0.125, "Publication Count": 0.125}}