{"Bell Labs India, Bangalore, India": {"Citation Count": 50.666666666666664, "Publication Count": 0.6666666666666666}, "Stony Brook University": {"Citation Count": 12.666666666666666, "Publication Count": 0.16666666666666666}, "State University of New York": {"Citation Count": 12.666666666666666, "Publication Count": 0.16666666666666666}, "The Hong Kong University of Science, and Technology, Hong Kong, Hong Kong": {"Citation Count": 67.2, "Publication Count": 0.4}, "Beijing University of Posts and Telecommunications": {"Citation Count": 67.2, "Publication Count": 0.4}, "University of Michigan\u2013Ann Arbor": {"Citation Count": 33.6, "Publication Count": 0.2}, "Virginia Tech Services": {"Citation Count": 174.0, "Publication Count": 1.0}, "University of Arizona": {"Citation Count": 106.0, "Publication Count": 1.0}, "Microsoft Research Asia (China)": {"Citation Count": 333.31331168831167, "Publication Count": 1.2711038961038963}, "Tsinghua University": {"Citation Count": 13.214285714285714, "Publication Count": 0.07142857142857142}, "Beijing Jiaotong University": {"Citation Count": 13.214285714285714, "Publication Count": 0.07142857142857142}, "University of California, San Diego": {"Citation Count": 26.428571428571427, "Publication Count": 0.14285714285714285}, "Duke University": {"Citation Count": 822.3333333333334, "Publication Count": 2.6666666666666665}, "University of South Carolina": {"Citation Count": 12.666666666666666, "Publication Count": 0.3333333333333333}, "University of Pittsburgh": {"Citation Count": 26.666666666666664, "Publication Count": 0.3333333333333333}, "Pittsburg State University": {"Citation Count": 26.666666666666664, "Publication Count": 0.3333333333333333}, "Cornell University": {"Citation Count": 26.666666666666664, "Publication Count": 0.3333333333333333}, "Indian Institute of Technology Bombay": {"Citation Count": 156.0, "Publication Count": 1.0}, "University College London": {"Citation Count": 8.333333333333332, "Publication Count": 0.16666666666666666}, "University of Cambridge": {"Citation Count": 8.333333333333332, "Publication Count": 0.16666666666666666}, "Chinese University of Hong Kong": {"Citation Count": 33.33333333333333, "Publication Count": 0.6666666666666666}, "North Carolina State University": {"Citation Count": 21.0, "Publication Count": 1.0}, "Shanghai Jiao Tong University": {"Citation Count": 199.95833333333334, "Publication Count": 1.0416666666666665}, "Purdue University West Lafayette": {"Citation Count": 14.666666666666666, "Publication Count": 0.3333333333333333}, "University of Minnesota": {"Citation Count": 65.625, "Publication Count": 0.375}, "Twin Cities Orthopedics": {"Citation Count": 65.625, "Publication Count": 0.375}, "University of Massachusetts Amherst": {"Citation Count": 151.75, "Publication Count": 1.0}, "University at Buffalo, State University of New York": {"Citation Count": 113.75, "Publication Count": 0.25}, "Michigan State University": {"Citation Count": 21.166666666666664, "Publication Count": 0.16666666666666666}, "City University of Hong Kong": {"Citation Count": 63.5, "Publication Count": 0.5}, "University of Massachusetts Lowell": {"Citation Count": 21.166666666666664, "Publication Count": 0.16666666666666666}, "National Yang Ming Chiao Tung University": {"Citation Count": 21.166666666666664, "Publication Count": 0.16666666666666666}, "University of Pennsylvania": {"Citation Count": 44.666666666666664, "Publication Count": 0.6666666666666666}, "Bell Laboratories, Alcatel-Lucent, Murray Hill, NJ, USA#TAB#": {"Citation Count": 22.333333333333332, "Publication Count": 0.3333333333333333}, "\u00c9cole Polytechnique F\u00e9d\u00e9rale de Lausanne": {"Citation Count": 36.0, "Publication Count": 0.25}, "Massachusetts Institute of Technology": {"Citation Count": 109.5, "Publication Count": 0.75}, "RKF Engineering Solutions, LLC, Washington, DC, USA": {"Citation Count": 36.5, "Publication Count": 0.25}, "Princeton University": {"Citation Count": 40.0, "Publication Count": 0.6666666666666666}, "NEC Laboratories America, Princeton, USA": {"Citation Count": 20.0, "Publication Count": 0.3333333333333333}, "UCLA Health": {"Citation Count": 137.45454545454547, "Publication Count": 0.8181818181818182}, "Georgia Institute of Technology": {"Citation Count": 24.0, "Publication Count": 1.0}, "National University of Singapore": {"Citation Count": 42.75, "Publication Count": 0.75}, "Palo Alto University": {"Citation Count": 7.125, "Publication Count": 0.125}, "Stanford University": {"Citation Count": 7.125, "Publication Count": 0.125}, "Columbia University": {"Citation Count": 84.0, "Publication Count": 1.0}, "Samsung (South Korea)": {"Citation Count": 15.0, "Publication Count": 1.0}, "Heinrich Heine University D\u00fcsseldorf": {"Citation Count": 53.0, "Publication Count": 1.0}, "University of Wisconsin\u2013Madison": {"Citation Count": 66.42857142857143, "Publication Count": 0.42857142857142855}, "University of Waterloo": {"Citation Count": 44.285714285714285, "Publication Count": 0.2857142857142857}, "Intel (United States)": {"Citation Count": 22.142857142857142, "Publication Count": 0.14285714285714285}, "Google (United States)": {"Citation Count": 22.142857142857142, "Publication Count": 0.14285714285714285}, "Lancaster University": {"Citation Count": 36.0, "Publication Count": 1.0}, "University of Utah": {"Citation Count": 326.6666666666667, "Publication Count": 0.8333333333333334}, "University of California, Riverside": {"Citation Count": 65.33333333333333, "Publication Count": 0.16666666666666666}, "Harvard University Press": {"Citation Count": 54.0, "Publication Count": 1.0}}