{"Universidad del Noreste": {"Citation Count": 18.666666666666664, "Publication Count": 1.6666666666666665}, "University of Padua": {"Citation Count": 6.333333333333333, "Publication Count": 0.3333333333333333}, "University of Toronto": {"Citation Count": 8.0, "Publication Count": 1.0}, "North Carolina State University": {"Citation Count": 0.16666666666666666, "Publication Count": 0.16666666666666666}, "Arizona State University": {"Citation Count": 0.3333333333333333, "Publication Count": 0.3333333333333333}, "Syracuse University": {"Citation Count": 0.16666666666666666, "Publication Count": 0.16666666666666666}, "Colorado School of Mines": {"Citation Count": 0.16666666666666666, "Publication Count": 0.16666666666666666}, "National Institute of Informatics": {"Citation Count": 0.16666666666666666, "Publication Count": 0.16666666666666666}, "Duke University": {"Citation Count": 1.5, "Publication Count": 0.75}, "Quantil Inc.": {"Citation Count": 0.5, "Publication Count": 0.25}, "National Yang Ming Chiao Tung University": {"Citation Count": 1.3333333333333333, "Publication Count": 0.3333333333333333}, "Texas A&M University": {"Citation Count": 2.6666666666666665, "Publication Count": 0.6666666666666666}, "The Ohio State University": {"Citation Count": 21.833333333333332, "Publication Count": 2.0833333333333335}, "Auburn University": {"Citation Count": 6.5, "Publication Count": 0.25}, "Khwaja Fareed University of Engineering and Information Technology": {"Citation Count": 0.6666666666666666, "Publication Count": 0.3333333333333333}, "Hanyang University": {"Citation Count": 1.3333333333333333, "Publication Count": 0.6666666666666666}, "Shanghai Jiao Tong University": {"Citation Count": 0.75, "Publication Count": 0.75}, "Purdue University System": {"Citation Count": 0.25, "Publication Count": 0.25}, "Wuhan University": {"Citation Count": 4.928571428571429, "Publication Count": 1.2142857142857144}, "Adobe Systems (United States)": {"Citation Count": 0.2857142857142857, "Publication Count": 0.14285714285714285}, "Chinese Academy of Sciences, P.R China": {"Citation Count": 0.2857142857142857, "Publication Count": 0.14285714285714285}, "Northwestern University": {"Citation Count": 0.0, "Publication Count": 0.9166666666666666}, "Princeton University": {"Citation Count": 0.0, "Publication Count": 0.5}, "Chinese University of Hong Kong, Shenzhen": {"Citation Count": 0.0, "Publication Count": 0.25}, "University of Science and Technology of China": {"Citation Count": 9.285714285714286, "Publication Count": 0.7142857142857143}, "Microsoft Research Asia (China)": {"Citation Count": 1.857142857142857, "Publication Count": 0.14285714285714285}, "Weizmann Institute of Science": {"Citation Count": 1.857142857142857, "Publication Count": 0.14285714285714285}, "Chinese University of Hong Kong": {"Citation Count": 2.1, "Publication Count": 0.3}, "University of Oregon": {"Citation Count": 1.4000000000000001, "Publication Count": 0.2}, "Yale University": {"Citation Count": 3.0, "Publication Count": 0.5}, "New York University": {"Citation Count": 3.0, "Publication Count": 0.5}, "Naver (South Korea)": {"Citation Count": 0.3333333333333333, "Publication Count": 0.3333333333333333}, "Pohang University of Science and Technology": {"Citation Count": 0.3333333333333333, "Publication Count": 0.3333333333333333}, "Korea Advanced Institute of Science and Technology": {"Citation Count": 0.3333333333333333, "Publication Count": 0.3333333333333333}, "University of Arizona": {"Citation Count": 0.375, "Publication Count": 0.375}, "University of Cincinnati": {"Citation Count": 0.125, "Publication Count": 0.125}, "Huaqiao University": {"Citation Count": 0.125, "Publication Count": 0.125}, "Stony Brook University": {"Citation Count": 0.375, "Publication Count": 0.375}, "Beijing Institute of Technology": {"Citation Count": 0.0, "Publication Count": 0.3333333333333333}, "Temple College": {"Citation Count": 1.5, "Publication Count": 0.5}, "Temple University": {"Citation Count": 1.5, "Publication Count": 0.5}, "University of Texas at Dallas": {"Citation Count": 3.0, "Publication Count": 1.0}, "Nanjing University of Posts and Telecommunications": {"Citation Count": 0.8, "Publication Count": 0.4}, "Nanjing University of Science and Technology": {"Citation Count": 0.8, "Publication Count": 0.4}, "University of Technology Sydney": {"Citation Count": 0.4, "Publication Count": 0.2}, "University of Utah": {"Citation Count": 1.25, "Publication Count": 0.625}, "Washington University in St. Louis": {"Citation Count": 0.25, "Publication Count": 0.125}, "Idaho National Laboratory": {"Citation Count": 0.5, "Publication Count": 0.25}, "Central South University": {"Citation Count": 2.0, "Publication Count": 0.4}, "Hunan University": {"Citation Count": 1.0, "Publication Count": 0.2}, "Hong Kong Polytechnic University": {"Citation Count": 1.0, "Publication Count": 0.2}, "University of Sydney": {"Citation Count": 1.0, "Publication Count": 0.2}, "Seoul National University": {"Citation Count": 1.3333333333333333, "Publication Count": 0.6666666666666666}, "[SK Telecom, Korea]": {"Citation Count": 0.3333333333333333, "Publication Count": 0.16666666666666666}, "Samsung (South Korea)": {"Citation Count": 0.3333333333333333, "Publication Count": 0.16666666666666666}, "University of Rhode Island": {"Citation Count": 0.3333333333333333, "Publication Count": 0.3333333333333333}, "UIUC,#TAB#": {"Citation Count": 0.3333333333333333, "Publication Count": 0.3333333333333333}, "Beijing University of Posts and Telecommunications": {"Citation Count": 6.0, "Publication Count": 0.6666666666666666}, "Tsinghua University": {"Citation Count": 3.0, "Publication Count": 0.3333333333333333}, "University of Louisville Hospital": {"Citation Count": 0.0, "Publication Count": 1.0}, "Iowa State University": {"Citation Count": 4.0, "Publication Count": 1.0}, "Singapore University of Technology and Design": {"Citation Count": 3.0, "Publication Count": 1.0}, "National University of Singapore": {"Citation Count": 6.0, "Publication Count": 2.0}, "UCL Australia": {"Citation Count": 3.0, "Publication Count": 1.0}, "Jaypee Institute of Information Technology": {"Citation Count": 1.5, "Publication Count": 0.5}, "Birla Institute of Technology and Science, Pilani": {"Citation Count": 0.75, "Publication Count": 0.25}, "UNSW Sydney": {"Citation Count": 0.75, "Publication Count": 0.25}, "Reliance Jio Platforms, Bangalore, India": {"Citation Count": 1.0, "Publication Count": 1.0}, "University of Bologna": {"Citation Count": 0.0, "Publication Count": 0.25}, "University of Reggio Calabria": {"Citation Count": 0.0, "Publication Count": 0.5}, "Institute of Electronics, Computer and Telecommunication Engineering": {"Citation Count": 3.0, "Publication Count": 1.0}, "Chalmers University of Technology": {"Citation Count": 0.0, "Publication Count": 1.0}, "TU Dortmund University": {"Citation Count": 2.0, "Publication Count": 1.0}, "Toyota Motor Corporation (Switzerland)": {"Citation Count": 2.6666666666666665, "Publication Count": 0.6666666666666666}, "EURECOM": {"Citation Count": 1.3333333333333333, "Publication Count": 0.3333333333333333}, "Technical University of Munich": {"Citation Count": 6.25, "Publication Count": 0.625}, "Nomor Research (Germany)": {"Citation Count": 3.75, "Publication Count": 0.375}, "University of Prishtina": {"Citation Count": 1.0, "Publication Count": 0.25}, "King's College London": {"Citation Count": 1.0, "Publication Count": 1.0}}