{"Zhejiang University": {"Citation Count": 0.5, "Publication Count": 0.25}, "ETH Zurich": {"Citation Count": 1.0, "Publication Count": 0.5}, "Google (United States)": {"Citation Count": 57.22222222222222, "Publication Count": 7.261111111111113}, "University of Manchester": {"Citation Count": 1.8333333333333333, "Publication Count": 0.7666666666666666}, "National Institute of Advanced Industrial Science and Technology": {"Citation Count": 0.9166666666666666, "Publication Count": 0.9166666666666665}, "University of Oregon": {"Citation Count": 9.428571428571429, "Publication Count": 1.1428571428571428}, "Harbin Institute of Technology": {"Citation Count": 2.095238095238095, "Publication Count": 0.8095238095238095}, "University of Illinois Urbana-Champaign": {"Citation Count": 45.257936507936506, "Publication Count": 3.3896825396825396}, "Amazon (United States)": {"Citation Count": 56.50079365079365, "Publication Count": 12.620634920634922}, "IBM (United States)": {"Citation Count": 20.002380952380953, "Publication Count": 3.5500000000000003}, "University of Pennsylvania": {"Citation Count": 7.228571428571429, "Publication Count": 0.8428571428571429}, "University of Edinburgh": {"Citation Count": 14.5, "Publication Count": 1.5833333333333333}, "University of California, Berkeley": {"Citation Count": 25.115384615384617, "Publication Count": 3.66025641025641}, "University of Maryland, College Park": {"Citation Count": 6.066666666666666, "Publication Count": 1.0666666666666667}, "University of California, Irvine": {"Citation Count": 8.5, "Publication Count": 1.25}, "Technical University of Munich": {"Citation Count": 0.6666666666666666, "Publication Count": 0.3333333333333333}, "RWTH Aachen University": {"Citation Count": 1.3333333333333333, "Publication Count": 0.6666666666666666}, "University of Oxford": {"Citation Count": 5.2745098039215685, "Publication Count": 0.7254901960784313}, "University College London": {"Citation Count": 9.223227752639518, "Publication Count": 0.46907993966817496}, "Ghent University": {"Citation Count": 1.0, "Publication Count": 1.0}, "Athens University of Economics and Business": {"Citation Count": 10.0, "Publication Count": 0.6666666666666666}, "University of York": {"Citation Count": 2.5, "Publication Count": 0.16666666666666666}, "University of Sheffield": {"Citation Count": 9.107843137254902, "Publication Count": 1.5588235294117647}, "Bar-Ilan University": {"Citation Count": 4.75, "Publication Count": 0.75}, "Yahoo (United Kingdom)": {"Citation Count": 1.75, "Publication Count": 0.75}, "University of Bucharest": {"Citation Count": 1.0, "Publication Count": 1.0}, "Huawei Technologies (China)": {"Citation Count": 4.916666666666666, "Publication Count": 0.7833333333333333}, "Technical University of Darmstadt": {"Citation Count": 58.0, "Publication Count": 2.0}, "Tel Aviv University": {"Citation Count": 23.22222222222222, "Publication Count": 1.1111111111111112}, "Sapienza University of Rome": {"Citation Count": 9.0, "Publication Count": 2.3333333333333335}, "Duke University": {"Citation Count": 7.857142857142857, "Publication Count": 1.6428571428571428}, "Microsoft (United States)": {"Citation Count": 163.82698412698412, "Publication Count": 13.628968253968255}, "Columbia University": {"Citation Count": 78.07777777777778, "Publication Count": 4.172222222222222}, "Yale University": {"Citation Count": 5.908333333333333, "Publication Count": 0.9916666666666667}, "Pennsylvania State University": {"Citation Count": 2.1888888888888887, "Publication Count": 0.47777777777777775}, "Central China Normal University": {"Citation Count": 1.222222222222222, "Publication Count": 0.1111111111111111}, "Northwestern University": {"Citation Count": 1.472222222222222, "Publication Count": 0.2361111111111111}, "Carnegie Mellon University": {"Citation Count": 117.64901960784314, "Publication Count": 10.950980392156861}, "Apple (Israel)": {"Citation Count": 22.666666666666668, "Publication Count": 2.7833333333333337}, "University of Amsterdam": {"Citation Count": 9.282051282051281, "Publication Count": 1.2435897435897434}, "Stanford University": {"Citation Count": 102.95686274509805, "Publication Count": 7.768137254901961}, "University of Washington": {"Citation Count": 34.57142857142857, "Publication Count": 2.9285714285714284}, "The University of Texas at Austin": {"Citation Count": 12.916666666666666, "Publication Count": 2.25}, "Saarland University": {"Citation Count": 6.0, "Publication Count": 1.0}, "Massachusetts Institute of Technology": {"Citation Count": 28.428571428571427, "Publication Count": 2.476190476190476}, "University of Southern California": {"Citation Count": 32.52450980392157, "Publication Count": 4.675490196078431}, "Emory University": {"Citation Count": 7.35, "Publication Count": 1.95}, "University of Notre Dame": {"Citation Count": 8.0, "Publication Count": 0.2857142857142857}, "Pompeu Fabra University": {"Citation Count": 2.5, "Publication Count": 0.6666666666666666}, "University of California, Los Angeles": {"Citation Count": 70.05, "Publication Count": 6.983333333333333}, "University of Massachusetts Amherst": {"Citation Count": 48.666666666666664, "Publication Count": 3.166666666666666}, "California University of Pennsylvania": {"Citation Count": 1.8333333333333333, "Publication Count": 0.16666666666666666}, "Baidu (China)": {"Citation Count": 63.02857142857143, "Publication Count": 3.9142857142857146}, "Northeastern University": {"Citation Count": 16.47222222222222, "Publication Count": 1.3611111111111112}, "Cornell University": {"Citation Count": 49.94444444444444, "Publication Count": 2.7222222222222223}, "Toyota Technological Institute at Chicago": {"Citation Count": 5.0, "Publication Count": 0.16666666666666666}, "Georgia Institute of Technology": {"Citation Count": 23.583333333333332, "Publication Count": 2.45}, "Yangzhou University": {"Citation Count": 3.333333333333333, "Publication Count": 0.16666666666666666}, "Meta (Israel)": {"Citation Count": 98.80008439273146, "Publication Count": 7.528853336206278}, "University of Copenhagen": {"Citation Count": 1.2, "Publication Count": 0.9}, "McGill University": {"Citation Count": 3.691666666666667, "Publication Count": 1.1916666666666667}, "Universit\u00e9 de Montr\u00e9al": {"Citation Count": 5.800000000000001, "Publication Count": 1.8}, "University of Toronto": {"Citation Count": 2.4, "Publication Count": 0.7}, "University of British Columbia": {"Citation Count": 4.4, "Publication Count": 1.2}, "Polytechnique Montr\u00e9al": {"Citation Count": 1.4000000000000001, "Publication Count": 0.2}, "University of Michigan\u2013Ann Arbor": {"Citation Count": 12.366666666666665, "Publication Count": 2.6166666666666667}, "Tencent (China)": {"Citation Count": 12.741666666666664, "Publication Count": 2.2416666666666667}, "Harvard University": {"Citation Count": 3.0, "Publication Count": 0.5}, "University of Rochester": {"Citation Count": 4.733333333333333, "Publication Count": 0.7333333333333334}, "Korea Advanced Institute of Science and Technology": {"Citation Count": 3.0, "Publication Count": 1.3333333333333333}, "Sogang University": {"Citation Count": 2.0, "Publication Count": 0.6666666666666666}, "Sungkyunkwan University": {"Citation Count": 12.142857142857142, "Publication Count": 1.1904761904761905}, "Intel (United States)": {"Citation Count": 4.833333333333333, "Publication Count": 0.8333333333333333}, "National Taiwan University": {"Citation Count": 0.3333333333333333, "Publication Count": 1.3333333333333333}, "Xi'an Jiaotong University": {"Citation Count": 1.222222222222222, "Publication Count": 0.1111111111111111}, "Fudan University": {"Citation Count": 11.905555555555555, "Publication Count": 1.0944444444444446}, "Alibaba Group (China)": {"Citation Count": 7.3388888888888895, "Publication Count": 2.636111111111111}, "University of Waterloo": {"Citation Count": 11.333333333333332, "Publication Count": 0.6666666666666666},