{"Technical University of Darmstadt": {"Citation Count": 120.93333333333334, "Publication Count": 2.766666666666667}, "Rice University": {"Citation Count": 18.0, "Publication Count": 2.0}, "Stony Brook University": {"Citation Count": 30.166666666666664, "Publication Count": 2.5000000000000004}, "The Ohio State University": {"Citation Count": 42.916666666666664, "Publication Count": 1.8333333333333333}, "Stanford University": {"Citation Count": 5.25, "Publication Count": 0.25}, "University of Illinois at Chicago": {"Citation Count": 9.166666666666666, "Publication Count": 0.8333333333333333}, "Foundation for Research and Technology Hellas": {"Citation Count": 9.166666666666666, "Publication Count": 0.8333333333333333}, "Saarland University": {"Citation Count": 22.5, "Publication Count": 0.75}, "Technische Universit\u00e4t Braunschweig": {"Citation Count": 7.5, "Publication Count": 0.25}, "University of Crete": {"Citation Count": 1.8333333333333333, "Publication Count": 0.16666666666666666}, "Institut f\u00fcr Informationsverarbeitung": {"Citation Count": 48.0, "Publication Count": 1.5}, "Chalmers University of Technology": {"Citation Count": 9.0, "Publication Count": 0.75}, "University of Gothenburg": {"Citation Count": 3.0, "Publication Count": 0.25}, "Montreal Neurological Institute and Hospital": {"Citation Count": 2.833333333333333, "Publication Count": 0.16666666666666666}, "University of Luxembourg": {"Citation Count": 2.833333333333333, "Publication Count": 0.16666666666666666}, "Seoul National University": {"Citation Count": 19.53333333333333, "Publication Count": 1.2666666666666668}, "Rochester Institute of Technology": {"Citation Count": 2.833333333333333, "Publication Count": 0.16666666666666666}, "ETH Zurich": {"Citation Count": 43.214285714285715, "Publication Count": 0.8214285714285714}, "Bar-Ilan University": {"Citation Count": 26.666666666666664, "Publication Count": 1.3333333333333333}, "Lancaster University": {"Citation Count": 6.666666666666666, "Publication Count": 0.6666666666666666}, "V. N. Karazin Kharkiv National University": {"Citation Count": 3.333333333333333, "Publication Count": 0.3333333333333333}, "Graz University of Technology": {"Citation Count": 23.333333333333332, "Publication Count": 0.3333333333333333}, "Austrian Institute of Technology": {"Citation Count": 46.666666666666664, "Publication Count": 0.6666666666666666}, "University of Illinois Urbana-Champaign": {"Citation Count": 94.15714285714286, "Publication Count": 1.4857142857142858}, "Indian Institute of Technology Delhi": {"Citation Count": 11.0, "Publication Count": 0.5}, "Johns Hopkins University": {"Citation Count": 27.0, "Publication Count": 1.0}, "King Saud University": {"Citation Count": 1.125, "Publication Count": 0.125}, "Indiana University": {"Citation Count": 14.482142857142856, "Publication Count": 0.9107142857142857}, "International Computer Science Institute": {"Citation Count": 1.125, "Publication Count": 0.125}, "Tsinghua University": {"Citation Count": 1.125, "Publication Count": 0.125}, "Organisation and Governance": {"Citation Count": 10.222222222222221, "Publication Count": 0.4444444444444444}, "National Institute of Information and Communications Technology": {"Citation Count": 5.111111111111111, "Publication Count": 0.2222222222222222}, "Yokohama National University": {"Citation Count": 7.666666666666666, "Publication Count": 0.3333333333333333}, "Columbia University": {"Citation Count": 1.875, "Publication Count": 0.125}, "Princeton University": {"Citation Count": 32.357142857142854, "Publication Count": 0.7857142857142857}, "NEC (Japan)": {"Citation Count": 62.607142857142854, "Publication Count": 1.0357142857142856}, "Zhejiang Sci-Tech University": {"Citation Count": 1.875, "Publication Count": 0.125}, "Helmholtz Center for Information Security": {"Citation Count": 254.3809523809524, "Publication Count": 1.4047619047619047}, "Swiss Data Science Center": {"Citation Count": 25.88095238095238, "Publication Count": 0.15476190476190477}, "Purdue University West Lafayette": {"Citation Count": 217.03333333333336, "Publication Count": 2.566666666666667}, "Zhejiang University": {"Citation Count": 131.4, "Publication Count": 0.6}, "Anhui Medical University": {"Citation Count": 43.800000000000004, "Publication Count": 0.2}, "University of Florida": {"Citation Count": 67.0, "Publication Count": 2.0}, "Madrid Institute for Advanced Studies": {"Citation Count": 11.5, "Publication Count": 0.5}, "NortonLifeLock (United States)": {"Citation Count": 11.5, "Publication Count": 0.5}, "Virginia Tech": {"Citation Count": 12.428571428571427, "Publication Count": 0.14285714285714285}, "University of Colorado Boulder": {"Citation Count": 18.0, "Publication Count": 0.5}, "University of Michigan\u2013Ann Arbor": {"Citation Count": 30.166666666666664, "Publication Count": 0.6666666666666666}, "Ruhr University Bochum": {"Citation Count": 295.23333333333335, "Publication Count": 3.6333333333333333}, "New York University Abu Dhabi": {"Citation Count": 1.6, "Publication Count": 0.2}, "University of California, Irvine": {"Citation Count": 26.65714285714286, "Publication Count": 1.3142857142857143}, "Technical University of Berlin": {"Citation Count": 7.4, "Publication Count": 0.2}, "University of California, Santa Barbara": {"Citation Count": 21.8, "Publication Count": 1.4}, "University of California, Davis": {"Citation Count": 22.200000000000003, "Publication Count": 0.2}, "M\u00fcnster University of Applied Sciences": {"Citation Count": 22.200000000000003, "Publication Count": 0.2}, "University of Iowa": {"Citation Count": 33.6, "Publication Count": 0.8}, "Wuhan University": {"Citation Count": 32.5, "Publication Count": 0.5}, "Cornell University": {"Citation Count": 16.25, "Publication Count": 0.25}, "University of California, Riverside": {"Citation Count": 30.607142857142858, "Publication Count": 1.5}, "North Carolina State University": {"Citation Count": 17.333333333333332, "Publication Count": 0.6666666666666666}, "Wake Forest University": {"Citation Count": 8.666666666666666, "Publication Count": 0.3333333333333333}, "Northeastern University": {"Citation Count": 14.0, "Publication Count": 1.0}, "University of Cambridge": {"Citation Count": 11.666666666666668, "Publication Count": 0.8333333333333334}, "SRI International": {"Citation Count": 2.333333333333333, "Publication Count": 0.16666666666666666}, "National University of Singapore": {"Citation Count": 10.0, "Publication Count": 1.3333333333333333}, "Chinese Academy of Sciences": {"Citation Count": 3.0, "Publication Count": 0.3333333333333333}, "Georgia Institute of Technology": {"Citation Count": 33.25, "Publication Count": 1.75}, "Korea Advanced Institute of Science and Technology": {"Citation Count": 71.56666666666666, "Publication Count": 2.033333333333333}, "Soongsil University": {"Citation Count": 2.4000000000000004, "Publication Count": 0.2}, "Naver (South Korea)": {"Citation Count": 22.5, "Publication Count": 0.5}, "DEVCOM Army Research Laboratory": {"Citation Count": 4.285714285714286, "Publication Count": 0.2857142857142857}, "Massachusetts Institute of Technology": {"Citation Count": 32.5, "Publication Count": 1.1666666666666665}, "University College London": {"Citation Count": 35.0, "Publication Count": 1.0}, "Microsoft (United States)": {"Citation Count": 6.0, "Publication Count": 1.0}, "Rutgers, The State University of New Jersey": {"Citation Count": 20.0, "Publication Count": 1.0}, "University of North Carolina at Chapel Hill": {"Citation Count": 16.5, "Publication Count": 1.25}, "University of Oxford": {"Citation Count": 51.0, "Publication Count": 1.0}, "Chinese University of Hong Kong": {"Citation Count": 12.0, "Publication Count": 0.6}, "Shandong University": {"Citation Count": 4.0, "Publication Count": 0.2}, "Pennsylvania State University": {"Citation Count": 120.0, "Publication Count": 1.25}, "Florida State University": {"Citation Count": 3.75, "Publication Count": 0.25},