{"Microsoft (United States)": {"Citation Count": 51.68333333333334, "Publication Count": 1.3833333333333335}, "University of California\u2014San Diego": {"Citation Count": 5.666666666666666, "Publication Count": 0.16666666666666666}, "University of California, Berkeley": {"Citation Count": 1343.6285714285714, "Publication Count": 2.2476190476190476}, "Microsoft Research (United Kingdom)": {"Citation Count": 123.75, "Publication Count": 2.607142857142857}, "Microsoft Research (India)": {"Citation Count": 34.42857142857143, "Publication Count": 1.4285714285714286}, " USC": {"Citation Count": 6.285714285714286, "Publication Count": 0.2857142857142857}, "University of Washington": {"Citation Count": 125.14285714285714, "Publication Count": 1.1428571428571428}, "University of Wisconsin\u2013Madison": {"Citation Count": 24.5, "Publication Count": 1.7307692307692308}, "Carnegie Mellon University": {"Citation Count": 35.5, "Publication Count": 1.1153846153846154}, "Princeton University": {"Citation Count": 221.45714285714286, "Publication Count": 1.8428571428571427}, "Max Planck Institute for Software Systems": {"Citation Count": 53.214285714285715, "Publication Count": 1.7857142857142856}, "University of Pennsylvania": {"Citation Count": 3.714285714285714, "Publication Count": 0.2857142857142857}, "Akamai (United States)": {"Citation Count": 5.571428571428571, "Publication Count": 0.42857142857142855}, "Stanford University": {"Citation Count": 189.33333333333331, "Publication Count": 1.0}, "Yahoo (United Kingdom)": {"Citation Count": 70.33333333333333, "Publication Count": 0.3333333333333333}, "\u00c9cole Polytechnique F\u00e9d\u00e9rale de Lausanne": {"Citation Count": 146.4, "Publication Count": 1.4666666666666668}, "Cornell University": {"Citation Count": 9.0, "Publication Count": 0.25}, "Duke University": {"Citation Count": 63.5, "Publication Count": 0.5}, "Telefonica Research,#TAB#": {"Citation Count": 31.75, "Publication Count": 0.25}, "Tuenti, Telefonica Digital#TAB#": {"Citation Count": 31.75, "Publication Count": 0.25}, "Federal University of Rio Grande do Sul": {"Citation Count": 0.8571428571428571, "Publication Count": 0.14285714285714285}, "University of Illinois Urbana-Champaign": {"Citation Count": 133.75, "Publication Count": 0.875}, "Hewlett-Packard (United States)": {"Citation Count": 32.5, "Publication Count": 0.25}, "Hong Kong University of Science and Technology": {"Citation Count": 36.25, "Publication Count": 0.125}, "Northwestern University": {"Citation Count": 72.5, "Publication Count": 0.25}, "Google (United States)": {"Citation Count": 48.666666666666664, "Publication Count": 0.3333333333333333}, "Cisco Systems (United States)": {"Citation Count": 24.333333333333332, "Publication Count": 0.16666666666666666}, "NEC (Japan)": {"Citation Count": 24.333333333333332, "Publication Count": 0.16666666666666666}, "Meta (Israel)": {"Citation Count": 18.285714285714285, "Publication Count": 0.14285714285714285}, "Microsoft Research Asia (China)": {"Citation Count": 13.5, "Publication Count": 0.5}, "Microsoft Research Asia and Peking University#TAB#": {"Citation Count": 2.7, "Publication Count": 0.1}, "Huazhong University of Science and Technology": {"Citation Count": 2.7, "Publication Count": 0.1}, "Boston University": {"Citation Count": 8.0, "Publication Count": 0.15384615384615385}, "intel labs": {"Citation Count": 26.200000000000003, "Publication Count": 0.2}, "Huawei Technologies (China)": {"Citation Count": 52.400000000000006, "Publication Count": 0.4}, "University of North Carolina Health Care": {"Citation Count": 26.200000000000003, "Publication Count": 0.2}, "IBM research": {"Citation Count": 8.714285714285714, "Publication Count": 0.14285714285714285}, "Purdue University System": {"Citation Count": 115.0, "Publication Count": 2.0}, "Universidade Nova de Lisboa": {"Citation Count": 7.5, "Publication Count": 0.25}, "Yale University": {"Citation Count": 7.8, "Publication Count": 0.6}, "Franklin & Marshall College": {"Citation Count": 5.2, "Publication Count": 0.4}, "Polytechnic University of Bucharest": {"Citation Count": 25.875, "Publication Count": 0.125}, "Universit\u00e9 Catholique de Louvain": {"Citation Count": 129.375, "Publication Count": 0.625}, "Keio University": {"Citation Count": 25.875, "Publication Count": 0.125}, "University College London": {"Citation Count": 25.875, "Publication Count": 0.125}}