{"Princeton University": {"Citation Count": 34.714285714285715, "Publication Count": 1.5714285714285714}, "ETH Z\u00fcrich": {"Citation Count": 2.8571428571428568, "Publication Count": 0.2857142857142857}, "Universit\u00e9 Catholique de Louvain": {"Citation Count": 1.4285714285714284, "Publication Count": 0.14285714285714285}, "Microsoft Research (United Kingdom)": {"Citation Count": 19.726190476190474, "Publication Count": 1.7023809523809526}, "Cornell University": {"Citation Count": 187.0, "Publication Count": 1.0}, "Tsinghua University": {"Citation Count": 19.700000000000003, "Publication Count": 1.4}, "Baidu (China)": {"Citation Count": 0.75, "Publication Count": 0.125}, "University of California\u2014San Diego": {"Citation Count": 0.75, "Publication Count": 0.125}, "Tsinghua University and University of Science and Technology of China and Illinois Institute of Technology#TAB#": {"Citation Count": 0.75, "Publication Count": 0.125}, "Universidad del Noreste": {"Citation Count": 0.75, "Publication Count": 0.125}, "University of California, Santa Barbara": {"Citation Count": 0.75, "Publication Count": 0.125}, "Microsoft (United States)": {"Citation Count": 30.357142857142858, "Publication Count": 1.8214285714285714}, "University of Wisconsin\u2013Madison": {"Citation Count": 50.25, "Publication Count": 1.8928571428571428}, "The University of Texas at Austin": {"Citation Count": 5.666666666666666, "Publication Count": 0.3333333333333333}, "UT Austin and MPI-SWS#TAB#": {"Citation Count": 2.833333333333333, "Publication Count": 0.16666666666666666}, " NYU": {"Citation Count": 5.666666666666666, "Publication Count": 0.3333333333333333}, "University of Washington": {"Citation Count": 85.5, "Publication Count": 1.8333333333333333}, "Google (United States)": {"Citation Count": 45.4, "Publication Count": 1.1333333333333333}, "MIT - CSAIL": {"Citation Count": 128.83333333333331, "Publication Count": 2.4166666666666665}, "Harvard University ,": {"Citation Count": 9.0, "Publication Count": 0.5}, "CMU": {"Citation Count": 73.33333333333333, "Publication Count": 1.6666666666666665}, "University of California, Berkeley": {"Citation Count": 174.38333333333333, "Publication Count": 4.35}, "Conviva#TAB#": {"Citation Count": 4.333333333333333, "Publication Count": 0.16666666666666666}, "UC Berkeley and Conviva and Databricks#TAB#": {"Citation Count": 4.333333333333333, "Publication Count": 0.16666666666666666}, "CMU and Conviva#TAB#": {"Citation Count": 4.333333333333333, "Publication Count": 0.16666666666666666}, "Rice University": {"Citation Count": 7.0, "Publication Count": 1.0}, "University of North Carolina Health Care": {"Citation Count": 7.333333333333333, "Publication Count": 0.6666666666666666}, "Carnegie Mellon University": {"Citation Count": 3.6666666666666665, "Publication Count": 0.3333333333333333}, "ICSI#TAB#": {"Citation Count": 1.5, "Publication Count": 0.16666666666666666}, "UC Berkeley and ICSI,": {"Citation Count": 6.75, "Publication Count": 0.41666666666666663}, "University of Southern California": {"Citation Count": 46.7, "Publication Count": 1.15}, "Barefoot Networks#TAB#": {"Citation Count": 14.5, "Publication Count": 0.25}, "Universidade Federal de Minas Gerais and University of Southern California#TAB#": {"Citation Count": 0.8, "Publication Count": 0.1}, "University of Naples Federico II": {"Citation Count": 1.6, "Publication Count": 0.2}, "Universidade Federal de Minas Gerais": {"Citation Count": 0.8, "Publication Count": 0.1}, "University of California, San Diego/CAIDA": {"Citation Count": 0.8, "Publication Count": 0.1}, "University of Michigan\u2013Ann Arbor": {"Citation Count": 8.3, "Publication Count": 0.35}, "UC Berkeley / ICSI": {"Citation Count": 2.0, "Publication Count": 0.3333333333333333}, "ICSI, LBNL#TAB#": {"Citation Count": 2.0, "Publication Count": 0.3333333333333333}, "Stanford University": {"Citation Count": 25.5, "Publication Count": 0.75}, "Stony Brook University": {"Citation Count": 8.75, "Publication Count": 0.375}, "BioBricks Foundation": {"Citation Count": 15.0, "Publication Count": 0.5}, "Meta (Israel)": {"Citation Count": 10.583333333333332, "Publication Count": 1.0833333333333333}, "National and Kapodistrian University of Athens": {"Citation Count": 1.375, "Publication Count": 0.125}, "University of Toronto": {"Citation Count": 1.375, "Publication Count": 0.125}, "UCLA": {"Citation Count": 4.3, "Publication Count": 0.1}, "SpaceX (United States)": {"Citation Count": 4.3, "Publication Count": 0.1}, "Singapore-MIT Alliance for Research and Technology": {"Citation Count": 19.5, "Publication Count": 0.75}, "Korea Advanced Institute of Science and Technology": {"Citation Count": 9.0, "Publication Count": 1.0}, "New York University": {"Citation Count": 9.0, "Publication Count": 1.0}, "Yale University": {"Citation Count": 2.333333333333333, "Publication Count": 0.3333333333333333}, "Nokia (United States)": {"Citation Count": 1.1666666666666665, "Publication Count": 0.16666666666666666}, "\u00c9cole Polytechnique F\u00e9d\u00e9rale de Lausanne": {"Citation Count": 1.1666666666666665, "Publication Count": 0.16666666666666666}, "Humboldt-Universit\u00e4t zu Berlin": {"Citation Count": 7.0, "Publication Count": 1.0}, "University of California, Los Angeles": {"Citation Count": 4.285714285714286, "Publication Count": 0.7142857142857143}, "The Ohio State University": {"Citation Count": 8.714285714285714, "Publication Count": 1.2857142857142856}, "University of Science and Technology of China": {"Citation Count": 1.25, "Publication Count": 0.125}, "Beijing University of Posts and Telecommunications": {"Citation Count": 1.25, "Publication Count": 0.125}, "University of Illinois Urbana-Champaign": {"Citation Count": 9.0, "Publication Count": 1.0}}