{"University of Washington": {"Citation Count": 109.875, "Publication Count": 1.7321428571428572}, "ETH Z\u00fcrich": {"Citation Count": 13.125, "Publication Count": 0.125}, "MIT CSAIL and University of Washington": {"Citation Count": 12.0, "Publication Count": 1.0}, "Stanford University": {"Citation Count": 70.0, "Publication Count": 0.6666666666666666}, "\u00c9cole Polytechnique F\u00e9d\u00e9rale de Lausanne": {"Citation Count": 84.33333333333333, "Publication Count": 0.6666666666666666}, "University of California, San Diego": {"Citation Count": 33.0, "Publication Count": 1.0}, "University of Wisconsin\u2013Madison": {"Citation Count": 51.0, "Publication Count": 2.0}, "Google (United States)": {"Citation Count": 383.3968253968254, "Publication Count": 0.8412698412698413}, "Columbia University": {"Citation Count": 7.5, "Publication Count": 0.8333333333333334}, "The University of Texas at Austin": {"Citation Count": 50.55714285714286, "Publication Count": 2.0809523809523807}, "Stanford": {"Citation Count": 12.857142857142856, "Publication Count": 0.42857142857142855}, "Chalmers University of Technology": {"Citation Count": 4.285714285714286, "Publication Count": 0.14285714285714285}, "Mozilla": {"Citation Count": 4.285714285714286, "Publication Count": 0.14285714285714285}, "University College Lillebaelt": {"Citation Count": 4.285714285714286, "Publication Count": 0.14285714285714285}, "Stony Brook University": {"Citation Count": 49.33333333333333, "Publication Count": 0.3333333333333333}, "University of California, Berkeley": {"Citation Count": 81.33333333333333, "Publication Count": 1.1333333333333333}, "Microsoft Research (United Kingdom)": {"Citation Count": 386.3071428571429, "Publication Count": 4.489285714285714}, "University of Pennsylvania": {"Citation Count": 19.285714285714285, "Publication Count": 0.7142857142857142}, "Cornell University": {"Citation Count": 5.571428571428571, "Publication Count": 0.14285714285714285}, "Harvard University": {"Citation Count": 5.0, "Publication Count": 1.0}, "Technion \u2013 Israel Institute of Technology": {"Citation Count": 7.142857142857142, "Publication Count": 0.2857142857142857}, "University of Michigan\u2013Ann Arbor": {"Citation Count": 75.8, "Publication Count": 1.6}, "Meta (Israel)": {"Citation Count": 98.65454545454546, "Publication Count": 1.309090909090909}, "University of Toronto": {"Citation Count": 67.71428571428571, "Publication Count": 2.142857142857143}, "Microsoft (United States)": {"Citation Count": 304.85, "Publication Count": 1.725}, "Yale University": {"Citation Count": 6.0, "Publication Count": 0.75}, "Nokia (United States)": {"Citation Count": 2.0, "Publication Count": 0.25}, "Coho Data": {"Citation Count": 45.0, "Publication Count": 1.0}, "Large-Scale Distributed Systems and Applications": {"Citation Count": 12.5, "Publication Count": 0.5}, "University of Southern California and Facebook Inc.": {"Citation Count": 7.545454545454546, "Publication Count": 0.09090909090909091}, "University of Chicago": {"Citation Count": 13.799999999999999, "Publication Count": 0.6}, "NEC Labs America": {"Citation Count": 4.6000000000000005, "Publication Count": 0.2}, "Surya University": {"Citation Count": 4.6000000000000005, "Publication Count": 0.2}, "Max Planck Institute for Software Systems": {"Citation Count": 4.0, "Publication Count": 0.6666666666666666}, "#R##N#Nova University of Lisbon.": {"Citation Count": 2.0, "Publication Count": 0.3333333333333333}, "The Ohio State University": {"Citation Count": 13.0, "Publication Count": 0.5}, "Hewlett-Packard (United States)": {"Citation Count": 13.0, "Publication Count": 0.5}, "-MIT": {"Citation Count": 35.25, "Publication Count": 0.75}, "Harvard University ,": {"Citation Count": 20.5, "Publication Count": 0.5}, "New York University": {"Citation Count": 48.0, "Publication Count": 0.8}, "University of Southern California and Facebook": {"Citation Count": 12.0, "Publication Count": 0.2}, "MIT - CSAIL": {"Citation Count": 38.25, "Publication Count": 2.75}, "Georgetown University": {"Citation Count": 10.285714285714285, "Publication Count": 0.42857142857142855}, "Carnegie Mellon University": {"Citation Count": 300.88888888888886, "Publication Count": 0.4444444444444444}, "UC Berkeley, AMPLab#TAB#": {"Citation Count": 202.66666666666666, "Publication Count": 0.6666666666666666}, "Particle Data Group": {"Citation Count": 101.33333333333333, "Publication Count": 0.3333333333333333}, "University of Applied Sciences and Arts Northwestern Switzerland": {"Citation Count": 3.5, "Publication Count": 0.5}, "ETH Zurich": {"Citation Count": 3.5, "Publication Count": 0.5}, "Data61": {"Citation Count": 8.142857142857142, "Publication Count": 0.42857142857142855}, "Intel (Taiwan)": {"Citation Count": 8.142857142857142, "Publication Count": 0.42857142857142855}}