{"Weizmann Institute of Science": {"Citation Count": 0.5, "Publication Count": 0.5}, "Broad Institute": {"Citation Count": 0.5, "Publication Count": 0.5}, "Palo Alto Research Center": {"Citation Count": 0.5555555555555556, "Publication Count": 0.2777777777777778}, "Boston University": {"Citation Count": 0.1111111111111111, "Publication Count": 0.05555555555555555}, "Rockefeller University": {"Citation Count": 0.4444444444444444, "Publication Count": 0.2222222222222222}, "Map\u00faa University": {"Citation Count": 0.1111111111111111, "Publication Count": 0.05555555555555555}, "University of the Philippines System": {"Citation Count": 0.3333333333333333, "Publication Count": 0.16666666666666666}, "Scripps Research Institute": {"Citation Count": 0.3333333333333333, "Publication Count": 0.16666666666666666}, "Pfizer (United States)": {"Citation Count": 2.3968253968253967, "Publication Count": 0.626984126984127}, "Computational Sciences (United States)": {"Citation Count": 1.1428571428571428, "Publication Count": 0.2857142857142857}, "Pfizer (United Kingdom)": {"Citation Count": 0.5714285714285714, "Publication Count": 0.14285714285714285}, "University of Toronto": {"Citation Count": 32.0, "Publication Count": 1.0}, "Case Western Reserve University": {"Citation Count": 4.333333333333334, "Publication Count": 1.8333333333333335}, "Cleveland Clinic": {"Citation Count": 0.6666666666666666, "Publication Count": 0.16666666666666666}, "Rice University": {"Citation Count": 9.166666666666666, "Publication Count": 1.5}, "Baylor College of Medicine": {"Citation Count": 0.5, "Publication Count": 0.16666666666666666}, "McGill University": {"Citation Count": 2.5, "Publication Count": 1.9}, "Microsoft (United States)": {"Citation Count": 14.333333333333334, "Publication Count": 1.3333333333333333}, "University of South Carolina": {"Citation Count": 4.0, "Publication Count": 1.0}, "International Computer Science Institute": {"Citation Count": 10.0, "Publication Count": 0.625}, "University of California, Berkeley": {"Citation Count": 4.666666666666667, "Publication Count": 0.9166666666666666}, "Tel Aviv University": {"Citation Count": 7.333333333333333, "Publication Count": 0.7916666666666666}, "Tufts University": {"Citation Count": 0.0, "Publication Count": 1.0}, "University of California, Riverside": {"Citation Count": 23.0, "Publication Count": 0.5}, "Tongji University": {"Citation Count": 15.333333333333332, "Publication Count": 0.3333333333333333}, "Tsinghua University": {"Citation Count": 7.666666666666666, "Publication Count": 0.16666666666666666}, "Carnegie Mellon University": {"Citation Count": 0.75, "Publication Count": 1.75}, "Duke University": {"Citation Count": 2.033333333333333, "Publication Count": 1.9333333333333336}, "Duke University Hospital": {"Citation Count": 0.7833333333333333, "Publication Count": 0.6333333333333333}, "Duke Medical Center": {"Citation Count": 0.7833333333333333, "Publication Count": 0.6333333333333333}, "Dartmouth College": {"Citation Count": 1.3333333333333335, "Publication Count": 0.9333333333333333}, "University of California, San Diego": {"Citation Count": 13.733333333333334, "Publication Count": 2.1095238095238096}, "Pacific Biosciences (United States)": {"Citation Count": 2.6, "Publication Count": 0.2}, "Max Planck Institute for Molecular Genetics": {"Citation Count": 0.25, "Publication Count": 0.25}, "University of Montana": {"Citation Count": 0.0, "Publication Count": 0.21428571428571427}, "Scripps Institution of Oceanography": {"Citation Count": 0.0, "Publication Count": 0.14285714285714285}, "University of California, Irvine": {"Citation Count": 2.0, "Publication Count": 1.0}, "Department of Computer Science, Bar-Ilan University and Department of Computer Science, Johns Hopkins University#TAB#": {"Citation Count": 1.6666666666666665, "Publication Count": 0.3333333333333333}, "Department of Computer Science Dartmouth College Hanover NH": {"Citation Count": 0.6666666666666666, "Publication Count": 0.6666666666666666}, "LMU Klinikum": {"Citation Count": 0.0, "Publication Count": 1.0}, "Charit\u00e9 - Universit\u00e4tsmedizin Berlin": {"Citation Count": 0.4000000000000001, "Publication Count": 0.20000000000000004}, "Friedrich Schiller University Jena": {"Citation Count": 1.75, "Publication Count": 0.875}, "Max Planck Institute for Chemical Ecology": {"Citation Count": 0.25, "Publication Count": 0.125}, "University of Maryland, College Park": {"Citation Count": 7.0, "Publication Count": 1.0}, "Computer Science and AI Lab, MIT, Cambridge#TAB#": {"Citation Count": 0.0, "Publication Count": 0.4}, "IIT@MIT": {"Citation Count": 0.0, "Publication Count": 0.1}, "Computer Science and AI Lab, MIT, Cambridge, USA": {"Citation Count": 0.0, "Publication Count": 0.1}, "University of L\u00fcbeck": {"Citation Count": 2.6666666666666665, "Publication Count": 0.3333333333333333}, "Duke-NUS Medical School": {"Citation Count": 4.0, "Publication Count": 0.3333333333333333}, "Genome Institute of Singapore": {"Citation Count": 6.0, "Publication Count": 0.5}, "National University of Singapore": {"Citation Count": 2.0, "Publication Count": 0.16666666666666666}, "COMPUTER SCIENCE DEPARTMENT, UNIVERSITY OF CALIFORNIA, LOS ANGELES, CALIFORNIA": {"Citation Count": 2.0, "Publication Count": 1.0}, "Brown University": {"Citation Count": 0.6666666666666666, "Publication Count": 0.3333333333333333}, "Providence College": {"Citation Count": 0.6666666666666666, "Publication Count": 0.3333333333333333}, "University of California, Davis": {"Citation Count": 0.6666666666666666, "Publication Count": 0.3333333333333333}, "Computer Science Laboratory of the \u00c9cole Polytechnique": {"Citation Count": 0.5, "Publication Count": 0.5}, "The University of Texas at Austin": {"Citation Count": 3.333333333333333, "Publication Count": 0.3333333333333333}, "Ben-Gurion University of the Negev": {"Citation Count": 56.0, "Publication Count": 1.0}}