{"Intel (United States)": {"Citation Count": 24.61904761904762, "Publication Count": 0.9940476190476191}, "Technical University of Munich": {"Citation Count": 25.333333333333332, "Publication Count": 0.3333333333333333}, "Ludwig-Maximilians-Universit\u00e4t M\u00fcnchen": {"Citation Count": 16.095238095238095, "Publication Count": 0.3571428571428571}, "Leibniz Supercomputing Centre": {"Citation Count": 3.1666666666666665, "Publication Count": 0.041666666666666664}, "Texas Advanced Computing Center, Austin, TX": {"Citation Count": 6.333333333333333, "Publication Count": 0.08333333333333333}, "National University of Defense Technology": {"Citation Count": 12.805555555555554, "Publication Count": 0.4444444444444444}, "Intel (India)": {"Citation Count": 14.869047619047619, "Publication Count": 0.6190476190476191}, "The University of Tokyo": {"Citation Count": 19.285714285714285, "Publication Count": 0.42857142857142855}, "Japan Society for the Promotion of Science": {"Citation Count": 6.428571428571428, "Publication Count": 0.14285714285714285}, "The University of Tokyo and RIKEN Advanced Institute for Computational Science#TAB#": {"Citation Count": 6.428571428571428, "Publication Count": 0.14285714285714285}, "Research Organization for Information Science and Technology": {"Citation Count": 12.857142857142856, "Publication Count": 0.2857142857142857}, "IBM Research - Almaden": {"Citation Count": 21.789473684210524, "Publication Count": 0.47368421052631576}, "IBM (United States)": {"Citation Count": 15.736842105263158, "Publication Count": 0.34210526315789475}, "Cornell University": {"Citation Count": 3.254385964912281, "Publication Count": 0.21929824561403508}, "IBM Research - Tokyo": {"Citation Count": 1.2105263157894737, "Publication Count": 0.02631578947368421}, "IBM Research - Austin": {"Citation Count": 1.2105263157894737, "Publication Count": 0.02631578947368421}, "IBM Engineering and Technology Services, San Jose Design Center#TAB#": {"Citation Count": 1.2105263157894737, "Publication Count": 0.02631578947368421}, "Posthumous#TAB#": {"Citation Count": 1.2105263157894737, "Publication Count": 0.02631578947368421}, "IBM": {"Citation Count": 1.2105263157894737, "Publication Count": 0.02631578947368421}, "Columbia University": {"Citation Count": 6.177777777777778, "Publication Count": 0.022222222222222223}, "D. E. Shaw Research": {"Citation Count": 166.79999999999998, "Publication Count": 0.6}, "Synopsys (Switzerland)": {"Citation Count": 105.02222222222223, "Publication Count": 0.37777777777777777}, "Leiden Observatory": {"Citation Count": 15.0, "Publication Count": 0.3333333333333333}, "SURFsara (Netherlands)": {"Citation Count": 7.5, "Publication Count": 0.16666666666666666}, "National Astronomical Observatory of Japan": {"Citation Count": 7.5, "Publication Count": 0.16666666666666666}, "RIKEN AICS": {"Citation Count": 7.5, "Publication Count": 0.16666666666666666}, "University of Tsukuba": {"Citation Count": 7.5, "Publication Count": 0.16666666666666666}, "University of Regensburg": {"Citation Count": 6.285714285714286, "Publication Count": 0.2857142857142857}, "Thomas Jefferson National Accelerator Facility": {"Citation Count": 3.142857142857143, "Publication Count": 0.14285714285714285}, "University of Illinois Urbana-Champaign": {"Citation Count": 328.16666666666663, "Publication Count": 7.300000000000001}, "The University of Texas at Austin": {"Citation Count": 57.82222222222222, "Publication Count": 2.9055555555555554}, "University of California, Riverside": {"Citation Count": 5.333333333333333, "Publication Count": 0.6666666666666666}, "University of Edinburgh": {"Citation Count": 2.6666666666666665, "Publication Count": 0.3333333333333333}, "Duke University": {"Citation Count": 1.6666666666666665, "Publication Count": 0.3333333333333333}, "AMD Research": {"Citation Count": 12.0, "Publication Count": 0.16666666666666666}, "NVIDIA": {"Citation Count": 12.0, "Publication Count": 0.16666666666666666}, "University of Utah": {"Citation Count": 60.92857142857143, "Publication Count": 2.0436507936507935}, "Advanced Micro Devices (Canada)": {"Citation Count": 171.0, "Publication Count": 1.5}, "Tsinghua University": {"Citation Count": 17.866666666666667, "Publication Count": 0.9333333333333333}, "University of California, Irvine": {"Citation Count": 4.4, "Publication Count": 0.2}, "Qatar Computing Research Institute;": {"Citation Count": 4.4, "Publication Count": 0.2}, "Open Science Grid": {"Citation Count": 54.400000000000006, "Publication Count": 0.4}, "Cray Inc., Seattle, WA#TAB#": {"Citation Count": 9.066666666666666, "Publication Count": 0.06666666666666667}, "National Center for Supercomputing Applications": {"Citation Count": 9.066666666666666, "Publication Count": 0.06666666666666667}, "Crav Inc. Seattle, WA": {"Citation Count": 9.066666666666666, "Publication Count": 0.06666666666666667}, "Sandia National Laboratories California": {"Citation Count": 59.63809523809523, "Publication Count": 1.2285714285714286}, "Sandia National Laboratories": {"Citation Count": 50.93333333333333, "Publication Count": 0.9333333333333333}, "University of California, Davis": {"Citation Count": 8.714285714285714, "Publication Count": 1.4285714285714286}, "Lawrence Livermore National Laboratory": {"Citation Count": 75.31904761904761, "Publication Count": 2.2269841269841266}, "Fujitsu (United States)": {"Citation Count": 8.333333333333332, "Publication Count": 0.3333333333333333}, "RIKEN Center for Computational Science": {"Citation Count": 60.0, "Publication Count": 1.0}, "Zuse Institute Berlin": {"Citation Count": 7.5, "Publication Count": 0.75}, "GETLIG & TAR GbR, Falkensee": {"Citation Count": 2.5, "Publication Count": 0.25}, "Oak Ridge National Laboratory": {"Citation Count": 63.458333333333336, "Publication Count": 1.875}, "Carnegie Mellon University": {"Citation Count": 125.0, "Publication Count": 2.0}, "Tokyo Institute of Technology": {"Citation Count": 29.0, "Publication Count": 1.6666666666666665}, "King Abdullah University of Science and Technology": {"Citation Count": 4.888888888888888, "Publication Count": 0.4444444444444444}, "Observatoire de Paris, LESIA, CNRS, UPD, UPMC": {"Citation Count": 6.111111111111112, "Publication Count": 0.5555555555555556}, "ETH Zurich": {"Citation Count": 29.166666666666664, "Publication Count": 0.9166666666666666}, "University of Colorado System": {"Citation Count": 9.833333333333332, "Publication Count": 0.16666666666666666}, "University of Colorado Boulder": {"Citation Count": 9.833333333333332, "Publication Count": 0.16666666666666666}, "Universit\u00e9 C\u00f4te d'Azur": {"Citation Count": 19.666666666666664, "Publication Count": 0.3333333333333333}, "Rice University": {"Citation Count": 20.0, "Publication Count": 0.6666666666666666}, "University of California, Los Angeles": {"Citation Count": 10.0, "Publication Count": 0.3333333333333333}, "University of Chicago": {"Citation Count": 23.75, "Publication Count": 0.625}, "Argonne National Laboratory": {"Citation Count": 68.93055555555556, "Publication Count": 3.511111111111111}, "MIT - CSAIL": {"Citation Count": 10.0, "Publication Count": 1.0}, "Purdue University West Lafayette": {"Citation Count": 20.333333333333332, "Publication Count": 1.6666666666666665}, "National Energy Research Scientific Computing Center": {"Citation Count": 4.2, "Publication Count": 0.1}, "Lawrence Berkeley National Laboratory": {"Citation Count": 73.53333333333333, "Publication Count": 1.8499999999999999}, "ETH Z\u00fcrich": {"Citation Count": 160.0, "Publication Count": 1.0}, "University of California, Berkeley": {"Citation Count": 8.0, "Publication Count": 0.5833333333333334}, "The Ohio State University": {"Citation Count": 142.45833333333334, "Publication Count": 4.125}, "Pacific Northwest National Laboratory": {"Citation Count": 26.25, "Publication Count": 1.0833333333333333}, "Huazhong University of Science and Technology": {"Citation Count": 56.33333333333333,