{"UC San Diego Health System": {"Citation Count": 39.199999999999996, "Publication Count": 0.7}, "Moscow Institute of Thermal Technology": {"Citation Count": 5.6000000000000005, "Publication Count": 0.1}, "University of Waikato": {"Citation Count": 5.6000000000000005, "Publication Count": 0.1}, "TU Munich,#TAB#": {"Citation Count": 5.6000000000000005, "Publication Count": 0.1}, "Cornell University": {"Citation Count": 42.53333333333333, "Publication Count": 0.7666666666666666}, "-MIT": {"Citation Count": 109.08333333333333, "Publication Count": 0.9166666666666666}, "Google (United States)": {"Citation Count": 105.83333333333333, "Publication Count": 1.1666666666666667}, "MIT Computer Science and Artificial Intelligence Laboratory,": {"Citation Count": 33.0, "Publication Count": 1.0}, "Southern California University for Professional Studies": {"Citation Count": 17.88888888888889, "Publication Count": 0.1111111111111111}, "University of Southern California": {"Citation Count": 17.88888888888889, "Publication Count": 0.1111111111111111}, "Purdue University System": {"Citation Count": 61.44444444444444, "Publication Count": 0.4444444444444444}, "University of Windsor": {"Citation Count": 17.88888888888889, "Publication Count": 0.1111111111111111}, "Columbia University": {"Citation Count": 17.88888888888889, "Publication Count": 0.1111111111111111}, "Conviva": {"Citation Count": 35.77777777777778, "Publication Count": 0.2222222222222222}, "University of Maryland, College Park": {"Citation Count": 29.0, "Publication Count": 1.0}, "UCL Australia": {"Citation Count": 8.0, "Publication Count": 0.5}, "University College London": {"Citation Count": 8.0, "Publication Count": 0.5}, "University of Cambridge": {"Citation Count": 41.0, "Publication Count": 1.0}, "Comcast (United States)": {"Citation Count": 4.0, "Publication Count": 0.3333333333333333}, "MIT Media Lab#TAB#": {"Citation Count": 54.0, "Publication Count": 1.0}, "MIT - CSAIL": {"Citation Count": 46.5, "Publication Count": 0.8333333333333333}, "University of Waterloo": {"Citation Count": 32.83333333333333, "Publication Count": 0.3333333333333333}, "Massachusetts General Hospital": {"Citation Count": 23.666666666666664, "Publication Count": 0.3333333333333333}, "[Northwest University]": {"Citation Count": 125.25, "Publication Count": 0.75}, "Princeton University": {"Citation Count": 159.91666666666666, "Publication Count": 1.6666666666666665}, "Tsinghua University": {"Citation Count": 25.666666666666664, "Publication Count": 0.6666666666666666}, "Huawei Technologies (China)": {"Citation Count": 15.555555555555555, "Publication Count": 0.2222222222222222}, "Hong Kong Polytechnic University": {"Citation Count": 7.777777777777778, "Publication Count": 0.1111111111111111}, "Beijing Institute of Technology": {"Citation Count": 7.777777777777778, "Publication Count": 0.1111111111111111}, "Nokia (Ireland)": {"Citation Count": 7.777777777777778, "Publication Count": 0.1111111111111111}, "Rice University": {"Citation Count": 7.5, "Publication Count": 0.8333333333333334}, "Meta (Israel)": {"Citation Count": 21.1875, "Publication Count": 1.1041666666666667}, "Hong Kong University of Science and Technology": {"Citation Count": 130.5, "Publication Count": 0.75}, "SAIC Motor (United Kingdom)": {"Citation Count": 43.5, "Publication Count": 0.25}, "Akamai (United States)": {"Citation Count": 15.5, "Publication Count": 0.5}, "Technical University of Munich": {"Citation Count": 9.299999999999999, "Publication Count": 0.3}, "Ansun BioPharma (United States)": {"Citation Count": 29.366666666666664, "Publication Count": 0.3666666666666667}, "Stanford University": {"Citation Count": 120.2625, "Publication Count": 0.9125}, "Berkeley College": {"Citation Count": 72.25714285714287, "Publication Count": 0.6428571428571428}, "University of California, Berkeley": {"Citation Count": 78.18571428571428, "Publication Count": 0.7142857142857143}, "Johns Hopkins University": {"Citation Count": 18.6, "Publication Count": 0.2}, "Microsoft Research (United Kingdom)": {"Citation Count": 212.7, "Publication Count": 1.9333333333333331}, "University of Chicago": {"Citation Count": 23.200000000000003, "Publication Count": 0.1}, "Massachusetts Institute of Technology": {"Citation Count": 181.0, "Publication Count": 1.0}, "University of Illinois Urbana-Champaign": {"Citation Count": 23.0, "Publication Count": 1.0}, "Carnegie Mellon University": {"Citation Count": 12.299999999999999, "Publication Count": 0.3}, "University of California, San Diego": {"Citation Count": 8.200000000000001, "Publication Count": 0.2}, "Mellanox Technologies (Israel)": {"Citation Count": 23.71428571428571, "Publication Count": 0.2857142857142857}, " NYU": {"Citation Count": 11.857142857142856, "Publication Count": 0.14285714285714285}, "University of Washington": {"Citation Count": 11.857142857142856, "Publication Count": 0.14285714285714285}, "International Computer Science Institute": {"Citation Count": 5.928571428571428, "Publication Count": 0.07142857142857142}, "Oldham Council": {"Citation Count": 16.5, "Publication Count": 0.16666666666666666}, "Queen Mary University of London": {"Citation Count": 43.72222222222222, "Publication Count": 0.2777777777777778}, "Naudit HPCN": {"Citation Count": 16.5, "Publication Count": 0.16666666666666666}, "Autonomous University of Madrid": {"Citation Count": 16.5, "Publication Count": 0.16666666666666666}, "Kootenay Association for Science & Technology": {"Citation Count": 11.583333333333332, "Publication Count": 0.08333333333333333}, "King Abdullah University of Science and Technology": {"Citation Count": 11.583333333333332, "Publication Count": 0.08333333333333333}, "Computer Science Laboratory of Lille": {"Citation Count": 23.0, "Publication Count": 1.0}, "(Yale)": {"Citation Count": 2.333333333333333, "Publication Count": 0.3333333333333333}, "Yale/Tongji": {"Citation Count": 2.333333333333333, "Publication Count": 0.3333333333333333}, "University of Pennsylvania": {"Citation Count": 25.0, "Publication Count": 1.0}, "Human Media": {"Citation Count": 30.0, "Publication Count": 0.6}, "Brigham and Women's Hospital": {"Citation Count": 20.0, "Publication Count": 0.4}, "UIUC,#TAB#": {"Citation Count": 21.0, "Publication Count": 0.16666666666666666}, "UCSB#TAB#": {"Citation Count": 21.0, "Publication Count": 0.16666666666666666}, "University of Massachusetts": {"Citation Count": 42.8, "Publication Count": 1.4}, "Wavelite": {"Citation Count": 11.0, "Publication Count": 0.3333333333333333}, "Intentionet": {"Citation Count": 8.5, "Publication Count": 0.25}, "Barefoot Networks": {"Citation Count": 43.199999999999996, "Publication Count": 0.6}, "Yale University": {"Citation Count": 7.2, "Publication Count": 0.1}, "Universit\u00e0 della Svizzera italiana": {"Citation Count": 7.2, "Publication Count": 0.1}, "George Washington University": {"Citation Count": 29.6, "Publication Count": 0.8}, "University of California, Riverside": {"Citation Count": 7.4, "Publication Count": 0.2}, "Polytechnic University of Bucharest": {"Citation Count": 54.0, "Publication Count": 1.0}, "Lahore University of Management Sciences": {"Citation Count": 7.0, "Publication Count": 1.0}, "University of Vienna": {"Citation Count": 9.4, "Publication Count": 0.2}, " Peking University": {"Citation Count": 163.33333333333331, "Publication Count": 0.6666666666666666}, "Institute of Computing Technology": {"Citation Count": 27.22222222222222, "Publication Count": 0.1111111111111111}, "Alibaba Group (United States)": {"Citation Count": 27.22222222222222, "Publication Count": 0.1111111111111111}, "Chinese Academy of sciences": {"Citation Count": 57.33333333333333, "Publication Count": 0.6666666666666666}, "Chinese University of Hong Kong": {"Citation Count": 28.666666666666664, "Publication Count": 0.3333333333333333}}