{"University of Science and Technology of China": {"Citation Count": 62.38095238095238, "Publication Count": 0.6190476190476191}, "Hong Kong University of Science and Technology": {"Citation Count": 25.857142857142858, "Publication Count": 0.39285714285714285}, "Micosoft Coporation, Redmond, USA#TAB#": {"Citation Count": 18.857142857142858, "Publication Count": 0.14285714285714285}, "Microsoft Research Asia (China)": {"Citation Count": 356.697619047619, "Publication Count": 4.3238095238095235}, "Hong Kong Univesity of Science and Thechnology , Hong Kong, China": {"Citation Count": 18.857142857142858, "Publication Count": 0.14285714285714285}, "Microsoft (United States)": {"Citation Count": 632.4333333333333, "Publication Count": 6.3999999999999995}, "Cornell University": {"Citation Count": 53.90909090909091, "Publication Count": 0.5909090909090909}, "University of North Carolina at Chapel Hill": {"Citation Count": 135.0, "Publication Count": 2.0}, "NTT (Japan)": {"Citation Count": 12.0, "Publication Count": 1.0}, "Yahoo labs, Sunnyvale, CA, USA": {"Citation Count": 21.875, "Publication Count": 0.625}, "Shanghai Jiao Tong University": {"Citation Count": 28.75, "Publication Count": 1.3928571428571428}, "Georgia Institute of Technology": {"Citation Count": 4.375, "Publication Count": 0.125}, "Google (United States)": {"Citation Count": 125.31818181818181, "Publication Count": 1.6818181818181819}, "Institute of Computing Technology": {"Citation Count": 195.16666666666666, "Publication Count": 0.8333333333333333}, "Chinese Academy of Sciences": {"Citation Count": 56.666666666666664, "Publication Count": 0.3333333333333333}, "Dublin City University": {"Citation Count": 56.666666666666664, "Publication Count": 0.3333333333333333}, "German Research Centre for Artificial Intelligence": {"Citation Count": 45.0, "Publication Count": 1.0}, "Johns Hopkins University": {"Citation Count": 33.06060606060606, "Publication Count": 1.4393939393939394}, "University of Maryland, Baltimore County": {"Citation Count": 12.666666666666666, "Publication Count": 0.3333333333333333}, "Bo\u011fazi\u00e7i University": {"Citation Count": 1.8181818181818183, "Publication Count": 0.18181818181818182}, "IIT@MIT": {"Citation Count": 0.9090909090909092, "Publication Count": 0.09090909090909091}, "IBM Research - Thomas J. Watson Research Center": {"Citation Count": 1.8181818181818183, "Publication Count": 0.18181818181818182}, "University of Maryland, College Park,MD,USA.": {"Citation Count": 5.0, "Publication Count": 0.5}, "University College London": {"Citation Count": 221.25, "Publication Count": 1.75}, "Microsoft Research (United Kingdom)": {"Citation Count": 120.98333333333332, "Publication Count": 3.283333333333333}, "Robert Gordon University": {"Citation Count": 10.666666666666666, "Publication Count": 0.6666666666666666}, "Tianjin University": {"Citation Count": 5.333333333333333, "Publication Count": 0.3333333333333333}, "Universit\u00e0 della Svizzera italiana": {"Citation Count": 24.75, "Publication Count": 0.75}, "University of Strathclyde": {"Citation Count": 8.25, "Publication Count": 0.25}, "Fudan University": {"Citation Count": 12.4, "Publication Count": 0.4}, "IBM Research - Haifa": {"Citation Count": 115.0, "Publication Count": 1.0}, "Polytechnic institute of NYU, Brooklyn, NY, USA": {"Citation Count": 50.0, "Publication Count": 1.0}, "University of Maryland, College Park": {"Citation Count": 90.0, "Publication Count": 1.0}, "Yahoo (Spain)": {"Citation Count": 229.66666666666666, "Publication Count": 2.333333333333333}, "University of Twente": {"Citation Count": 94.33333333333333, "Publication Count": 0.6666666666666666}, "Lehigh University": {"Citation Count": 86.0, "Publication Count": 1.0}, "Huazhong Science and Technology University, Wuhan, China": {"Citation Count": 44.0, "Publication Count": 0.5}, "National University of Singapore": {"Citation Count": 223.5, "Publication Count": 2.75}, "University of Glasgow": {"Citation Count": 545.6666666666666, "Publication Count": 3.3333333333333335}, "Chinese University of Hong Kong": {"Citation Count": 721.0, "Publication Count": 3.0}, "NEC Laboratories America, Cupertino, USA": {"Citation Count": 105.75, "Publication Count": 0.75}, "Carnegie Mellon University": {"Citation Count": 170.58333333333334, "Publication Count": 1.5833333333333333}, "Yahoo (United States)": {"Citation Count": 59.0, "Publication Count": 1.0}, "Universit\u00e9 de Montr\u00e9al": {"Citation Count": 40.6, "Publication Count": 0.65}, "University of Tsukuba": {"Citation Count": 3.5, "Publication Count": 0.5}, "Tokyo Institute of Technology": {"Citation Count": 3.5, "Publication Count": 0.5}, "[HP Laboratories, India, Bangalore, India]": {"Citation Count": 7.333333333333333, "Publication Count": 0.3333333333333333}, "Indian Institute of Technology Bombay": {"Citation Count": 14.666666666666666, "Publication Count": 0.6666666666666666}, "Enterprise Ireland": {"Citation Count": 27.0, "Publication Count": 0.5}, "Ollscoil na Gaillimhe \u2013 University of Galway": {"Citation Count": 27.0, "Publication Count": 0.5}, "Institute of automation, Chinese Academy of Sciences, Beijing, China#TAB#": {"Citation Count": 17.25, "Publication Count": 0.75}, "iZENEsoft, Inc., Shanghai, China": {"Citation Count": 33.0, "Publication Count": 0.5}, "Wisenut, Inc., Seoul, South Korea": {"Citation Count": 33.0, "Publication Count": 0.5}, "University of Illinois Urbana-Champaign": {"Citation Count": 216.2, "Publication Count": 1.2}, "York University": {"Citation Count": 49.0, "Publication Count": 1.0}, "Yahoo! Labs Montreal, Montreal, PQ, Canada": {"Citation Count": 110.0, "Publication Count": 1.0}, "Pennsylvania State University": {"Citation Count": 14.0, "Publication Count": 0.5}, "Shenzhen Institutes of Advanced Technology": {"Citation Count": 7.0, "Publication Count": 0.25}, "Swarthmore College": {"Citation Count": 35.5, "Publication Count": 0.5833333333333333}, "University of California, San Diego": {"Citation Count": 43.5, "Publication Count": 0.75}, "L3S Research Center": {"Citation Count": 34.0, "Publication Count": 0.3333333333333333}, "University of Sheffield": {"Citation Count": 68.0, "Publication Count": 0.6666666666666666}, "Singapore Management University": {"Citation Count": 8.5, "Publication Count": 0.25}, "Commonwealth Scientific and Industrial Research Organisation": {"Citation Count": 29.166666666666668, "Publication Count": 0.8333333333333333}, "University of Delaware": {"Citation Count": 70.0, "Publication Count": 1.0}, "University of Melbourne": {"Citation Count": 32.0, "Publication Count": 1.0}, "Northeastern University": {"Citation Count": 45.6, "Publication Count": 0.8}, "Brown University": {"Citation Count": 17.5, "Publication Count": 0.5}, "Providence College": {"Citation Count": 17.5, "Publication Count": 0.5}, "Kyungpook National University": {"Citation Count": 17.0, "Publication Count": 1.0}, "RMIT University": {"Citation Count": 38.400000000000006, "Publication Count": 0.8}, "Tampere University": {"Citation Count": 9.600000000000001, "Publication Count": 0.2}, "Helsinki University of Technology TKK, Espoo, Finland": {"Citation Count": 42.0, "Publication Count": 0.6666666666666666}, "University of Amsterdam": {"Citation Count": 36.666666666666664, "Publication Count": 0.6666666666666666}, "Telefonica Research and Development": {"Citation Count": 70.2, "Publication Count": 0.6}, "The London College": {"Citation Count": 23.400000000000002, "Publication Count": 0.2}, "Korea Advanced Institute of Science and Technology": {"Citation Count": 23.400000000000002, "Publication Count": 0.2}, "Zhejiang University": {"Citation Count": 96.80000000000001, "Publication Count": 0.8}, "Siemens (Germany)": {"Citation Count": 3.0, "Publication Count": 1.0}, "Tsinghua University": {"Citation Count": 5.0, "Publication Count": 0.14285714285714285}, "Nankai University": {"Citation Count": 5.0, "Publication Count": 0.14285714285714285},