{"Stanford University": {"Citation Count": 168.125, "Publication Count": 2.1875}, "Microsoft Research (India)": {"Citation Count": 34.75, "Publication Count": 0.125}, "Carnegie Mellon University": {"Citation Count": 136.20833333333334, "Publication Count": 1.6458333333333333}, "Microsoft Research (United Kingdom)": {"Citation Count": 135.01666666666665, "Publication Count": 1.9416666666666667}, "The University of Hong Kong and ByteDance Inc.#TAB#": {"Citation Count": 20.5, "Publication Count": 0.125}, "CE Technologies (United Kingdom)": {"Citation Count": 82.0, "Publication Count": 0.5}, "Chinese University of Hong Kong": {"Citation Count": 61.5, "Publication Count": 0.375}, "University of Wisconsin\u2013Madison": {"Citation Count": 9.0, "Publication Count": 0.3333333333333333}, "Imperial College London": {"Citation Count": 39.5, "Publication Count": 0.5}, "Technion \u2013 Israel Institute of Technology": {"Citation Count": 26.333333333333332, "Publication Count": 0.3333333333333333}, "Cornell University": {"Citation Count": 13.166666666666666, "Publication Count": 0.16666666666666666}, "Stellar Development Foundation": {"Citation Count": 39.666666666666664, "Publication Count": 0.7777777777777778}, "Galois (United States)": {"Citation Count": 5.666666666666666, "Publication Count": 0.1111111111111111}, "UCLA": {"Citation Count": 16.38095238095238, "Publication Count": 0.8253968253968254}, "MIT - CSAIL": {"Citation Count": 32.416666666666664, "Publication Count": 2.4166666666666665}, "University of Chinese Academy of Sciences": {"Citation Count": 6.285714285714286, "Publication Count": 0.5714285714285714}, "Alibaba Group (United States)": {"Citation Count": 4.714285714285714, "Publication Count": 0.42857142857142855}, "University of Toronto": {"Citation Count": 33.0, "Publication Count": 2.0}, "Georgia Institute of Technology": {"Citation Count": 94.55238095238096, "Publication Count": 2.276190476190476}, "University of Chicago": {"Citation Count": 15.742857142857144, "Publication Count": 0.5428571428571429}, "University of California System": {"Citation Count": 6.800000000000001, "Publication Count": 0.2}, "Columbia University": {"Citation Count": 20.333333333333332, "Publication Count": 1.3333333333333335}, "University of Pennsylvania": {"Citation Count": 21.0, "Publication Count": 1.0}, "Hebrew University of Jerusalem": {"Citation Count": 2.333333333333333, "Publication Count": 0.3333333333333333}, "University of Washington": {"Citation Count": 61.666666666666664, "Publication Count": 1.1666666666666665}, "Boston College": {"Citation Count": 6.25, "Publication Count": 0.25}, "Shanghai Jiao Tong University": {"Citation Count": 59.583333333333336, "Publication Count": 1.7083333333333335}, "Huawei Technologies (United Kingdom)": {"Citation Count": 1.6666666666666665, "Publication Count": 0.16666666666666666}, "Huawei Technologies (United States)": {"Citation Count": 0.8333333333333333, "Publication Count": 0.08333333333333333}, "EPFL (Switzerland)": {"Citation Count": 15.0, "Publication Count": 1.0}, "UCLA Health": {"Citation Count": 0.25, "Publication Count": 0.125}, "Amazon (United States)": {"Citation Count": 9.75, "Publication Count": 0.125}, "Universidad del Noreste": {"Citation Count": 9.75, "Publication Count": 0.125}, "University of California, Berkeley": {"Citation Count": 8.214285714285715, "Publication Count": 0.35714285714285715}, "Berkeley College": {"Citation Count": 8.214285714285715, "Publication Count": 0.35714285714285715}, "ETH Zurich": {"Citation Count": 3.2857142857142856, "Publication Count": 0.14285714285714285}, "Red Hat (United States)": {"Citation Count": 15.666666666666666, "Publication Count": 0.3333333333333333}, "University of Michigan\u2013Ann Arbor": {"Citation Count": 24.0, "Publication Count": 3.0}, "Google (United States)": {"Citation Count": 61.166666666666664, "Publication Count": 1.1666666666666667}, "Yale University": {"Citation Count": 3.5, "Publication Count": 0.5}, "Harvard University ,": {"Citation Count": 2.333333333333333, "Publication Count": 0.3333333333333333}, "Meta (Israel)": {"Citation Count": 6.416666666666666, "Publication Count": 0.9166666666666666}, "UIUC,#TAB#": {"Citation Count": 0.5833333333333333, "Publication Count": 0.08333333333333333}, "University of Sydney": {"Citation Count": 54.0, "Publication Count": 0.75}, "Nutanix (United States)": {"Citation Count": 18.0, "Publication Count": 0.25}, "The University of Texas at Austin": {"Citation Count": 71.46666666666667, "Publication Count": 0.9333333333333333}, "Association for Computing Machinery": {"Citation Count": 13.833333333333332, "Publication Count": 0.16666666666666666}, "Pennsylvania State University": {"Citation Count": 13.833333333333332, "Publication Count": 0.16666666666666666}, "Colorado School of Mines": {"Citation Count": 47.0, "Publication Count": 1.0}, "Tsinghua University": {"Citation Count": 21.583333333333336, "Publication Count": 0.5833333333333334}, "Hamad bin Khalifa University": {"Citation Count": 6.166666666666666, "Publication Count": 0.16666666666666666}, "4Paradigm Co. Ltd.#TAB#": {"Citation Count": 6.166666666666666, "Publication Count": 0.16666666666666666}, "University Town of Shenzhen": {"Citation Count": 3.083333333333333, "Publication Count": 0.08333333333333333}, "UC Irvine Health": {"Citation Count": 2.142857142857143, "Publication Count": 0.14285714285714285}, "Kitware (United States)": {"Citation Count": 3.2, "Publication Count": 0.2}, "Hkust": {"Citation Count": 3.2, "Publication Count": 0.2}, "Virginia Tech": {"Citation Count": 3.2, "Publication Count": 0.2}}