{"Paul Hastings": {"Citation Count": 66.91666666666666, "Publication Count": 0.08333333333333333}, "Google (United States)": {"Citation Count": 96.59166666666665, "Publication Count": 2.1083333333333334}, "G DATA Advanced Analytics": {"Citation Count": 66.91666666666666, "Publication Count": 0.08333333333333333}, "University of Mary": {"Citation Count": 33.45833333333333, "Publication Count": 0.041666666666666664}, "University of Pennsylvania": {"Citation Count": 97.20833333333333, "Publication Count": 1.2916666666666667}, "Graz University of Technology": {"Citation Count": 267.66666666666663, "Publication Count": 0.3333333333333333}, "Cyberus Technology": {"Citation Count": 133.83333333333331, "Publication Count": 0.16666666666666666}, "Rambus (United Kingdom)": {"Citation Count": 66.91666666666666, "Publication Count": 0.08333333333333333}, "University of Adelaide": {"Citation Count": 38.95833333333333, "Publication Count": 0.2916666666666667}, "Data61": {"Citation Count": 42.791666666666664, "Publication Count": 0.29166666666666663}, "University of North Carolina at Chapel Hill": {"Citation Count": 78.5, "Publication Count": 0.85}, "Georgia Institute of Technology": {"Citation Count": 297.8, "Publication Count": 3.1}, "Stony Brook University": {"Citation Count": 36.400000000000006, "Publication Count": 0.4}, "Technical University of Madrid": {"Citation Count": 20.333333333333332, "Publication Count": 0.3333333333333333}, "Microsoft Research (United Kingdom)": {"Citation Count": 36.83333333333333, "Publication Count": 1.2833333333333332}, "IMDEA Software": {"Citation Count": 20.333333333333332, "Publication Count": 0.3333333333333333}, "Vrije Universiteit Amsterdam": {"Citation Count": 196.5, "Publication Count": 1.875}, "Radboud University": {"Citation Count": 7.5, "Publication Count": 0.5}, "Open University in the Netherlands": {"Citation Count": 7.5, "Publication Count": 0.5}, "Helmholtz Center for Information Security": {"Citation Count": 43.42142857142857, "Publication Count": 1.1821428571428572}, "University of Warsaw": {"Citation Count": 45.5, "Publication Count": 0.5}, "Technical University of Darmstadt": {"Citation Count": 45.5, "Publication Count": 0.5}, "University of Erlangen-Nuremberg": {"Citation Count": 44.666666666666664, "Publication Count": 0.6666666666666666}, "Aarhus University": {"Citation Count": 44.83333333333333, "Publication Count": 0.8333333333333333}, "IOHK": {"Citation Count": 25.333333333333332, "Publication Count": 0.3333333333333333}, "University of Edinburgh": {"Citation Count": 54.33333333333333, "Publication Count": 1.3333333333333333}, "National and Kapodistrian University of Athens": {"Citation Count": 25.333333333333332, "Publication Count": 0.3333333333333333}, "Imec the Netherlands": {"Citation Count": 21.0, "Publication Count": 0.5}, "KU Leuven": {"Citation Count": 21.0, "Publication Count": 0.5}, "SBA Research": {"Citation Count": 20.1, "Publication Count": 0.3666666666666667}, "Imperial College London": {"Citation Count": 62.5, "Publication Count": 0.8333333333333334}, "University of Sarajevo": {"Citation Count": 3.125, "Publication Count": 0.125}, "Cloudflare": {"Citation Count": 3.125, "Publication Count": 0.125}, "French Institute for Research in Computer Science and Automation": {"Citation Count": 22.5, "Publication Count": 1.75}, "University of Bonn": {"Citation Count": 22.8, "Publication Count": 0.6}, "Stanford University": {"Citation Count": 27.67857142857143, "Publication Count": 0.8928571428571429}, "Ca' Foscari University of Venice": {"Citation Count": 9.1, "Publication Count": 0.7}, "Masaryk University": {"Citation Count": 1.3, "Publication Count": 0.1}, "TU Wien": {"Citation Count": 2.6, "Publication Count": 0.2}, "Carnegie Mellon University": {"Citation Count": 11.666666666666666, "Publication Count": 0.16666666666666666}, "University of California, Berkeley": {"Citation Count": 55.33333333333333, "Publication Count": 0.8333333333333333}, "Boston University": {"Citation Count": 11.666666666666666, "Publication Count": 0.16666666666666666}, "University of California, Santa Cruz": {"Citation Count": 11.666666666666666, "Publication Count": 0.16666666666666666}, " Peking University": {"Citation Count": 11.666666666666666, "Publication Count": 0.16666666666666666}, "Hong Kong Polytechnic University": {"Citation Count": 46.5, "Publication Count": 0.75}, "Renmin University of China": {"Citation Count": 29.5, "Publication Count": 0.5357142857142857}, "Google (Switzerland)": {"Citation Count": 0.4375, "Publication Count": 0.0625}, "ETH Zurich": {"Citation Count": 6.4375, "Publication Count": 0.20535714285714285}, "Virginia Tech": {"Citation Count": 130.28571428571428, "Publication Count": 2.142857142857143}, "University of Chicago": {"Citation Count": 361.02857142857147, "Publication Count": 1.5142857142857142}, "Ruhr University Bochum": {"Citation Count": 70.65, "Publication Count": 1.2357142857142858}, "Stanford": {"Citation Count": 7.199999999999999, "Publication Count": 0.6}, "Cornell Tech": {"Citation Count": 27.0, "Publication Count": 0.75}, "Technion \u2013 Israel Institute of Technology": {"Citation Count": 9.0, "Publication Count": 0.25}, "Tel Aviv University": {"Citation Count": 11.416666666666666, "Publication Count": 0.41666666666666663}, "University of Michigan\u2013Ann Arbor": {"Citation Count": 40.79545454545455, "Publication Count": 2.106060606060606}, "Weizmann Institute of Science": {"Citation Count": 7.916666666666666, "Publication Count": 0.41666666666666663}, "NCC Group": {"Citation Count": 3.6666666666666665, "Publication Count": 0.16666666666666666}, "yes.com AG": {"Citation Count": 5.0, "Publication Count": 0.3333333333333333}, "University of Stuttgart": {"Citation Count": 10.0, "Publication Count": 0.6666666666666666}, "McGill University": {"Citation Count": 100.0, "Publication Count": 0.6666666666666666}, "Defence Research and Development Canada": {"Citation Count": 50.0, "Publication Count": 0.3333333333333333}, "Pennsylvania State University": {"Citation Count": 55.75, "Publication Count": 1.75}, "Cornell University": {"Citation Count": 185.5909090909091, "Publication Count": 1.2954545454545454}, "University of Illinois Urbana-Champaign": {"Citation Count": 79.36363636363636, "Publication Count": 1.1818181818181819}, "University of Toronto": {"Citation Count": 7.25, "Publication Count": 0.25}, "Saarland University": {"Citation Count": 5.0, "Publication Count": 0.25}, "Indiana University Bloomington": {"Citation Count": 96.02777777777777, "Publication Count": 2.3134920634920633}, "Institute of Information Engineering": {"Citation Count": 11.233333333333334, "Publication Count": 0.4333333333333333}, "Chinese Academy of Sciences": {"Citation Count": 7.138888888888888, "Publication Count": 0.4722222222222222}, "University of Virginia": {"Citation Count": 13.666666666666666, "Publication Count": 0.3333333333333333}, "Northeastern University": {"Citation Count": 23.0, "Publication Count": 1.0}, "Wayne State University": {"Citation Count": 19.0, "Publication Count": 1.0}, "Waseda University": {"Citation Count": 11.0, "Publication Count": 1.0}, "University of Cambridge": {"Citation Count": 17.333333333333332, "Publication Count": 0.6666666666666666}, "Polymat": {"Citation Count": 4.333333333333333, "Publication Count": 0.16666666666666666}, "Insight (China)": {"Citation Count": 4.333333333333333, "Publication Count": 0.16666666666666666}, "Columbia University": {"Citation Count": 501.0, "Publication Count": 2.0}, "Zhejiang University": {"Citation Count": 64.80952380952381, "Publication Count": 1.0476190476190477}, "International University of the Caribbean": {"Citation Count": 11.428571428571427, "Publication Count": 0.14285714285714285}, "Lehigh University": {"Citation Count": 11.428571428571427, "Publication Count": 0.14285714285714285}, "UCL Australia": {"Citation Count": 303.5, "Publication Count": 0.5}, "Tech Valley (South Korea)": {"Citation Count": 154.75,