{"Lawrence Livermore National Laboratory": {"Citation Count": 6.375, "Publication Count": 0.375}, "TU Dortmund University": {"Citation Count": 2.125, "Publication Count": 0.125}, "University of Twente": {"Citation Count": 8.25, "Publication Count": 1.5833333333333333}, "Clausthal University of Technology": {"Citation Count": 2.125, "Publication Count": 0.125}, "University of Delaware": {"Citation Count": 2.125, "Publication Count": 0.125}, "JKU Linz, Austria": {"Citation Count": 1.6666666666666665, "Publication Count": 0.3333333333333333}, "Stellenbosch University": {"Citation Count": 0.75, "Publication Count": 0.75}, "Ames Research Center": {"Citation Count": 0.25, "Publication Count": 0.25}, "University of Tehran": {"Citation Count": 0.0, "Publication Count": 0.6666666666666666}, "University of Tehran, Iran / Reykjavik University, Iceland": {"Citation Count": 0.0, "Publication Count": 0.3333333333333333}, "LRDE, France": {"Citation Count": 0.3333333333333333, "Publication Count": 0.3333333333333333}, "Siemens (Germany)": {"Citation Count": 3.0, "Publication Count": 1.0}, "Institut Polytechnique de Bordeaux": {"Citation Count": 2.6666666666666665, "Publication Count": 0.3333333333333333}, "University of Bordeaux": {"Citation Count": 3.6666666666666665, "Publication Count": 1.3333333333333333}, "Grenoble Computer Science Laboratory": {"Citation Count": 1.3333333333333333, "Publication Count": 0.16666666666666666}, "Grenoble Alpes University": {"Citation Count": 1.3333333333333333, "Publication Count": 0.16666666666666666}, "Aalto University": {"Citation Count": 2.1666666666666665, "Publication Count": 0.16666666666666666}, "University of Gothenburg": {"Citation Count": 0.8666666666666667, "Publication Count": 0.06666666666666667}, "Finland University": {"Citation Count": 2.1666666666666665, "Publication Count": 0.16666666666666666}, "University of Auckland": {"Citation Count": 2.6, "Publication Count": 0.2}, "Kiel University": {"Citation Count": 6.0, "Publication Count": 0.6000000000000001}, "Iowa State University": {"Citation Count": 0.6666666666666666, "Publication Count": 0.3333333333333333}, "Rockwell Automation (United States)": {"Citation Count": 1.3333333333333333, "Publication Count": 0.6666666666666666}, "National Institute of Aerospace": {"Citation Count": 0.6666666666666666, "Publication Count": 0.6666666666666666}, "Pontificia Universidad Javeriana": {"Citation Count": 0.3333333333333333, "Publication Count": 0.3333333333333333}, "Politecnico di Milano": {"Citation Count": 0.6, "Publication Count": 0.6}, "Institute e-Austria Timisoara": {"Citation Count": 0.1, "Publication Count": 0.1}, "West University of Timi\u015foara": {"Citation Count": 0.1, "Publication Count": 0.1}, "University of Milan": {"Citation Count": 0.2, "Publication Count": 0.2}, "Institute of Software": {"Citation Count": 0.4, "Publication Count": 0.1}, "Chinese Academy of Sciences": {"Citation Count": 0.4, "Publication Count": 0.1}, "Aalborg University": {"Citation Count": 1.6, "Publication Count": 0.4}, "French Institute for Research in Computer Science and Automation": {"Citation Count": 0.8, "Publication Count": 0.2}, "University of Liverpool": {"Citation Count": 17.8, "Publication Count": 1.6}, "National University of Singapore": {"Citation Count": 11.200000000000001, "Publication Count": 0.4}, "Radboud University Nijmegen": {"Citation Count": 46.0, "Publication Count": 1.0}, "D\u00e9l\u00e9gation Paris 7": {"Citation Count": 3.5, "Publication Count": 0.5}, "Paris 13 University": {"Citation Count": 3.5, "Publication Count": 0.5}, "The University of Texas at Austin": {"Citation Count": 18.0, "Publication Count": 2.0}, "National Technical University of Athens": {"Citation Count": 12.0, "Publication Count": 0.75}, "Uppsala University": {"Citation Count": 4.0, "Publication Count": 0.25}, "University of Malaga": {"Citation Count": 6.0, "Publication Count": 1.0}, "Royal Holloway University of London": {"Citation Count": 15.0, "Publication Count": 1.0}}