{"University of Washington": {"Citation Count": 89.35357142857143, "Publication Count": 3.0964285714285715}, "University of Liverpool": {"Citation Count": 7.0, "Publication Count": 0.5}, "University of Oxford": {"Citation Count": 10.833333333333334, "Publication Count": 2.5833333333333335}, "University of California, Los Angeles": {"Citation Count": 46.33333333333333, "Publication Count": 1.6666666666666665}, "University of Illinois Urbana-Champaign": {"Citation Count": 20.333333333333332, "Publication Count": 2.5}, "Tsinghua University": {"Citation Count": 5.833333333333333, "Publication Count": 1.0833333333333333}, "University of Wisconsin\u2013Madison": {"Citation Count": 2.6, "Publication Count": 1.0}, "University of California, San Diego": {"Citation Count": 4.4, "Publication Count": 1.65}, "Carnegie Mellon University": {"Citation Count": 51.916666666666664, "Publication Count": 6.65}, "Universit\u00e9 Paris Cit\u00e9": {"Citation Count": 0.75, "Publication Count": 0.25}, "Sorbonne University": {"Citation Count": 0.9166666666666666, "Publication Count": 0.41666666666666663}, "Boston University": {"Citation Count": 9.399999999999999, "Publication Count": 1.6833333333333333}, "Apple (United States)": {"Citation Count": 3.6, "Publication Count": 0.4}, "Massachusetts Institute of Technology": {"Citation Count": 39.375, "Publication Count": 10.5}, "National University of Singapore": {"Citation Count": 2.0, "Publication Count": 0.5}, "The University of Texas at Austin": {"Citation Count": 3.4000000000000004, "Publication Count": 0.9833333333333334}, "University of Nebraska\u2013Lincoln": {"Citation Count": 1.0, "Publication Count": 0.25}, "Google (United States)": {"Citation Count": 5.898809523809524, "Publication Count": 1.8095238095238093}, "Google (Switzerland)": {"Citation Count": 3.6833333333333336, "Publication Count": 0.9833333333333334}, "Laboratoire de Recherche en Informatique de Paris 6": {"Citation Count": 0.16666666666666666, "Publication Count": 0.16666666666666666}, "Aarhus University": {"Citation Count": 0.3333333333333333, "Publication Count": 0.3333333333333333}, "Engineering Academy of the Czech Republic": {"Citation Count": 0.08333333333333333, "Publication Count": 0.08333333333333333}, "Czech Academy of Sciences": {"Citation Count": 0.5833333333333334, "Publication Count": 0.3333333333333333}, "EPFL (Switzerland)": {"Citation Count": 4.666666666666666, "Publication Count": 1.4999999999999998}, "University of Copenhagen": {"Citation Count": 9.066666666666666, "Publication Count": 2.6166666666666667}, "Lund University": {"Citation Count": 0.08333333333333333, "Publication Count": 0.08333333333333333}, "Institute for Advanced Study": {"Citation Count": 5.428571428571429, "Publication Count": 0.738095238095238}, "University of Toronto": {"Citation Count": 1.5833333333333333, "Publication Count": 0.3333333333333333}, "McGill University": {"Citation Count": 0.16666666666666666, "Publication Count": 0.16666666666666666}, "Russian Academy of Sciences": {"Citation Count": 0.16666666666666666, "Publication Count": 0.16666666666666666}, "Imperial College London": {"Citation Count": 1.0, "Publication Count": 0.5}, "Princeton University": {"Citation Count": 12.96190476190476, "Publication Count": 3.738095238095238}, "Tel Aviv University": {"Citation Count": 16.25, "Publication Count": 4.791666666666667}, "National Institute of Informatics": {"Citation Count": 2.25, "Publication Count": 1.25}, "University of Warwick": {"Citation Count": 0.6666666666666666, "Publication Count": 0.6666666666666666}, "Duke University": {"Citation Count": 5.4, "Publication Count": 0.7}, "University of Michigan\u2013Ann Arbor": {"Citation Count": 10.257142857142856, "Publication Count": 2.4261904761904765}, "Aalto University": {"Citation Count": 2.4000000000000004, "Publication Count": 0.2}, "University of California, Santa Barbara": {"Citation Count": 0.8, "Publication Count": 0.4}, "University of Warsaw": {"Citation Count": 1.0, "Publication Count": 0.5}, "Warsaw University of Technology": {"Citation Count": 0.2, "Publication Count": 0.1}, "Columbia University": {"Citation Count": 10.25, "Publication Count": 1.25}, "University of Massachusetts Boston": {"Citation Count": 3.5, "Publication Count": 0.5}, "ETH Zurich": {"Citation Count": 17.1, "Publication Count": 2.2}, "University of California, Berkeley": {"Citation Count": 12.966666666666667, "Publication Count": 2.433333333333333}, "Stanford University": {"Citation Count": 43.01428571428571, "Publication Count": 6.319047619047619}, "North Carolina State University": {"Citation Count": 1.4000000000000001, "Publication Count": 0.2}, "Tekniska H\u00f6gskolans Studentk\u00e5r": {"Citation Count": 6.107142857142857, "Publication Count": 1.1428571428571428}, "Harvard University Press": {"Citation Count": 16.5, "Publication Count": 1.7666666666666666}, "Google (Israel)": {"Citation Count": 3.3, "Publication Count": 0.6166666666666667}, "Weizmann Institute of Science": {"Citation Count": 22.35, "Publication Count": 3.3166666666666664}, "IBM Research - India": {"Citation Count": 0.0, "Publication Count": 0.5}, "OrCam, Israel": {"Citation Count": 0.5, "Publication Count": 0.25}, "University of Waterloo": {"Citation Count": 2.7333333333333334, "Publication Count": 0.8666666666666667}, "Google (Canada)": {"Citation Count": 0.6666666666666666, "Publication Count": 0.3333333333333333}, "Toyota Technological Institute at Chicago": {"Citation Count": 10.966666666666665, "Publication Count": 2.3666666666666667}, "Technion \u2013 Israel Institute of Technology": {"Citation Count": 12.8, "Publication Count": 1.5333333333333332}, "Max Planck Institute for Informatics": {"Citation Count": 3.0, "Publication Count": 0.95}, "California University of Pennsylvania": {"Citation Count": 0.16666666666666666, "Publication Count": 0.5}, "Rutgers, The State University of New Jersey": {"Citation Count": 6.666666666666667, "Publication Count": 2.6666666666666665}, "University of Wroc\u0142aw": {"Citation Count": 7.5, "Publication Count": 1.5}, "[University of Hong Kong, China]": {"Citation Count": 7.0, "Publication Count": 1.0}, "New York University": {"Citation Count": 4.5, "Publication Count": 1.25}, "Microsoft (United States)": {"Citation Count": 18.953571428571426, "Publication Count": 2.1047619047619044}, "Cornell University": {"Citation Count": 1.0, "Publication Count": 1.0}, "Cornell Tech, USA": {"Citation Count": 25.0, "Publication Count": 1.0}, "NTT Research, USA": {"Citation Count": 3.0, "Publication Count": 0.3333333333333333}, "Harvard University USA": {"Citation Count": 3.0, "Publication Count": 1.0}, "Tata Institute of Fundamental Research": {"Citation Count": 0.6666666666666666, "Publication Count": 0.8333333333333333}, "Chennai Mathematical Institute": {"Citation Count": 1.3333333333333333, "Publication Count": 0.6666666666666666}, "Yale University": {"Citation Count": 5.166666666666667, "Publication Count": 1.3333333333333333}, "City University of New York": {"Citation Count": 1.5, "Publication Count": 0.5}, "Boston College": {"Citation Count": 0.3333333333333333, "Publication Count": 0.3333333333333333}, "University of Chicago": {"Citation Count": 8.666666666666666, "Publication Count": 1.6666666666666665}, "City College of New York": {"Citation Count": 0.0, "Publication Count": 0.5}, "Technical University of Berlin": {"Citation Count": 0.6666666666666666, "Publication Count": 0.8333333333333333}, "Worcester Polytechnic Institute": {"Citation Count": 3.0, "Publication Count": 0.5}, "The University of Texas at El Paso": {"Citation Count": 0.16666666666666666, "Publication Count": 0.16666666666666666}, "Georgia Institute of Technology": {"Citation Count": 23.683333333333334, "Publication Count": 1.6166666666666665}, "Utah State University": {"Citation Count": 1.0, "Publication Count": 1.0}, "Ben-Gurion University of the Negev": {"Citation Count": 3.3333333333333335, "Publication Count": 1.3333333333333333},