{"Oregon State University": {"Citation Count": 0.0, "Publication Count": 0.7142857142857143}, "University of California, San Diego": {"Citation Count": 0.0, "Publication Count": 0.14285714285714285}, "University of Southern California": {"Citation Count": 0.0, "Publication Count": 0.14285714285714285}, "University of Massachusetts Amherst": {"Citation Count": 0.5714285714285714, "Publication Count": 0.5714285714285714}, "Duke University": {"Citation Count": 4.619047619047619, "Publication Count": 0.6190476190476191}, "Colgate University": {"Citation Count": 0.14285714285714285, "Publication Count": 0.14285714285714285}, "Pontificia Universidad Cat\u00f3lica de Chile": {"Citation Count": 7.199999999999999, "Publication Count": 0.6}, "Universit\u00e9 Libre de Bruxelles and IMFD Chile, Macul, Santiago, Chile": {"Citation Count": 2.4000000000000004, "Publication Count": 0.2}, "Universit\u00e9 Libre de Bruxelles": {"Citation Count": 2.4000000000000004, "Publication Count": 0.2}, "Technion \u2013 Israel Institute of Technology": {"Citation Count": 8.666666666666666, "Publication Count": 0.6666666666666666}}