{"Peking University": {"Citation Count": 9.166666666666668, "Publication Count": 1.3333333333333335}, "Microsoft Research Asia (China)": {"Citation Count": 1.8333333333333333, "Publication Count": 0.16666666666666666}, "National University of Defense Technology": {"Citation Count": 1.8333333333333333, "Publication Count": 0.16666666666666666}, "Lancaster University": {"Citation Count": 1.8333333333333333, "Publication Count": 0.16666666666666666}, "University of Leeds": {"Citation Count": 7.333333333333333, "Publication Count": 0.6666666666666666}, "SINTEF": {"Citation Count": 19.583333333333336, "Publication Count": 0.4166666666666667}, "Innovation Norway (Norway)": {"Citation Count": 19.583333333333336, "Publication Count": 0.4166666666666667}, "EVRY Cloud Services, Norway, Oslo, Snar\u00f8yveien": {"Citation Count": 7.833333333333333, "Publication Count": 0.16666666666666666}, "Free University of Bozen-Bolzano": {"Citation Count": 24.333333333333332, "Publication Count": 0.3333333333333333}, "Carnegie Mellon University": {"Citation Count": 47.0, "Publication Count": 1.6666666666666665}, "University of Applied Sciences Rapperswil": {"Citation Count": 24.333333333333332, "Publication Count": 0.3333333333333333}, "Dalian University of Technology": {"Citation Count": 22.2, "Publication Count": 0.6}, "Nanjing University": {"Citation Count": 21.1, "Publication Count": 1.3}, "Fudan University": {"Citation Count": 4.714285714285714, "Publication Count": 0.42857142857142855}, "Acronis, Singapore, Mapex, Singapore": {"Citation Count": 1.5714285714285714, "Publication Count": 0.14285714285714285}, "Singapore University of Technology and Design": {"Citation Count": 1.5714285714285714, "Publication Count": 0.14285714285714285}, "The Open University": {"Citation Count": 2.357142857142857, "Publication Count": 0.21428571428571427}, "University of Limerick": {"Citation Count": 0.7857142857142857, "Publication Count": 0.07142857142857142}, "Institute of Software": {"Citation Count": 0.7000000000000001, "Publication Count": 0.1}, "Fortiss": {"Citation Count": 1.0, "Publication Count": 0.5}, "Technical University of Munich": {"Citation Count": 3.6666666666666665, "Publication Count": 1.1666666666666665}, "University of Stuttgart": {"Citation Count": 4.2, "Publication Count": 0.6}, "University of Groningen": {"Citation Count": 1.4000000000000001, "Publication Count": 0.2}, "University of Crete": {"Citation Count": 1.4000000000000001, "Publication Count": 0.2}, "University of Melbourne": {"Citation Count": 48.4, "Publication Count": 1.1}, "University of Pittsburgh": {"Citation Count": 3.5, "Publication Count": 0.25}, "Georgia Institute of Technology": {"Citation Count": 7.0, "Publication Count": 0.5}, "Louisiana State University": {"Citation Count": 3.5, "Publication Count": 0.25}, "University of Calabria": {"Citation Count": 3.0, "Publication Count": 1.0}, "Saint-Petersburg State University Information Technologies, Mechanic and Optics": {"Citation Count": 2.0, "Publication Count": 1.0}, "Czech Technical University in Prague": {"Citation Count": 10.0, "Publication Count": 1.0}, "University of Eastern Piedmont Amadeo Avogadro": {"Citation Count": 6.0, "Publication Count": 1.0}, "George Mason University": {"Citation Count": 3.75, "Publication Count": 0.25}, "University of North Carolina at Charlotte": {"Citation Count": 3.75, "Publication Count": 0.25}, "Boise State University": {"Citation Count": 3.75, "Publication Count": 0.25}, "Dartmouth College": {"Citation Count": 3.75, "Publication Count": 0.25}, "University of Bath": {"Citation Count": 2.0, "Publication Count": 0.5}, "University of Aberdeen": {"Citation Count": 2.0, "Publication Count": 0.5}, "UNSW Sydney": {"Citation Count": 19.76666666666667, "Publication Count": 0.8999999999999999}, "Macquarie University": {"Citation Count": 24.200000000000003, "Publication Count": 1.1333333333333333}, "University of Huddersfield": {"Citation Count": 9.3, "Publication Count": 0.3666666666666667}, "University of Virginia": {"Citation Count": 3.333333333333333, "Publication Count": 0.6666666666666666}, "University of Michigan\u2013Ann Arbor": {"Citation Count": 1.6666666666666665, "Publication Count": 0.3333333333333333}, "University of Alberta": {"Citation Count": 6.0, "Publication Count": 1.0}, "Australian National University": {"Citation Count": 0.5, "Publication Count": 0.16666666666666666}, "Complexica, Adelaide, SA, Australia": {"Citation Count": 0.5, "Publication Count": 0.16666666666666666}, "Murdoch University": {"Citation Count": 6.0, "Publication Count": 1.0}, "IBM Research - Australia": {"Citation Count": 4.2, "Publication Count": 0.3}, "University of Oxford": {"Citation Count": 34.8, "Publication Count": 1.2}, "Worcester Polytechnic Institute": {"Citation Count": 1.0, "Publication Count": 0.5}, "University of Massachusetts Amherst": {"Citation Count": 1.0, "Publication Count": 0.5}, "Jiangsu University": {"Citation Count": 7.0, "Publication Count": 0.5}, "University of Derby": {"Citation Count": 7.0, "Publication Count": 0.5}, "Delft University of Technology": {"Citation Count": 22.4, "Publication Count": 2.8}, "Bo\u011fazi\u00e7i University": {"Citation Count": 10.0, "Publication Count": 0.3333333333333333}, "King's College London": {"Citation Count": 10.0, "Publication Count": 0.3333333333333333}, "Utrecht University": {"Citation Count": 10.0, "Publication Count": 0.3333333333333333}, "Royal Institute of Technology": {"Citation Count": 0.75, "Publication Count": 0.25}, "University of Insubria": {"Citation Count": 2.25, "Publication Count": 0.75}, "Information Technologies Institute": {"Citation Count": 5.833333333333334, "Publication Count": 0.8333333333333334}, "University of Cambridge": {"Citation Count": 1.1666666666666665, "Publication Count": 0.16666666666666666}, "University of Ferrara": {"Citation Count": 2.0, "Publication Count": 1.0}, "University of Houston": {"Citation Count": 1.3333333333333333, "Publication Count": 0.3333333333333333}, "Universit\u00e4t Innsbruck": {"Citation Count": 1.6, "Publication Count": 0.2}, "University of Tulsa": {"Citation Count": 9.666666666666666, "Publication Count": 0.3333333333333333}, "Inria Grenoble - Rh\u00f4ne-Alpes research centre": {"Citation Count": 0.0, "Publication Count": 0.5}, "French Institute for Research in Computer Science and Automation": {"Citation Count": 0.0, "Publication Count": 0.5}, "The University of Texas at Austin": {"Citation Count": 52.0, "Publication Count": 1.0}, "Georgetown University": {"Citation Count": 1.6666666666666665, "Publication Count": 0.3333333333333333}, "University of Shahrood": {"Citation Count": 1.6666666666666665, "Publication Count": 0.3333333333333333}, "Purdue University System": {"Citation Count": 1.6666666666666665, "Publication Count": 0.3333333333333333}, "Microsoft (United States)": {"Citation Count": 0.0, "Publication Count": 0.5}}