{"National Tsing Hua University": {"Citation Count": 2.8000000000000003, "Publication Count": 0.4}, "Yuan Ze University": {"Citation Count": 0.7000000000000001, "Publication Count": 0.1}, "Academia Sinica": {"Citation Count": 2.35, "Publication Count": 0.55}, "Tamkang University": {"Citation Count": 1.4000000000000001, "Publication Count": 0.2}, "Tsinghua University": {"Citation Count": 20.428571428571427, "Publication Count": 2.7142857142857144}, "Ulsan National Institute of Science and Technology": {"Citation Count": 15.0, "Publication Count": 1.0}, "Data Storage Institute": {"Citation Count": 3.8703703703703702, "Publication Count": 0.35185185185185186}, "Singapore University of Technology and Design": {"Citation Count": 0.4074074074074074, "Publication Count": 0.037037037037037035}, "Agency for Science, Technology and Research": {"Citation Count": 3.8703703703703702, "Publication Count": 0.35185185185185186}, "Queensland University of Technology": {"Citation Count": 0.611111111111111, "Publication Count": 0.05555555555555555}, "University of Queensland": {"Citation Count": 0.611111111111111, "Publication Count": 0.05555555555555555}, "National University of Singapore": {"Citation Count": 0.4074074074074074, "Publication Count": 0.037037037037037035}, "Nanyang Technological University": {"Citation Count": 1.222222222222222, "Publication Count": 0.1111111111111111}, "Southern California University for Professional Studies": {"Citation Count": 0.14285714285714285, "Publication Count": 0.07142857142857142}, "University of Southern California": {"Citation Count": 0.14285714285714285, "Publication Count": 0.07142857142857142}, "Microsoft Research Asia (China)": {"Citation Count": 0.2857142857142857, "Publication Count": 0.14285714285714285}, "Hong Kong Polytechnic University": {"Citation Count": 21.5, "Publication Count": 1.0}, "Chongqing University": {"Citation Count": 3.6666666666666665, "Publication Count": 0.16666666666666666}, "George Washington University": {"Citation Count": 3.6666666666666665, "Publication Count": 0.16666666666666666}, "University of Florida": {"Citation Count": 3.6666666666666665, "Publication Count": 0.16666666666666666}, "Technion \u2013 Israel Institute of Technology": {"Citation Count": 4.199999999999999, "Publication Count": 0.7}, "Pure Storage (United States)": {"Citation Count": 6.183333333333334, "Publication Count": 0.18333333333333335}, "California Institute of Technology": {"Citation Count": 0.6000000000000001, "Publication Count": 0.1}, "Johannes Gutenberg University Mainz": {"Citation Count": 5.1, "Publication Count": 0.6}, "National Chung Cheng University": {"Citation Count": 0.25, "Publication Count": 0.25}, "Macronix International (Taiwan)": {"Citation Count": 0.25, "Publication Count": 0.25}, "National Taiwan University": {"Citation Count": 0.25, "Publication Count": 0.25}, "Peking University": {"Citation Count": 10.857142857142856, "Publication Count": 0.5714285714285714}, "Michigan Technological University": {"Citation Count": 2.714285714285714, "Publication Count": 0.14285714285714285}, "University of Rochester": {"Citation Count": 2.714285714285714, "Publication Count": 0.14285714285714285}, "Huazhong University of Science and Technology": {"Citation Count": 18.964285714285715, "Publication Count": 0.7678571428571428}, "National University of Defense Technology": {"Citation Count": 1.4285714285714284, "Publication Count": 0.2857142857142857}, "Harvey Mudd College": {"Citation Count": 0.7142857142857142, "Publication Count": 0.14285714285714285}, "Stony Brook University": {"Citation Count": 2.0285714285714285, "Publication Count": 0.4857142857142857}, "DELL (United States)": {"Citation Count": 0.7142857142857142, "Publication Count": 0.14285714285714285}, "IBM Research California, USA": {"Citation Count": 0.7142857142857142, "Publication Count": 0.14285714285714285}, "San Diego State University": {"Citation Count": 0.0, "Publication Count": 0.42857142857142855}, "NetApp (United States)": {"Citation Count": 5.583333333333333, "Publication Count": 0.6547619047619048}, "The Ohio State University": {"Citation Count": 4.0, "Publication Count": 0.5714285714285714}, "Google (United States)": {"Citation Count": 1.0, "Publication Count": 0.14285714285714285}, "Louisiana State University": {"Citation Count": 11.5, "Publication Count": 0.6428571428571428}, "Northeastern University": {"Citation Count": 1.0, "Publication Count": 0.14285714285714285}, "Royal Institute of Technology": {"Citation Count": 3.25, "Publication Count": 0.125}, "Renice Technology Co. Limited, Shenzhen, China": {"Citation Count": 3.25, "Publication Count": 0.125}, "Temple University": {"Citation Count": 3.25, "Publication Count": 0.125}, "Hanyang University": {"Citation Count": 4.142857142857142, "Publication Count": 1.0}, "Gyeongsang National University": {"Citation Count": 1.0, "Publication Count": 0.14285714285714285}, "Samsung (South Korea)": {"Citation Count": 3.571428571428571, "Publication Count": 0.7142857142857142}, "IBM (United States)": {"Citation Count": 4.5, "Publication Count": 0.5}, "Seagate (United States)": {"Citation Count": 3.0, "Publication Count": 1.0}, "University of Wisconsin\u2013Madison": {"Citation Count": 2.142857142857143, "Publication Count": 0.7142857142857143}, "The University of Texas at Austin": {"Citation Count": 0.8571428571428571, "Publication Count": 0.2857142857142857}, "University of North Carolina at Chapel Hill": {"Citation Count": 0.8999999999999999, "Publication Count": 0.3}, "Rutgers, The State University of New Jersey": {"Citation Count": 0.8999999999999999, "Publication Count": 0.3}, "Williams College": {"Citation Count": 0.30000000000000004, "Publication Count": 0.1}, "Kitware (United States)": {"Citation Count": 0.30000000000000004, "Publication Count": 0.1}, "University of Chicago": {"Citation Count": 12.5625, "Publication Count": 0.1875}, "Parallel Machines": {"Citation Count": 2.7916666666666665, "Publication Count": 0.041666666666666664}, "Huawei": {"Citation Count": 5.583333333333333, "Publication Count": 0.08333333333333333}, "Twitter (United States)": {"Citation Count": 2.7916666666666665, "Publication Count": 0.041666666666666664}, "Nutanix (United States)": {"Citation Count": 5.583333333333333, "Publication Count": 0.08333333333333333}, "IBM": {"Citation Count": 2.7916666666666665, "Publication Count": 0.041666666666666664}, "Los Alamos National Laboratory": {"Citation Count": 5.583333333333333, "Publication Count": 0.08333333333333333}, "Argonne National Laboratory": {"Citation Count": 5.583333333333333, "Publication Count": 0.08333333333333333}, "New Mexico Consortium": {"Citation Count": 2.7916666666666665, "Publication Count": 0.041666666666666664}, "University of Utah": {"Citation Count": 5.583333333333333, "Publication Count": 0.08333333333333333}, "University of California, Santa Cruz": {"Citation Count": 2.7916666666666665, "Publication Count": 0.041666666666666664}, "Computing Center": {"Citation Count": 1.3958333333333333, "Publication Count": 0.020833333333333332}, "Texas A8M University, USA#TAB#": {"Citation Count": 0.2857142857142857, "Publication Count": 0.14285714285714285}, "Sungkyunkwan University": {"Citation Count": 3.0, "Publication Count": 1.0}, "New Jersey Institute of Technology": {"Citation Count": 0.2857142857142857, "Publication Count": 0.2857142857142857}, "University of Pittsburgh": {"Citation Count": 0.14285714285714285, "Publication Count": 0.14285714285714285}, "City University of Hong Kong": {"Citation Count": 0.14285714285714285, "Publication Count": 0.14285714285714285}, "East China Normal University": {"Citation Count": 0.42857142857142855, "Publication Count": 0.42857142857142855}, "Wuhan National Laboratory for Optoelectronics, Key Laboratory of Information Storage System, Ministry of Education of China; School of Computer Science and Technology, Huazhong University of Science and Technology, China": {"Citation Count": 3.2, "Publication Count": 0.8},