{"University of L'Aquila": {"Citation Count": 1.2000000000000002, "Publication Count": 0.4}, "Institute of Information Science and Technologies": {"Citation Count": 1.2000000000000002, "Publication Count": 0.4}, "University of Toronto": {"Citation Count": 0.6000000000000001, "Publication Count": 0.2}, "freelance software developer": {"Citation Count": 9.0, "Publication Count": 0.5}, "Sabanc\u0131 University": {"Citation Count": 9.0, "Publication Count": 0.5}, "Blekinge Institute of Technology": {"Citation Count": 100.98333333333332, "Publication Count": 1.6833333333333333}, "University of Saskatchewan": {"Citation Count": 2.6666666666666665, "Publication Count": 0.16666666666666666}, "Add a Lot, Sweden": {"Citation Count": 2.6666666666666665, "Publication Count": 0.16666666666666666}, "Mobile Heights (Sweden)": {"Citation Count": 2.6666666666666665, "Publication Count": 0.16666666666666666}, "Lund University": {"Citation Count": 2.6666666666666665, "Publication Count": 0.16666666666666666}, "University of Stuttgart": {"Citation Count": 29.333333333333332, "Publication Count": 0.3333333333333333}, "Vrije Universiteit Amsterdam": {"Citation Count": 14.666666666666666, "Publication Count": 0.16666666666666666}, "University of Amsterdam": {"Citation Count": 14.666666666666666, "Publication Count": 0.16666666666666666}, "Politecnico di Milano": {"Citation Count": 34.33333333333333, "Publication Count": 0.5833333333333333}, "University of Notre Dame": {"Citation Count": 122.0, "Publication Count": 1.0}, "T\u00e9cnicas y Servicios de Ingenier\u00eda (Spain)": {"Citation Count": 23.333333333333332, "Publication Count": 0.3333333333333333}, "Instituto de Computaci\u00f3n, Julio Herrera y Reissig 565, Montevideo, Uruguay": {"Citation Count": 23.333333333333332, "Publication Count": 0.3333333333333333}, "University of Oulu": {"Citation Count": 23.333333333333332, "Publication Count": 0.3333333333333333}, "Linnaeus University": {"Citation Count": 5.0, "Publication Count": 0.25}, "University of Rome Tor Vergata": {"Citation Count": 5.0, "Publication Count": 0.25}, "University of Bologna": {"Citation Count": 5.0, "Publication Count": 0.25}, "University of Florence": {"Citation Count": 16.666666666666664, "Publication Count": 0.6666666666666666}, "University of Turin": {"Citation Count": 8.333333333333332, "Publication Count": 0.3333333333333333}, "Nanjing University": {"Citation Count": 33.75, "Publication Count": 1.5}, "University of Maryland, College Park": {"Citation Count": 9.25, "Publication Count": 0.25}, "Harbin Institute of Technology": {"Citation Count": 17.0, "Publication Count": 1.0}, "University of Wollongong": {"Citation Count": 76.0, "Publication Count": 0.6666666666666666}, "Swinburne University of Technology": {"Citation Count": 38.0, "Publication Count": 0.3333333333333333}, "University of Rochester": {"Citation Count": 30.5, "Publication Count": 0.5}, ", School of Computing, Chicago, IL": {"Citation Count": 30.5, "Publication Count": 0.5}, "Texas A&M University": {"Citation Count": 2.0, "Publication Count": 0.25}, "Software Engineering Institute": {"Citation Count": 15.30952380952381, "Publication Count": 0.7976190476190477}, "Fondazione Bruno Kessler": {"Citation Count": 14.9, "Publication Count": 0.45}, "Electromobility Group at the Research Institute Viktoria Swedish ICT, Gothenburg, Sweden": {"Citation Count": 3.6, "Publication Count": 0.4}, ", Centric, Gouda, The Netherlands": {"Citation Count": 1.8, "Publication Count": 0.2}, "Chalmers University of Technology": {"Citation Count": 3.6, "Publication Count": 0.4}, "Provo College": {"Citation Count": 4.888888888888888, "Publication Count": 0.4444444444444444}, "Inform (Germany)": {"Citation Count": 1.222222222222222, "Publication Count": 0.1111111111111111}, ", Computing School, Spain": {"Citation Count": 2.444444444444444, "Publication Count": 0.2222222222222222}, ", Department of Information and Communication Technology, Thailand": {"Citation Count": 1.222222222222222, "Publication Count": 0.1111111111111111}, "University of Alabama": {"Citation Count": 1.222222222222222, "Publication Count": 0.1111111111111111}, "Kalamazoo College": {"Citation Count": 8.25, "Publication Count": 0.75}, "Institute of Software": {"Citation Count": 19.202380952380953, "Publication Count": 1.0119047619047619}, "Saarland University": {"Citation Count": 11.0, "Publication Count": 0.25}, "Software (Germany)": {"Citation Count": 14.166666666666666, "Publication Count": 0.41666666666666663}, "National University of Singapore": {"Citation Count": 27.0, "Publication Count": 0.9999999999999999}, "University of Alberta": {"Citation Count": 28.0, "Publication Count": 1.0}, "Ohio University": {"Citation Count": 61.0, "Publication Count": 1.0}, "Fraunhofer Institute for Secure Information Technology": {"Citation Count": 3.1666666666666665, "Publication Count": 0.16666666666666666}, "University of Milano-Bicocca": {"Citation Count": 6.333333333333333, "Publication Count": 0.3333333333333333}, "Universit\u00e0 della Svizzera italiana": {"Citation Count": 6.333333333333333, "Publication Count": 0.3333333333333333}, "Technical University of Madrid": {"Citation Count": 24.0, "Publication Count": 1.0}, "Ingegneria dei Trasporti (Italy)": {"Citation Count": 22.0, "Publication Count": 1.0}, "University of Kansas": {"Citation Count": 14.0, "Publication Count": 1.0}, "Peking University": {"Citation Count": 52.5, "Publication Count": 0.8333333333333334}, "University of Illinois Urbana-Champaign": {"Citation Count": 11.5, "Publication Count": 0.6666666666666666}, "University of Pisa": {"Citation Count": 12.0, "Publication Count": 1.0}, "Wichita State University": {"Citation Count": 64.0, "Publication Count": 0.6666666666666666}, "Microsoft (United States)": {"Citation Count": 71.80000000000001, "Publication Count": 0.5333333333333333}, "Beijing Institute of Technology": {"Citation Count": 22.0, "Publication Count": 1.0}, "Pontifical Catholic University of Rio de Janeiro": {"Citation Count": 12.75, "Publication Count": 0.75}, "School of Computer Science, University Street, McConnell Engineering Building, Office 114N, Montreal, Canada": {"Citation Count": 4.25, "Publication Count": 0.25}, "Free University of Bozen-Bolzano": {"Citation Count": 24.8, "Publication Count": 0.2}, "Norwegian University of Science and Technology": {"Citation Count": 24.8, "Publication Count": 0.2}, "National Taiwan University": {"Citation Count": 6.0, "Publication Count": 0.5}, "Bar-Ilan University": {"Citation Count": 3.0, "Publication Count": 0.25}, "University of Liverpool": {"Citation Count": 3.0, "Publication Count": 0.25}, "Chinese Academy of Sciences": {"Citation Count": 16.952380952380953, "Publication Count": 0.8119047619047619}, "Centre for Quantum Computation and Communication Technology": {"Citation Count": 0.4999999999999999, "Publication Count": 0.04999999999999999}, "Quantum Group (United States)": {"Citation Count": 0.4999999999999999, "Publication Count": 0.04999999999999999}, "Intel (United States)": {"Citation Count": 0.4999999999999999, "Publication Count": 0.04999999999999999}, "University of Technology Sydney": {"Citation Count": 0.4999999999999999, "Publication Count": 0.04999999999999999}, "Department of Computer Science, Middlesex University London": {"Citation Count": 2.4999999999999996, "Publication Count": 0.24999999999999994}, "Nanjing University of Information Science and Technology": {"Citation Count": 9.5, "Publication Count": 0.25}, "University of Leicester": {"Citation Count": 9.5, "Publication Count": 0.25}, "University of Birmingham": {"Citation Count": 19.0, "Publication Count": 0.5}, "The University of Texas at Dallas": {"Citation Count": 354.59999999999997, "Publication Count": 0.6}, "Palo Alto Research Center": {"Citation Count": 118.2, "Publication Count": 0.2}, "Graz University of Technology": {"Citation Count": 118.2, "Publication Count": 0.2}, "American University of Beirut": {"Citation Count": 1.0,