{"University of Glasgow": {"Citation Count": 1.1, "Publication Count": 1.1}, "Tsinghua University": {"Citation Count": 0.0, "Publication Count": 1.7916666666666665}, "Southeast University": {"Citation Count": 0.0, "Publication Count": 0.16666666666666666}, "Beijing University of Posts and Telecommunications": {"Citation Count": 0.0, "Publication Count": 0.16666666666666666}, "META Health": {"Citation Count": 0.8333333333333334, "Publication Count": 1.8333333333333335}, "University of Chicago": {"Citation Count": 10.0, "Publication Count": 5.0}, "University of Melbourne": {"Citation Count": 0.16666666666666666, "Publication Count": 0.16666666666666666}, "National Taiwan University": {"Citation Count": 3.3333333333333335, "Publication Count": 2.625}, "MIT CSAIL, United States": {"Citation Count": 0.5, "Publication Count": 1.3571428571428572}, "University of Calgary": {"Citation Count": 6.000000000000001, "Publication Count": 1.042857142857143}, "University of Copenhagen": {"Citation Count": 0.5833333333333334, "Publication Count": 0.5833333333333334}, "Uppsala University": {"Citation Count": 0.08333333333333333, "Publication Count": 0.08333333333333333}, "Informa (Sweden)": {"Citation Count": 0.08333333333333333, "Publication Count": 0.08333333333333333}, "Flanders Make (Belgium)": {"Citation Count": 0.08333333333333333, "Publication Count": 0.08333333333333333}, "Hasselt University": {"Citation Count": 0.08333333333333333, "Publication Count": 0.08333333333333333}, "University of Birmingham": {"Citation Count": 0.18333333333333335, "Publication Count": 0.18333333333333335}, "Hasso Plattner Institute": {"Citation Count": 1.0, "Publication Count": 1.0}, "Dartmouth College": {"Citation Count": 2.0, "Publication Count": 1.9166666666666665}, "Simon Fraser University": {"Citation Count": 0.6666666666666666, "Publication Count": 1.0833333333333333}, "University of Maryland, College Park": {"Citation Count": 4.2, "Publication Count": 1.6}, "George Mason University": {"Citation Count": 0.8, "Publication Count": 0.4}, "University of Waterloo": {"Citation Count": 1.0, "Publication Count": 1.0}, "University of Toronto": {"Citation Count": 0.8666666666666667, "Publication Count": 2.1666666666666665}, "Adobe Systems (United States)": {"Citation Count": 1.9000000000000001, "Publication Count": 2.3666666666666667}, "University of Michigan\u2013Ann Arbor": {"Citation Count": 0.41666666666666663, "Publication Count": 0.9166666666666666}, "Taiwan Nurses Association": {"Citation Count": 0.0, "Publication Count": 0.125}, "Michigan United": {"Citation Count": 0.41666666666666663, "Publication Count": 0.7916666666666666}, "Google (United States)": {"Citation Count": 1.6666666666666665, "Publication Count": 1.5833333333333333}, "Tableau Software (United States)": {"Citation Count": 0.6666666666666666, "Publication Count": 0.3333333333333333}, "Oldenburger Institut f\u00fcr Informatik": {"Citation Count": 0.4, "Publication Count": 0.1}, "Saarland University": {"Citation Count": 2.2857142857142856, "Publication Count": 0.6428571428571428}, "P\u00f4le Universitaire L\u00e9onard de Vinci": {"Citation Count": 1.2, "Publication Count": 0.3}, "Zhejiang University": {"Citation Count": 0.7, "Publication Count": 0.7}, "International Design Institute, Zhejiang University, China": {"Citation Count": 0.3, "Publication Count": 0.3}, "Vassar College": {"Citation Count": 0.3333333333333333, "Publication Count": 1.3333333333333333}, "University of California, Berkeley": {"Citation Count": 4.333333333333333, "Publication Count": 1.3333333333333333}, "Stanford University": {"Citation Count": 1.6666666666666665, "Publication Count": 1.0}, "The University of Tokyo": {"Citation Count": 3.5, "Publication Count": 3.7261904761904763}, "University of California, Los Angeles": {"Citation Count": 1.0, "Publication Count": 1.0}, "Eindhoven University of Technology": {"Citation Count": 0.0, "Publication Count": 0.16666666666666666}, "Tohoku University": {"Citation Count": 0.0, "Publication Count": 1.0}, "Massachusetts Institute of Technology": {"Citation Count": 0.125, "Publication Count": 0.125}, "Massachusetts General Hospital": {"Citation Count": 0.25, "Publication Count": 0.25}, "Northeastern University": {"Citation Count": 0.125, "Publication Count": 0.125}, "Carnegie Mellon University": {"Citation Count": 7.0, "Publication Count": 4.583333333333334}, "Allen Institute": {"Citation Count": 0.5, "Publication Count": 0.16666666666666666}, "The University of Texas at Austin": {"Citation Count": 1.0, "Publication Count": 0.75}, "Cornell University": {"Citation Count": 0.0, "Publication Count": 1.6}, "University of Washington": {"Citation Count": 0.6583333333333333, "Publication Count": 3.3249999999999997}, "Human-Computer Interaction + Design, United States": {"Citation Count": 0.0, "Publication Count": 0.16666666666666666}, "Human-Computer Interaction Institute, Carnegie Mellon University, United States": {"Citation Count": 0.0, "Publication Count": 0.6666666666666666}, "Reality Labs Research, Meta Inc., United States": {"Citation Count": 0.4, "Publication Count": 0.4}, "Reality Labs Research, Meta Inc, Canada": {"Citation Count": 0.2, "Publication Count": 0.2}, "Reality Labs Research, Meta Inc, United States": {"Citation Count": 0.2, "Publication Count": 0.2}, "School of Mechanical Engineering, Purdue University, United States": {"Citation Count": 1.8, "Publication Count": 1.3}, "School of Electrical and Computer Engineering, Purdue University, United States": {"Citation Count": 0.2, "Publication Count": 0.2}, "Keio University": {"Citation Count": 0.0, "Publication Count": 1.7142857142857144}, "Goldsmiths University of London": {"Citation Count": 0.0, "Publication Count": 0.14285714285714285}, "Pennsylvania State University": {"Citation Count": 0.6666666666666666, "Publication Count": 0.6666666666666666}, "Bangladesh University of Engineering and Technology": {"Citation Count": 0.3333333333333333, "Publication Count": 0.3333333333333333}, "\u015etefan cel Mare University of Suceava": {"Citation Count": 0.0, "Publication Count": 1.0}, "Microsoft (United States)": {"Citation Count": 0.575, "Publication Count": 0.575}, "Microsoft Research (United Kingdom)": {"Citation Count": 0.45, "Publication Count": 0.45}, "Aarhus University": {"Citation Count": 1.2857142857142858, "Publication Count": 0.6428571428571429}, "TU Wien": {"Citation Count": 0.14285714285714285, "Publication Count": 0.07142857142857142}, "Aalto University": {"Citation Count": 3.5857142857142854, "Publication Count": 1.9428571428571428}, "National Yang Ming Chiao Tung University": {"Citation Count": 0.6666666666666666, "Publication Count": 0.6666666666666666}, "Purdue University System": {"Citation Count": 0.75, "Publication Count": 0.375}, "School of Mechanical Engineering - C Design Lab, Purdue University, United States": {"Citation Count": 0.25, "Publication Count": 0.125}, "Vanderbilt University": {"Citation Count": 0.2, "Publication Count": 0.2}, "University of Illinois Urbana-Champaign": {"Citation Count": 0.3666666666666667, "Publication Count": 0.3666666666666667}, "Korea Post": {"Citation Count": 0.4166666666666667, "Publication Count": 0.4166666666666667}, "Pohang University of Science and Technology": {"Citation Count": 0.4166666666666667, "Publication Count": 0.4166666666666667}, "National Chengchi University": {"Citation Count": 1.0, "Publication Count": 1.0}, "NTT (Japan)": {"Citation Count": 1.0, "Publication Count": 2.0}, "Huazhong University of Science and Technology": {"Citation Count": 0.0, "Publication Count": 0.25}, "Stony Brook University": {"Citation Count": 0.18181818181818182, "Publication Count": 0.9318181818181819}, "ETH Zurich": {"Citation Count": 1.0, "Publication Count": 1.0}, "University College London": {"Citation Count": 0.0, "Publication Count": 0.6}, "Universidad Publica de Navarra": {"Citation Count": 0.0, "Publication Count": 0.4}, "Hunter College": {"Citation Count": 0.0, "Publication Count": 0.25},