{"Carnegie Mellon University": {"Citation Count": 71.06269841269841, "Publication Count": 5.0436507936507935}, "University of California, Berkeley": {"Citation Count": 2.6, "Publication Count": 0.2}, "Seoul National University": {"Citation Count": 5.466666666666667, "Publication Count": 1.4952380952380953}, "Daegu Gyeongbuk Institute of Science and Technology": {"Citation Count": 1.4000000000000001, "Publication Count": 0.2}, "AIBrain Asia#TAB#": {"Citation Count": 1.4000000000000001, "Publication Count": 0.2}, "Samsung (South Korea)": {"Citation Count": 1.4000000000000001, "Publication Count": 0.4857142857142857}, "intel labs": {"Citation Count": 11.75, "Publication Count": 0.55}, "Purdue University System": {"Citation Count": 7.314285714285715, "Publication Count": 1.1142857142857143}, "Adobe Systems (United States)": {"Citation Count": 1.1428571428571428, "Publication Count": 0.14285714285714285}, "University of Illinois System": {"Citation Count": 1.1428571428571428, "Publication Count": 0.14285714285714285}, "University of Wisconsin\u2013Madison": {"Citation Count": 54.57142857142857, "Publication Count": 1.807142857142857}, "Microsoft,Gray Systems Lab": {"Citation Count": 6.428571428571428, "Publication Count": 0.14285714285714285}, "Postech": {"Citation Count": 0.0, "Publication Count": 0.2857142857142857}, "\u00c9cole Polytechnique F\u00e9d\u00e9rale de Lausanne": {"Citation Count": 14.36147186147186, "Publication Count": 1.4004329004329004}, "Well Honed Infrastructure Software for Programming Environments and Runtimes": {"Citation Count": 2.125, "Publication Count": 0.625}, "Computer Algorithms for Medicine": {"Citation Count": 0.625, "Publication Count": 0.125}, "VMware Research#TAB#": {"Citation Count": 6.8, "Publication Count": 1.6}, "Princeton University": {"Citation Count": 5.571428571428571, "Publication Count": 0.42857142857142855}, "Case Western Reserve University": {"Citation Count": 1.857142857142857, "Publication Count": 0.14285714285714285}, "NEC Laboratories America, Inc.#TAB#": {"Citation Count": 3.714285714285714, "Publication Count": 0.2857142857142857}, "Nanjing University": {"Citation Count": 2.257142857142857, "Publication Count": 0.24285714285714285}, "Dartmouth College": {"Citation Count": 0.0, "Publication Count": 0.5}, "Clemson University": {"Citation Count": 0.0, "Publication Count": 0.3333333333333333}, "Northwestern University": {"Citation Count": 0.0, "Publication Count": 0.16666666666666666}, "UW\u2013Madison": {"Citation Count": 32.4, "Publication Count": 0.4}, "The Ohio State University": {"Citation Count": 33.4, "Publication Count": 1.4}, "Tech Valley (South Korea)": {"Citation Count": 16.2, "Publication Count": 0.2}, "Pennsylvania State University": {"Citation Count": 24.666666666666664, "Publication Count": 0.6666666666666666}, "Computer Science and Engineering": {"Citation Count": 12.333333333333332, "Publication Count": 0.3333333333333333}, "Georgia Institute of Technology": {"Citation Count": 10.4, "Publication Count": 1.0666666666666667}, "Virginia Tech": {"Citation Count": 0.0, "Publication Count": 0.3333333333333333}, "NiceX Lab, NUDT": {"Citation Count": 0.4444444444444444, "Publication Count": 0.1111111111111111}, "University of Cambridge": {"Citation Count": 0.4444444444444444, "Publication Count": 0.1111111111111111}, "NUDT": {"Citation Count": 1.3333333333333333, "Publication Count": 0.3333333333333333}, "alibaba": {"Citation Count": 0.4444444444444444, "Publication Count": 0.1111111111111111}, "TENCENT": {"Citation Count": 0.4444444444444444, "Publication Count": 0.1111111111111111}, "Microsoft (United States)": {"Citation Count": 36.88080808080808, "Publication Count": 2.6866522366522365}, "sjtu": {"Citation Count": 0.4444444444444444, "Publication Count": 0.1111111111111111}, "Industrial Technology Research Institute": {"Citation Count": 2.0, "Publication Count": 1.0}, "University of Edinburgh": {"Citation Count": 6.0, "Publication Count": 0.5}, "University of Washington": {"Citation Count": 5.8, "Publication Count": 1.25}, "University of Michigan\u2013Ann Arbor": {"Citation Count": 3.0, "Publication Count": 0.25}, "Vrije Universiteit Amsterdam": {"Citation Count": 20.833333333333336, "Publication Count": 0.8333333333333334}, "University of Cyprus": {"Citation Count": 4.166666666666666, "Publication Count": 0.16666666666666666}, "TU Dresden": {"Citation Count": 35.0, "Publication Count": 0.8333333333333334}, "Technion": {"Citation Count": 8.666666666666666, "Publication Count": 0.5}, "University of Georgia": {"Citation Count": 0.4, "Publication Count": 0.1}, "SRI International": {"Citation Count": 1.2, "Publication Count": 0.3}, "Shanghai Jiao Tong University": {"Citation Count": 12.666666666666666, "Publication Count": 2.6666666666666665}, "New Jersey Institute of Technology": {"Citation Count": 1.0909090909090908, "Publication Count": 0.36363636363636365}, "University of Hong Kong": {"Citation Count": 1.3636363636363635, "Publication Count": 0.45454545454545453}, "Meta (Israel)": {"Citation Count": 0.2727272727272727, "Publication Count": 0.09090909090909091}, "Huawei Technologies (China)": {"Citation Count": 0.2727272727272727, "Publication Count": 0.09090909090909091}, "University of British Columbia": {"Citation Count": 0.8571428571428571, "Publication Count": 0.42857142857142855}, "Oracle (United States)": {"Citation Count": 5.238095238095237, "Publication Count": 0.9523809523809523}, "IMAG": {"Citation Count": 0.2857142857142857, "Publication Count": 0.14285714285714285}, "Institute of Science and Technology Austria": {"Citation Count": 1.6666666666666665, "Publication Count": 0.3333333333333333}, "Tel Aviv University": {"Citation Count": 1.6666666666666665, "Publication Count": 0.3333333333333333}, "University of Toronto": {"Citation Count": 2.4000000000000004, "Publication Count": 1.2}, "Bytedance Inc.#TAB#": {"Citation Count": 1.4000000000000001, "Publication Count": 0.2}, "Microsoft Research (United Kingdom)": {"Citation Count": 7.127272727272727, "Publication Count": 1.4155844155844155}, "Johns Hopkins University": {"Citation Count": 1.4000000000000001, "Publication Count": 0.2}, "Stanford University": {"Citation Count": 36.57142857142857, "Publication Count": 3.0238095238095237}, "Parallel Consulting (United States)": {"Citation Count": 8.0, "Publication Count": 1.0}, "Univ. of Sci. and Tech. of China": {"Citation Count": 7.0, "Publication Count": 0.8333333333333333}, "NOVA LINCS & FCT Univ. NOVA de Lisboa#TAB#": {"Citation Count": 2.0, "Publication Count": 0.3333333333333333}, "University of Lisbon": {"Citation Count": 2.0, "Publication Count": 0.3333333333333333}, "IBM Research - Zurich": {"Citation Count": 9.75, "Publication Count": 1.25}, "MSR Cambridge": {"Citation Count": 4.75, "Publication Count": 0.25}, "Concern Worldwide US": {"Citation Count": 0.6000000000000001, "Publication Count": 0.2}, "VMware.": {"Citation Count": 16.6, "Publication Count": 1.2}, "Nanyang Technological University": {"Citation Count": 0.0, "Publication Count": 0.3333333333333333}, "ETH Zurich, SWITZERLAND": {"Citation Count": 0.0, "Publication Count": 0.3333333333333333}, "Rutgers, The State University of New Jersey": {"Citation Count": 0.8, "Publication Count": 0.8}, "University of Pittsburgh": {"Citation Count": 0.2, "Publication Count": 0.2}, "University of Southern California": {"Citation Count": 2.6666666666666665, "Publication Count": 0.6666666666666666}, "DEVCOM Army Research Laboratory": {"Citation Count": 1.3333333333333333, "Publication Count": 0.3333333333333333}, "Huazhong University of Science and Technology": {"Citation Count": 0.0, "Publication Count": 1.0476190476190477}, "University of Warwick": {"Citation Count": 0.0, "Publication Count": 0.14285714285714285}, "National University of Singapore": {"Citation Count": 0.0, "Publication Count": 0.14285714285714285}, "Microsoft Research Asia (China)": {"Citation Count": 7.0, "Publication Count": 0.5833333333333334},