{"university college london": {"Citation Count": 15.666666666666666, "Publication Count": 0.3333333333333333}, "university of sheffield": {"Citation Count": 84.16666666666666, "Publication Count": 2.333333333333333}, "university of technology sydney": {"Citation Count": 18.166666666666664, "Publication Count": 0.8333333333333333}, "stanford university": {"Citation Count": 1910.2999999999997, "Publication Count": 14.021428571428572}, "university of edinburgh": {"Citation Count": 944.7, "Publication Count": 4.45}, "rensselaer polytechnic institute": {"Citation Count": 56.88095238095237, "Publication Count": 2.119047619047619}, "columbia university": {"Citation Count": 142.54166666666666, "Publication Count": 3.696428571428571}, "information sciences institute": {"Citation Count": 49.96666666666667, "Publication Count": 1.7666666666666666}, "university of southern california": {"Citation Count": 14.366666666666667, "Publication Count": 0.5666666666666667}, "rwth aachen university": {"Citation Count": 18.6, "Publication Count": 1.4}, "google": {"Citation Count": 673.4321428571428, "Publication Count": 6.839285714285714}, "university of california berkeley": {"Citation Count": 134.3, "Publication Count": 2.783333333333333}, "huawei": {"Citation Count": 852.4000000000001, "Publication Count": 1.3}, "tsinghua university": {"Citation Count": 1685.0214285714287, "Publication Count": 8.8}, "dublin city university": {"Citation Count": 12.75, "Publication Count": 2.25}, "michigan state university": {"Citation Count": 36.0, "Publication Count": 1.6666666666666665}, "technische universitat darmstadt": {"Citation Count": 285.8333333333333, "Publication Count": 5.666666666666667}, "carnegie mellon university": {"Citation Count": 2461.3238095238094, "Publication Count": 15.180952380952382}, "universite de montreal": {"Citation Count": 504.0, "Publication Count": 2.1}, "ibm": {"Citation Count": 697.1071428571429, "Publication Count": 7.642857142857142}, "uppsala university": {"Citation Count": 37.0, "Publication Count": 1.0}, "paris diderot university": {"Citation Count": 14.0, "Publication Count": 0.5}, "university of california san diego": {"Citation Count": 34.0, "Publication Count": 1.6666666666666665}, "university of cambridge": {"Citation Count": 681.475, "Publication Count": 12.491666666666667}, "dublin institute of technology": {"Citation Count": 16.0, "Publication Count": 1.0}, "university of tokyo": {"Citation Count": 212.16666666666666, "Publication Count": 3.5}, "peking university": {"Citation Count": 820.6761904761904, "Publication Count": 10.273809523809524}, "chinese ministry of education": {"Citation Count": 43.207142857142856, "Publication Count": 0.5928571428571429}, "chinese academy of sciences": {"Citation Count": 1006.0833333333334, "Publication Count": 5.883333333333333}, "ludwig maximilian university of munich": {"Citation Count": 172.25, "Publication Count": 4.083333333333334}, "united states army research laboratory": {"Citation Count": 21.71428571428571, "Publication Count": 0.2857142857142857}, "harbin institute of technology": {"Citation Count": 51.33333333333333, "Publication Count": 1.0952380952380951}, "university of illinois at urbana champaign": {"Citation Count": 100.19047619047619, "Publication Count": 2.892857142857143}, "southeast university": {"Citation Count": 5.0, "Publication Count": 0.5}, "aston university": {"Citation Count": 10.2, "Publication Count": 0.7}, "university of texas at austin": {"Citation Count": 60.0, "Publication Count": 1.5}, "university of washington": {"Citation Count": 505.46904761904767, "Publication Count": 5.635714285714285}, "central china normal university": {"Citation Count": 33.75, "Publication Count": 0.75}, "york university": {"Citation Count": 11.25, "Publication Count": 0.25}, "soochow university": {"Citation Count": 6.428571428571428, "Publication Count": 0.42857142857142855}, "singapore university of technology and design": {"Citation Count": 84.97619047619048, "Publication Count": 1.6428571428571428}, "baidu": {"Citation Count": 225.6190476190476, "Publication Count": 1.9761904761904763}, "university of amsterdam": {"Citation Count": 173.55555555555554, "Publication Count": 3.611111111111111}, "architect of the capitol": {"Citation Count": 4.0, "Publication Count": 0.5}, "microsoft": {"Citation Count": 1228.2142857142858, "Publication Count": 10.151190476190477}, "international institute of information technology hyderabad": {"Citation Count": 17.0, "Publication Count": 0.25}, "indian institutes of information technology": {"Citation Count": 17.0, "Publication Count": 0.25}, "shanghai jiao tong university": {"Citation Count": 164.66666666666666, "Publication Count": 1.6666666666666665}, "heilongjiang university": {"Citation Count": 75.33333333333333, "Publication Count": 0.6666666666666666}, "allen institute for artificial intelligence": {"Citation Count": 10.666666666666666, "Publication Count": 0.3333333333333333}, "beijing institute of technology": {"Citation Count": 33.0, "Publication Count": 1.0}, "beihang university": {"Citation Count": 27.0, "Publication Count": 0.4107142857142857}, "capital normal university": {"Citation Count": 11.0, "Publication Count": 0.14285714285714285}, "penn state college of information sciences and technology": {"Citation Count": 14.0, "Publication Count": 1.0714285714285714}, "pennsylvania state university": {"Citation Count": 7.0, "Publication Count": 1.0}, "saarland university": {"Citation Count": 34.08333333333333, "Publication Count": 2.75}, "university of st gallen": {"Citation Count": 0.0, "Publication Count": 0.3333333333333333}, "tilburg university": {"Citation Count": 21.0, "Publication Count": 1.0}, "university of technology of compiegne": {"Citation Count": 31.333333333333332, "Publication Count": 0.16666666666666666}, "university of oxford": {"Citation Count": 69.71428571428571, "Publication Count": 0.7857142857142857}, "bielefeld university": {"Citation Count": 42.0, "Publication Count": 2.0}, "tel aviv university": {"Citation Count": 18.400000000000002, "Publication Count": 0.2}, "indian institute of technology bombay": {"Citation Count": 40.6, "Publication Count": 0.8}, "heidelberg institute for theoretical studies": {"Citation Count": 34.5, "Publication Count": 0.5}, "university of michigan": {"Citation Count": 13.166666666666666, "Publication Count": 2.1666666666666665}, "nanyang technological university": {"Citation Count": 39.6, "Publication Count": 0.7}, "national university of singapore": {"Citation Count": 18.0, "Publication Count": 0.25}, "the chinese university of hong kong": {"Citation Count": 21.6, "Publication Count": 1.35}, "university of colorado boulder": {"Citation Count": 20.666666666666664, "Publication Count": 1.0833333333333333}, "university of maryland college park": {"Citation Count": 47.416666666666664, "Publication Count": 3.125}, "king saud university": {"Citation Count": 38.0, "Publication Count": 1.0}, "information technology university": {"Citation Count": 1.25, "Publication Count": 0.25}, "florida state university": {"Citation Count": 1.25, "Publication Count": 0.25}, "massachusetts institute of technology": {"Citation Count": 101.58333333333334, "Publication Count": 2.583333333333333}, "university of copenhagen": {"Citation Count": 492.5, "Publication Count": 6.333333333333334}, "university of texas at dallas": {"Citation Count": 134.5, "Publication Count": 2.75}, "bar ilan university": {"Citation Count": 523.8333333333334, "Publication Count": 6.0}, "university of virginia": {"Citation Count": 15.0, "Publication Count": 1.0}, "jilin university": {"Citation Count": 17.75, "Publication Count": 0.25}, "sapienza university of rome": {"Citation Count": 139.33333333333331, "Publication Count": 0.6666666666666666}, "charles university in prague": {"Citation Count": 102.0, "Publication Count": 1.75}, "cornell university": {"Citation Count": 79.6, "Publication Count": 1.2}, "nagoya university": {"Citation Count": 6.0,