{"Deakin University": {"Citation Count": 2.6666666666666665, "Publication Count": 0.6666666666666666}, "RMIT University": {"Citation Count": 1.3333333333333333, "Publication Count": 0.3333333333333333}, "NSF Center for Cloud and Autonomic Computing, The Univ. of Arizona, Tucson, 85721, USA": {"Citation Count": 2.6666666666666665, "Publication Count": 0.6666666666666666}, "Old Dominion University": {"Citation Count": 7.999999999999999, "Publication Count": 0.6666666666666666}, "[National University of Sciences and Technology, Islamabad, Pakistan]": {"Citation Count": 0.0, "Publication Count": 1.0}, "Department of Computer Sciences, EEDIS Laboratory, Sidi-Bel-Abbes University, Algeria": {"Citation Count": 2.333333333333333, "Publication Count": 1.6666666666666665}, "Department of Computer Sciences, Sidi-Bel-Abbes University, Algeria": {"Citation Count": 0.6666666666666666, "Publication Count": 0.3333333333333333}, "Najran University": {"Citation Count": 1.0, "Publication Count": 1.0}, "University of Blida": {"Citation Count": 7.416666666666666, "Publication Count": 1.0833333333333333}, "Lumi\u00e8re University Lyon 2": {"Citation Count": 5.166666666666666, "Publication Count": 1.4583333333333333}, "University of Sciences and Technology Houari Boumediene": {"Citation Count": 3.6666666666666665, "Publication Count": 0.8333333333333333}, "King Saud University": {"Citation Count": 74.58333333333333, "Publication Count": 6.583333333333333}, "Technical University of Crete": {"Citation Count": 2.6666666666666665, "Publication Count": 0.6666666666666666}, "Hellenic Mediterranean University": {"Citation Count": 1.3333333333333333, "Publication Count": 0.3333333333333333}, "University of Gafsa": {"Citation Count": 1.3333333333333333, "Publication Count": 0.3333333333333333}, "Tunis University": {"Citation Count": 1.5, "Publication Count": 0.5}, "Manouba University": {"Citation Count": 7.083333333333332, "Publication Count": 2.083333333333333}, "University of Arizona": {"Citation Count": 13.333333333333332, "Publication Count": 0.6666666666666666}, "Federal University of Pernambuco": {"Citation Count": 0.6666666666666666, "Publication Count": 0.6666666666666666}, "University of Twente": {"Citation Count": 2.0833333333333335, "Publication Count": 0.5833333333333333}, "Nokia Institute of Technology, Brasilia, Brazil#TAB#": {"Citation Count": 0.0, "Publication Count": 0.5}, "Institute of Computing, Manaus, Brazil": {"Citation Count": 0.0, "Publication Count": 0.5}, "University of Carthage": {"Citation Count": 0.3333333333333333, "Publication Count": 0.3333333333333333}, "Tunis El Manar University": {"Citation Count": 0.16666666666666666, "Publication Count": 0.16666666666666666}, "Institute of Business Administration Karachi": {"Citation Count": 11.0, "Publication Count": 1.0}, "Mohammad Ali Jinnah University": {"Citation Count": 0.8, "Publication Count": 0.4}, "Pir Mehr Ali Shah Arid Agriculture University": {"Citation Count": 0.4, "Publication Count": 0.2}, "Center For Advanced Studies In Engineering, Islamabad, Pakistan": {"Citation Count": 0.4, "Publication Count": 0.2}, "Pakistan Telecommunication Company (Pakistan)": {"Citation Count": 0.4, "Publication Count": 0.2}, "King Fahd University of Petroleum and Minerals": {"Citation Count": 8.0, "Publication Count": 1.0}, "Claude Bernard University Lyon 1": {"Citation Count": 1.5, "Publication Count": 0.95}, "Qatar University": {"Citation Count": 31.525, "Publication Count": 11.791666666666668}, "University of Tennessee at Knoxville": {"Citation Count": 0.0, "Publication Count": 0.3333333333333333}, "University Lyon 1, France": {"Citation Count": 0.0, "Publication Count": 0.2}, "University of Michigan\u2013Ann Arbor": {"Citation Count": 0.0, "Publication Count": 0.2}, "OpenSooq, Saudi Arabia": {"Citation Count": 0.0, "Publication Count": 0.2}, "Polytech at Lyon (university of Lyon 1), France": {"Citation Count": 0.0, "Publication Count": 0.2}, "University of Vermont": {"Citation Count": 2.0, "Publication Count": 0.6666666666666666}, "Albany College of Pharmacy and Health Sciences": {"Citation Count": 1.0, "Publication Count": 0.3333333333333333}, "Department of informatics, Faculty of Science, Univ. of USTOMB, B.P 1505 El 'mnaouer 31000, Oran, Algeria": {"Citation Count": 3.0, "Publication Count": 1.0}, "Universidade do Vale do Rio dos Sinos": {"Citation Count": 0.0, "Publication Count": 0.6666666666666666}, "LaSIGE/FCUL - Portugal": {"Citation Count": 0.0, "Publication Count": 0.16666666666666666}, "GetNET EFT Company - Brazil": {"Citation Count": 0.0, "Publication Count": 0.16666666666666666}, "University of Laghouat": {"Citation Count": 0.5, "Publication Count": 0.25}, "Ziane Achour University of Djelfa": {"Citation Count": 1.0, "Publication Count": 0.5}, "Laboratoire d'Informatique, du Traitement de l'Information et des Syst\u00e8mes": {"Citation Count": 0.25, "Publication Count": 0.125}, "Normandie Universit\u00e9": {"Citation Count": 0.25, "Publication Count": 0.125}, "University of Guelma": {"Citation Count": 0.3333333333333333, "Publication Count": 0.3333333333333333}, "Abb\u00e8s Laghrour University of Khenchela": {"Citation Count": 0.3333333333333333, "Publication Count": 0.3333333333333333}, "Constantine 1 University": {"Citation Count": 0.3333333333333333, "Publication Count": 0.3333333333333333}, "Universit\u00e9 des Sciences et de la Technologie d'Oran Mohamed Boudiaf": {"Citation Count": 2.25, "Publication Count": 0.75}, "Institut de Recherche en Informatique et Syst\u00e8mes Al\u00e9atoires": {"Citation Count": 0.375, "Publication Count": 0.125}, "University of Rennes": {"Citation Count": 0.375, "Publication Count": 0.125}, "University of Paris-Est": {"Citation Count": 8.25, "Publication Count": 0.75}, "LARIS, France": {"Citation Count": 2.75, "Publication Count": 0.25}, "American University of Beirut": {"Citation Count": 14.0, "Publication Count": 7.0}, "LIM Laboratory, Faculty of Sciences Dhar El Mehraz, Fez, Morocco": {"Citation Count": 6.95, "Publication Count": 1.55}, "Mohammed V University": {"Citation Count": 6.05, "Publication Count": 1.1166666666666667}, "Dept of Digital Media and Communication, Technological Education Institute of Western Macedonia, Kastoria, Greece": {"Citation Count": 3.0, "Publication Count": 0.5}, "University of Macedonia": {"Citation Count": 3.0, "Publication Count": 0.5}, "Jordan University of Science and Technology": {"Citation Count": 40.0, "Publication Count": 4.166666666666666}, "Yarmouk University": {"Citation Count": 0.0, "Publication Count": 0.25}, "University of California, Riverside": {"Citation Count": 0.0, "Publication Count": 0.25}, "National University of Defense Technology": {"Citation Count": 1.0, "Publication Count": 1.0}, "Qatar Mobility Innovations Center": {"Citation Count": 6.5, "Publication Count": 0.6666666666666666}, "Qatar Science and Technology Park": {"Citation Count": 6.5, "Publication Count": 0.6666666666666666}, "Ajou University": {"Citation Count": 2.0, "Publication Count": 0.6666666666666666}, "SIME Lab, MIS Team, ENSIAS, University M5, Rabat, Morocco": {"Citation Count": 0.6666666666666666, "Publication Count": 0.3333333333333333}, "SIME, ENSIAS, EMI UM5, Rabat, Morocco": {"Citation Count": 0.6666666666666666, "Publication Count": 0.3333333333333333}, "Universit\u00e9 Hassan 1er": {"Citation Count": 0.6666666666666666, "Publication Count": 0.3333333333333333}, "National Institute of Technology Calicut": {"Citation Count": 5.0, "Publication Count": 1.0}, "Suez Canal University": {"Citation Count": 0.3333333333333333, "Publication Count": 0.3333333333333333}, "Cairo University": {"Citation Count": 6.666666666666667, "Publication Count": 1.6666666666666665}, "Higher Institute of Food Industries of Tunis": {"Citation Count": 0.0, "Publication Count": 0.6666666666666666}, "University of Sousse": {"Citation Count": 0.0, "Publication Count": 0.3333333333333333}, "University of Hassan II Casablanca": {"Citation Count": 1.0,