{"institut superieur de gestion": {"Citation Count": 17.333333333333332, "Publication Count": 3.9166666666666665}, "tunis university": {"Citation Count": 35.333333333333336, "Publication Count": 26.083333333333332}, "manouba university": {"Citation Count": 45.666666666666664, "Publication Count": 11.166666666666666}, "university of sousse": {"Citation Count": 46.916666666666664, "Publication Count": 20.55}, "university of gabes": {"Citation Count": 16.9, "Publication Count": 5.033333333333332}, "umm al qura university": {"Citation Count": 0.5, "Publication Count": 0.8333333333333333}, "concordia university": {"Citation Count": 6.333333333333333, "Publication Count": 0.6666666666666666}, "taif university": {"Citation Count": 7.666666666666667, "Publication Count": 1.3333333333333333}, "university of sfax": {"Citation Count": 61.81666666666666, "Publication Count": 38.7}, "king saud university": {"Citation Count": 0.5, "Publication Count": 0.5}, "king abdulaziz university": {"Citation Count": 1.3333333333333333, "Publication Count": 2.1666666666666665}, "emirates college of technology": {"Citation Count": 4.333333333333333, "Publication Count": 0.3333333333333333}, "taibah university": {"Citation Count": 3.0, "Publication Count": 1.0}, "university of paris": {"Citation Count": 3.5, "Publication Count": 1.75}, "ecole de technologie superieure": {"Citation Count": 1.1666666666666665, "Publication Count": 0.5833333333333333}, "centre national de la recherche scientifique": {"Citation Count": 0.8333333333333333, "Publication Count": 1.3333333333333333}, "ecole normale superieure": {"Citation Count": 20.816666666666666, "Publication Count": 6.533333333333332}, "telecom sudparis": {"Citation Count": 2.0, "Publication Count": 1.0}, "universidade federal de mato grosso": {"Citation Count": 0.6666666666666666, "Publication Count": 0.3333333333333333}, "federal fluminense university": {"Citation Count": 1.0, "Publication Count": 0.5}, "aix marseille university": {"Citation Count": 0.3333333333333333, "Publication Count": 0.16666666666666666}, "tunis el manar university": {"Citation Count": 3.6666666666666665, "Publication Count": 2.333333333333333}, "mohammed v university": {"Citation Count": 0.6666666666666666, "Publication Count": 0.6666666666666666}, "cri": {"Citation Count": 0.3333333333333333, "Publication Count": 0.3333333333333333}, "sage group": {"Citation Count": 0.25, "Publication Count": 0.45}, "university of monastir": {"Citation Count": 1.75, "Publication Count": 4.0}, "university of burgundy": {"Citation Count": 0.0, "Publication Count": 0.25}, "carthage university": {"Citation Count": 2.6666666666666665, "Publication Count": 6.75}, "institut mines telecom": {"Citation Count": 1.3333333333333333, "Publication Count": 0.3333333333333333}, "higher school of communication of tunis": {"Citation Count": 3.6666666666666665, "Publication Count": 1.3333333333333333}, "tunisia polytechnic school": {"Citation Count": 1.0, "Publication Count": 0.6666666666666666}, "carthage college": {"Citation Count": 0.3333333333333333, "Publication Count": 1.4999999999999998}, "australian national university": {"Citation Count": 0.6666666666666666, "Publication Count": 0.3333333333333333}, "princess sumaya university for technology": {"Citation Count": 1.3333333333333333, "Publication Count": 0.6666666666666666}, "university of science and technology houari boumediene": {"Citation Count": 4.0, "Publication Count": 1.5}, "staffordshire university": {"Citation Count": 8.5, "Publication Count": 8.0}, "universidade do estado de santa catarina": {"Citation Count": 4.0, "Publication Count": 1.0}, "national institute of astrophysics optics and electronics": {"Citation Count": 0.0, "Publication Count": 0.25}, "jinan university": {"Citation Count": 0.3333333333333333, "Publication Count": 0.3333333333333333}, "xidian university": {"Citation Count": 0.3333333333333333, "Publication Count": 0.3333333333333333}, "ecole nationale superieure des telecommunications de bretagne": {"Citation Count": 1.6666666666666665, "Publication Count": 0.6666666666666666}, "ecole nationale superieure de l electronique et de ses applications": {"Citation Count": 0.0, "Publication Count": 0.25}, "indian institute of technology bhu varanasi": {"Citation Count": 0.0, "Publication Count": 1.0}, "university of poitiers": {"Citation Count": 1.0, "Publication Count": 1.0}, "kuwait university": {"Citation Count": 3.0, "Publication Count": 1.0}, "universite libre de bruxelles": {"Citation Count": 0.0, "Publication Count": 0.5}, "qatar university": {"Citation Count": 0.0, "Publication Count": 1.0}, "university of lorraine": {"Citation Count": 2.0, "Publication Count": 1.0}, "essec business school": {"Citation Count": 5.0, "Publication Count": 1.3333333333333333}, "blaise pascal university": {"Citation Count": 0.3333333333333333, "Publication Count": 0.3333333333333333}, "university of jordan": {"Citation Count": 0.25, "Publication Count": 0.25}, "mathworks": {"Citation Count": 3.5, "Publication Count": 0.25}, "vanderbilt university": {"Citation Count": 3.5, "Publication Count": 0.25}, "universiti teknologi petronas": {"Citation Count": 2.5, "Publication Count": 0.5}, "universiti teknologi malaysia": {"Citation Count": 2.5, "Publication Count": 0.5}, "king abdulaziz city for science and technology": {"Citation Count": 0.4, "Publication Count": 0.2}, "american university of beirut": {"Citation Count": 0.4, "Publication Count": 0.2}, "national institute of applied science and technology": {"Citation Count": 0.0, "Publication Count": 0.5}, "entertainments national service association": {"Citation Count": 1.0, "Publication Count": 0.3333333333333333}, "ibn tofail university": {"Citation Count": 2.0, "Publication Count": 0.6666666666666666}, "universidade federal de santa catarina": {"Citation Count": 0.0, "Publication Count": 1.0}, "ankara university": {"Citation Count": 5.0, "Publication Count": 1.0}, "university of arizona": {"Citation Count": 7.0, "Publication Count": 1.0}, "university of toulouse": {"Citation Count": 1.0, "Publication Count": 0.5}, "cadi ayyad university": {"Citation Count": 1.0, "Publication Count": 0.5}, "university of kairouan": {"Citation Count": 2.0, "Publication Count": 0.25}, "university of jendouba": {"Citation Count": 2.0, "Publication Count": 0.6666666666666666}, "federal university of parana": {"Citation Count": 0.9, "Publication Count": 0.9}, "intel": {"Citation Count": 0.1, "Publication Count": 0.1}, "shaqra university": {"Citation Count": 0.25, "Publication Count": 0.25}, "community college of philadelphia": {"Citation Count": 0.25, "Publication Count": 0.25}, "artois university": {"Citation Count": 2.6666666666666665, "Publication Count": 0.3333333333333333}}