{"lafayette college": {"Citation Count": 23.5, "Publication Count": 0.5}, "university of texas at austin": {"Citation Count": 23.555555555555557, "Publication Count": 0.5555555555555556}, "oregon state university": {"Citation Count": 18.214285714285715, "Publication Count": 1.1785714285714286}, "case western reserve university": {"Citation Count": 2.5, "Publication Count": 0.25}, "northwestern university": {"Citation Count": 29.0, "Publication Count": 1.0}, "georgia institute of technology": {"Citation Count": 30.1, "Publication Count": 1.7}, "university of alabama": {"Citation Count": 1.1, "Publication Count": 0.7}, "carnegie mellon university": {"Citation Count": 45.282539682539685, "Publication Count": 1.453968253968254}, "honda": {"Citation Count": 0.05555555555555555, "Publication Count": 0.05555555555555555}, "johns hopkins university": {"Citation Count": 0.05555555555555555, "Publication Count": 0.05555555555555555}, "massachusetts institute of technology": {"Citation Count": 130.44444444444446, "Publication Count": 1.8402777777777777}, "microsoft": {"Citation Count": 0.1111111111111111, "Publication Count": 0.1111111111111111}, "university of central florida": {"Citation Count": 0.05555555555555555, "Publication Count": 0.05555555555555555}, "paine college": {"Citation Count": 0.05555555555555555, "Publication Count": 0.05555555555555555}, "mcgill university": {"Citation Count": 0.05555555555555555, "Publication Count": 0.05555555555555555}, "united states naval research laboratory": {"Citation Count": 0.05555555555555555, "Publication Count": 0.05555555555555555}, "university of palermo": {"Citation Count": 0.05555555555555555, "Publication Count": 0.05555555555555555}, "vanderbilt university": {"Citation Count": 0.05555555555555555, "Publication Count": 0.11805555555555555}, "university of wisconsin madison": {"Citation Count": 33.05555555555556, "Publication Count": 1.0555555555555556}, "university of north carolina at charlotte": {"Citation Count": 0.1111111111111111, "Publication Count": 0.1111111111111111}, "university of washington": {"Citation Count": 5.0, "Publication Count": 1.0}, "city university of hong kong": {"Citation Count": 3.0, "Publication Count": 1.0}, "turkcell": {"Citation Count": 18.333333333333332, "Publication Count": 0.3333333333333333}, "ryerson university": {"Citation Count": 18.333333333333332, "Publication Count": 0.3333333333333333}, "bogazici university": {"Citation Count": 18.333333333333332, "Publication Count": 0.3333333333333333}, "university of colorado boulder": {"Citation Count": 2.0, "Publication Count": 1.0}, "charles iii university of madrid": {"Citation Count": 1.0, "Publication Count": 1.0}, "hong kong university of science and technology": {"Citation Count": 3.0, "Publication Count": 0.5}, "telecom sudparis": {"Citation Count": 1.5, "Publication Count": 0.25}, "sun yat sen university": {"Citation Count": 1.5, "Publication Count": 0.25}, "sandia national laboratories": {"Citation Count": 3.571428571428571, "Publication Count": 0.14285714285714285}, "stanford university": {"Citation Count": 7.142857142857142, "Publication Count": 0.2857142857142857}, "graz university of technology": {"Citation Count": 74.0, "Publication Count": 1.0}, "depaul university": {"Citation Count": 401.25, "Publication Count": 2.25}, "commonwealth scientific and industrial research organisation": {"Citation Count": 5.0, "Publication Count": 1.0}, "university of kassel": {"Citation Count": 1.25, "Publication Count": 0.25}, "university of wurzburg": {"Citation Count": 1.25, "Publication Count": 0.25}, "nest labs": {"Citation Count": 16.0, "Publication Count": 1.0}, "free university of bozen bolzano": {"Citation Count": 329.75, "Publication Count": 0.25}, "university of minnesota": {"Citation Count": 329.75, "Publication Count": 0.25}, "new york university": {"Citation Count": 329.75, "Publication Count": 0.3125}, "adria airways": {"Citation Count": 115.0, "Publication Count": 1.0}, "siemens": {"Citation Count": 24.0, "Publication Count": 0.5}, "harvey mudd college": {"Citation Count": 0.6000000000000001, "Publication Count": 0.2}, "worcester polytechnic institute": {"Citation Count": 5.266666666666666, "Publication Count": 0.5333333333333333}, "brown university": {"Citation Count": 0.0, "Publication Count": 0.0625}, "university of southern california": {"Citation Count": 0.0, "Publication Count": 0.125}, "rice university": {"Citation Count": 0.0, "Publication Count": 0.0625}, "general electric": {"Citation Count": 0.0, "Publication Count": 0.0625}, "university of north carolina at greensboro": {"Citation Count": 0.0, "Publication Count": 0.0625}, "linkoping university": {"Citation Count": 0.0, "Publication Count": 0.0625}, "university of sussex": {"Citation Count": 0.0, "Publication Count": 0.0625}, "university of lucerne": {"Citation Count": 0.0, "Publication Count": 0.0625}, "texas a m university": {"Citation Count": 0.0, "Publication Count": 0.0625}, "sabanci university": {"Citation Count": 0.0, "Publication Count": 0.0625}, "university of arizona": {"Citation Count": 0.0, "Publication Count": 0.0625}, "university of maryland college park": {"Citation Count": 0.0, "Publication Count": 0.0625}, "university of southern denmark": {"Citation Count": 25.0, "Publication Count": 1.0}, "indiana university": {"Citation Count": 22.0, "Publication Count": 0.6666666666666666}, "tufts university": {"Citation Count": 11.0, "Publication Count": 0.3333333333333333}, "bielefeld university": {"Citation Count": 12.0, "Publication Count": 1.0}}