{"university of southern california": {"Citation Count": 23.0, "Publication Count": 1.0526315789473684}, "swedish institute of computer science": {"Citation Count": 2.4000000000000004, "Publication Count": 0.8}, "siemens": {"Citation Count": 0.6000000000000001, "Publication Count": 0.2}, "pennsylvania state university": {"Citation Count": 0.5, "Publication Count": 0.1}, "university at buffalo": {"Citation Count": 0.5, "Publication Count": 0.1}, "drexel university": {"Citation Count": 3.0, "Publication Count": 0.6}, "oregon state university": {"Citation Count": 1.0, "Publication Count": 0.2}, "nec": {"Citation Count": 0.16666666666666666, "Publication Count": 0.16666666666666666}, "university of michigan": {"Citation Count": 3.625, "Publication Count": 0.875}, "university of north carolina at charlotte": {"Citation Count": 0.21428571428571427, "Publication Count": 0.24553571428571427}, "university of north carolina at greensboro": {"Citation Count": 0.07142857142857142, "Publication Count": 0.07142857142857142}, "city university of new york": {"Citation Count": 0.07142857142857142, "Publication Count": 0.07142857142857142}, "university of texas at austin": {"Citation Count": 13.138095238095238, "Publication Count": 0.3380952380952381}, "university of liverpool": {"Citation Count": 0.07142857142857142, "Publication Count": 0.07142857142857142}, "rensselaer polytechnic institute": {"Citation Count": 0.19642857142857142, "Publication Count": 0.24906015037593984}, "vanderbilt university": {"Citation Count": 0.07142857142857142, "Publication Count": 0.07142857142857142}, "utrecht university": {"Citation Count": 0.07142857142857142, "Publication Count": 0.07142857142857142}, "university of memphis": {"Citation Count": 0.07142857142857142, "Publication Count": 0.07142857142857142}, "university of groningen": {"Citation Count": 0.07142857142857142, "Publication Count": 0.07142857142857142}, "university of sussex": {"Citation Count": 0.07142857142857142, "Publication Count": 0.07142857142857142}, "florida institute for human and machine cognition": {"Citation Count": 3.2, "Publication Count": 0.8}, "ames research center": {"Citation Count": 0.8, "Publication Count": 0.2}, "lock haven university of pennsylvania": {"Citation Count": 3.333333333333333, "Publication Count": 0.3333333333333333}, "carnegie mellon university": {"Citation Count": 205.79166666666666, "Publication Count": 1.7302631578947367}, "university of minnesota": {"Citation Count": 9.791666666666666, "Publication Count": 0.4583333333333333}, "erasmus university rotterdam": {"Citation Count": 9.666666666666666, "Publication Count": 0.3333333333333333}, "massachusetts institute of technology": {"Citation Count": 6.0, "Publication Count": 1.03125}, "cleveland clinic": {"Citation Count": 2.0, "Publication Count": 0.125}, "vulcan inc": {"Citation Count": 9.8, "Publication Count": 0.2}, "bbn technologies": {"Citation Count": 6.533333333333333, "Publication Count": 0.13333333333333333}, "sri international": {"Citation Count": 16.333333333333332, "Publication Count": 0.38596491228070173}, "ibm": {"Citation Count": 620.0, "Publication Count": 0.8333333333333334}, "university of washington": {"Citation Count": 42.0, "Publication Count": 1.0}, "university of maryland college park": {"Citation Count": 0.125, "Publication Count": 0.1875}, "rice university": {"Citation Count": 0.125, "Publication Count": 0.125}, "university of rochester": {"Citation Count": 0.125, "Publication Count": 0.125}, "microsoft": {"Citation Count": 0.125, "Publication Count": 0.17763157894736842}, "parc": {"Citation Count": 0.0, "Publication Count": 0.05263157894736842}, "university of hertfordshire": {"Citation Count": 0.0, "Publication Count": 0.05263157894736842}, "university of edinburgh": {"Citation Count": 0.0, "Publication Count": 0.08388157894736842}, "temple university": {"Citation Count": 0.0, "Publication Count": 0.05263157894736842}, "university of bremen": {"Citation Count": 0.0, "Publication Count": 0.08388157894736842}, "irobot": {"Citation Count": 0.0, "Publication Count": 0.05263157894736842}, "university of technology sydney": {"Citation Count": 0.0, "Publication Count": 0.05263157894736842}, "stanford university": {"Citation Count": 9.0, "Publication Count": 0.8552631578947368}, "university of illinois at urbana champaign": {"Citation Count": 0.0, "Publication Count": 0.05263157894736842}, "university of freiburg": {"Citation Count": 0.0, "Publication Count": 0.08388157894736842}, "nanyang technological university": {"Citation Count": 0.5, "Publication Count": 0.5}, "university of british columbia": {"Citation Count": 0.5, "Publication Count": 0.5}, "queen s university": {"Citation Count": 3.0, "Publication Count": 0.25}, "yahoo": {"Citation Count": 24.5, "Publication Count": 0.5}, "harvard university": {"Citation Count": 91.5, "Publication Count": 1.25}, "agh university of science and technology": {"Citation Count": 65.0, "Publication Count": 0.5}, "kyushu university": {"Citation Count": 6.5, "Publication Count": 0.5}, "duke university": {"Citation Count": 6.5, "Publication Count": 0.5}, "university of pennsylvania": {"Citation Count": 2.0, "Publication Count": 0.25}, "georgia institute of technology": {"Citation Count": 2.0, "Publication Count": 0.40625}, "universidade federal do rio grande do sul": {"Citation Count": 0.0, "Publication Count": 0.03125}, "willow garage": {"Citation Count": 0.0, "Publication Count": 0.03125}, "university college cork": {"Citation Count": 0.0, "Publication Count": 0.03125}, "maastricht university": {"Citation Count": 0.0, "Publication Count": 0.03125}, "university of wisconsin madison": {"Citation Count": 0.0, "Publication Count": 0.03125}, "cornell university": {"Citation Count": 0.0, "Publication Count": 0.03125}, "university of alberta": {"Citation Count": 0.0, "Publication Count": 0.03125}, "city university london": {"Citation Count": 0.0, "Publication Count": 0.03125}, "university of illinois at chicago": {"Citation Count": 0.0, "Publication Count": 0.03125}, "united states naval research laboratory": {"Citation Count": 0.0, "Publication Count": 0.03125}, "university of georgia": {"Citation Count": 0.0, "Publication Count": 0.03125}, "university of new south wales": {"Citation Count": 0.0, "Publication Count": 0.03125}, "university of central florida": {"Citation Count": 0.0, "Publication Count": 0.03125}, "university of california berkeley": {"Citation Count": 0.0, "Publication Count": 0.03125}, "google": {"Citation Count": 0.0, "Publication Count": 0.03125}, "university of bonn": {"Citation Count": 0.0, "Publication Count": 0.03125}, "wright state university": {"Citation Count": 0.0, "Publication Count": 0.03125}}