{"comsats institute of information technology": {"Citation Count": 11.119047619047617, "Publication Count": 6.476190476190476}, "jazan university": {"Citation Count": 1.0, "Publication Count": 0.3333333333333333}, "bahria university": {"Citation Count": 0.6666666666666666, "Publication Count": 0.16666666666666666}, "higher colleges of technology": {"Citation Count": 0.8333333333333333, "Publication Count": 0.8333333333333333}, "national university of science and technology": {"Citation Count": 0.14285714285714285, "Publication Count": 0.14285714285714285}, "university of alberta": {"Citation Count": 0.42857142857142855, "Publication Count": 0.14285714285714285}, "central south university": {"Citation Count": 0.42857142857142855, "Publication Count": 0.14285714285714285}, "university of lahore": {"Citation Count": 0.42857142857142855, "Publication Count": 0.14285714285714285}, "quaid i azam university": {"Citation Count": 0.2857142857142857, "Publication Count": 0.2857142857142857}, "fukuoka institute of technology": {"Citation Count": 1.8333333333333333, "Publication Count": 3.466666666666667}, "hosei university": {"Citation Count": 12.700000000000001, "Publication Count": 3.916666666666667}, "rissho university": {"Citation Count": 2.8000000000000003, "Publication Count": 1.1166666666666667}, "university college of southeast norway": {"Citation Count": 1.0, "Publication Count": 1.0}, "electric power research institute": {"Citation Count": 0.4, "Publication Count": 0.4}, "beijing university of posts and telecommunications": {"Citation Count": 0.6, "Publication Count": 0.6}, "agh university of science and technology": {"Citation Count": 0.3333333333333333, "Publication Count": 0.8333333333333333}, "pedagogical university": {"Citation Count": 0.3333333333333333, "Publication Count": 0.8333333333333333}, "national institute of technology hamirpur": {"Citation Count": 0.75, "Publication Count": 0.75}, "thapar university": {"Citation Count": 0.25, "Publication Count": 0.25}, "university of potsdam": {"Citation Count": 5.0, "Publication Count": 2.0}, "king abdulaziz city for science and technology": {"Citation Count": 0.0, "Publication Count": 1.0}, "fujitsu": {"Citation Count": 4.333333333333333, "Publication Count": 1.3333333333333333}, "kyushu university": {"Citation Count": 3.1666666666666665, "Publication Count": 2.583333333333333}, "university of rennes": {"Citation Count": 0.3333333333333333, "Publication Count": 0.3333333333333333}, "university of paris": {"Citation Count": 0.6666666666666666, "Publication Count": 0.6666666666666666}, "ibaraki university": {"Citation Count": 0.16666666666666666, "Publication Count": 0.41666666666666663}, "aoyama gakuin university": {"Citation Count": 0.6666666666666666, "Publication Count": 1.9166666666666665}, "university of tokyo": {"Citation Count": 2.1666666666666665, "Publication Count": 1.6666666666666665}, "birla institute of technology and science": {"Citation Count": 2.0, "Publication Count": 3.1666666666666665}, "tunis university": {"Citation Count": 1.5, "Publication Count": 2.25}, "university of rouen": {"Citation Count": 0.0, "Publication Count": 0.25}, "victoria university of wellington": {"Citation Count": 0.0, "Publication Count": 1.0}, "aleksander moisiu university": {"Citation Count": 0.5, "Publication Count": 0.25}, "seikei university": {"Citation Count": 1.1666666666666665, "Publication Count": 0.9166666666666666}, "universidade federal do rio grande do sul": {"Citation Count": 2.75, "Publication Count": 1.375}, "federal university of parana": {"Citation Count": 0.5, "Publication Count": 0.25}, "universidade federal de santa maria": {"Citation Count": 0.75, "Publication Count": 0.375}, "utsunomiya university": {"Citation Count": 0.0, "Publication Count": 1.0}, "universidade federal de lavras": {"Citation Count": 1.0, "Publication Count": 1.0}, "gadjah mada university": {"Citation Count": 1.0, "Publication Count": 0.5}, "tokyo institute of technology": {"Citation Count": 0.0, "Publication Count": 1.0}, "la trobe university": {"Citation Count": 4.0, "Publication Count": 1.0}, "pontificia universidade catolica do parana": {"Citation Count": 0.4, "Publication Count": 1.4}, "kyoto sangyo university": {"Citation Count": 0.0, "Publication Count": 1.0}, "university of perugia": {"Citation Count": 0.6000000000000001, "Publication Count": 0.2}, "university of camerino": {"Citation Count": 2.4000000000000004, "Publication Count": 0.8}, "federal institute of pernambuco": {"Citation Count": 0.25, "Publication Count": 0.125}, "federal university of campina grande": {"Citation Count": 1.75, "Publication Count": 0.875}, "universiti brunei darussalam": {"Citation Count": 0.0, "Publication Count": 0.25}, "indonesian institute of sciences": {"Citation Count": 0.0, "Publication Count": 0.5}, "tunghai university": {"Citation Count": 3.0, "Publication Count": 2.25}, "oita university": {"Citation Count": 0.0, "Publication Count": 1.0}, "illinois institute of technology": {"Citation Count": 2.0, "Publication Count": 2.0}, "toho university": {"Citation Count": 0.0, "Publication Count": 1.0}, "tallinn university of technology": {"Citation Count": 0.3333333333333333, "Publication Count": 0.3333333333333333}, "northern borders university": {"Citation Count": 0.16666666666666666, "Publication Count": 0.16666666666666666}, "university of brasilia": {"Citation Count": 0.0, "Publication Count": 2.0}, "tottori university": {"Citation Count": 0.0, "Publication Count": 1.0}, "federal university of technology parana": {"Citation Count": 0.6, "Publication Count": 0.6}, "university of delhi": {"Citation Count": 0.6666666666666666, "Publication Count": 0.3333333333333333}, "ryerson university": {"Citation Count": 2.6666666666666665, "Publication Count": 1.3333333333333333}, "national cheng kung university": {"Citation Count": 0.6666666666666666, "Publication Count": 1.6666666666666665}, "communist university of the toilers of the east": {"Citation Count": 0.3333333333333333, "Publication Count": 0.3333333333333333}, "carthage college": {"Citation Count": 0.0, "Publication Count": 0.6666666666666666}, "waterford institute of technology": {"Citation Count": 0.0, "Publication Count": 0.3333333333333333}, "middlesex university": {"Citation Count": 0.0, "Publication Count": 0.75}, "university of west london": {"Citation Count": 0.0, "Publication Count": 0.25}, "shimane university": {"Citation Count": 5.0, "Publication Count": 1.0}, "national institute of information and communications technology": {"Citation Count": 0.0, "Publication Count": 0.1}, "osaka university": {"Citation Count": 1.0, "Publication Count": 2.7}, "nara institute of science and technology": {"Citation Count": 0.0, "Publication Count": 0.2}, "central institute of technology": {"Citation Count": 0.0, "Publication Count": 0.25}, "indian institute of technology guwahati": {"Citation Count": 0.0, "Publication Count": 0.75}, "universidade do estado de santa catarina": {"Citation Count": 0.0, "Publication Count": 1.0}, "al hussein bin talal university": {"Citation Count": 1.0, "Publication Count": 1.0}, "toyo university": {"Citation Count": 1.0, "Publication Count": 1.0}, "indian institute of technology delhi": {"Citation Count": 0.5, "Publication Count": 0.25}, "murdoch university": {"Citation Count": 0.0, "Publication Count": 1.0}, "monash university": {"Citation Count": 0.0, "Publication Count": 0.5}, "griffith university": {"Citation Count": 0.0, "Publication Count": 0.5}, "hanoi university of science and technology": {"Citation Count": 4.0, "Publication Count": 1.0}, "university of sfax": {"Citation Count": 4.166666666666667, "Publication Count": 0.8333333333333334}, "university of kairouan": {"Citation Count": 0.8333333333333333, "Publication Count": 0.16666666666666666}, "islamic university": {"Citation Count": 0.3333333333333333, "Publication Count": 0.16666666666666666}, "virtual university of pakistan": {"Citation Count": 0.3333333333333333,