{"cornell university": {"Citation Count": 152.14285714285714, "Publication Count": 3.857142857142857}, "ecole polytechnique federale de lausanne": {"Citation Count": 7.166666666666666, "Publication Count": 1.1666666666666665}, "georgia institute of technology": {"Citation Count": 75.73333333333333, "Publication Count": 1.7333333333333334}, "national university of defense technology": {"Citation Count": 6.857142857142857, "Publication Count": 0.2857142857142857}, "university of pittsburgh": {"Citation Count": 6.857142857142857, "Publication Count": 0.2857142857142857}, "king mongkut s university of technology north bangkok": {"Citation Count": 3.4285714285714284, "Publication Count": 0.14285714285714285}, "carnegie mellon university": {"Citation Count": 48.42857142857143, "Publication Count": 1.1428571428571428}, "university of texas at austin": {"Citation Count": 13.62087912087912, "Publication Count": 2.88003663003663}, "university of washington": {"Citation Count": 10.818181818181818, "Publication Count": 1.2272727272727273}, "rwth aachen university": {"Citation Count": 1.0, "Publication Count": 0.1}, "nvidia": {"Citation Count": 27.0, "Publication Count": 2.2666666666666666}, "university of munster": {"Citation Count": 1.0, "Publication Count": 0.1}, "university of california berkeley": {"Citation Count": 3.8571428571428568, "Publication Count": 0.24285714285714285}, "university of massachusetts amherst": {"Citation Count": 1.0, "Publication Count": 0.1}, "university of california riverside": {"Citation Count": 11.4, "Publication Count": 2.2666666666666666}, "florida state university": {"Citation Count": 0.42857142857142855, "Publication Count": 0.14285714285714285}, "alibaba group": {"Citation Count": 2.142857142857143, "Publication Count": 0.7142857142857143}, "tsinghua university": {"Citation Count": 15.928571428571429, "Publication Count": 2.392857142857143}, "massachusetts institute of technology": {"Citation Count": 8.133333333333333, "Publication Count": 1.511111111111111}, "university of illinois at urbana champaign": {"Citation Count": 45.98354978354978, "Publication Count": 4.0611832611832615}, "north carolina state university": {"Citation Count": 0.6666666666666666, "Publication Count": 0.16666666666666666}, "seoul national university": {"Citation Count": 5.333333333333333, "Publication Count": 1.1333333333333333}, "university of toronto": {"Citation Count": 23.6, "Publication Count": 1.2}, "purdue university": {"Citation Count": 24.245454545454546, "Publication Count": 1.0818181818181818}, "google": {"Citation Count": 11.15, "Publication Count": 1.25}, "ulsan national institute of science and technology": {"Citation Count": 1.6, "Publication Count": 0.2}, "stanford university": {"Citation Count": 28.727272727272727, "Publication Count": 1.0909090909090908}, "microsoft": {"Citation Count": 20.004545454545454, "Publication Count": 1.231818181818182}, "university of california santa barbara": {"Citation Count": 98.0, "Publication Count": 3.35}, "lawrence berkeley national laboratory": {"Citation Count": 2.0, "Publication Count": 0.2}, "national institute of standards and technology": {"Citation Count": 2.0, "Publication Count": 0.2}, "university of rochester": {"Citation Count": 9.0, "Publication Count": 2.0}, "vmware": {"Citation Count": 2.5, "Publication Count": 0.9166666666666666}, "university of paris": {"Citation Count": 0.5, "Publication Count": 0.25}, "johns hopkins university": {"Citation Count": 0.0, "Publication Count": 1.0}, "rutgers university": {"Citation Count": 4.0, "Publication Count": 0.25}, "yale university": {"Citation Count": 4.0, "Publication Count": 0.25}, "indian institute of technology delhi": {"Citation Count": 1.3333333333333333, "Publication Count": 0.3333333333333333}, "indian institute of science": {"Citation Count": 2.6666666666666665, "Publication Count": 0.6666666666666666}, "princeton university": {"Citation Count": 37.69230769230769, "Publication Count": 1.5538461538461537}, "university of cambridge": {"Citation Count": 8.8, "Publication Count": 0.8}, "sri international": {"Citation Count": 1.1, "Publication Count": 0.1}, "university of virginia": {"Citation Count": 22.066666666666663, "Publication Count": 1.5333333333333332}, "university of california san diego": {"Citation Count": 60.33333333333333, "Publication Count": 2.8666666666666667}, "pennsylvania state university": {"Citation Count": 13.1, "Publication Count": 1.2999999999999998}, "amazon com": {"Citation Count": 2.25, "Publication Count": 0.25}, "huawei": {"Citation Count": 2.25, "Publication Count": 0.25}, "kaist": {"Citation Count": 9.600000000000001, "Publication Count": 0.8}, "columbia university": {"Citation Count": 5.6000000000000005, "Publication Count": 0.4}, "university of michigan": {"Citation Count": 9.215384615384615, "Publication Count": 1.0923076923076924}, "hongik university": {"Citation Count": 1.0, "Publication Count": 0.2}, "los alamos national laboratory": {"Citation Count": 5.0, "Publication Count": 1.0}, "leiden university": {"Citation Count": 0.75, "Publication Count": 0.25}, "vu university amsterdam": {"Citation Count": 7.583333333333333, "Publication Count": 1.4166666666666665}, "stevens institute of technology": {"Citation Count": 1.3333333333333333, "Publication Count": 0.16666666666666666}, "virginia tech": {"Citation Count": 18.733333333333334, "Publication Count": 1.9666666666666668}, "imperial college london": {"Citation Count": 2.0, "Publication Count": 0.5}, "university of maryland college park": {"Citation Count": 1.0, "Publication Count": 0.25}, "george mason university": {"Citation Count": 1.0, "Publication Count": 0.25}, "simon fraser university": {"Citation Count": 1.0, "Publication Count": 0.3333333333333333}, "huazhong university of science and technology": {"Citation Count": 6.666666666666667, "Publication Count": 0.8333333333333334}, "national university of singapore": {"Citation Count": 1.3333333333333333, "Publication Count": 0.16666666666666666}, "university of chicago": {"Citation Count": 78.5, "Publication Count": 2.15}, "university of utah": {"Citation Count": 1.5, "Publication Count": 0.75}, "saarland university": {"Citation Count": 14.0, "Publication Count": 1.0}, "san jose state university": {"Citation Count": 2.8000000000000003, "Publication Count": 0.2}, "hewlett packard": {"Citation Count": 50.90909090909091, "Publication Count": 0.6363636363636364}, "qatar computing research institute": {"Citation Count": 1.25, "Publication Count": 0.25}, "university of southern california": {"Citation Count": 28.75, "Publication Count": 1.375}, "harvard university": {"Citation Count": 46.0, "Publication Count": 1.0}, "kyungpook national university": {"Citation Count": 6.0, "Publication Count": 0.5}, "ibm": {"Citation Count": 23.42857142857143, "Publication Count": 0.8428571428571427}, "polytechnic university of catalonia": {"Citation Count": 2.8000000000000003, "Publication Count": 0.2}, "university of pennsylvania": {"Citation Count": 0.5, "Publication Count": 0.25}, "university of illinois at chicago": {"Citation Count": 1.0, "Publication Count": 0.5}, "syracuse university": {"Citation Count": 19.5, "Publication Count": 0.375}, "university at buffalo": {"Citation Count": 6.5, "Publication Count": 0.125}, "northeastern university": {"Citation Count": 19.5, "Publication Count": 0.375}, "daegu gyeongbuk institute of science and technology": {"Citation Count": 1.2, "Publication Count": 0.6}, "advanced micro devices": {"Citation Count": 1.2000000000000002, "Publication Count": 0.2}, "technische universitat darmstadt": {"Citation Count": 9.0, "Publication Count": 1.0}}