{"cornell university": {"Citation Count": 301.2857142857143, "Publication Count": 3.857142857142857}, "georgia institute of technology": {"Citation Count": 143.46666666666667, "Publication Count": 1.7333333333333334}, "ecole polytechnique federale de lausanne": {"Citation Count": 17.833333333333332, "Publication Count": 1.1666666666666665}, "university of pittsburgh": {"Citation Count": 8.285714285714285, "Publication Count": 0.2857142857142857}, "national university of defense technology": {"Citation Count": 8.285714285714285, "Publication Count": 0.2857142857142857}, "king mongkut s university of technology north bangkok": {"Citation Count": 4.142857142857142, "Publication Count": 0.14285714285714285}, "carnegie mellon university": {"Citation Count": 71.14285714285714, "Publication Count": 1.1428571428571428}, "university of texas at austin": {"Citation Count": 22.2518315018315, "Publication Count": 2.88003663003663}, "university of washington": {"Citation Count": 16.727272727272727, "Publication Count": 1.2272727272727273}, "university of massachusetts amherst": {"Citation Count": 1.6, "Publication Count": 0.1}, "university of california berkeley": {"Citation Count": 6.314285714285715, "Publication Count": 0.24285714285714285}, "rwth aachen university": {"Citation Count": 1.6, "Publication Count": 0.1}, "nvidia": {"Citation Count": 61.6, "Publication Count": 2.2666666666666666}, "university of munster": {"Citation Count": 1.6, "Publication Count": 0.1}, "university of california riverside": {"Citation Count": 19.066666666666666, "Publication Count": 2.2666666666666666}, "florida state university": {"Citation Count": 1.4285714285714284, "Publication Count": 0.14285714285714285}, "alibaba group": {"Citation Count": 7.142857142857143, "Publication Count": 0.7142857142857143}, "tsinghua university": {"Citation Count": 25.67857142857143, "Publication Count": 2.392857142857143}, "university of illinois at urbana champaign": {"Citation Count": 83.50735930735931, "Publication Count": 4.0611832611832615}, "massachusetts institute of technology": {"Citation Count": 17.666666666666664, "Publication Count": 1.511111111111111}, "seoul national university": {"Citation Count": 18.0, "Publication Count": 1.1333333333333333}, "north carolina state university": {"Citation Count": 1.0, "Publication Count": 0.16666666666666666}, "ulsan national institute of science and technology": {"Citation Count": 3.6, "Publication Count": 0.2}, "purdue university": {"Citation Count": 46.24545454545455, "Publication Count": 1.0818181818181818}, "google": {"Citation Count": 21.5, "Publication Count": 1.25}, "university of toronto": {"Citation Count": 47.6, "Publication Count": 1.2}, "stanford university": {"Citation Count": 54.09090909090909, "Publication Count": 1.0909090909090908}, "microsoft": {"Citation Count": 31.081818181818182, "Publication Count": 1.231818181818182}, "university of california santa barbara": {"Citation Count": 179.95, "Publication Count": 3.35}, "lawrence berkeley national laboratory": {"Citation Count": 2.4000000000000004, "Publication Count": 0.2}, "national institute of standards and technology": {"Citation Count": 2.4000000000000004, "Publication Count": 0.2}, "university of rochester": {"Citation Count": 11.0, "Publication Count": 2.0}, "vmware": {"Citation Count": 6.083333333333333, "Publication Count": 0.9166666666666666}, "university of paris": {"Citation Count": 1.25, "Publication Count": 0.25}, "johns hopkins university": {"Citation Count": 0.0, "Publication Count": 1.0}, "yale university": {"Citation Count": 9.5, "Publication Count": 0.25}, "rutgers university": {"Citation Count": 9.5, "Publication Count": 0.25}, "indian institute of science": {"Citation Count": 13.333333333333332, "Publication Count": 0.6666666666666666}, "indian institute of technology delhi": {"Citation Count": 6.666666666666666, "Publication Count": 0.3333333333333333}, "princeton university": {"Citation Count": 74.49230769230769, "Publication Count": 1.5538461538461537}, "university of cambridge": {"Citation Count": 14.4, "Publication Count": 0.8}, "sri international": {"Citation Count": 1.8, "Publication Count": 0.1}, "university of california san diego": {"Citation Count": 136.46666666666667, "Publication Count": 2.8666666666666667}, "university of virginia": {"Citation Count": 42.733333333333334, "Publication Count": 1.5333333333333332}, "pennsylvania state university": {"Citation Count": 30.9, "Publication Count": 1.2999999999999998}, "amazon com": {"Citation Count": 4.25, "Publication Count": 0.25}, "huawei": {"Citation Count": 4.25, "Publication Count": 0.25}, "kaist": {"Citation Count": 26.0, "Publication Count": 0.8}, "columbia university": {"Citation Count": 15.200000000000001, "Publication Count": 0.4}, "university of michigan": {"Citation Count": 18.615384615384613, "Publication Count": 1.0923076923076924}, "hongik university": {"Citation Count": 4.0, "Publication Count": 0.2}, "los alamos national laboratory": {"Citation Count": 7.0, "Publication Count": 1.0}, "vu university amsterdam": {"Citation Count": 10.416666666666666, "Publication Count": 1.4166666666666665}, "leiden university": {"Citation Count": 1.25, "Publication Count": 0.25}, "stevens institute of technology": {"Citation Count": 1.6666666666666665, "Publication Count": 0.16666666666666666}, "virginia tech": {"Citation Count": 27.666666666666668, "Publication Count": 1.9666666666666668}, "imperial college london": {"Citation Count": 5.0, "Publication Count": 0.5}, "university of maryland college park": {"Citation Count": 2.5, "Publication Count": 0.25}, "george mason university": {"Citation Count": 2.5, "Publication Count": 0.25}, "simon fraser university": {"Citation Count": 2.333333333333333, "Publication Count": 0.3333333333333333}, "national university of singapore": {"Citation Count": 2.833333333333333, "Publication Count": 0.16666666666666666}, "huazhong university of science and technology": {"Citation Count": 14.166666666666668, "Publication Count": 0.8333333333333334}, "university of chicago": {"Citation Count": 132.55, "Publication Count": 2.15}, "university of utah": {"Citation Count": 2.25, "Publication Count": 0.75}, "saarland university": {"Citation Count": 27.0, "Publication Count": 1.0}, "san jose state university": {"Citation Count": 3.8000000000000003, "Publication Count": 0.2}, "hewlett packard": {"Citation Count": 85.9090909090909, "Publication Count": 0.6363636363636364}, "qatar computing research institute": {"Citation Count": 2.0, "Publication Count": 0.25}, "university of southern california": {"Citation Count": 43.75, "Publication Count": 1.375}, "harvard university": {"Citation Count": 75.0, "Publication Count": 1.0}, "kyungpook national university": {"Citation Count": 10.0, "Publication Count": 0.5}, "ibm": {"Citation Count": 43.971428571428575, "Publication Count": 0.8428571428571427}, "polytechnic university of catalonia": {"Citation Count": 3.8000000000000003, "Publication Count": 0.2}, "university of illinois at chicago": {"Citation Count": 1.5, "Publication Count": 0.5}, "university of pennsylvania": {"Citation Count": 0.75, "Publication Count": 0.25}, "syracuse university": {"Citation Count": 32.25, "Publication Count": 0.375}, "university at buffalo": {"Citation Count": 10.75, "Publication Count": 0.125}, "northeastern university": {"Citation Count": 32.25, "Publication Count": 0.375}, "daegu gyeongbuk institute of science and technology": {"Citation Count": 3.0, "Publication Count": 0.6}, "advanced micro devices": {"Citation Count": 3.2, "Publication Count": 0.2}, "technische universitat darmstadt": {"Citation Count": 15.0, "Publication Count": 1.0}}