{"university of wisconsin milwaukee": {"Citation Count": 37.0, "Publication Count": 2.0}, "king s college london": {"Citation Count": 35.63636363636364, "Publication Count": 0.36363636363636365}, "microsoft": {"Citation Count": 333.54112554112555, "Publication Count": 4.5064935064935066}, "lancaster university": {"Citation Count": 8.90909090909091, "Publication Count": 0.09090909090909091}, "university of maryland baltimore": {"Citation Count": 8.90909090909091, "Publication Count": 0.09090909090909091}, "frimley park hospital nhs foundation trust": {"Citation Count": 8.90909090909091, "Publication Count": 0.09090909090909091}, "university at buffalo": {"Citation Count": 22.666666666666664, "Publication Count": 0.6666666666666666}, "citigroup": {"Citation Count": 11.333333333333332, "Publication Count": 0.3333333333333333}, "ecole polytechnique federale de lausanne": {"Citation Count": 31.0, "Publication Count": 1.0}, "university of sydney": {"Citation Count": 13.0, "Publication Count": 0.5}, "georgia institute of technology": {"Citation Count": 26.166666666666664, "Publication Count": 0.8333333333333333}, "university of texas at austin": {"Citation Count": 23.833333333333332, "Publication Count": 0.8333333333333333}, "national research council": {"Citation Count": 4.666666666666666, "Publication Count": 0.3333333333333333}, "george washington university": {"Citation Count": 4.666666666666666, "Publication Count": 0.3333333333333333}, "massachusetts institute of technology": {"Citation Count": 259.5333333333333, "Publication Count": 4.008333333333333}, "oak ridge national laboratory": {"Citation Count": 6.666666666666666, "Publication Count": 0.6666666666666666}, "tennessee technological university": {"Citation Count": 3.333333333333333, "Publication Count": 0.3333333333333333}, "california institute of technology": {"Citation Count": 78.18181818181819, "Publication Count": 1.7272727272727273}, "carnegie mellon university": {"Citation Count": 163.5, "Publication Count": 1.75}, "harvard university": {"Citation Count": 49.1904761904762, "Publication Count": 2.9345238095238093}, "saarland university": {"Citation Count": 19.0, "Publication Count": 1.0}, "technical university of berlin": {"Citation Count": 4.25, "Publication Count": 0.25}, "university of california berkeley": {"Citation Count": 101.75, "Publication Count": 3.75}, "naval postgraduate school": {"Citation Count": 5.0, "Publication Count": 2.0}, "university of waterloo": {"Citation Count": 2.0, "Publication Count": 0.2}, "hewlett packard": {"Citation Count": 4.0, "Publication Count": 0.4}, "google": {"Citation Count": 563.5227272727273, "Publication Count": 4.040909090909091}, "university of illinois at urbana champaign": {"Citation Count": 2.0, "Publication Count": 0.2}, "university of massachusetts amherst": {"Citation Count": 36.0, "Publication Count": 1.0}, "intel": {"Citation Count": 38.5, "Publication Count": 1.75}, "columbia university": {"Citation Count": 25.0, "Publication Count": 1.0}, "university of california san diego": {"Citation Count": 100.07142857142857, "Publication Count": 1.6428571428571428}, "arizona state university": {"Citation Count": 13.5, "Publication Count": 0.5}, "electronics and telecommunications research institute": {"Citation Count": 190.0, "Publication Count": 0.6666666666666666}, "university of nebraska lincoln": {"Citation Count": 95.0, "Publication Count": 0.3333333333333333}, "warsaw university of technology": {"Citation Count": 145.0, "Publication Count": 1.0}, "duke university": {"Citation Count": 91.0, "Publication Count": 0.3333333333333333}, "north carolina state university": {"Citation Count": 45.5, "Publication Count": 0.16666666666666666}, "seoul national university": {"Citation Count": 45.5, "Publication Count": 0.16666666666666666}, "pennsylvania state university": {"Citation Count": 45.5, "Publication Count": 0.16666666666666666}, "university of maryland college park": {"Citation Count": 61.33333333333333, "Publication Count": 2.6666666666666665}, "universite catholique de louvain": {"Citation Count": 75.0, "Publication Count": 1.0}, "princeton university": {"Citation Count": 59.3, "Publication Count": 0.95}, "oracle corporation": {"Citation Count": 18.0, "Publication Count": 0.5}, "university of washington": {"Citation Count": 74.16666666666666, "Publication Count": 3.3}, "adobe systems": {"Citation Count": 6.25, "Publication Count": 0.5833333333333333}, "eth zurich": {"Citation Count": 26.606060606060606, "Publication Count": 0.9242424242424242}, "university of portsmouth": {"Citation Count": 2.0, "Publication Count": 1.0}, "university of cambridge": {"Citation Count": 70.14285714285714, "Publication Count": 2.857142857142857}, "university of southern california": {"Citation Count": 116.57142857142857, "Publication Count": 0.8928571428571428}, "university of british columbia": {"Citation Count": 47.5, "Publication Count": 2.4166666666666665}, "tel aviv university": {"Citation Count": 11.0, "Publication Count": 1.0}, "rochester institute of technology": {"Citation Count": 27.0, "Publication Count": 2.0}, "university of freiburg": {"Citation Count": 6.5, "Publication Count": 0.25}, "sri international": {"Citation Count": 1.6, "Publication Count": 0.2}, "northwestern university": {"Citation Count": 54.2, "Publication Count": 1.4}, "stanford university": {"Citation Count": 3.2, "Publication Count": 0.4}, "university of kansas": {"Citation Count": 28.0, "Publication Count": 1.0}, "delft university of technology": {"Citation Count": 13.333333333333332, "Publication Count": 2.6666666666666665}, "chalmers university of technology": {"Citation Count": 2.0, "Publication Count": 0.3333333333333333}, "indiana university": {"Citation Count": 34.75, "Publication Count": 0.9166666666666666}, "university of michigan": {"Citation Count": 208.57142857142856, "Publication Count": 0.6428571428571428}, "xi an jiaotong university": {"Citation Count": 136.0, "Publication Count": 0.5}, "university of bologna": {"Citation Count": 18.0, "Publication Count": 0.6666666666666666}, "university of cyprus": {"Citation Count": 5.333333333333333, "Publication Count": 0.3333333333333333}, "university of connecticut": {"Citation Count": 5.333333333333333, "Publication Count": 0.3333333333333333}, "bungie": {"Citation Count": 1.0, "Publication Count": 0.2}, "facebook": {"Citation Count": 4.2727272727272725, "Publication Count": 0.09090909090909091}, "technion israel institute of technology": {"Citation Count": 49.333333333333336, "Publication Count": 1.3333333333333333}, "university of wisconsin madison": {"Citation Count": 72.57142857142857, "Publication Count": 0.14285714285714285}, "university of pittsburgh": {"Citation Count": 72.57142857142857, "Publication Count": 0.14285714285714285}, "cornell university": {"Citation Count": 111.07142857142857, "Publication Count": 1.6428571428571428}, "new york university": {"Citation Count": 22.0, "Publication Count": 1.0}, "university of kentucky": {"Citation Count": 61.0, "Publication Count": 1.0}, "apache corporation": {"Citation Count": 183.0, "Publication Count": 1.0}, "university of amsterdam": {"Citation Count": 1.8333333333333333, "Publication Count": 0.16666666666666666}, "boston university": {"Citation Count": 169.5, "Publication Count": 1.5}, "johns hopkins university applied physics laboratory": {"Citation Count": 10.333333333333332, "Publication Count": 0.16666666666666666}, "dresden university of technology": {"Citation Count": 511.0, "Publication Count": 0.5}, "weizmann institute of science": {"Citation Count": 1.5, "Publication Count": 0.5}, "bar ilan university": {"Citation Count": 0.75, "Publication Count": 0.25}, "university of haifa": {"Citation Count": 0.75, "Publication Count": 0.25}, "university of north carolina at chapel hill": {"Citation Count": 102.83333333333333, "Publication Count": 0.8333333333333333}, "netflix": {"Citation Count": 2.0, "Publication Count": 1.0},