{"University of Wisconsin\u2013Milwaukee": {"Citation Count": 2.0, "Publication Count": 1.0}, "University of Central Florida": {"Citation Count": 0.0, "Publication Count": 1.0}, "Google (United States)": {"Citation Count": 123.58333333333333, "Publication Count": 4.783333333333333}, "SRE manager at Stack Overflow Inc. in New York City": {"Citation Count": 2.0, "Publication Count": 1.0}, "University of Liechtenstein": {"Citation Count": 4.800000000000001, "Publication Count": 0.2}, "University of Notre Dame": {"Citation Count": 4.800000000000001, "Publication Count": 0.2}, "Stevens Institute of Technology": {"Citation Count": 9.600000000000001, "Publication Count": 0.4}, "Case Western Reserve University": {"Citation Count": 4.800000000000001, "Publication Count": 0.2}, "Jaume I University": {"Citation Count": 13.0, "Publication Count": 1.0}, "University of Canterbury": {"Citation Count": 4.5, "Publication Count": 0.5}, "Hebrew University of Jerusalem": {"Citation Count": 10.5, "Publication Count": 2.5}, "Southern California University for Professional Studies": {"Citation Count": 4.181818181818182, "Publication Count": 0.07575757575757576}, "University of Southern California": {"Citation Count": 52.18181818181818, "Publication Count": 1.5757575757575757}, "The University of Texas at Austin": {"Citation Count": 17.477272727272727, "Publication Count": 0.7803030303030303}, "Georgia State University": {"Citation Count": 1.7272727272727273, "Publication Count": 0.030303030303030304}, "University of Minnesota System": {"Citation Count": 5.181818181818182, "Publication Count": 0.09090909090909091}, "Booz Allen Hamilton (United States)": {"Citation Count": 1.7272727272727273, "Publication Count": 0.030303030303030304}, "Johns Hopkins University": {"Citation Count": 14.727272727272727, "Publication Count": 0.35173160173160173}, "Wright State University": {"Citation Count": 1.7272727272727273, "Publication Count": 0.030303030303030304}, "Colorado State University": {"Citation Count": 1.7272727272727273, "Publication Count": 0.030303030303030304}, "Cornell University": {"Citation Count": 22.72727272727273, "Publication Count": 0.8636363636363635}, "University of Kansas": {"Citation Count": 1.7272727272727273, "Publication Count": 0.030303030303030304}, "University of Utah": {"Citation Count": 1.7272727272727273, "Publication Count": 0.030303030303030304}, "Columbia University": {"Citation Count": 81.97727272727272, "Publication Count": 1.9053030303030303}, "George Mason University": {"Citation Count": 1.7272727272727273, "Publication Count": 0.030303030303030304}, "Massachusetts Institute of Technology": {"Citation Count": 54.63636363636364, "Publication Count": 1.871212121212121}, "Virginia Tech": {"Citation Count": 1.7272727272727273, "Publication Count": 0.030303030303030304}, "University of Wisconsin\u2013Madison": {"Citation Count": 6.787878787878788, "Publication Count": 0.893939393939394}, "Indiana University Bloomington": {"Citation Count": 1.7272727272727273, "Publication Count": 0.030303030303030304}, "University of Colorado System": {"Citation Count": 0.8636363636363636, "Publication Count": 0.015151515151515152}, "University of Colorado Boulder": {"Citation Count": 2.463636363636364, "Publication Count": 0.38181818181818183}, "Oregon State University": {"Citation Count": 9.0, "Publication Count": 0.18181818181818182}, "University of Michigan\u2013Ann Arbor": {"Citation Count": 6.454545454545455, "Publication Count": 0.48917748917748916}, "University of Maryland, College Park": {"Citation Count": 69.72727272727273, "Publication Count": 1.0303030303030303}, "University of California, Irvine": {"Citation Count": 1.7272727272727273, "Publication Count": 0.030303030303030304}, "National Ice Center": {"Citation Count": 1.7272727272727273, "Publication Count": 0.030303030303030304}, "Carnegie Mellon University": {"Citation Count": 78.23636363636363, "Publication Count": 2.5575757575757576}, "Software Engineering Institute": {"Citation Count": 1.2000000000000002, "Publication Count": 0.1}, "Technische Universit\u00e4t Braunschweig": {"Citation Count": 2.4000000000000004, "Publication Count": 0.2}, "University of G\u00f6ttingen": {"Citation Count": 2.4000000000000004, "Publication Count": 0.2}, "Courant Institute of Mathematical Sciences": {"Citation Count": 1.2000000000000002, "Publication Count": 0.1}, "New York University": {"Citation Count": 104.90833333333333, "Publication Count": 4.475}, "Technical University Munich, Garching, Germany": {"Citation Count": 66.0, "Publication Count": 0.4}, "Stanford University": {"Citation Count": 126.53787878787878, "Publication Count": 0.5636363636363636}, "University of Erlangen-Nuremberg": {"Citation Count": 33.0, "Publication Count": 0.2}, "Max Planck Institute for Informatics": {"Citation Count": 33.0, "Publication Count": 0.2}, "French Institute for Research in Computer Science and Automation": {"Citation Count": 1.25, "Publication Count": 0.17857142857142858}, "University of Lorraine": {"Citation Count": 0.75, "Publication Count": 0.10714285714285714}, "University of Pennsylvania": {"Citation Count": 1.0, "Publication Count": 0.14285714285714285}, "Microsoft Research (United Kingdom)": {"Citation Count": 27.166666666666664, "Publication Count": 0.23809523809523808}, "University of Rome Tor Vergata": {"Citation Count": 38.0, "Publication Count": 1.0}, "Alphabet (United States)": {"Citation Count": 78.75, "Publication Count": 0.25}, "University of California, Berkeley": {"Citation Count": 84.91666666666667, "Publication Count": 2.8333333333333335}, "Southwest University": {"Citation Count": 22.0, "Publication Count": 0.5}, "Hong Kong Baptist University": {"Citation Count": 11.0, "Publication Count": 0.25}, "Humboldt-Universit\u00e4t zu Berlin": {"Citation Count": 11.0, "Publication Count": 0.25}, "The Ohio State University": {"Citation Count": 16.079545454545453, "Publication Count": 0.1553030303030303}, "Brown University": {"Citation Count": 45.8, "Publication Count": 1.4}, "Meta (United Kingdom)": {"Citation Count": 45.5, "Publication Count": 0.75}, "University College London": {"Citation Count": 33.0, "Publication Count": 0.625}, "Duke University": {"Citation Count": 6.666666666666666, "Publication Count": 1.3333333333333333}, "University of Massachusetts Amherst": {"Citation Count": 3.121212121212121, "Publication Count": 0.896969696969697}, "Goddard Space Flight Center": {"Citation Count": 0.0, "Publication Count": 1.0}, "California State University, Fullerton": {"Citation Count": 7.0, "Publication Count": 0.5}, "Harvard University Press": {"Citation Count": 92.70454545454545, "Publication Count": 2.4945887445887447}, "United States Census Bureau": {"Citation Count": 10.0, "Publication Count": 0.5}, "University of California, Los Angeles": {"Citation Count": 285.6666666666667, "Publication Count": 1.3333333333333335}, "University of Wollongong": {"Citation Count": 119.0, "Publication Count": 1.0}, "The Open University": {"Citation Count": 0.125, "Publication Count": 0.125}, "Arria NLG plc, Aberdeen, Scotland, U.K": {"Citation Count": 0.125, "Publication Count": 0.125}, "University of Aberdeen": {"Citation Count": 0.25, "Publication Count": 0.25}, "Tech4Imaging (United States)": {"Citation Count": 0.25, "Publication Count": 0.25}, "Joint Nature Conservation Committee": {"Citation Count": 0.125, "Publication Count": 0.125}, "Royal Society for the Protection of Birds": {"Citation Count": 0.125, "Publication Count": 0.125}, "Princeton University": {"Citation Count": 18.62121212121212, "Publication Count": 1.6136363636363638}, "ETH Zurich": {"Citation Count": 10.0, "Publication Count": 1.0}, "University of South Carolina": {"Citation Count": 2.6666666666666665, "Publication Count": 0.3333333333333333}, "California Institute of Technology": {"Citation Count": 4.121212121212121, "Publication Count": 0.36363636363636365}, "Hochschule Aalen": {"Citation Count": 2.6666666666666665,