{"university of wisconsin milwaukee": {"Citation Count": 41.0, "Publication Count": 2.0}, "university of cambridge": {"Citation Count": 211.14285714285714, "Publication Count": 3.857142857142857}, "king s college london": {"Citation Count": 39.27272727272727, "Publication Count": 0.36363636363636365}, "microsoft": {"Citation Count": 388.79653679653677, "Publication Count": 4.5064935064935066}, "university of maryland baltimore": {"Citation Count": 9.818181818181818, "Publication Count": 0.09090909090909091}, "frimley park hospital nhs foundation trust": {"Citation Count": 9.818181818181818, "Publication Count": 0.09090909090909091}, "lancaster university": {"Citation Count": 9.818181818181818, "Publication Count": 0.09090909090909091}, "university at buffalo": {"Citation Count": 28.0, "Publication Count": 0.6666666666666666}, "citigroup": {"Citation Count": 14.0, "Publication Count": 0.3333333333333333}, "university of sydney": {"Citation Count": 9.5, "Publication Count": 0.5}, "ecole polytechnique federale de lausanne": {"Citation Count": 28.5, "Publication Count": 1.0}, "georgia institute of technology": {"Citation Count": 28.166666666666664, "Publication Count": 0.8333333333333333}, "university of texas at austin": {"Citation Count": 25.166666666666668, "Publication Count": 0.8333333333333333}, "george washington university": {"Citation Count": 5.666666666666666, "Publication Count": 0.3333333333333333}, "national research council": {"Citation Count": 5.666666666666666, "Publication Count": 0.3333333333333333}, "massachusetts institute of technology": {"Citation Count": 326.1083333333333, "Publication Count": 4.008333333333333}, "oak ridge national laboratory": {"Citation Count": 6.666666666666666, "Publication Count": 0.6666666666666666}, "tennessee technological university": {"Citation Count": 3.333333333333333, "Publication Count": 0.3333333333333333}, "california institute of technology": {"Citation Count": 82.45454545454545, "Publication Count": 1.7272727272727273}, "carnegie mellon university": {"Citation Count": 205.75, "Publication Count": 1.75}, "harvard university": {"Citation Count": 72.98214285714286, "Publication Count": 2.767857142857143}, "saarland university": {"Citation Count": 21.0, "Publication Count": 1.0}, "university of california berkeley": {"Citation Count": 111.5, "Publication Count": 3.75}, "technical university of berlin": {"Citation Count": 4.5, "Publication Count": 0.25}, "naval postgraduate school": {"Citation Count": 6.0, "Publication Count": 2.0}, "university of waterloo": {"Citation Count": 2.2, "Publication Count": 0.2}, "hewlett packard": {"Citation Count": 4.4, "Publication Count": 0.4}, "google": {"Citation Count": 832.6318181818182, "Publication Count": 4.040909090909091}, "university of illinois at urbana champaign": {"Citation Count": 2.2, "Publication Count": 0.2}, "university of massachusetts amherst": {"Citation Count": 41.5, "Publication Count": 1.0}, "intel": {"Citation Count": 45.75, "Publication Count": 1.75}, "columbia university": {"Citation Count": 26.0, "Publication Count": 1.0}, "university of california san diego": {"Citation Count": 119.35714285714285, "Publication Count": 1.6428571428571428}, "arizona state university": {"Citation Count": 14.5, "Publication Count": 0.5}, "electronics and telecommunications research institute": {"Citation Count": 236.66666666666666, "Publication Count": 0.6666666666666666}, "university of nebraska lincoln": {"Citation Count": 118.33333333333333, "Publication Count": 0.3333333333333333}, "warsaw university of technology": {"Citation Count": 166.0, "Publication Count": 1.0}, "north carolina state university": {"Citation Count": 47.166666666666664, "Publication Count": 0.16666666666666666}, "pennsylvania state university": {"Citation Count": 47.166666666666664, "Publication Count": 0.16666666666666666}, "duke university": {"Citation Count": 94.33333333333333, "Publication Count": 0.3333333333333333}, "seoul national university": {"Citation Count": 47.166666666666664, "Publication Count": 0.16666666666666666}, "university of maryland college park": {"Citation Count": 70.33333333333333, "Publication Count": 2.6666666666666665}, "universite catholique de louvain": {"Citation Count": 88.0, "Publication Count": 1.0}, "princeton university": {"Citation Count": 71.85, "Publication Count": 0.95}, "oracle corporation": {"Citation Count": 19.0, "Publication Count": 0.5}, "university of washington": {"Citation Count": 97.5, "Publication Count": 3.3}, "eth zurich": {"Citation Count": 28.848484848484848, "Publication Count": 0.9242424242424242}, "adobe systems": {"Citation Count": 6.916666666666666, "Publication Count": 0.5833333333333333}, "university of portsmouth": {"Citation Count": 2.0, "Publication Count": 1.0}, "university of southern california": {"Citation Count": 124.10714285714285, "Publication Count": 0.8928571428571428}, "university of british columbia": {"Citation Count": 52.166666666666664, "Publication Count": 2.4166666666666665}, "tel aviv university": {"Citation Count": 12.0, "Publication Count": 1.0}, "rochester institute of technology": {"Citation Count": 15.0, "Publication Count": 2.0}, "university of freiburg": {"Citation Count": 7.5, "Publication Count": 0.25}, "northwestern university": {"Citation Count": 96.2, "Publication Count": 1.4}, "sri international": {"Citation Count": 1.6, "Publication Count": 0.2}, "stanford university": {"Citation Count": 3.2, "Publication Count": 0.4}, "university of kansas": {"Citation Count": 32.0, "Publication Count": 1.0}, "delft university of technology": {"Citation Count": 16.5, "Publication Count": 2.5}, "indiana university": {"Citation Count": 45.166666666666664, "Publication Count": 0.9166666666666666}, "chalmers university of technology": {"Citation Count": 3.333333333333333, "Publication Count": 0.3333333333333333}, "university of michigan": {"Citation Count": 258.35714285714283, "Publication Count": 0.6428571428571428}, "xi an jiaotong university": {"Citation Count": 169.5, "Publication Count": 0.5}, "university of bologna": {"Citation Count": 22.0, "Publication Count": 0.6666666666666666}, "university of connecticut": {"Citation Count": 6.333333333333333, "Publication Count": 0.3333333333333333}, "university of cyprus": {"Citation Count": 6.333333333333333, "Publication Count": 0.3333333333333333}, "bungie": {"Citation Count": 1.0, "Publication Count": 0.2}, "facebook": {"Citation Count": 4.181818181818182, "Publication Count": 0.09090909090909091}, "technion israel institute of technology": {"Citation Count": 53.666666666666664, "Publication Count": 1.3333333333333333}, "university of wisconsin madison": {"Citation Count": 88.85714285714285, "Publication Count": 0.14285714285714285}, "university of pittsburgh": {"Citation Count": 88.85714285714285, "Publication Count": 0.14285714285714285}, "cornell university": {"Citation Count": 132.85714285714283, "Publication Count": 1.6428571428571428}, "new york university": {"Citation Count": 27.0, "Publication Count": 1.0}, "university of kentucky": {"Citation Count": 76.0, "Publication Count": 1.0}, "apache corporation": {"Citation Count": 115.0, "Publication Count": 1.0}, "university of amsterdam": {"Citation Count": 8.5, "Publication Count": 0.5}, "boston university": {"Citation Count": 195.0, "Publication Count": 1.5}, "johns hopkins university applied physics laboratory": {"Citation Count": 11.333333333333332, "Publication Count": 0.16666666666666666}, "dresden university of technology": {"Citation Count": 770.0, "Publication Count": 0.5}, "weizmann institute of science": {"Citation Count": 2.0, "Publication Count": 0.5}, "bar ilan university": {"Citation Count": 1.0, "Publication Count": 0.25}, "university of haifa": {"Citation Count": 1.0, "Publication Count": 0.25}, "university of north carolina at chapel hill": {"Citation Count": 116.33333333333333, "Publication Count": 0.8333333333333333}, "netflix": {"Citation Count": 1.0, "Publication Count": 1.0},