{"george mason university": {"Citation Count": 6.545454545454545, "Publication Count": 0.5454545454545454}, "technische universitat darmstadt": {"Citation Count": 4.363636363636363, "Publication Count": 0.36363636363636365}, "university of duisburg essen": {"Citation Count": 1.0909090909090908, "Publication Count": 0.09090909090909091}}