{"ohio state university": {"Citation Count": 5.0, "Publication Count": 2.0}, "university of waterloo": {"Citation Count": 5.5, "Publication Count": 4.166666666666667}, "university of north carolina at chapel hill": {"Citation Count": 0.5333333333333333, "Publication Count": 1.8666666666666665}, "university of california irvine": {"Citation Count": 4.800000000000001, "Publication Count": 0.8}, "university of california": {"Citation Count": 1.2000000000000002, "Publication Count": 0.2}, "national institute of informatics": {"Citation Count": 1.6666666666666665, "Publication Count": 0.3333333333333333}, "university of electro communications": {"Citation Count": 1.8666666666666665, "Publication Count": 0.5333333333333333}, "kyonggi university": {"Citation Count": 2.0666666666666664, "Publication Count": 0.5333333333333333}, "chennai mathematical institute": {"Citation Count": 0.75, "Publication Count": 0.5833333333333333}, "simon fraser university": {"Citation Count": 0.75, "Publication Count": 0.5833333333333333}, "indian statistical institute": {"Citation Count": 0.75, "Publication Count": 0.8333333333333333}, "eth zurich": {"Citation Count": 7.416666666666667, "Publication Count": 1.0833333333333333}, "free university of berlin": {"Citation Count": 3.6666666666666665, "Publication Count": 0.726190476190476}, "utrecht university": {"Citation Count": 4.416666666666666, "Publication Count": 0.8333333333333333}, "university of manitoba": {"Citation Count": 2.6500000000000004, "Publication Count": 2.05}, "university of alcala": {"Citation Count": 2.333333333333333, "Publication Count": 0.3333333333333333}, "california state university northridge": {"Citation Count": 4.666666666666666, "Publication Count": 0.6666666666666666}, "university of lubeck": {"Citation Count": 0.0, "Publication Count": 1.0}, "state university of campinas": {"Citation Count": 2.0, "Publication Count": 1.0}, "university of victoria": {"Citation Count": 1.0, "Publication Count": 1.0}, "tel aviv university": {"Citation Count": 3.333333333333333, "Publication Count": 0.5333333333333333}, "braunschweig university of technology": {"Citation Count": 7.666666666666666, "Publication Count": 1.2666666666666666}, "stony brook university": {"Citation Count": 1.0, "Publication Count": 1.2}, "university of maryland college park": {"Citation Count": 6.666666666666667, "Publication Count": 1.3333333333333333}, "amirkabir university of technology": {"Citation Count": 0.6666666666666666, "Publication Count": 0.3333333333333333}, "sharif university of technology": {"Citation Count": 4.666666666666667, "Publication Count": 2.333333333333333}, "university of wisconsin oshkosh": {"Citation Count": 1.0, "Publication Count": 0.3333333333333333}, "university of texas at austin": {"Citation Count": 2.0, "Publication Count": 0.6666666666666666}, "google": {"Citation Count": 2.833333333333333, "Publication Count": 0.8333333333333333}, "lehman college": {"Citation Count": 1.5, "Publication Count": 0.5}, "carleton university": {"Citation Count": 22.142857142857142, "Publication Count": 6.7214285714285715}, "american university of armenia": {"Citation Count": 0.2857142857142857, "Publication Count": 0.14285714285714285}, "universite libre de bruxelles": {"Citation Count": 0.2857142857142857, "Publication Count": 0.14285714285714285}, "villanova university": {"Citation Count": 0.2857142857142857, "Publication Count": 0.14285714285714285}, "louisiana state university": {"Citation Count": 0.25, "Publication Count": 1.25}, "hanyang university": {"Citation Count": 1.25, "Publication Count": 0.25}, "tsinghua university": {"Citation Count": 2.5, "Publication Count": 0.5}, "nanyang technological university": {"Citation Count": 1.25, "Publication Count": 0.25}, "center for information technology": {"Citation Count": 1.3333333333333333, "Publication Count": 0.3333333333333333}, "university of bonn": {"Citation Count": 2.6666666666666665, "Publication Count": 0.6666666666666666}, "graz university of technology": {"Citation Count": 0.75, "Publication Count": 1.0}, "institute of science and technology austria": {"Citation Count": 4.0, "Publication Count": 0.9166666666666666}, "max planck society": {"Citation Count": 2.0, "Publication Count": 0.3333333333333333}, "hankuk university of foreign studies": {"Citation Count": 0.4, "Publication Count": 0.2}, "pohang university of science and technology": {"Citation Count": 0.8, "Publication Count": 0.4}, "kaist": {"Citation Count": 0.4, "Publication Count": 0.2}, "massachusetts institute of technology": {"Citation Count": 0.6, "Publication Count": 1.6}, "cinvestav": {"Citation Count": 0.0, "Publication Count": 0.6666666666666666}, "nipissing university": {"Citation Count": 0.3333333333333333, "Publication Count": 0.3333333333333333}, "sofia university": {"Citation Count": 0.3333333333333333, "Publication Count": 0.3333333333333333}, "technion israel institute of technology": {"Citation Count": 0.75, "Publication Count": 0.25}, "eindhoven university of technology": {"Citation Count": 0.375, "Publication Count": 0.125}, "tohoku university": {"Citation Count": 0.375, "Publication Count": 0.125}, "instituto politecnico nacional": {"Citation Count": 0.0, "Publication Count": 0.2}, "polytechnic university of catalonia": {"Citation Count": 0.0, "Publication Count": 0.2}, "ecole polytechnique federale de lausanne": {"Citation Count": 0.0, "Publication Count": 0.2}, "national autonomous university of mexico": {"Citation Count": 0.0, "Publication Count": 0.34285714285714286}, "valparaiso university": {"Citation Count": 0.0, "Publication Count": 0.2}, "university of new brunswick": {"Citation Count": 0.0, "Publication Count": 1.0}, "international institute of information technology hyderabad": {"Citation Count": 1.0, "Publication Count": 1.0}, "indian institute of technology madras": {"Citation Count": 0.0, "Publication Count": 0.25}, "indian institute of science": {"Citation Count": 0.0, "Publication Count": 0.5}, "institute of mathematical sciences chennai": {"Citation Count": 0.0, "Publication Count": 0.25}, "association for computing machinery": {"Citation Count": 0.0, "Publication Count": 0.5}, "university of wisconsin milwaukee": {"Citation Count": 0.0, "Publication Count": 0.5}, "indian institute of technology ropar": {"Citation Count": 0.0, "Publication Count": 1.0}, "duke university": {"Citation Count": 1.0, "Publication Count": 0.5}, "utah state university": {"Citation Count": 1.0, "Publication Count": 0.5}, "university of minnesota": {"Citation Count": 1.0, "Publication Count": 1.0}, "sapienza university of rome": {"Citation Count": 5.4, "Publication Count": 0.2}, "university of pisa": {"Citation Count": 10.8, "Publication Count": 0.4}, "university of ottawa": {"Citation Count": 5.4, "Publication Count": 0.2}, "queen s university": {"Citation Count": 3.0, "Publication Count": 1.3333333333333333}, "university of paris": {"Citation Count": 0.6666666666666666, "Publication Count": 0.3333333333333333}, "new york university": {"Citation Count": 2.6666666666666665, "Publication Count": 1.3333333333333333}, "indraprastha institute of information technology": {"Citation Count": 0.6666666666666666, "Publication Count": 0.3333333333333333}, "brown university": {"Citation Count": 1.5, "Publication Count": 0.5}, "japan advanced institute of science and technology": {"Citation Count": 1.5, "Publication Count": 0.5}, "university of aveiro": {"Citation Count": 0.0, "Publication Count": 0.14285714285714285}, "university of valparaiso": {"Citation Count": 0.0, "Publication Count": 0.14285714285714285}, "university of zaragoza": {"Citation Count": 0.0, "Publication Count": 0.2857142857142857}, "university of west bohemia": {"Citation Count": 0.0, "Publication Count": 0.14285714285714285}, "williams college": {"Citation Count": 0.0, "Publication Count": 1.0}, "otto von guericke university magdeburg": {"Citation Count": 2.0, "Publication Count": 1.0},