{"eth zurich": {"Citation Count": 585.3333333333334, "Publication Count": 2.3333333333333335}, "national university of singapore": {"Citation Count": 1106.2666666666667, "Publication Count": 3.6333333333333333}, "cornell university": {"Citation Count": 442.06666666666666, "Publication Count": 4.166666666666666}, "university of california berkeley": {"Citation Count": 67.96666666666668, "Publication Count": 1.2333333333333332}, "massachusetts institute of technology": {"Citation Count": 120.2, "Publication Count": 2.2}, "university of illinois at urbana champaign": {"Citation Count": 109.92222222222222, "Publication Count": 3.0888888888888886}, "princeton university": {"Citation Count": 518.1833333333334, "Publication Count": 4.616666666666666}, "imdea": {"Citation Count": 41.476190476190474, "Publication Count": 1.2142857142857144}, "ecole normale superieure": {"Citation Count": 4.833333333333333, "Publication Count": 0.16666666666666666}, "university at buffalo": {"Citation Count": 78.11904761904762, "Publication Count": 1.619047619047619}, "university of pennsylvania": {"Citation Count": 21.976190476190474, "Publication Count": 0.6428571428571428}, "french institute for research in computer science and automation": {"Citation Count": 78.11904761904762, "Publication Count": 1.3095238095238095}, "microsoft": {"Citation Count": 73.85714285714286, "Publication Count": 1.7619047619047619}, "mines paristech": {"Citation Count": 3.142857142857143, "Publication Count": 0.14285714285714285}, "university of michigan": {"Citation Count": 99.0, "Publication Count": 2.6}, "university of california riverside": {"Citation Count": 31.0, "Publication Count": 1.5666666666666667}, "pennsylvania state university": {"Citation Count": 17.666666666666668, "Publication Count": 1.3333333333333333}, "chinese academy of sciences": {"Citation Count": 22.333333333333332, "Publication Count": 1.6666666666666665}, "thales communications": {"Citation Count": 7.285714285714286, "Publication Count": 0.14285714285714285}, "ecole normale superieure de cachan": {"Citation Count": 7.285714285714286, "Publication Count": 0.14285714285714285}, "university of rennes": {"Citation Count": 7.285714285714286, "Publication Count": 0.14285714285714285}, "university of florida": {"Citation Count": 61.5, "Publication Count": 1.5}, "universite catholique de louvain": {"Citation Count": 4.666666666666666, "Publication Count": 0.3333333333333333}, "university of warsaw": {"Citation Count": 4.666666666666666, "Publication Count": 0.3333333333333333}, "ruhr university bochum": {"Citation Count": 65.66666666666666, "Publication Count": 3.333333333333333}, "university college london": {"Citation Count": 20.75, "Publication Count": 0.75}, "samsung": {"Citation Count": 34.0, "Publication Count": 1.0}, "qatar computing research institute": {"Citation Count": 78.0, "Publication Count": 0.5}, "khalifa university": {"Citation Count": 26.0, "Publication Count": 0.16666666666666666}, "nanyang technological university": {"Citation Count": 26.0, "Publication Count": 0.16666666666666666}, "university of washington": {"Citation Count": 21.0, "Publication Count": 1.0}, "university of bergamo": {"Citation Count": 12.0, "Publication Count": 0.5}, "university of milan": {"Citation Count": 12.0, "Publication Count": 0.5}, "florida international university": {"Citation Count": 3.25, "Publication Count": 0.25}, "yale nus college": {"Citation Count": 133.4, "Publication Count": 0.2}, "university of maryland college park": {"Citation Count": 146.28571428571428, "Publication Count": 3.7023809523809526}, "arizona state university": {"Citation Count": 23.200000000000003, "Publication Count": 1.8}, "university of delaware": {"Citation Count": 20.84166666666667, "Publication Count": 0.9916666666666667}, "google": {"Citation Count": 1134.3142857142857, "Publication Count": 2.4857142857142858}, "saarland university": {"Citation Count": 149.16666666666666, "Publication Count": 2.333333333333333}, "max planck society": {"Citation Count": 65.75, "Publication Count": 1.5833333333333333}, "the chinese university of hong kong": {"Citation Count": 76.0, "Publication Count": 1.5}, "baidu": {"Citation Count": 24.666666666666664, "Publication Count": 0.3333333333333333}, "graz university of technology": {"Citation Count": 127.53333333333333, "Publication Count": 1.6222222222222222}, "georgia institute of technology": {"Citation Count": 142.82857142857142, "Publication Count": 2.6857142857142855}, "purdue university": {"Citation Count": 45.714285714285715, "Publication Count": 3.428571428571429}, "university of bristol": {"Citation Count": 133.8, "Publication Count": 1.6}, "florida state university": {"Citation Count": 42.25, "Publication Count": 1.0833333333333333}, "university of california san diego": {"Citation Count": 18.0, "Publication Count": 0.6666666666666666}, "university of california santa barbara": {"Citation Count": 61.31428571428572, "Publication Count": 1.0095238095238095}, "university of illinois at chicago": {"Citation Count": 14.666666666666666, "Publication Count": 1.1111111111111112}, "johns hopkins university": {"Citation Count": 30.666666666666664, "Publication Count": 1.2222222222222223}, "syracuse university": {"Citation Count": 60.0, "Publication Count": 0.6666666666666666}, "air force research laboratory": {"Citation Count": 15.0, "Publication Count": 0.16666666666666666}, "zhejiang university": {"Citation Count": 10.0, "Publication Count": 0.5}, "nanjing university": {"Citation Count": 21.69642857142857, "Publication Count": 1.5178571428571428}, "vu university amsterdam": {"Citation Count": 80.95238095238095, "Publication Count": 1.0158730158730158}, "braunschweig university of technology": {"Citation Count": 5.0, "Publication Count": 1.0}, "cybernetica": {"Citation Count": 3.75, "Publication Count": 0.75}, "university of calgary": {"Citation Count": 1.25, "Publication Count": 0.25}, "columbia university": {"Citation Count": 25.666666666666664, "Publication Count": 2.2666666666666666}, "oregon state university": {"Citation Count": 37.16666666666667, "Publication Count": 0.9999999999999999}, "bar ilan university": {"Citation Count": 57.983333333333334, "Publication Count": 0.9833333333333334}, "ben gurion university of the negev": {"Citation Count": 55.08333333333333, "Publication Count": 0.9166666666666666}, "ariel university": {"Citation Count": 13.333333333333332, "Publication Count": 0.3333333333333333}, "bosch": {"Citation Count": 9.75, "Publication Count": 0.75}, "university of science and technology of china": {"Citation Count": 5.571428571428571, "Publication Count": 0.14285714285714285}, "university of california santa cruz": {"Citation Count": 5.571428571428571, "Publication Count": 0.14285714285714285}, "xi an jiaotong university": {"Citation Count": 22.285714285714285, "Publication Count": 0.5714285714285714}, "akamai technologies": {"Citation Count": 4.142857142857142, "Publication Count": 0.14285714285714285}, "northeastern university": {"Citation Count": 22.9047619047619, "Publication Count": 0.9047619047619047}, "lehigh university": {"Citation Count": 5.0, "Publication Count": 0.3333333333333333}, "northwestern university": {"Citation Count": 10.0, "Publication Count": 0.6666666666666666}, "karlsruhe institute of technology": {"Citation Count": 5.0, "Publication Count": 1.0}, "carnegie mellon university": {"Citation Count": 467.75, "Publication Count": 0.9166666666666666}, "politehnica university of bucharest": {"Citation Count": 2.333333333333333, "Publication Count": 0.3333333333333333}, "north carolina state university": {"Citation Count": 2.333333333333333, "Publication Count": 0.3333333333333333}, "technische universitat darmstadt": {"Citation Count": 70.52380952380952, "Publication Count": 1.5952380952380951}, "university of padua": {"Citation Count": 25.333333333333332, "Publication Count": 0.3333333333333333}, "ibm": {"Citation Count": 23.166666666666664,