{"university of virginia": {"Citation Count": 9.0, "Publication Count": 1.0}, "microsoft": {"Citation Count": 51.666666666666664, "Publication Count": 1.9999999999999998}, "university of adelaide": {"Citation Count": 12.333333333333332, "Publication Count": 0.3333333333333333}, "indiana university bloomington": {"Citation Count": 9.333333333333332, "Publication Count": 0.6666666666666666}, "adobe systems": {"Citation Count": 6.666666666666666, "Publication Count": 0.8333333333333333}, "university of maryland college park": {"Citation Count": 5.666666666666667, "Publication Count": 1.1666666666666667}, "rochester institute of technology": {"Citation Count": 3.0, "Publication Count": 1.0}, "nvidia": {"Citation Count": 1.4285714285714284, "Publication Count": 0.14285714285714285}, "college of william mary": {"Citation Count": 1.4285714285714284, "Publication Count": 0.14285714285714285}, "lawrence berkeley national laboratory": {"Citation Count": 2.8571428571428568, "Publication Count": 0.2857142857142857}, "university of texas at austin": {"Citation Count": 1.4285714285714284, "Publication Count": 0.14285714285714285}, "lawrence livermore national laboratory": {"Citation Count": 1.4285714285714284, "Publication Count": 0.14285714285714285}, "oak ridge national laboratory": {"Citation Count": 1.4285714285714284, "Publication Count": 0.14285714285714285}, "university of bologna": {"Citation Count": 62.99999999999999, "Publication Count": 0.9999999999999999}, "university of new mexico": {"Citation Count": 7.5, "Publication Count": 0.5}, "university of waterloo": {"Citation Count": 1.1666666666666665, "Publication Count": 0.16666666666666666}, "the chinese university of hong kong": {"Citation Count": 22.342857142857138, "Publication Count": 1.2571428571428571}, "chinese academy of sciences": {"Citation Count": 14.8, "Publication Count": 0.9333333333333333}, "tsinghua university": {"Citation Count": 7.0, "Publication Count": 0.3333333333333333}, "graz university of technology": {"Citation Count": 0.0, "Publication Count": 0.5}, "technische universitat darmstadt": {"Citation Count": 0.0, "Publication Count": 0.5}, "oregon state university": {"Citation Count": 4.0, "Publication Count": 1.0}, "national university of tainan": {"Citation Count": 4.666666666666666, "Publication Count": 0.6666666666666666}, "university of coimbra": {"Citation Count": 6.0, "Publication Count": 1.0}, "stony brook university": {"Citation Count": 6.0, "Publication Count": 1.0}, "polytechnic university of catalonia": {"Citation Count": 10.0, "Publication Count": 0.2}, "bilkent university": {"Citation Count": 20.0, "Publication Count": 0.4}, "george mason university": {"Citation Count": 10.0, "Publication Count": 0.2}, "university of pennsylvania": {"Citation Count": 18.25, "Publication Count": 0.45}, "university of california los angeles": {"Citation Count": 19.5, "Publication Count": 1.5}, "huazhong university of science and technology": {"Citation Count": 19.0, "Publication Count": 1.0}, "swansea university": {"Citation Count": 8.0, "Publication Count": 1.0}, "drexel university": {"Citation Count": 4.666666666666667, "Publication Count": 1.1666666666666667}, "yonsei university": {"Citation Count": 2.0, "Publication Count": 1.0}, "university of north carolina at chapel hill": {"Citation Count": 5.0, "Publication Count": 0.5}, "renaissance computing institute": {"Citation Count": 5.0, "Publication Count": 0.5}, "british institute of technology and e commerce": {"Citation Count": 1.0, "Publication Count": 0.2}, "bournemouth university": {"Citation Count": 1.0, "Publication Count": 0.2}, "massachusetts institute of technology": {"Citation Count": 2.0, "Publication Count": 0.5}, "georgia institute of technology": {"Citation Count": 24.666666666666668, "Publication Count": 1.1666666666666667}, "gwangju institute of science and technology": {"Citation Count": 5.5, "Publication Count": 0.5}, "carnegie mellon university": {"Citation Count": 12.0, "Publication Count": 1.0}, "university of birmingham": {"Citation Count": 4.0, "Publication Count": 1.0}, "texas a m university": {"Citation Count": 44.0, "Publication Count": 1.0}, "university of aveiro": {"Citation Count": 6.0, "Publication Count": 1.0}, "pacific northwest national laboratory": {"Citation Count": 1.3333333333333333, "Publication Count": 0.3333333333333333}, "university of colorado denver": {"Citation Count": 0.6666666666666666, "Publication Count": 0.16666666666666666}, "chemnitz university of technology": {"Citation Count": 4.0, "Publication Count": 1.0}, "university of tsukuba": {"Citation Count": 1.75, "Publication Count": 0.25}, "university of tokyo": {"Citation Count": 5.25, "Publication Count": 0.75}, "university of houston": {"Citation Count": 13.0, "Publication Count": 1.0}, "university of warwick": {"Citation Count": 2.25, "Publication Count": 0.75}, "university of minho": {"Citation Count": 0.75, "Publication Count": 0.25}, "argonne national laboratory": {"Citation Count": 9.600000000000001, "Publication Count": 0.6000000000000001}, "university of tennessee": {"Citation Count": 6.4, "Publication Count": 0.4}, "university of rostock": {"Citation Count": 75.0, "Publication Count": 1.0}, "motorola": {"Citation Count": 2.0, "Publication Count": 1.0}, "university of calgary": {"Citation Count": 9.0, "Publication Count": 0.3333333333333333}, "instituto superior tecnico": {"Citation Count": 9.0, "Publication Count": 0.3333333333333333}, "brno university of technology": {"Citation Count": 4.0, "Publication Count": 0.25}, "purdue university": {"Citation Count": 13.0, "Publication Count": 1.0}, "google": {"Citation Count": 8.25, "Publication Count": 0.25}, "technical university of berlin": {"Citation Count": 29.6, "Publication Count": 0.8}, "telecom paristech": {"Citation Count": 7.4, "Publication Count": 0.2}, "university of utah": {"Citation Count": 1.0, "Publication Count": 0.25}, "university of iowa": {"Citation Count": 1.0, "Publication Count": 0.25}, "brown university": {"Citation Count": 0.0, "Publication Count": 1.0}, "university of tarapaca": {"Citation Count": 0.5, "Publication Count": 0.5}}