{"motorola": {"Citation Count": 79.99999999999999, "Publication Count": 0.9999999999999999}, "georgia institute of technology": {"Citation Count": 337.7166666666667, "Publication Count": 7.516666666666667}, "university of california berkeley": {"Citation Count": 265.6333333333333, "Publication Count": 4.3}, "intel": {"Citation Count": 604.95, "Publication Count": 2.816666666666666}, "university of california irvine": {"Citation Count": 285.83333333333337, "Publication Count": 4.75}, "microsoft": {"Citation Count": 1449.216666666667, "Publication Count": 15.016666666666666}, "university of washington": {"Citation Count": 1095.35, "Publication Count": 10.983333333333334}, "university of manchester": {"Citation Count": 127.5, "Publication Count": 3.166666666666667}, "the chinese university of hong kong": {"Citation Count": 5.25, "Publication Count": 0.75}, "nokia": {"Citation Count": 37.57142857142857, "Publication Count": 2.142857142857143}, "university of nottingham": {"Citation Count": 77.43333333333332, "Publication Count": 1.4333333333333333}, "university of exeter": {"Citation Count": 26.0, "Publication Count": 0.5}, "university of illinois at urbana champaign": {"Citation Count": 248.0, "Publication Count": 2.5}, "university of calgary": {"Citation Count": 144.75, "Publication Count": 1.9166666666666665}, "university of toronto": {"Citation Count": 480.28333333333336, "Publication Count": 9.433333333333334}, "cornell university": {"Citation Count": 280.56666666666666, "Publication Count": 4.449999999999999}, "humboldt university of berlin": {"Citation Count": 165.33333333333331, "Publication Count": 0.6666666666666666}, "saitama university": {"Citation Count": 52.0, "Publication Count": 0.6666666666666666}, "university of tsukuba": {"Citation Count": 13.0, "Publication Count": 0.16666666666666666}, "future university hakodate": {"Citation Count": 13.0, "Publication Count": 0.16666666666666666}, "swedish institute of computer science": {"Citation Count": 31.5, "Publication Count": 0.8333333333333333}, "viktoria institute": {"Citation Count": 2.0, "Publication Count": 0.6666666666666666}, "university of bari": {"Citation Count": 66.0, "Publication Count": 0.6666666666666666}, "umea university": {"Citation Count": 16.5, "Publication Count": 0.16666666666666666}, "carnegie mellon university": {"Citation Count": 732.9833333333333, "Publication Count": 8.797619047619046}, "university of illinois at chicago": {"Citation Count": 52.666666666666664, "Publication Count": 1.3333333333333333}, "university of bath": {"Citation Count": 954.1666666666666, "Publication Count": 1.8333333333333333}, "hewlett packard": {"Citation Count": 206.83333333333331, "Publication Count": 2.166666666666667}, "parc": {"Citation Count": 164.0, "Publication Count": 1.75}, "stevens institute of technology": {"Citation Count": 20.0, "Publication Count": 0.5}, "indiana university bloomington": {"Citation Count": 78.0, "Publication Count": 1.25}, "tufts university": {"Citation Count": 383.1904761904761, "Publication Count": 1.1904761904761902}, "massachusetts institute of technology": {"Citation Count": 115.8095238095238, "Publication Count": 3.142857142857143}, "kaist": {"Citation Count": 59.0, "Publication Count": 1.0}, "technische universitat munchen": {"Citation Count": 9.066666666666666, "Publication Count": 1.0333333333333332}, "eth zurich": {"Citation Count": 9.333333333333332, "Publication Count": 0.6666666666666666}, "ibm": {"Citation Count": 685.5833333333333, "Publication Count": 8.416666666666668}, "rwth aachen university": {"Citation Count": 84.75, "Publication Count": 1.25}, "apple inc": {"Citation Count": 12.25, "Publication Count": 0.25}, "university of chile": {"Citation Count": 3.0, "Publication Count": 0.25}, "university of maryland college park": {"Citation Count": 379.5, "Publication Count": 5.683333333333333}, "university of michigan": {"Citation Count": 29.5, "Publication Count": 1.25}, "royal institute of technology": {"Citation Count": 83.33333333333333, "Publication Count": 0.6666666666666666}, "columbia university": {"Citation Count": 60.166666666666664, "Publication Count": 0.8333333333333333}, "york university": {"Citation Count": 86.25, "Publication Count": 1.75}, "university of tampere": {"Citation Count": 115.0, "Publication Count": 3.0}, "rensselaer polytechnic institute": {"Citation Count": 36.0, "Publication Count": 2.0}, "national taiwan university": {"Citation Count": 65.0, "Publication Count": 1.0}, "university of auckland": {"Citation Count": 24.5, "Publication Count": 0.5}, "university of glasgow": {"Citation Count": 499.0833333333333, "Publication Count": 3.9166666666666665}, "university of colorado boulder": {"Citation Count": 326.0, "Publication Count": 2.5}, "university of california san diego": {"Citation Count": 330.5, "Publication Count": 2.1666666666666665}, "harvard university": {"Citation Count": 41.5, "Publication Count": 0.6}, "princeton university": {"Citation Count": 54.75, "Publication Count": 0.25}, "university college london": {"Citation Count": 77.33333333333333, "Publication Count": 0.6666666666666666}, "peking university": {"Citation Count": 11.333333333333332, "Publication Count": 0.3333333333333333}, "kochi university of technology": {"Citation Count": 22.666666666666664, "Publication Count": 0.6666666666666666}, "george mason university": {"Citation Count": 9.333333333333332, "Publication Count": 0.3333333333333333}, "united states naval research laboratory": {"Citation Count": 18.666666666666664, "Publication Count": 0.6666666666666666}, "university of north carolina at chapel hill": {"Citation Count": 26.200000000000003, "Publication Count": 0.34285714285714286}, "it university of copenhagen": {"Citation Count": 3.5, "Publication Count": 0.5}, "aarhus university": {"Citation Count": 111.5, "Publication Count": 1.5}, "university of pittsburgh": {"Citation Count": 119.66666666666666, "Publication Count": 0.8333333333333333}, "metz": {"Citation Count": 3.5, "Publication Count": 0.5}, "university of cambridge": {"Citation Count": 22.0, "Publication Count": 1.5}, "fraunhofer society": {"Citation Count": 22.0, "Publication Count": 0.5}, "university of waterloo": {"Citation Count": 67.0, "Publication Count": 2.0}, "oregon state university": {"Citation Count": 72.58333333333334, "Publication Count": 1.638888888888889}, "drexel university": {"Citation Count": 4.666666666666666, "Publication Count": 0.1111111111111111}, "sheffield hallam university": {"Citation Count": 97.5, "Publication Count": 0.5}, "university college cork": {"Citation Count": 97.5, "Publication Count": 0.5}, "stockholm university": {"Citation Count": 30.5, "Publication Count": 0.5}, "pennsylvania state university": {"Citation Count": 82.07142857142856, "Publication Count": 1.8928571428571428}, "university of british columbia": {"Citation Count": 246.33333333333334, "Publication Count": 4.5}, "hitachi": {"Citation Count": 2.2, "Publication Count": 0.2}, "university of melbourne": {"Citation Count": 38.0, "Publication Count": 2.0}, "saint mary s university": {"Citation Count": 1.0, "Publication Count": 0.5}, "dalhousie university": {"Citation Count": 45.0, "Publication Count": 1.5}, "dimagi": {"Citation Count": 23.0, "Publication Count": 0.2}, "charles r drew university of medicine and science": {"Citation Count": 7.666666666666666, "Publication Count": 0.3333333333333333}, "university of saskatchewan": {"Citation Count": 148.0, "Publication Count": 1.8333333333333333}, "university of manitoba": {"Citation Count": 102.25, "Publication Count": 2.25}, "duke university": {"Citation Count": 11.333333333333332, "Publication Count": 0.3333333333333333}, "university of haifa": {"Citation Count": 170.0, "Publication Count": 1.0}, "university of minnesota": {"Citation Count": 161.5, "Publication Count": 0.5}, "university of patras": {"Citation Count": 16.0, "Publication Count": 1.0}, "rice university": {"Citation Count": 50.999999999999986,