{"motorola": {"Citation Count": 88.0, "Publication Count": 1.0}, "georgia institute of technology": {"Citation Count": 458.3, "Publication Count": 7.766666666666667}, "intel": {"Citation Count": 863.9499999999998, "Publication Count": 4.483333333333333}, "university of california irvine": {"Citation Count": 345.75, "Publication Count": 4.75}, "university of washington": {"Citation Count": 1321.35, "Publication Count": 11.116666666666667}, "microsoft": {"Citation Count": 1760.0666666666666, "Publication Count": 15.516666666666666}, "university of manchester": {"Citation Count": 151.83333333333331, "Publication Count": 3.166666666666667}, "the chinese university of hong kong": {"Citation Count": 5.25, "Publication Count": 0.75}, "nokia": {"Citation Count": 41.714285714285715, "Publication Count": 2.142857142857143}, "university of exeter": {"Citation Count": 29.5, "Publication Count": 0.5}, "university of nottingham": {"Citation Count": 98.7, "Publication Count": 1.6}, "university of illinois at urbana champaign": {"Citation Count": 304.0, "Publication Count": 2.5}, "university of toronto": {"Citation Count": 555.6666666666666, "Publication Count": 9.833333333333332}, "university of calgary": {"Citation Count": 160.08333333333331, "Publication Count": 1.9166666666666665}, "cornell university": {"Citation Count": 326.0, "Publication Count": 4.583333333333334}, "humboldt university of berlin": {"Citation Count": 215.33333333333331, "Publication Count": 0.6666666666666666}, "future university hakodate": {"Citation Count": 16.5, "Publication Count": 0.16666666666666666}, "saitama university": {"Citation Count": 66.0, "Publication Count": 0.6666666666666666}, "university of tsukuba": {"Citation Count": 16.5, "Publication Count": 0.16666666666666666}, "swedish institute of computer science": {"Citation Count": 36.0, "Publication Count": 0.8333333333333333}, "viktoria institute": {"Citation Count": 2.0, "Publication Count": 0.6666666666666666}, "university of bari": {"Citation Count": 71.33333333333333, "Publication Count": 0.6666666666666666}, "umea university": {"Citation Count": 17.833333333333332, "Publication Count": 0.16666666666666666}, "carnegie mellon university": {"Citation Count": 874.7738095238095, "Publication Count": 8.797619047619046}, "university of illinois at chicago": {"Citation Count": 77.5, "Publication Count": 1.5}, "university of bath": {"Citation Count": 1131.1666666666667, "Publication Count": 1.8333333333333335}, "hewlett packard": {"Citation Count": 250.83333333333331, "Publication Count": 2.166666666666667}, "parc": {"Citation Count": 173.5, "Publication Count": 1.75}, "stevens institute of technology": {"Citation Count": 22.0, "Publication Count": 0.5}, "indiana university": {"Citation Count": 95.0, "Publication Count": 1.25}, "tufts university": {"Citation Count": 452.57142857142856, "Publication Count": 1.3571428571428572}, "massachusetts institute of technology": {"Citation Count": 144.42857142857144, "Publication Count": 3.642857142857143}, "kaist": {"Citation Count": 74.0, "Publication Count": 1.0}, "eth zurich": {"Citation Count": 11.333333333333332, "Publication Count": 0.6666666666666666}, "technische universitat munchen": {"Citation Count": 13.416666666666666, "Publication Count": 1.5833333333333333}, "ibm": {"Citation Count": 776.5, "Publication Count": 8.416666666666668}, "apple inc": {"Citation Count": 13.75, "Publication Count": 0.25}, "rwth aachen university": {"Citation Count": 95.25, "Publication Count": 1.25}, "university of chile": {"Citation Count": 3.5, "Publication Count": 0.25}, "university of maryland college park": {"Citation Count": 429.4166666666667, "Publication Count": 5.683333333333334}, "university of michigan": {"Citation Count": 30.25, "Publication Count": 1.25}, "columbia university": {"Citation Count": 63.666666666666664, "Publication Count": 0.8333333333333333}, "royal institute of technology": {"Citation Count": 89.33333333333333, "Publication Count": 0.6666666666666666}, "york university": {"Citation Count": 117.25, "Publication Count": 1.75}, "university of tampere": {"Citation Count": 144.5, "Publication Count": 3.0}, "rensselaer polytechnic institute": {"Citation Count": 39.0, "Publication Count": 2.0}, "national taiwan university": {"Citation Count": 76.0, "Publication Count": 1.0}, "university of glasgow": {"Citation Count": 585.8333333333333, "Publication Count": 4.166666666666666}, "university of auckland": {"Citation Count": 26.5, "Publication Count": 0.5}, "university of california berkeley": {"Citation Count": 222.16666666666666, "Publication Count": 3.033333333333333}, "university of colorado boulder": {"Citation Count": 440.0, "Publication Count": 2.5}, "university of california san diego": {"Citation Count": 374.0, "Publication Count": 2.6666666666666665}, "harvard university": {"Citation Count": 57.33333333333333, "Publication Count": 0.6666666666666666}, "princeton university": {"Citation Count": 127.0, "Publication Count": 0.5}, "university college london": {"Citation Count": 86.66666666666666, "Publication Count": 0.6666666666666666}, "kochi university of technology": {"Citation Count": 25.333333333333332, "Publication Count": 0.6666666666666666}, "peking university": {"Citation Count": 12.666666666666666, "Publication Count": 0.3333333333333333}, "george mason university": {"Citation Count": 11.333333333333332, "Publication Count": 0.3333333333333333}, "united states naval research laboratory": {"Citation Count": 22.666666666666664, "Publication Count": 0.6666666666666666}, "university of north carolina at chapel hill": {"Citation Count": 29.57142857142857, "Publication Count": 0.34285714285714286}, "it university of copenhagen": {"Citation Count": 4.0, "Publication Count": 0.5}, "aarhus university": {"Citation Count": 136.0, "Publication Count": 1.5}, "university of pittsburgh": {"Citation Count": 142.83333333333334, "Publication Count": 0.8333333333333333}, "metz": {"Citation Count": 4.0, "Publication Count": 0.5}, "university of cambridge": {"Citation Count": 24.0, "Publication Count": 1.5}, "fraunhofer society": {"Citation Count": 26.0, "Publication Count": 0.5}, "university of waterloo": {"Citation Count": 77.0, "Publication Count": 2.0}, "oregon state university": {"Citation Count": 87.66666666666666, "Publication Count": 1.6388888888888888}, "drexel university": {"Citation Count": 5.333333333333333, "Publication Count": 0.1111111111111111}, "university college cork": {"Citation Count": 122.0, "Publication Count": 0.5}, "sheffield hallam university": {"Citation Count": 122.0, "Publication Count": 0.5}, "stockholm university": {"Citation Count": 35.0, "Publication Count": 0.5}, "pennsylvania state university": {"Citation Count": 96.46428571428572, "Publication Count": 1.8928571428571428}, "university of british columbia": {"Citation Count": 292.16666666666663, "Publication Count": 4.5}, "hitachi": {"Citation Count": 2.0, "Publication Count": 0.2}, "university of melbourne": {"Citation Count": 46.0, "Publication Count": 2.0}, "dalhousie university": {"Citation Count": 50.0, "Publication Count": 1.5}, "saint mary s university": {"Citation Count": 1.0, "Publication Count": 0.5}, "dimagi": {"Citation Count": 45.0, "Publication Count": 0.3333333333333333}, "charles r drew university of medicine and science": {"Citation Count": 12.0, "Publication Count": 0.5}, "university of saskatchewan": {"Citation Count": 171.33333333333331, "Publication Count": 1.9166666666666665}, "university of manitoba": {"Citation Count": 120.08333333333333, "Publication Count": 2.3333333333333335}, "duke university": {"Citation Count": 14.666666666666666, "Publication Count": 0.3333333333333333}, "university of haifa": {"Citation Count": 201.5, "Publication Count": 1.5}, "university of minnesota": {"Citation Count": 180.5, "Publication Count": 0.5}, "university of patras": {"Citation Count": 20.0, "Publication Count": 1.0}, "rice university": {"Citation Count": 55.0, "Publication Count": 1.0},