{"nanyang technological university": {"Citation Count": 61.5, "Publication Count": 3.166666666666667}, "singapore management university": {"Citation Count": 19.416666666666668, "Publication Count": 0.8333333333333333}, "drexel university": {"Citation Count": 67.66666666666666, "Publication Count": 3.6666666666666665}, "kyoto university": {"Citation Count": 44.0, "Publication Count": 3.0}, "microsoft": {"Citation Count": 519.8714285714286, "Publication Count": 17.822619047619053}, "university of washington": {"Citation Count": 261.0, "Publication Count": 2.25}, "pennsylvania state university": {"Citation Count": 181.00000000000003, "Publication Count": 6.5}, "yahoo": {"Citation Count": 1416.3416666666667, "Publication Count": 26.958333333333332}, "columbia university": {"Citation Count": 5.800000000000001, "Publication Count": 0.7}, "university of waterloo": {"Citation Count": 32.0, "Publication Count": 4.0}, "heidelberg university": {"Citation Count": 44.0, "Publication Count": 0.3333333333333333}, "university of california davis": {"Citation Count": 44.0, "Publication Count": 0.3333333333333333}, "university of illinois at urbana champaign": {"Citation Count": 675.6666666666666, "Publication Count": 7.333333333333333}, "northeastern university": {"Citation Count": 132.0, "Publication Count": 5.0}, "ibm": {"Citation Count": 740.5333333333334, "Publication Count": 17.983333333333334}, "national university of singapore": {"Citation Count": 184.58333333333334, "Publication Count": 2.8333333333333335}, "university of pisa": {"Citation Count": 6.666666666666666, "Publication Count": 0.6666666666666666}, "university of paris sud": {"Citation Count": 3.333333333333333, "Publication Count": 0.3333333333333333}, "jiangxi university of finance and economics": {"Citation Count": 5.333333333333333, "Publication Count": 0.6666666666666666}, "hong kong university of science and technology": {"Citation Count": 167.76190476190476, "Publication Count": 4.619047619047619}, "national taiwan university": {"Citation Count": 48.0, "Publication Count": 2.6666666666666665}, "princeton university": {"Citation Count": 77.7, "Publication Count": 1.35}, "peking university": {"Citation Count": 163.30000000000004, "Publication Count": 6.633333333333334}, "chinese academy of sciences": {"Citation Count": 194.0, "Publication Count": 4.866666666666667}, "university of oregon": {"Citation Count": 30.0, "Publication Count": 1.0}, "syracuse university": {"Citation Count": 4.0, "Publication Count": 0.5}, "aalborg university": {"Citation Count": 87.93333333333332, "Publication Count": 1.2666666666666666}, "georgia institute of technology": {"Citation Count": 20.625, "Publication Count": 0.625}, "the chinese university of hong kong": {"Citation Count": 157.58333333333331, "Publication Count": 7.166666666666667}, "conservatoire national des arts et metiers": {"Citation Count": 2.333333333333333, "Publication Count": 0.3333333333333333}, "french institute for research in computer science and automation": {"Citation Count": 2.333333333333333, "Publication Count": 0.3333333333333333}, "santa clara university": {"Citation Count": 2.333333333333333, "Publication Count": 0.3333333333333333}, "university of sydney": {"Citation Count": 35.25, "Publication Count": 0.75}, "australian national university": {"Citation Count": 33.75, "Publication Count": 1.4166666666666665}, "renmin university of china": {"Citation Count": 34.2, "Publication Count": 3.2}, "virginia tech": {"Citation Count": 4.0, "Publication Count": 1.1666666666666667}, "tianjin university": {"Citation Count": 0.8333333333333333, "Publication Count": 1.1666666666666667}, "tsinghua university": {"Citation Count": 98.83333333333333, "Publication Count": 7.333333333333334}, "open university": {"Citation Count": 381.0, "Publication Count": 0.5}, "university of exeter": {"Citation Count": 381.0, "Publication Count": 0.5}, "shanghai jiao tong university": {"Citation Count": 16.833333333333332, "Publication Count": 1.3333333333333333}, "new york university": {"Citation Count": 35.4, "Publication Count": 1.2}, "indian institute of technology madras": {"Citation Count": 20.791666666666664, "Publication Count": 1.7916666666666665}, "university of oldenburg": {"Citation Count": 16.5, "Publication Count": 0.5}, "offis": {"Citation Count": 16.5, "Publication Count": 0.5}, "university of ioannina": {"Citation Count": 15.0, "Publication Count": 1.0}, "university of arizona": {"Citation Count": 12.666666666666666, "Publication Count": 1.3333333333333333}, "new jersey institute of technology": {"Citation Count": 18.0, "Publication Count": 0.6666666666666666}, "stevens institute of technology": {"Citation Count": 9.0, "Publication Count": 0.3333333333333333}, "katholieke universiteit leuven": {"Citation Count": 39.0, "Publication Count": 1.0}, "university of kansas": {"Citation Count": 108.66666666666667, "Publication Count": 2.6666666666666665}, "max planck society": {"Citation Count": 268.0, "Publication Count": 3.0}, "indian institute of technology guwahati": {"Citation Count": 211.0, "Publication Count": 1.0}, "zhejiang university": {"Citation Count": 3.75, "Publication Count": 1.75}, "university of north carolina at chapel hill": {"Citation Count": 57.0, "Publication Count": 1.0}, "harbin institute of technology": {"Citation Count": 65.5, "Publication Count": 1.5}, "university of melbourne": {"Citation Count": 193.0, "Publication Count": 3.0}, "university of sheffield": {"Citation Count": 19.5, "Publication Count": 0.5}, "google": {"Citation Count": 167.66666666666666, "Publication Count": 0.5833333333333333}, "university of glasgow": {"Citation Count": 116.75, "Publication Count": 5.75}, "ludwig maximilian university of munich": {"Citation Count": 417.3, "Publication Count": 2.55}, "technische universitat munchen": {"Citation Count": 25.7, "Publication Count": 0.45}, "fudan university": {"Citation Count": 74.66666666666666, "Publication Count": 2.833333333333333}, "hong kong polytechnic university": {"Citation Count": 295.9166666666667, "Publication Count": 2.8333333333333335}, "royal holloway university of london": {"Citation Count": 1.75, "Publication Count": 0.25}, "university of milan": {"Citation Count": 17.0, "Publication Count": 0.5}, "university of southampton": {"Citation Count": 8.0, "Publication Count": 1.0}, "university of amsterdam": {"Citation Count": 193.0, "Publication Count": 4.0}, "alibaba group": {"Citation Count": 0.75, "Publication Count": 0.25}, "academia sinica": {"Citation Count": 7.0, "Publication Count": 0.3333333333333333}, "boston university": {"Citation Count": 62.5, "Publication Count": 0.25}, "ecole polytechnique federale de lausanne": {"Citation Count": 50.0, "Publication Count": 1.0}, "federal university of amazonas": {"Citation Count": 3.4285714285714284, "Publication Count": 0.14285714285714285}, "universidade federal de minas gerais": {"Citation Count": 20.57142857142857, "Publication Count": 0.8571428571428571}, "beihang university": {"Citation Count": 59.083333333333336, "Publication Count": 0.5833333333333333}, "carnegie mellon university": {"Citation Count": 69.36666666666666, "Publication Count": 2.7}, "rwth aachen university": {"Citation Count": 39.0, "Publication Count": 2.0}, "university of massachusetts amherst": {"Citation Count": 256.6666666666667, "Publication Count": 5.833333333333334}, "simon fraser university": {"Citation Count": 27.083333333333332, "Publication Count": 0.41666666666666663}, "university of queensland": {"Citation Count": 3.1500000000000004, "Publication Count": 0.65}, "nanjing university of aeronautics and astronautics": {"Citation Count": 12.333333333333332, "Publication Count": 0.3333333333333333}, "university of hong kong": {"Citation Count": 19.0, "Publication Count": 1.75}, "lawrence berkeley national laboratory": {"Citation Count": 7.0, "Publication Count": 1.0}, "university of toronto": {"Citation Count": 50.2, "Publication Count": 1.4},