{"weizmann institute of science": {"Citation Count": 120.0, "Publication Count": 1.0}, "university college london": {"Citation Count": 83.66666666666667, "Publication Count": 1.6666666666666665}, "hebrew university of jerusalem": {"Citation Count": 23.0, "Publication Count": 2.0}, "duke university": {"Citation Count": 8.0, "Publication Count": 1.0}, "princeton university": {"Citation Count": 252.08333333333331, "Publication Count": 1.9166666666666665}, "ecole normale superieure": {"Citation Count": 214.16666666666666, "Publication Count": 1.8333333333333333}, "michigan state university": {"Citation Count": 36.33333333333333, "Publication Count": 1.6666666666666665}, "general electric": {"Citation Count": 16.666666666666664, "Publication Count": 0.3333333333333333}, "technion israel institute of technology": {"Citation Count": 74.83333333333333, "Publication Count": 2.5833333333333335}, "microsoft": {"Citation Count": 147.66666666666666, "Publication Count": 2.5833333333333335}, "national chiao tung university": {"Citation Count": 3.6666666666666665, "Publication Count": 0.3333333333333333}, "academia sinica": {"Citation Count": 3.6666666666666665, "Publication Count": 0.3333333333333333}, "national taiwan university": {"Citation Count": 3.6666666666666665, "Publication Count": 0.3333333333333333}, "yahoo": {"Citation Count": 102.0, "Publication Count": 1.0}, "ohio state university": {"Citation Count": 29.333333333333332, "Publication Count": 1.6666666666666665}, "georgia institute of technology": {"Citation Count": 44.5, "Publication Count": 0.5}, "university of california san diego": {"Citation Count": 36.0, "Publication Count": 2.5}, "massachusetts institute of technology": {"Citation Count": 13.0, "Publication Count": 0.5}, "indian institute of science": {"Citation Count": 19.0, "Publication Count": 1.0}, "ibm": {"Citation Count": 112.0, "Publication Count": 2.0}, "university of waterloo": {"Citation Count": 20.666666666666664, "Publication Count": 0.6666666666666666}, "eth zurich": {"Citation Count": 37.33333333333333, "Publication Count": 1.3333333333333333}, "carnegie mellon university": {"Citation Count": 2.333333333333333, "Publication Count": 0.3333333333333333}, "harvard university": {"Citation Count": 2.333333333333333, "Publication Count": 0.3333333333333333}, "university of california berkeley": {"Citation Count": 133.66666666666666, "Publication Count": 2.066666666666667}, "budapest university of technology and economics": {"Citation Count": 7.666666666666666, "Publication Count": 0.3333333333333333}, "mcgill university": {"Citation Count": 7.666666666666666, "Publication Count": 0.3333333333333333}, "pompeu fabra university": {"Citation Count": 7.666666666666666, "Publication Count": 0.3333333333333333}, "university of michigan": {"Citation Count": 98.0, "Publication Count": 1.6666666666666665}, "university of potsdam": {"Citation Count": 41.0, "Publication Count": 0.3333333333333333}, "northwestern university": {"Citation Count": 6.0, "Publication Count": 1.0}, "stanford university": {"Citation Count": 113.0, "Publication Count": 1.3333333333333333}, "university of texas at austin": {"Citation Count": 6.0, "Publication Count": 0.6666666666666666}, "university of insubria": {"Citation Count": 6.583333333333333, "Publication Count": 0.5833333333333333}, "tel aviv university": {"Citation Count": 6.5, "Publication Count": 0.5}, "university of milan": {"Citation Count": 3.25, "Publication Count": 0.25}, "leiden university": {"Citation Count": 3.0, "Publication Count": 0.2}, "centrum wiskunde informatica": {"Citation Count": 3.0, "Publication Count": 0.2}, "poznan university of technology": {"Citation Count": 3.0, "Publication Count": 0.2}, "california institute of technology": {"Citation Count": 31.428571428571427, "Publication Count": 0.5714285714285714}, "google": {"Citation Count": 7.857142857142857, "Publication Count": 0.14285714285714285}, "university of california los angeles": {"Citation Count": 7.857142857142857, "Publication Count": 0.14285714285714285}, "swinburne university of technology": {"Citation Count": 7.857142857142857, "Publication Count": 0.14285714285714285}, "yonsei university": {"Citation Count": 4.0, "Publication Count": 1.0}, "royal holloway university of london": {"Citation Count": 0.6666666666666666, "Publication Count": 0.3333333333333333}, "university of california santa cruz": {"Citation Count": 1.3333333333333333, "Publication Count": 0.6666666666666666}, "university of california irvine": {"Citation Count": 25.75, "Publication Count": 0.25}, "university of pennsylvania": {"Citation Count": 151.0, "Publication Count": 2.0}, "max planck society": {"Citation Count": 1.3333333333333333, "Publication Count": 0.3333333333333333}, "university of california": {"Citation Count": 0.0, "Publication Count": 0.6666666666666666}, "purdue university": {"Citation Count": 0.0, "Publication Count": 0.3333333333333333}}