{"Cornell University": {"Citation Count": 8.733333333333334, "Publication Count": 2.7333333333333334}, "Columbia University": {"Citation Count": 4.2, "Publication Count": 1.0333333333333332}, "Stanford University": {"Citation Count": 33.449999999999996, "Publication Count": 4.45}, "Indian Institute of Science Bangalore": {"Citation Count": 3.2, "Publication Count": 0.5333333333333333}, "Microsoft (United States)": {"Citation Count": 29.5, "Publication Count": 2.8333333333333335}, "University of Washington": {"Citation Count": 18.333333333333336, "Publication Count": 2.5}, "University of California, Los Angeles": {"Citation Count": 13.166666666666666, "Publication Count": 1.1666666666666665}, "Massachusetts Institute of Technology": {"Citation Count": 74.99999999999999, "Publication Count": 9.916666666666668}, "Princeton University": {"Citation Count": 104.69999999999999, "Publication Count": 4.383333333333334}, "Ben-Gurion University of the Negev": {"Citation Count": 9.9, "Publication Count": 1.7}, "Tel Aviv University": {"Citation Count": 9.566666666666666, "Publication Count": 1.7}, "Google (United States)": {"Citation Count": 44.400000000000006, "Publication Count": 7.2}, "Carnegie Mellon University": {"Citation Count": 5.5, "Publication Count": 0.9166666666666666}, "New York University": {"Citation Count": 11.166666666666666, "Publication Count": 1.8333333333333333}, "Rutgers Sexual and Reproductive Health and Rights": {"Citation Count": 0.16666666666666666, "Publication Count": 0.16666666666666666}, "Northwestern University": {"Citation Count": 6.166666666666667, "Publication Count": 0.9166666666666666}, "Toyota Technological Institute at Chicago": {"Citation Count": 40.035714285714285, "Publication Count": 3.488095238095238}, "Texas A&M University": {"Citation Count": 8.0, "Publication Count": 0.3333333333333333}, "Universit\u00e9 de Montr\u00e9al": {"Citation Count": 8.0, "Publication Count": 0.3333333333333333}, "Singapore University of Technology and Design": {"Citation Count": 8.0, "Publication Count": 0.3333333333333333}, "The University of Tokyo": {"Citation Count": 5.333333333333333, "Publication Count": 0.6666666666666666}, "University of Michigan\u2013Ann Arbor": {"Citation Count": 2.6666666666666665, "Publication Count": 0.3333333333333333}, "French Institute for Research in Computer Science and Automation": {"Citation Count": 0.6666666666666666, "Publication Count": 0.6666666666666666}, "\u00c9cole Normale Sup\u00e9rieure": {"Citation Count": 33.833333333333336, "Publication Count": 0.9999999999999999}, "New York University Shanghai": {"Citation Count": 2.0, "Publication Count": 0.3333333333333333}, "Brown University": {"Citation Count": 3.75, "Publication Count": 0.25}, "Pennsylvania State University": {"Citation Count": 0.0, "Publication Count": 0.25}, "Georgia Institute of Technology": {"Citation Count": 0.0, "Publication Count": 0.5}, "University of Rochester": {"Citation Count": 0.0, "Publication Count": 0.25}, "\u00c9cole Normale Sup\u00e9rieure - PSL": {"Citation Count": 10.333333333333332, "Publication Count": 1.6666666666666665}, "University of Cambridge": {"Citation Count": 8.0, "Publication Count": 0.3333333333333333}, "University of California, Berkeley": {"Citation Count": 143.08333333333334, "Publication Count": 3.4166666666666665}, "Veterans Health Administration": {"Citation Count": 6.0, "Publication Count": 0.5}, "Hebrew University of Jerusalem": {"Citation Count": 6.733333333333333, "Publication Count": 0.8666666666666667}, "University of British Columbia": {"Citation Count": 5.0, "Publication Count": 0.5}, "Weizmann Institute of Science": {"Citation Count": 29.4, "Publication Count": 2.7}, "University of Illinois at Chicago": {"Citation Count": 2.0, "Publication Count": 1.0}, "Otto-von-Guericke University Magdeburg": {"Citation Count": 2.0, "Publication Count": 0.6666666666666666}, "Sequential Learning": {"Citation Count": 1.0, "Publication Count": 0.3333333333333333}, "D\u00e9partement de Math\u00e9matiques": {"Citation Count": 36.5, "Publication Count": 0.8333333333333333}, "Harvard University ,": {"Citation Count": 0.5, "Publication Count": 0.5}, "University of Oxford": {"Citation Count": 48.0, "Publication Count": 1.5}, "Australian National University": {"Citation Count": 8.0, "Publication Count": 1.0}, "University of Salerno": {"Citation Count": 15.333333333333332, "Publication Count": 0.6666666666666666}, "University of Liverpool": {"Citation Count": 7.666666666666666, "Publication Count": 0.3333333333333333}, "University of Wisconsin\u2013Madison": {"Citation Count": 54.28333333333334, "Publication Count": 5.283333333333333}, "The University of Texas at Austin": {"Citation Count": 13.6, "Publication Count": 1.6}, "University of Southern California": {"Citation Count": 28.866666666666667, "Publication Count": 2.8666666666666667}, "University of California, San Diego": {"Citation Count": 4.25, "Publication Count": 1.25}, "University of Pennsylvania": {"Citation Count": 7.333333333333333, "Publication Count": 0.5833333333333333}, "Yale University": {"Citation Count": 6.166666666666667, "Publication Count": 2.1666666666666665}, "Duke University": {"Citation Count": 0.8, "Publication Count": 0.7}, "Tsinghua University": {"Citation Count": 3.5, "Publication Count": 0.25}, "University of Illinois Urbana-Champaign": {"Citation Count": 13.5, "Publication Count": 1.3333333333333333}, "University of Colorado Boulder": {"Citation Count": 1.0, "Publication Count": 1.0}, "National Technical University of Athens": {"Citation Count": 0.6666666666666666, "Publication Count": 0.6666666666666666}, "Rutgers, The State University of New Jersey": {"Citation Count": 2.0, "Publication Count": 1.0}, "Geometric (India)": {"Citation Count": 6.0, "Publication Count": 0.75}, "Microsoft Research (India)": {"Citation Count": 2.0, "Publication Count": 0.25}, "Technion \u2013 Israel Institute of Technology": {"Citation Count": 30.71428571428571, "Publication Count": 2.4285714285714284}, "\u00c9cole Polytechnique F\u00e9d\u00e9rale de Lausanne": {"Citation Count": 1.6666666666666665, "Publication Count": 0.3333333333333333}, "Harvard University": {"Citation Count": 9.5, "Publication Count": 0.9166666666666666}, "University of Waterloo": {"Citation Count": 6.666666666666666, "Publication Count": 0.5}, "University of Toronto": {"Citation Count": 1.0, "Publication Count": 0.16666666666666666}, "University of Minnesota": {"Citation Count": 1.0, "Publication Count": 0.16666666666666666}, "Statistical Machine Learning and Parsimony": {"Citation Count": 7.0, "Publication Count": 1.0}, "Management Sciences (United States)": {"Citation Count": 45.5, "Publication Count": 0.25}, "National Research University Higher School of Economics": {"Citation Count": 6.0, "Publication Count": 0.4}, "\u00c9cole Polytechnique": {"Citation Count": 3.0, "Publication Count": 0.2}, "University of Bristol": {"Citation Count": 3.0, "Publication Count": 0.2}, "Chinese University of Hong Kong": {"Citation Count": 3.0, "Publication Count": 0.2}, "Northeastern University": {"Citation Count": 28.833333333333332, "Publication Count": 1.6666666666666665}, "University of Bonn": {"Citation Count": 2.5, "Publication Count": 0.5}, "Institute for Advanced Study": {"Citation Count": 2.5, "Publication Count": 0.5}, "ETH Z\u00fcrich": {"Citation Count": 4.666666666666666, "Publication Count": 0.6666666666666666}, "University of Alberta": {"Citation Count": 5.0, "Publication Count": 1.0}, "University of Chicago": {"Citation Count": 18.5, "Publication Count": 0.5}, "University of Science and Technology of China": {"Citation Count": 0.0, "Publication Count": 0.5}, "Centrum Wiskunde & Informatica": {"Citation Count": 6.25, "Publication Count": 0.75}, "Los Alamos National Laboratory": {"Citation Count": 4.0, "Publication Count": 1.0}, "Pompeu Fabra University": {"Citation Count": 9.5, "Publication Count": 1.5}, "\u00c9cole Normale Sup\u00e9rieure Paris-Saclay": {"Citation Count": 0.0,