{"sandia national laboratories": {"Citation Count": 0.0, "Publication Count": 0.5714285714285714}, "university of texas at austin": {"Citation Count": 0.0, "Publication Count": 0.2857142857142857}, "alexandria university": {"Citation Count": 0.0, "Publication Count": 0.2857142857142857}, "university of california davis": {"Citation Count": 0.0, "Publication Count": 0.42857142857142855}, "university of maryland college park": {"Citation Count": 0.0, "Publication Count": 0.2857142857142857}, "carleton university": {"Citation Count": 0.0, "Publication Count": 1.1666666666666665}, "ben gurion university of the negev": {"Citation Count": 0.0, "Publication Count": 2.333333333333333}, "macalester college": {"Citation Count": 0.1111111111111111, "Publication Count": 0.1111111111111111}, "university of iowa": {"Citation Count": 1.1111111111111112, "Publication Count": 2.111111111111111}, "union college": {"Citation Count": 0.1111111111111111, "Publication Count": 0.1111111111111111}, "university of copenhagen": {"Citation Count": 0.1111111111111111, "Publication Count": 0.1111111111111111}, "ohio state university": {"Citation Count": 4.311111111111111, "Publication Count": 2.1444444444444444}, "colorado state university": {"Citation Count": 0.1111111111111111, "Publication Count": 0.1111111111111111}, "university of utah": {"Citation Count": 1.1111111111111112, "Publication Count": 2.4444444444444446}, "pacific northwest national laboratory": {"Citation Count": 0.1111111111111111, "Publication Count": 0.1111111111111111}, "north carolina state university": {"Citation Count": 0.1111111111111111, "Publication Count": 0.1111111111111111}, "utrecht university": {"Citation Count": 0.0, "Publication Count": 0.6666666666666666}, "duke university": {"Citation Count": 0.0, "Publication Count": 0.3333333333333333}, "aarhus university": {"Citation Count": 0.0, "Publication Count": 0.3333333333333333}, "university of bayreuth": {"Citation Count": 0.0, "Publication Count": 0.16666666666666666}, "kyonggi university": {"Citation Count": 0.0, "Publication Count": 0.16666666666666666}, "kaist": {"Citation Count": 0.0, "Publication Count": 0.16666666666666666}, "university of ljubljana": {"Citation Count": 0.0, "Publication Count": 0.16666666666666666}, "university of waterloo": {"Citation Count": 0.0, "Publication Count": 0.6666666666666666}, "french institute for research in computer science and automation": {"Citation Count": 0.6666666666666666, "Publication Count": 2.5}, "indian statistical institute": {"Citation Count": 0.0, "Publication Count": 0.25}, "dassault systemes": {"Citation Count": 0.3333333333333333, "Publication Count": 0.3333333333333333}, "ecole normale superieure de lyon": {"Citation Count": 0.5, "Publication Count": 0.7}, "middlesex university": {"Citation Count": 0.5, "Publication Count": 0.7}, "paris dauphine university": {"Citation Count": 0.0, "Publication Count": 0.4}, "warsaw university of technology": {"Citation Count": 0.0, "Publication Count": 0.2}, "eindhoven university of technology": {"Citation Count": 1.0, "Publication Count": 2.333333333333333}, "carnegie mellon university": {"Citation Count": 0.0, "Publication Count": 0.25}, "esiee": {"Citation Count": 0.0, "Publication Count": 0.25}, "university of paris": {"Citation Count": 0.0, "Publication Count": 1.0833333333333333}, "university of queensland": {"Citation Count": 1.0, "Publication Count": 1.8333333333333333}, "national and kapodistrian university of athens": {"Citation Count": 0.0, "Publication Count": 1.25}, "universite libre de bruxelles": {"Citation Count": 0.0, "Publication Count": 1.55}, "european union": {"Citation Count": 0.0, "Publication Count": 0.25}, "university of illinois at urbana champaign": {"Citation Count": 4.0, "Publication Count": 2.2}, "university of bergen": {"Citation Count": 0.6000000000000001, "Publication Count": 0.6000000000000001}, "university of illinois at chicago": {"Citation Count": 0.2, "Publication Count": 0.5333333333333333}, "kent state university": {"Citation Count": 0.0, "Publication Count": 0.16666666666666666}, "aix marseille university": {"Citation Count": 0.0, "Publication Count": 0.5}, "university of bucharest": {"Citation Count": 0.0, "Publication Count": 0.16666666666666666}, "new york university": {"Citation Count": 0.0, "Publication Count": 0.5}, "simon fraser university": {"Citation Count": 0.0, "Publication Count": 0.6666666666666666}, "weizmann institute of science": {"Citation Count": 2.0, "Publication Count": 0.6666666666666666}, "shanghai university of finance and economics": {"Citation Count": 1.0, "Publication Count": 0.3333333333333333}, "queen s university": {"Citation Count": 0.4, "Publication Count": 0.7}, "braunschweig university of technology": {"Citation Count": 1.2000000000000002, "Publication Count": 2.1}, "vassar college": {"Citation Count": 0.4, "Publication Count": 0.2}, "williams college": {"Citation Count": 0.0, "Publication Count": 0.3333333333333333}, "university of lorraine": {"Citation Count": 0.0, "Publication Count": 0.3333333333333333}, "charles university in prague": {"Citation Count": 3.0, "Publication Count": 0.8333333333333333}, "institute of science and technology austria": {"Citation Count": 4.5, "Publication Count": 1.3333333333333333}, "technical university of berlin": {"Citation Count": 0.0, "Publication Count": 0.75}, "university of colorado boulder": {"Citation Count": 0.0, "Publication Count": 0.5}, "university of lugano": {"Citation Count": 0.0, "Publication Count": 0.8333333333333333}, "tsinghua university": {"Citation Count": 0.0, "Publication Count": 1.0}, "hungarian academy of sciences": {"Citation Count": 1.5, "Publication Count": 1.5}, "vienna university of technology": {"Citation Count": 0.0, "Publication Count": 0.5}, "university of montpellier": {"Citation Count": 0.0, "Publication Count": 0.3333333333333333}, "national autonomous university of mexico": {"Citation Count": 0.0, "Publication Count": 0.3333333333333333}, "university of miami": {"Citation Count": 0.0, "Publication Count": 0.3333333333333333}, "purdue university": {"Citation Count": 0.0, "Publication Count": 0.3333333333333333}, "facebook": {"Citation Count": 0.0, "Publication Count": 0.3333333333333333}, "pohang university of science and technology": {"Citation Count": 0.0, "Publication Count": 1.0}, "max planck society": {"Citation Count": 0.0, "Publication Count": 1.0}, "smith college": {"Citation Count": 2.0, "Publication Count": 1.0}, "ecole polytechnique federale de lausanne": {"Citation Count": 0.5, "Publication Count": 0.8333333333333333}, "virginia tech": {"Citation Count": 1.0, "Publication Count": 1.0}, "centre national de la recherche scientifique": {"Citation Count": 0.0, "Publication Count": 0.3333333333333333}, "johannes kepler university of linz": {"Citation Count": 0.0, "Publication Count": 1.0}, "university of sydney": {"Citation Count": 0.0, "Publication Count": 0.5}, "marshall university": {"Citation Count": 0.0, "Publication Count": 0.5}, "utah state university": {"Citation Count": 0.0, "Publication Count": 0.5}, "university of houston": {"Citation Count": 0.0, "Publication Count": 0.16666666666666666}, "harvard university": {"Citation Count": 0.0, "Publication Count": 0.16666666666666666}, "lawrence berkeley national laboratory": {"Citation Count": 0.0, "Publication Count": 0.14285714285714285}}