{"NEC (Japan)": {"Citation Count": 7.0, "Publication Count": 0.5}, "Nagoya University": {"Citation Count": 3.5, "Publication Count": 0.25}, "Royal Holloway University of London": {"Citation Count": 1.75, "Publication Count": 0.125}, "IBM Research - Zurich": {"Citation Count": 41.91666666666667, "Publication Count": 1.2916666666666667}, "University of Waterloo": {"Citation Count": 47.0, "Publication Count": 1.0}, "Weizmann Institute of Science": {"Citation Count": 51.33333333333333, "Publication Count": 1.6666666666666667}, "University of Michigan\u2013Ann Arbor": {"Citation Count": 112.66666666666667, "Publication Count": 1.3333333333333333}, "Monash University": {"Citation Count": 25.666666666666668, "Publication Count": 0.5833333333333334}, "Data61": {"Citation Count": 9.166666666666668, "Publication Count": 0.20833333333333337}, "Commonwealth Scientific and Industrial Research Organisation": {"Citation Count": 9.166666666666668, "Publication Count": 0.20833333333333337}, "Shandong University": {"Citation Count": 13.25, "Publication Count": 0.25}, "Hong Kong Polytechnic University": {"Citation Count": 22.083333333333336, "Publication Count": 0.4166666666666667}, "Algorand": {"Citation Count": 8.833333333333332, "Publication Count": 0.16666666666666666}, "Qualcomm (United Kingdom)": {"Citation Count": 8.833333333333332, "Publication Count": 0.16666666666666666}, "ETH Z\u00fcrich": {"Citation Count": 7.166666666666666, "Publication Count": 0.16666666666666666}, "IOHK, Zurich, Switzerland": {"Citation Count": 1.0, "Publication Count": 0.25}, "New York University": {"Citation Count": 5.857142857142857, "Publication Count": 0.6428571428571428}, "University of Washington": {"Citation Count": 5.3, "Publication Count": 0.475}, "Seattle University": {"Citation Count": 5.3, "Publication Count": 0.475}, "University of California, San Diego": {"Citation Count": 8.666666666666666, "Publication Count": 0.6666666666666666}, "Imec": {"Citation Count": 2.333333333333333, "Publication Count": 0.16666666666666666}, "KU Leuven": {"Citation Count": 3.533333333333333, "Publication Count": 0.3666666666666667}, "University of Haifa": {"Citation Count": 4.666666666666666, "Publication Count": 0.3333333333333333}, "Radboud University Nijmegen": {"Citation Count": 5.083333333333333, "Publication Count": 0.41666666666666663}, "Institute of Information Engineering": {"Citation Count": 0.35, "Publication Count": 0.11666666666666667}, "Chinese Academy of Sciences": {"Citation Count": 0.55, "Publication Count": 0.18333333333333335}, "Data Assurance and Communication Security": {"Citation Count": 0.35, "Publication Count": 0.11666666666666667}, "Indian Institute of Technology Madras": {"Citation Count": 12.6, "Publication Count": 0.8666666666666667}, "University of Chinese Academy of Sciences": {"Citation Count": 2.5500000000000003, "Publication Count": 0.45}, "Nanyang Technological University": {"Citation Count": 0.6000000000000001, "Publication Count": 0.20000000000000004}, "Academy of Mathematics and Systems Science": {"Citation Count": 0.20000000000000004, "Publication Count": 0.06666666666666668}, "National Center for Mathematics and Interdisciplinary Sciences": {"Citation Count": 0.20000000000000004, "Publication Count": 0.06666666666666668}, "Centrum Wiskunde & Informatica": {"Citation Count": 27.999999999999996, "Publication Count": 0.875}, "\u00c9cole Normale Sup\u00e9rieure Paris-Saclay": {"Citation Count": 5.666666666666666, "Publication Count": 0.3333333333333333}, "Aarhus University": {"Citation Count": 67.5952380952381, "Publication Count": 3.595238095238095}, "Interdisciplinary Center Herzliya": {"Citation Count": 14.533333333333333, "Publication Count": 0.4333333333333333}, "Herzliya Medical Center": {"Citation Count": 14.533333333333333, "Publication Count": 0.4333333333333333}, "Outbrain, New York, USA": {"Citation Count": 8.5, "Publication Count": 0.5}, "Columbia University": {"Citation Count": 4.0, "Publication Count": 0.3333333333333333}, "New York University Shanghai": {"Citation Count": 4.0, "Publication Count": 0.3333333333333333}, "Northeastern University": {"Citation Count": 18.75, "Publication Count": 1.6166666666666665}, "Boston University": {"Citation Count": 23.683333333333334, "Publication Count": 1.4833333333333334}, "Microsoft Research (India)": {"Citation Count": 1.1666666666666665, "Publication Count": 0.5833333333333333}, "Purdue University West Lafayette": {"Citation Count": 1.3333333333333333, "Publication Count": 0.6666666666666666}, "University of California, Santa Barbara": {"Citation Count": 2.5, "Publication Count": 0.75}, "Visa (United States)": {"Citation Count": 3.0, "Publication Count": 0.5}, "Technical University of Darmstadt": {"Citation Count": 1.5, "Publication Count": 0.25}, "Thunder Research, Sunnyvale, USA": {"Citation Count": 14.5, "Publication Count": 0.5}, "Cornell University": {"Citation Count": 14.5, "Publication Count": 0.5}, "University of Erlangen-Nuremberg": {"Citation Count": 39.5, "Publication Count": 1.0}, "Carnegie Mellon University": {"Citation Count": 59.83333333333333, "Publication Count": 1.8333333333333333}, "Stanford University": {"Citation Count": 131.1, "Publication Count": 2.1}, "Universidad del Noreste": {"Citation Count": 2.0, "Publication Count": 0.5}, "Princeton University": {"Citation Count": 151.0, "Publication Count": 3.25}, "IDC Herzliya#TAB#": {"Citation Count": 1.0, "Publication Count": 0.25}, "Fujitsu (United States)": {"Citation Count": 5.5, "Publication Count": 0.5}, "Indian Institute of Technology Kharagpur": {"Citation Count": 1.8333333333333333, "Publication Count": 0.16666666666666666}, "Universit\u00e9 Catholique de Louvain": {"Citation Count": 14.4, "Publication Count": 0.8}, "University of Florida": {"Citation Count": 1.0, "Publication Count": 1.0}, "Tsinghua University": {"Citation Count": 6.0, "Publication Count": 0.3333333333333333}, "University of Hyogo": {"Citation Count": 0.6944444444444443, "Publication Count": 0.13888888888888887}, "Shanghai Key Laboratory of Trustworthy Computing": {"Citation Count": 1.1111111111111112, "Publication Count": 0.2222222222222222}, "East China Normal University": {"Citation Count": 1.1111111111111112, "Publication Count": 0.2222222222222222}, "Graz University of Technology": {"Citation Count": 0.41666666666666663, "Publication Count": 0.08333333333333333}, "Infineon Technologies (Germany)": {"Citation Count": 0.8333333333333333, "Publication Count": 0.16666666666666666}, "National Institute of Information and Communications Technology": {"Citation Count": 0.41666666666666663, "Publication Count": 0.08333333333333333}, "Chinese Academy of sciences": {"Citation Count": 1.2000000000000002, "Publication Count": 0.2}, "NTT Secure Platform Laboratories": {"Citation Count": 1.2000000000000002, "Publication Count": 0.2}, "University of Amsterdam": {"Citation Count": 35.333333333333336, "Publication Count": 1.0416666666666665}, "Eindhoven University of Technology": {"Citation Count": 2.6666666666666665, "Publication Count": 0.3333333333333333}, "Leiden University": {"Citation Count": 6.666666666666666, "Publication Count": 0.08333333333333333}, "QuSoft": {"Citation Count": 26.666666666666664, "Publication Count": 0.3333333333333333}, "Chinese University of Hong Kong": {"Citation Count": 2.333333333333333, "Publication Count": 0.3333333333333333}, "Technion \u2013 Israel Institute of Technology": {"Citation Count": 101.59047619047618, "Publication Count": 1.9595238095238094}, "University of California": {"Citation Count": 29.333333333333332, "Publication Count": 1.3333333333333333}, "Shanghai Jiao Tong University": {"Citation Count": 11.0, "Publication Count": 1.0}, "IMDEA Software": {"Citation Count": 5.0, "Publication Count": 0.5}, "Sapienza University of Rome": {"Citation Count": 5.0, "Publication Count": 0.5}, "National University of Singapore": {"Citation Count": 12.428571428571427, "Publication Count": 0.42857142857142855},