{"weizmann institute of science": {"Citation Count": 174.5, "Publication Count": 2.0}, "massachusetts institute of technology": {"Citation Count": 37.5, "Publication Count": 0.5}, "new york university": {"Citation Count": 143.65, "Publication Count": 1.45}, "university of toronto": {"Citation Count": 84.0, "Publication Count": 1.0}, "princeton university": {"Citation Count": 58.0, "Publication Count": 0.75}, "georgia institute of technology": {"Citation Count": 244.33333333333334, "Publication Count": 1.3333333333333333}, "university of liege": {"Citation Count": 92.33333333333333, "Publication Count": 0.3333333333333333}, "stanford university": {"Citation Count": 92.33333333333333, "Publication Count": 0.3333333333333333}, "university of texas at austin": {"Citation Count": 92.33333333333333, "Publication Count": 0.3333333333333333}, "ibm": {"Citation Count": 1142.0833333333333, "Publication Count": 4.416666666666666}, "university of limoges": {"Citation Count": 46.0, "Publication Count": 0.6666666666666666}, "polytechnic university of catalonia": {"Citation Count": 23.0, "Publication Count": 0.3333333333333333}, "technion israel institute of technology": {"Citation Count": 47.0, "Publication Count": 1.25}, "microsoft": {"Citation Count": 182.63636363636363, "Publication Count": 1.0075757575757576}, "university of california los angeles": {"Citation Count": 50.0, "Publication Count": 1.9166666666666665}, "mitsubishi electric": {"Citation Count": 236.0, "Publication Count": 0.5}, "nippon telegraph and telephone": {"Citation Count": 321.0363636363636, "Publication Count": 0.7909090909090909}, "university college london": {"Citation Count": 54.400000000000006, "Publication Count": 0.2}, "national institute of information and communications technology": {"Citation Count": 54.400000000000006, "Publication Count": 0.2}, "ecole normale superieure": {"Citation Count": 67.23333333333333, "Publication Count": 0.3666666666666667}, "university of luxembourg": {"Citation Count": 25.666666666666664, "Publication Count": 0.3333333333333333}, "telecom paristech": {"Citation Count": 25.666666666666664, "Publication Count": 0.3333333333333333}, "ingenico": {"Citation Count": 12.833333333333332, "Publication Count": 0.16666666666666666}, "centrum wiskunde informatica": {"Citation Count": 64.33333333333333, "Publication Count": 1.3333333333333333}, "pennsylvania state university": {"Citation Count": 29.333333333333332, "Publication Count": 0.3333333333333333}, "queens college": {"Citation Count": 78.0, "Publication Count": 1.0}, "french institute for research in computer science and automation": {"Citation Count": 122.54545454545455, "Publication Count": 0.36363636363636365}, "ecole polytechnique federale de lausanne": {"Citation Count": 122.54545454545455, "Publication Count": 0.36363636363636365}, "university of bonn": {"Citation Count": 30.636363636363637, "Publication Count": 0.09090909090909091}, "ruhr university bochum": {"Citation Count": 40.0, "Publication Count": 1.0}, "karlsruhe institute of technology": {"Citation Count": 13.0, "Publication Count": 0.5}, "saarland university": {"Citation Count": 13.0, "Publication Count": 0.5}, "cornell university": {"Citation Count": 34.0, "Publication Count": 1.0}, "carnegie mellon university": {"Citation Count": 308.66666666666663, "Publication Count": 0.3333333333333333}, "harvard university": {"Citation Count": 250.0, "Publication Count": 0.6666666666666666}, "hebrew university of jerusalem": {"Citation Count": 109.0, "Publication Count": 0.5}, "university of haifa": {"Citation Count": 109.0, "Publication Count": 0.5}, "tel aviv university": {"Citation Count": 76.0, "Publication Count": 1.0}, "ben gurion university of the negev": {"Citation Count": 28.666666666666664, "Publication Count": 0.6666666666666666}, "bar ilan university": {"Citation Count": 14.333333333333332, "Publication Count": 0.3333333333333333}, "aarhus university": {"Citation Count": 88.66666666666666, "Publication Count": 1.3333333333333333}, "university of illinois at urbana champaign": {"Citation Count": 25.333333333333332, "Publication Count": 0.6666666666666666}, "university of montana": {"Citation Count": 12.666666666666666, "Publication Count": 0.3333333333333333}, "university of california davis": {"Citation Count": 97.0, "Publication Count": 1.0}, "university of california berkeley": {"Citation Count": 29.333333333333332, "Publication Count": 0.6666666666666666}, "institute for advanced study": {"Citation Count": 14.666666666666666, "Publication Count": 0.3333333333333333}, "university of california san diego": {"Citation Count": 124.0, "Publication Count": 1.0}, "eth zurich": {"Citation Count": 32.666666666666664, "Publication Count": 0.8333333333333333}, "universite de montreal": {"Citation Count": 18.666666666666664, "Publication Count": 0.3333333333333333}, "university of bristol": {"Citation Count": 14.0, "Publication Count": 0.5}}