{"Durham University": {"Citation Count": 0.13333333333333333, "Publication Count": 0.39999999999999997}, "University of Manchester": {"Citation Count": 0.0, "Publication Count": 1.3333333333333333}, "Lorentz Institute for Theoretical Physics, Leiden University, Leiden, Zuid Holland, Netherlands, (e-mail: schaller@strw.leidenuniv.nl)": {"Citation Count": 0.0, "Publication Count": 0.3333333333333333}, "P\u00e1zm\u00e1ny P\u00e9ter Catholic University": {"Citation Count": 0.4, "Publication Count": 0.4}, "University of Warwick": {"Citation Count": 0.4, "Publication Count": 0.4}, "Imperial College London": {"Citation Count": 0.33333333333333337, "Publication Count": 0.26666666666666666}, "Scientific Computing Department, STFC, 15585 Daresbury, Daresbury, United Kingdom of Great Britain and Northern Ireland, (e-mail: thomas.keal@stfc.ac.uk)": {"Citation Count": 0.13333333333333333, "Publication Count": 0.06666666666666667}, "Daresbury Laboratory": {"Citation Count": 0.13333333333333333, "Publication Count": 0.06666666666666667}, "University College London": {"Citation Count": 0.4, "Publication Count": 0.2}, "University of York": {"Citation Count": 1.2666666666666666, "Publication Count": 0.4666666666666667}, "Cardiff University": {"Citation Count": 0.13333333333333333, "Publication Count": 0.06666666666666667}, "University of Naples Federico II": {"Citation Count": 0.13333333333333333, "Publication Count": 0.06666666666666667}, "Scientific Computing Department, STFC, 15585 Rutherford, Rutherford, United Kingdom of Great Britain and Northern Ireland, (e-mail: ian.bush@stfc.ac.uk)": {"Citation Count": 0.13333333333333333, "Publication Count": 0.06666666666666667}, "University of Lincoln": {"Citation Count": 0.13333333333333333, "Publication Count": 0.06666666666666667}, "University of Southampton": {"Citation Count": 0.13333333333333333, "Publication Count": 0.06666666666666667}, "University of Surrey": {"Citation Count": 0.13333333333333333, "Publication Count": 0.06666666666666667}, "University of Cambridge": {"Citation Count": 2.0, "Publication Count": 0.6666666666666666}, "University of Illinois Discovery Partners Institute, Chicago, IL, USA": {"Citation Count": 0.3333333333333333, "Publication Count": 0.1111111111111111}, "Argonne National Laboratory": {"Citation Count": 2.166666666666667, "Publication Count": 1.7722222222222221}, "Lane Technical High School, Chicago, IL, USA": {"Citation Count": 0.3333333333333333, "Publication Count": 0.1111111111111111}, "School of the Art Institute of Chicago": {"Citation Count": 0.3333333333333333, "Publication Count": 0.1111111111111111}, "University of Utah": {"Citation Count": 0.4583333333333333, "Publication Count": 1.4027777777777777}, "Boeing (United States)": {"Citation Count": 0.375, "Publication Count": 0.125}, "Cadence Design Systems (United States)": {"Citation Count": 0.375, "Publication Count": 0.125}, "Intelligent Light (United States)": {"Citation Count": 0.375, "Publication Count": 0.125}, "University of Illinois Urbana-Champaign": {"Citation Count": 0.375, "Publication Count": 0.6083333333333333}, "Langley Research Center": {"Citation Count": 0.75, "Publication Count": 0.25}, "United States Air Force Research Laboratory": {"Citation Count": 0.375, "Publication Count": 0.125}, "Lockheed Martin (United States)": {"Citation Count": 0.375, "Publication Count": 0.125}, "Wentworth Institute of Technology": {"Citation Count": 0.0, "Publication Count": 1.0}, "Lawrence Livermore National Laboratory": {"Citation Count": 0.125, "Publication Count": 0.725}, "IBM (United States)": {"Citation Count": 0.375, "Publication Count": 0.375}, "Department of Energy, Washington, DC, USA": {"Citation Count": 0.25, "Publication Count": 0.25}, "University of Illinois System": {"Citation Count": 0.125, "Publication Count": 0.125}, "Nvidia (United States)": {"Citation Count": 0.0, "Publication Count": 0.5833333333333333}, "Intel (United States)": {"Citation Count": 0.0, "Publication Count": 0.29166666666666663}, "National Institute of Standards and Technology": {"Citation Count": 0.0, "Publication Count": 0.16666666666666666}, "Intel (Germany)": {"Citation Count": 0.0, "Publication Count": 0.16666666666666666}, "University of Arizona": {"Citation Count": 0.0, "Publication Count": 1.0}, "The University of Texas at Austin": {"Citation Count": 0.0, "Publication Count": 1.75}, "University of California, Berkeley": {"Citation Count": 0.0, "Publication Count": 0.25}, "Hochschule Bonn-Rhein-Sieg": {"Citation Count": 0.0, "Publication Count": 0.25}, "University of Cologne": {"Citation Count": 0.0, "Publication Count": 0.25}, "Center for Astrophysics Harvard & Smithsonian": {"Citation Count": 0.0, "Publication Count": 0.125}, "University of Wisconsin\u2013Madison": {"Citation Count": 0.25, "Publication Count": 0.25}, "United Kingdom Atomic Energy Authority": {"Citation Count": 0.25, "Publication Count": 0.25}, "University of Bristol": {"Citation Count": 0.21428571428571427, "Publication Count": 0.07142857142857142}, "University of Bremen": {"Citation Count": 0.21428571428571427, "Publication Count": 0.07142857142857142}, "Los Alamos National Laboratory": {"Citation Count": 0.21428571428571427, "Publication Count": 0.6714285714285714}, "University of Miami": {"Citation Count": 0.21428571428571427, "Publication Count": 0.07142857142857142}, "University of Bonn": {"Citation Count": 0.21428571428571427, "Publication Count": 0.07142857142857142}, "Technical University of Berlin": {"Citation Count": 0.21428571428571427, "Publication Count": 0.07142857142857142}, "Quansight (United States)": {"Citation Count": 0.21428571428571427, "Publication Count": 0.07142857142857142}, "Boston University": {"Citation Count": 0.21428571428571427, "Publication Count": 0.07142857142857142}, "Federal University of S\u00e3o Carlos": {"Citation Count": 0.21428571428571427, "Publication Count": 0.07142857142857142}, "University of Lille": {"Citation Count": 0.21428571428571427, "Publication Count": 0.07142857142857142}, "Deltares": {"Citation Count": 0.21428571428571427, "Publication Count": 0.07142857142857142}, "Cranfield University": {"Citation Count": 0.21428571428571427, "Publication Count": 0.07142857142857142}, "Technical University of Munich": {"Citation Count": 0.4642857142857143, "Publication Count": 0.3214285714285714}, "Wageningen University & Research": {"Citation Count": 0.21428571428571427, "Publication Count": 0.07142857142857142}, "University of Messina": {"Citation Count": 0.0, "Publication Count": 1.0}, "Barcelona Supercomputing Center": {"Citation Count": 1.0, "Publication Count": 1.0}, "RIKEN Center for Computational Science": {"Citation Count": 0.0, "Publication Count": 0.5}, "Oak Ridge National Laboratory": {"Citation Count": 0.0, "Publication Count": 1.125}, "Lawrence Berkeley National Laboratory": {"Citation Count": 0.0, "Publication Count": 0.125}, "University of Michigan\u2013Ann Arbor": {"Citation Count": 1.0, "Publication Count": 1.0}, "Norwegian University of Science and Technology": {"Citation Count": 3.0, "Publication Count": 1.0}, "Berkeley, California, United States": {"Citation Count": 0.0, "Publication Count": 0.06666666666666667}, "University of Colorado Boulder": {"Citation Count": 0.0, "Publication Count": 0.06666666666666667}, "Texas Advanced Computing Center, University of Texas at Austin, Austin, Texas, United States": {"Citation Count": 0.0, "Publication Count": 0.06666666666666667}, "University at Buffalo, State University of New York": {"Citation Count": 0.0, "Publication Count": 0.06666666666666667}, "Idaho National Laboratory": {"Citation Count": 0.0, "Publication Count": 0.06666666666666667}, "Tech-X Corporation (United States)": {"Citation Count": 0.0, "Publication Count": 0.06666666666666667}, "Flatiron Health (United States)": {"Citation Count": 0.0, "Publication Count": 0.06666666666666667}, "University of Tennessee at Knoxville": {"Citation Count": 0.0, "Publication Count": 0.2},