{"University of Malaya": {"Citation Count": 67.78571428571428, "Publication Count": 1.7857142857142856}, "COMSATS University Islamabad": {"Citation Count": 21.885714285714286, "Publication Count": 0.8857142857142857}, "King Saud University": {"Citation Count": 6.142857142857142, "Publication Count": 0.14285714285714285}, "Dakota State University": {"Citation Count": 6.271428571428571, "Publication Count": 0.27142857142857146}, "North Dakota State University": {"Citation Count": 13.646428571428572, "Publication Count": 0.39642857142857146}, "University of Sydney": {"Citation Count": 23.803571428571427, "Publication Count": 0.5535714285714286}, "Carleton University": {"Citation Count": 25.0, "Publication Count": 1.0}, "Aalborg University": {"Citation Count": 11.583333333333332, "Publication Count": 0.08333333333333333}, "University of Bologna": {"Citation Count": 23.166666666666664, "Publication Count": 0.16666666666666666}, "University of Lisbon": {"Citation Count": 23.166666666666664, "Publication Count": 0.16666666666666666}, "Universidade Nova de Lisboa": {"Citation Count": 23.166666666666664, "Publication Count": 0.16666666666666666}, "IT University of Copenhagen": {"Citation Count": 11.583333333333332, "Publication Count": 0.08333333333333333}, "Royal Holloway University of London": {"Citation Count": 33.38333333333333, "Publication Count": 0.2833333333333333}, "University of Turin": {"Citation Count": 11.583333333333332, "Publication Count": 0.08333333333333333}, "University of Leicester": {"Citation Count": 11.583333333333332, "Publication Count": 0.08333333333333333}, "IMT School for Advanced Studies Lucca": {"Citation Count": 11.583333333333332, "Publication Count": 0.08333333333333333}, "St. P\u00f6lten University of Applied Sciences": {"Citation Count": 21.8, "Publication Count": 0.2}, "Technical University of Darmstadt": {"Citation Count": 24.400000000000002, "Publication Count": 0.4}, "SBA Research": {"Citation Count": 43.6, "Publication Count": 0.4}, "Beijing University of Posts and Telecommunications": {"Citation Count": 5.4, "Publication Count": 0.2}, "Renmin University of China": {"Citation Count": 19.233333333333334, "Publication Count": 0.3666666666666667}, "Clemson University": {"Citation Count": 10.8, "Publication Count": 0.4}, "Florida International University": {"Citation Count": 160.4, "Publication Count": 1.2}, "Queensland University of Technology": {"Citation Count": 115.80000000000001, "Publication Count": 1.8}, "Federal Urdu University": {"Citation Count": 7.375, "Publication Count": 0.125}, "University of Melbourne": {"Citation Count": 24.375, "Publication Count": 0.29166666666666663}, "University of South Florida": {"Citation Count": 14.0, "Publication Count": 1.0}, "Hunan University": {"Citation Count": 40.75, "Publication Count": 0.25}, "Guangzhou University": {"Citation Count": 40.75, "Publication Count": 0.25}, "Temple University": {"Citation Count": 81.5, "Publication Count": 0.5}, "Universidade Federal de Vi\u00e7osa": {"Citation Count": 9.75, "Publication Count": 0.25}, "Universidade Federal de Minas Gerais": {"Citation Count": 9.75, "Publication Count": 0.25}, "University of Ottawa": {"Citation Count": 65.16666666666667, "Publication Count": 2.5000000000000004}, "State University of Maring\u00e1": {"Citation Count": 6.5, "Publication Count": 0.16666666666666666}, "Federal University of Para": {"Citation Count": 6.5, "Publication Count": 0.16666666666666666}, "Tsinghua University": {"Citation Count": 51.0, "Publication Count": 0.5}, "University at Buffalo, State University of New York": {"Citation Count": 17.0, "Publication Count": 0.16666666666666666}, "Simon Fraser University": {"Citation Count": 17.0, "Publication Count": 0.16666666666666666}, "University of Florence": {"Citation Count": 55.33333333333333, "Publication Count": 0.6666666666666666}, "University of Amsterdam": {"Citation Count": 13.833333333333332, "Publication Count": 0.16666666666666666}, "Federal University of S\u00e3o Carlos": {"Citation Count": 22.5, "Publication Count": 0.5}, "Universidade de S\u00e3o Paulo": {"Citation Count": 28.0, "Publication Count": 1.0}, "Indian Institute of Technology Bombay": {"Citation Count": 30.0, "Publication Count": 2.0}, "Lehigh University": {"Citation Count": 17.0, "Publication Count": 1.0}, "EURECOM": {"Citation Count": 37.0, "Publication Count": 0.5}, "IBM Research - Zurich": {"Citation Count": 37.0, "Publication Count": 0.5}, "Hong Kong Polytechnic University": {"Citation Count": 6.125, "Publication Count": 0.875}, "Guangxi University": {"Citation Count": 0.875, "Publication Count": 0.125}, "King Fahd University of Petroleum and Minerals": {"Citation Count": 11.0, "Publication Count": 1.0}, "University of Valladolid": {"Citation Count": 20.0, "Publication Count": 1.0}, "University of Milan": {"Citation Count": 60.0, "Publication Count": 1.0}, "Hong Kong University of Science and Technology": {"Citation Count": 190.5, "Publication Count": 0.75}, "University of Macau": {"Citation Count": 63.5, "Publication Count": 0.25}, "Research Academic Computer Technology Institute": {"Citation Count": 14.25, "Publication Count": 0.75}, "IBM Research - Haifa": {"Citation Count": 4.75, "Publication Count": 0.25}, "Alexandru Ioan Cuza University": {"Citation Count": 7.5, "Publication Count": 0.25}, "University of Neuch\u00e2tel": {"Citation Count": 22.5, "Publication Count": 0.75}, "Universit\u00e0 della Svizzera italiana": {"Citation Count": 344.0, "Publication Count": 1.0}, "Federal University of Western Par\u00e1": {"Citation Count": 16.333333333333332, "Publication Count": 0.3333333333333333}, "Federal University of Amazonas": {"Citation Count": 16.333333333333332, "Publication Count": 0.3333333333333333}, "University of Ontario Institute of Technology, Oshawa-ON-Canada": {"Citation Count": 16.333333333333332, "Publication Count": 0.3333333333333333}, "Institute for Systems and Computer Engineering of Porto": {"Citation Count": 274.0, "Publication Count": 0.5}, "University of Porto": {"Citation Count": 289.8, "Publication Count": 0.7}, "Qatar University": {"Citation Count": 28.5, "Publication Count": 0.5}, "University of Waterloo": {"Citation Count": 28.5, "Publication Count": 0.5}, "Queen's University": {"Citation Count": 21.333333333333332, "Publication Count": 0.6666666666666666}, "International Biometric Society": {"Citation Count": 7.111111111111111, "Publication Count": 0.2222222222222222}, "IBM (Canada)": {"Citation Count": 3.5555555555555554, "Publication Count": 0.1111111111111111}, "National Institute of Technology Hamirpur": {"Citation Count": 55.0, "Publication Count": 1.0}, "Oak Ridge National Laboratory": {"Citation Count": 869.0, "Publication Count": 5.0}, "Bloomberg (United States)": {"Citation Count": 11.0, "Publication Count": 0.3333333333333333}, "Delft University of Technology": {"Citation Count": 22.0, "Publication Count": 0.6666666666666666}, "University of Macedonia": {"Citation Count": 32.0, "Publication Count": 1.0}, "Georgia Institute of Technology": {"Citation Count": 69.0, "Publication Count": 1.25}, "Brazilian Army Geographic Service": {"Citation Count": 15.333333333333332, "Publication Count": 0.3333333333333333}, "University of Ja\u00e9n": {"Citation Count": 30.666666666666664, "Publication Count": 0.6666666666666666}, "Michigan State University": {"Citation Count": 49.5, "Publication Count": 0.25}, "Yahoo (United States)": {"Citation Count": 49.5, "Publication Count": 0.25}, "IBM (United States)": {"Citation Count": 49.5, "Publication Count": 0.25}, "Arizona State University": {"Citation Count": 49.5, "Publication Count": 0.25}, "City, University of London": {"Citation Count": 50.5, "Publication Count": 0.5}, "Carlos III University of Madrid": {"Citation Count": 50.5, "Publication Count": 0.5}, "Jo\u017eef Stefan Institute": {"Citation Count": 3.1666666666666665, "Publication Count": 0.16666666666666666}, "University of Belgrade": {"Citation Count": 6.333333333333333,