{"Children's Hospital of Philadelphia": {"Citation Count": 1.7142857142857144, "Publication Count": 0.6964285714285714}, "Center for Autism and Related Disorders": {"Citation Count": 1.7142857142857144, "Publication Count": 0.6964285714285714}, "University of Pennsylvania": {"Citation Count": 1.0, "Publication Count": 0.375}, "Philadelphia University": {"Citation Count": 0.5714285714285714, "Publication Count": 0.23214285714285715}, "Meta (Israel)": {"Citation Count": 3443.0, "Publication Count": 1.0}}