{"university of texas at austin": {"Citation Count": 29.5, "Publication Count": 4.571428571428571}, "washington university in st louis": {"Citation Count": 3.142857142857143, "Publication Count": 0.2857142857142857}, "harvard university": {"Citation Count": 3.142857142857143, "Publication Count": 0.2857142857142857}, "shanghai jiao tong university": {"Citation Count": 14.999999999999998, "Publication Count": 2.2857142857142856}, "university of delaware": {"Citation Count": 7.0, "Publication Count": 1.6666666666666665}, "oklahoma state university stillwater": {"Citation Count": 3.0, "Publication Count": 0.3333333333333333}, "university of california san diego": {"Citation Count": 86.80952380952381, "Publication Count": 5.3809523809523805}, "intel": {"Citation Count": 18.1765873015873, "Publication Count": 3.236111111111111}, "city university of hong kong": {"Citation Count": 4.1, "Publication Count": 0.3666666666666667}, "shandong university": {"Citation Count": 8.8, "Publication Count": 1.6}, "northwestern university": {"Citation Count": 8.0, "Publication Count": 2.0}, "peking university": {"Citation Count": 192.53333333333333, "Publication Count": 4.433333333333333}, "ajou university": {"Citation Count": 2.0, "Publication Count": 1.0}, "shenzhen university": {"Citation Count": 0.3333333333333333, "Publication Count": 0.3333333333333333}, "harbin institute of technology": {"Citation Count": 0.3333333333333333, "Publication Count": 0.3333333333333333}, "chinese academy of sciences": {"Citation Count": 22.833333333333332, "Publication Count": 2.5}, "university of california santa cruz": {"Citation Count": 6.0, "Publication Count": 1.3333333333333333}, "national taiwan university": {"Citation Count": 14.583333333333334, "Publication Count": 6.583333333333333}, "university of california riverside": {"Citation Count": 82.0, "Publication Count": 2.1666666666666665}, "ecole polytechnique federale de lausanne": {"Citation Count": 8.166666666666666, "Publication Count": 0.8333333333333333}, "northwestern polytechnical university": {"Citation Count": 0.3333333333333333, "Publication Count": 0.16666666666666666}, "cornell university": {"Citation Count": 7.0, "Publication Count": 1.25}, "binghamton university": {"Citation Count": 6.666666666666666, "Publication Count": 0.16666666666666666}, "nvidia": {"Citation Count": 6.666666666666666, "Publication Count": 0.16666666666666666}, "ibm": {"Citation Count": 15.166666666666666, "Publication Count": 1.6666666666666665}, "vienna university of technology": {"Citation Count": 26.666666666666664, "Publication Count": 2.666666666666667}, "indian institute of technology madras": {"Citation Count": 15.0, "Publication Count": 1.0}, "university of florida": {"Citation Count": 10.0, "Publication Count": 1.2}, "university of maryland college park": {"Citation Count": 54.0, "Publication Count": 2.0}, "carnegie mellon university": {"Citation Count": 5.0, "Publication Count": 1.0}, "katholieke universiteit leuven": {"Citation Count": 2.333333333333333, "Publication Count": 1.3333333333333333}, "university of minnesota": {"Citation Count": 33.523809523809526, "Publication Count": 2.7738095238095237}, "fudan university": {"Citation Count": 9.0, "Publication Count": 1.6666666666666665}, "university of pittsburgh": {"Citation Count": 50.7, "Publication Count": 2.05}, "new york university abu dhabi": {"Citation Count": 10.0, "Publication Count": 1.0}, "delft university of technology": {"Citation Count": 25.0, "Publication Count": 2.0}, "technische universitat munchen": {"Citation Count": 22.4, "Publication Count": 3.1333333333333333}, "boston university": {"Citation Count": 0.5, "Publication Count": 0.16666666666666666}, "rice university": {"Citation Count": 2.6666666666666665, "Publication Count": 0.3333333333333333}, "university of california irvine": {"Citation Count": 16.5, "Publication Count": 1.9166666666666665}, "nxp semiconductors": {"Citation Count": 8.0, "Publication Count": 2.25}, "audi": {"Citation Count": 5.333333333333333, "Publication Count": 0.5833333333333333}, "bosch": {"Citation Count": 0.16666666666666666, "Publication Count": 0.16666666666666666}, "university of bremen": {"Citation Count": 1.0, "Publication Count": 0.5}, "ruhr university bochum": {"Citation Count": 1.0, "Publication Count": 0.5}, "university of notre dame": {"Citation Count": 14.742857142857144, "Publication Count": 1.592857142857143}, "purdue university": {"Citation Count": 71.21428571428572, "Publication Count": 2.2142857142857144}, "massachusetts institute of technology": {"Citation Count": 3.0714285714285716, "Publication Count": 1.0714285714285714}, "ohio state university": {"Citation Count": 0.07142857142857142, "Publication Count": 0.07142857142857142}, "georgia institute of technology": {"Citation Count": 29.071428571428573, "Publication Count": 1.1547619047619047}, "johns hopkins university": {"Citation Count": 0.07142857142857142, "Publication Count": 0.07142857142857142}, "pennsylvania state university": {"Citation Count": 4.0, "Publication Count": 1.0833333333333333}, "stanford university": {"Citation Count": 0.0, "Publication Count": 0.16666666666666666}, "university of chicago": {"Citation Count": 0.0, "Publication Count": 0.08333333333333333}, "university of california berkeley": {"Citation Count": 4.694444444444445, "Publication Count": 1.1944444444444446}, "universidade federal de santa catarina": {"Citation Count": 1.9285714285714286, "Publication Count": 0.39285714285714285}, "oracle corporation": {"Citation Count": 1.7142857142857142, "Publication Count": 0.5714285714285714}, "university of wisconsin madison": {"Citation Count": 6.0, "Publication Count": 1.0}, "university of new south wales": {"Citation Count": 4.5, "Publication Count": 0.75}, "university of peradeniya": {"Citation Count": 1.5, "Publication Count": 0.25}, "university of texas at san antonio": {"Citation Count": 2.6666666666666665, "Publication Count": 0.3333333333333333}, "george mason university": {"Citation Count": 27.333333333333332, "Publication Count": 1.6666666666666665}, "synopsys": {"Citation Count": 4.333333333333333, "Publication Count": 1.5833333333333333}, "syracuse university": {"Citation Count": 29.333333333333332, "Publication Count": 0.3333333333333333}, "chinese ministry of education": {"Citation Count": 0.0, "Publication Count": 0.8}, "hong kong university of science and technology": {"Citation Count": 20.2, "Publication Count": 1.7333333333333334}, "nanyang technological university": {"Citation Count": 5.0, "Publication Count": 0.5}, "huazhong university of science and technology": {"Citation Count": 25.3, "Publication Count": 2.1}, "chongqing university": {"Citation Count": 17.8, "Publication Count": 1.1333333333333333}, "inha university": {"Citation Count": 1.2000000000000002, "Publication Count": 0.2}, "seoul national university": {"Citation Count": 17.8, "Publication Count": 1.9666666666666668}, "aalto university": {"Citation Count": 12.375, "Publication Count": 0.375}, "technische universitat darmstadt": {"Citation Count": 12.375, "Publication Count": 0.375}, "university of duisburg essen": {"Citation Count": 4.125, "Publication Count": 0.125}, "academia sinica": {"Citation Count": 12.0, "Publication Count": 1.4285714285714286}, "tsinghua university": {"Citation Count": 115.37142857142857, "Publication Count": 7.504761904761905}, "university of california santa barbara": {"Citation Count": 9.357142857142856, "Publication Count": 0.6428571428571428}, "brown university": {"Citation Count": 40.0, "Publication Count": 1.0}, "ulsan national institute of science and technology": {"Citation Count": 47.0, "Publication Count": 2.0}, "university of california los angeles": {"Citation Count": 107.0, "Publication Count": 2.5}, "university of southern california": {"Citation Count": 10.25, "Publication Count": 2.5}, "columbia university": {"Citation Count": 1.0, "Publication Count": 2.0}, "university of trento": {"Citation Count": 2.5,