{"karlsruhe institute of technology": {"Citation Count": 358.8333333333333, "Publication Count": 4.333333333333333}, "national university of singapore": {"Citation Count": 324.3666666666667, "Publication Count": 3.966666666666667}, "university of california san diego": {"Citation Count": 90.26666666666667, "Publication Count": 4.933333333333334}, "university of bologna": {"Citation Count": 23.733333333333334, "Publication Count": 0.7333333333333334}, "national taiwan university": {"Citation Count": 138.46666666666664, "Publication Count": 10.566666666666666}, "synopsys": {"Citation Count": 33.2, "Publication Count": 2.8142857142857145}, "university of pittsburgh": {"Citation Count": 104.04761904761904, "Publication Count": 2.714285714285714}, "nanyang technological university": {"Citation Count": 20.476190476190474, "Publication Count": 1.4761904761904763}, "texas a m university": {"Citation Count": 38.05952380952381, "Publication Count": 1.4345238095238095}, "carnegie mellon university": {"Citation Count": 74.06666666666666, "Publication Count": 2.7333333333333334}, "university of california los angeles": {"Citation Count": 54.63333333333333, "Publication Count": 1.7666666666666668}, "university of calcutta": {"Citation Count": 10.333333333333332, "Publication Count": 0.3333333333333333}, "university of illinois at urbana champaign": {"Citation Count": 18.2, "Publication Count": 1.0857142857142859}, "peking university": {"Citation Count": 41.53333333333333, "Publication Count": 1.1333333333333333}, "rice university": {"Citation Count": 42.33333333333333, "Publication Count": 1.6666666666666665}, "university of massachusetts amherst": {"Citation Count": 27.0, "Publication Count": 1.3333333333333333}, "purdue university": {"Citation Count": 396.3333333333333, "Publication Count": 5.0}, "princeton university": {"Citation Count": 11.333333333333332, "Publication Count": 0.6666666666666666}, "katholieke universiteit leuven": {"Citation Count": 12.333333333333334, "Publication Count": 1.8333333333333335}, "arizona state university": {"Citation Count": 74.0, "Publication Count": 2.0}, "tsinghua university": {"Citation Count": 43.0, "Publication Count": 1.5}, "university of edinburgh": {"Citation Count": 18.0, "Publication Count": 1.0}, "university of new south wales": {"Citation Count": 18.0, "Publication Count": 2.5}, "eindhoven university of technology": {"Citation Count": 4.4, "Publication Count": 0.2}, "delft university of technology": {"Citation Count": 4.4, "Publication Count": 1.2}, "polytechnic institute of porto": {"Citation Count": 4.4, "Publication Count": 0.2}, "kaiserslautern university of technology": {"Citation Count": 8.8, "Publication Count": 0.4}, "imec": {"Citation Count": 11.0, "Publication Count": 1.0}, "center for information technology": {"Citation Count": 10.0, "Publication Count": 0.5}, "portland state university": {"Citation Count": 20.75, "Publication Count": 1.75}, "the chinese university of hong kong": {"Citation Count": 202.64999999999998, "Publication Count": 5.95}, "university of cincinnati": {"Citation Count": 2.55, "Publication Count": 0.45}, "indian institute of technology kharagpur": {"Citation Count": 15.25, "Publication Count": 1.0}, "university of glasgow": {"Citation Count": 7.0, "Publication Count": 1.0}, "technische universitat munchen": {"Citation Count": 48.0, "Publication Count": 1.5}, "intel": {"Citation Count": 73.18333333333334, "Publication Count": 3.2750000000000004}, "pennsylvania state university": {"Citation Count": 89.36666666666666, "Publication Count": 1.9333333333333331}, "eth zurich": {"Citation Count": 12.0, "Publication Count": 1.3333333333333333}, "nvidia": {"Citation Count": 8.833333333333332, "Publication Count": 0.5}, "chinese academy of sciences": {"Citation Count": 11.0, "Publication Count": 1.0}, "university of turku": {"Citation Count": 83.0, "Publication Count": 1.0}, "utah state university": {"Citation Count": 21.0, "Publication Count": 3.0}, "university of southern california": {"Citation Count": 82.0, "Publication Count": 2.0}, "university of cambridge": {"Citation Count": 1.2000000000000002, "Publication Count": 0.4}, "university of catania": {"Citation Count": 1.7999999999999998, "Publication Count": 0.6}, "duke university": {"Citation Count": 23.866666666666667, "Publication Count": 1.0666666666666667}, "national cheng kung university": {"Citation Count": 5.333333333333333, "Publication Count": 0.3333333333333333}, "tufts university": {"Citation Count": 0.0, "Publication Count": 0.75}, "university of texas at austin": {"Citation Count": 79.73333333333333, "Publication Count": 3.7333333333333334}, "university of california riverside": {"Citation Count": 38.0, "Publication Count": 1.6666666666666665}, "ecole polytechnique federale de lausanne": {"Citation Count": 33.0, "Publication Count": 2.333333333333333}, "ibm": {"Citation Count": 71.61904761904762, "Publication Count": 3.154761904761905}, "columbia university": {"Citation Count": 122.66666666666667, "Publication Count": 2.1666666666666665}, "ecole normale superieure de cachan": {"Citation Count": 8.333333333333332, "Publication Count": 0.3333333333333333}, "university of rennes": {"Citation Count": 16.666666666666664, "Publication Count": 0.6666666666666666}, "polytechnic university of milan": {"Citation Count": 43.0, "Publication Count": 1.6666666666666665}, "qualcomm": {"Citation Count": 29.666666666666664, "Publication Count": 1.3333333333333333}, "polytechnic university of catalonia": {"Citation Count": 0.2, "Publication Count": 0.2}, "barcelona supercomputing center": {"Citation Count": 3.4000000000000004, "Publication Count": 1.0}, "spanish national research council": {"Citation Count": 1.6, "Publication Count": 0.4}, "mcgill university": {"Citation Count": 1.0, "Publication Count": 1.0}, "georgia institute of technology": {"Citation Count": 143.75, "Publication Count": 4.75}, "syracuse university": {"Citation Count": 11.0, "Publication Count": 1.0}, "rwth aachen university": {"Citation Count": 41.285714285714285, "Publication Count": 1.7142857142857144}, "huawei": {"Citation Count": 7.7142857142857135, "Publication Count": 0.2857142857142857}, "university of new mexico": {"Citation Count": 4.333333333333333, "Publication Count": 0.3333333333333333}, "case western reserve university": {"Citation Count": 40.0, "Publication Count": 1.5}, "university of california berkeley": {"Citation Count": 63.57142857142857, "Publication Count": 2.488095238095238}, "university of utah": {"Citation Count": 2.333333333333333, "Publication Count": 0.3333333333333333}, "national chiao tung university": {"Citation Count": 23.726190476190474, "Publication Count": 1.3690476190476188}, "national tsing hua university": {"Citation Count": 35.0, "Publication Count": 1.0}, "cadence design systems": {"Citation Count": 8.583333333333332, "Publication Count": 0.5833333333333333}, "pdf solutions": {"Citation Count": 4.2, "Publication Count": 0.2}, "centre national de la recherche scientifique": {"Citation Count": 9.0, "Publication Count": 1.0}, "brown university": {"Citation Count": 27.333333333333332, "Publication Count": 1.6666666666666665}, "cisco systems inc": {"Citation Count": 6.6000000000000005, "Publication Count": 0.2}, "seoul national university": {"Citation Count": 48.2, "Publication Count": 3.1333333333333333}, "lawrence berkeley national laboratory": {"Citation Count": 4.0, "Publication Count": 0.08333333333333333}, "lund university": {"Citation Count": 13.0, "Publication Count": 1.0}, "new york university": {"Citation Count": 67.0, "Publication Count": 1.0}, "michigan technological university": {"Citation Count": 15.0, "Publication Count": 2.0}, "illinois institute of technology": {"Citation Count": 6.0, "Publication Count": 1.0}, "university of minnesota": {"Citation Count": 36.57142857142857, "Publication Count": 1.1428571428571428}, "stanford university": {"Citation Count": 69.73333333333335, "Publication Count": 1.6976190476190478},