{"rice university": {"Citation Count": 56.00000000000001, "Publication Count": 1.7333333333333332}, "intel": {"Citation Count": 14.666666666666666, "Publication Count": 2.4999999999999996}, "georgia institute of technology": {"Citation Count": 79.71666666666667, "Publication Count": 4.65}, "national tsing hua university": {"Citation Count": 43.266666666666666, "Publication Count": 3.4333333333333336}, "university of illinois at urbana champaign": {"Citation Count": 42.32380952380952, "Publication Count": 4.638095238095238}, "mentor graphics": {"Citation Count": 31.85, "Publication Count": 1.7833333333333332}, "industrial technology research institute": {"Citation Count": 2.4000000000000004, "Publication Count": 0.4}, "texas a m university": {"Citation Count": 10.0, "Publication Count": 2.6666666666666665}, "poznan university of technology": {"Citation Count": 1.6, "Publication Count": 0.4}, "karlsruhe institute of technology": {"Citation Count": 272.2, "Publication Count": 8.9}, "arizona state university": {"Citation Count": 47.16666666666667, "Publication Count": 2.8333333333333335}, "eth zurich": {"Citation Count": 40.133333333333326, "Publication Count": 2.933333333333333}, "university of erlangen nuremberg": {"Citation Count": 17.866666666666664, "Publication Count": 1.5333333333333332}, "university of pittsburgh": {"Citation Count": 196.33333333333334, "Publication Count": 4.833333333333334}, "ecole polytechnique federale de lausanne": {"Citation Count": 103.0, "Publication Count": 2.0}, "braunschweig university of technology": {"Citation Count": 34.5, "Publication Count": 2.25}, "university of california berkeley": {"Citation Count": 43.8, "Publication Count": 2.4}, "general motors": {"Citation Count": 10.2, "Publication Count": 1.6}, "technische universitat munchen": {"Citation Count": 37.39, "Publication Count": 2.5700000000000003}, "polytechnic university of catalonia": {"Citation Count": 11.866666666666667, "Publication Count": 0.5666666666666667}, "spanish national research council": {"Citation Count": 7.2666666666666675, "Publication Count": 0.3666666666666667}, "airbus": {"Citation Count": 2.6666666666666665, "Publication Count": 0.16666666666666666}, "barcelona supercomputing center": {"Citation Count": 21.53333333333333, "Publication Count": 1.7333333333333334}, "infineon technologies": {"Citation Count": 33.742222222222225, "Publication Count": 2.6377777777777784}, "national chiao tung university": {"Citation Count": 29.875, "Publication Count": 3.125}, "massachusetts institute of technology": {"Citation Count": 7.333333333333333, "Publication Count": 0.6666666666666666}, "carnegie mellon university": {"Citation Count": 66.75, "Publication Count": 2.5}, "fudan university": {"Citation Count": 16.4, "Publication Count": 1.4}, "masdar institute of science and technology": {"Citation Count": 1.8333333333333333, "Publication Count": 0.16666666666666666}, "pdf solutions": {"Citation Count": 3.6666666666666665, "Publication Count": 0.3333333333333333}, "ajou university": {"Citation Count": 3.6666666666666665, "Publication Count": 0.16666666666666666}, "seoul national university": {"Citation Count": 31.276190476190475, "Publication Count": 2.752380952380952}, "chonbuk national university": {"Citation Count": 3.6666666666666665, "Publication Count": 0.16666666666666666}, "university of stuttgart": {"Citation Count": 14.222222222222221, "Publication Count": 0.9444444444444444}, "university of new south wales": {"Citation Count": 35.0, "Publication Count": 2.6}, "case western reserve university": {"Citation Count": 26.0, "Publication Count": 2.0}, "city university of hong kong": {"Citation Count": 34.8, "Publication Count": 2.15}, "national taiwan university": {"Citation Count": 79.38333333333333, "Publication Count": 6.783333333333334}, "northeastern university": {"Citation Count": 12.8, "Publication Count": 1.2}, "technical university of dortmund": {"Citation Count": 15.05, "Publication Count": 1.45}, "national university of singapore": {"Citation Count": 129.0, "Publication Count": 1.5}, "yonsei university": {"Citation Count": 19.0, "Publication Count": 1.0}, "center for information technology": {"Citation Count": 63.45, "Publication Count": 3.05}, "french institute for research in computer science and automation": {"Citation Count": 2.5, "Publication Count": 0.16666666666666666}, "daimler ag": {"Citation Count": 10.25, "Publication Count": 1.0833333333333333}, "etas group": {"Citation Count": 1.0, "Publication Count": 1.0}, "university of california los angeles": {"Citation Count": 127.13333333333334, "Publication Count": 5.2}, "university of california irvine": {"Citation Count": 28.93333333333333, "Publication Count": 2.2666666666666666}, "national taiwan university of science and technology": {"Citation Count": 9.0, "Publication Count": 0.3333333333333333}, "iowa state university": {"Citation Count": 46.33333333333333, "Publication Count": 1.6666666666666665}, "university of texas at austin": {"Citation Count": 91.66666666666667, "Publication Count": 3.3333333333333335}, "stanford university": {"Citation Count": 7.428571428571428, "Publication Count": 0.2857142857142857}, "synopsys": {"Citation Count": 3.714285714285714, "Publication Count": 0.14285714285714285}, "ibm": {"Citation Count": 56.83333333333333, "Publication Count": 8.5}, "indian institute of technology bombay": {"Citation Count": 14.0, "Publication Count": 0.3333333333333333}, "qualcomm": {"Citation Count": 51.25, "Publication Count": 1.25}, "sharif university of technology": {"Citation Count": 30.0, "Publication Count": 2.0}, "university of south florida": {"Citation Count": 35.0, "Publication Count": 2.0}, "samsung": {"Citation Count": 9.2, "Publication Count": 0.7}, "university of virginia": {"Citation Count": 53.33333333333333, "Publication Count": 3.4666666666666663}, "pennsylvania state university": {"Citation Count": 60.49999999999999, "Publication Count": 2.6333333333333333}, "cornell university": {"Citation Count": 15.75, "Publication Count": 0.75}, "xilinx": {"Citation Count": 14.25, "Publication Count": 1.25}, "princeton university": {"Citation Count": 17.0, "Publication Count": 1.0}, "university of california riverside": {"Citation Count": 105.60714285714286, "Publication Count": 2.4642857142857144}, "university of california san diego": {"Citation Count": 34.58571428571428, "Publication Count": 1.9690476190476187}, "facebook": {"Citation Count": 5.5, "Publication Count": 0.25}, "university at buffalo": {"Citation Count": 2.6, "Publication Count": 0.2}, "academia sinica": {"Citation Count": 7.25, "Publication Count": 0.75}, "polytechnic institute of porto": {"Citation Count": 2.0, "Publication Count": 0.25}, "university of connecticut": {"Citation Count": 73.0, "Publication Count": 2.0}, "university of maryland college park": {"Citation Count": 58.0, "Publication Count": 1.0}, "universiti teknologi petronas": {"Citation Count": 3.0, "Publication Count": 1.0}, "mcgill university": {"Citation Count": 2.6666666666666665, "Publication Count": 0.8666666666666667}, "the chinese university of hong kong": {"Citation Count": 46.333333333333336, "Publication Count": 2.333333333333333}, "malardalen university college": {"Citation Count": 1.0, "Publication Count": 0.5}, "volvo": {"Citation Count": 0.6666666666666666, "Publication Count": 0.3333333333333333}, "scania ab": {"Citation Count": 0.3333333333333333, "Publication Count": 0.16666666666666666}, "audi": {"Citation Count": 1.5555555555555554, "Publication Count": 0.1111111111111111}, "missouri university of science and technology": {"Citation Count": 2.6666666666666665, "Publication Count": 0.3333333333333333}, "university of turku": {"Citation Count": 9.0, "Publication Count": 1.0}, "xi an jiaotong university": {"Citation Count": 19.0, "Publication Count": 1.0}, "university of michigan": {"Citation Count": 70.0, "Publication Count": 3.0}, "hong kong university of science and technology": {"Citation Count": 4.4,