{"infineon technologies": {"Citation Count": 8.8, "Publication Count": 1.4}, "technische universitat munchen": {"Citation Count": 35.7, "Publication Count": 2.85}, "honda": {"Citation Count": 1.0, "Publication Count": 1.0}, "university of california berkeley": {"Citation Count": 41.66666666666667, "Publication Count": 3.333333333333333}, "denso": {"Citation Count": 8.833333333333334, "Publication Count": 0.6666666666666666}, "ibm": {"Citation Count": 11.283333333333333, "Publication Count": 1.3166666666666667}, "university of california san diego": {"Citation Count": 87.60000000000001, "Publication Count": 5.0}, "carnegie mellon university": {"Citation Count": 47.67142857142857, "Publication Count": 3.8976190476190475}, "washington state university": {"Citation Count": 4.0, "Publication Count": 0.5714285714285714}, "ecole centrale de lyon": {"Citation Count": 3.75, "Publication Count": 0.75}, "university of grenoble": {"Citation Count": 1.25, "Publication Count": 0.25}, "university of california los angeles": {"Citation Count": 68.0, "Publication Count": 4.666666666666666}, "texas a m university": {"Citation Count": 128.0, "Publication Count": 2.416666666666667}, "nanjing university of aeronautics and astronautics": {"Citation Count": 5.800000000000001, "Publication Count": 0.2}, "university of california santa barbara": {"Citation Count": 46.93333333333334, "Publication Count": 1.5666666666666667}, "university of california santa cruz": {"Citation Count": 9.633333333333333, "Publication Count": 0.3666666666666667}, "nvidia": {"Citation Count": 6.800000000000001, "Publication Count": 0.5333333333333333}, "university of pittsburgh": {"Citation Count": 277.7601731601731, "Publication Count": 9.037878787878787}, "national chiao tung university": {"Citation Count": 41.57142857142856, "Publication Count": 3.107142857142857}, "city university of hong kong": {"Citation Count": 42.80952380952381, "Publication Count": 1.2857142857142856}, "national cheng kung university": {"Citation Count": 6.0, "Publication Count": 0.14285714285714285}, "tsinghua university": {"Citation Count": 235.46406926406925, "Publication Count": 7.310389610389611}, "san francisco state university": {"Citation Count": 18.52727272727273, "Publication Count": 0.19090909090909092}, "air force research laboratory": {"Citation Count": 41.18311688311689, "Publication Count": 0.7341991341991342}, "shanghai jiao tong university": {"Citation Count": 6.533333333333333, "Publication Count": 0.8666666666666667}, "duke university": {"Citation Count": 0.8333333333333333, "Publication Count": 0.16666666666666666}, "the chinese university of hong kong": {"Citation Count": 10.833333333333334, "Publication Count": 1.1666666666666667}, "cornell university": {"Citation Count": 15.0, "Publication Count": 3.0}, "university of erlangen nuremberg": {"Citation Count": 18.0, "Publication Count": 1.8}, "audi": {"Citation Count": 1.0, "Publication Count": 0.2}, "chinese academy of sciences": {"Citation Count": 24.0, "Publication Count": 2.0}, "oklahoma state university stillwater": {"Citation Count": 41.56666666666667, "Publication Count": 1.2833333333333334}, "chongqing university": {"Citation Count": 18.6, "Publication Count": 1.2}, "nanjing university": {"Citation Count": 10.600000000000001, "Publication Count": 0.4}, "eth zurich": {"Citation Count": 99.0, "Publication Count": 2.0}, "arizona state university": {"Citation Count": 4.4, "Publication Count": 0.4}, "yonsei university": {"Citation Count": 16.6, "Publication Count": 1.6}, "purdue university": {"Citation Count": 275.1, "Publication Count": 4.966666666666667}, "samsung": {"Citation Count": 14.07857142857143, "Publication Count": 2.0214285714285714}, "national taiwan university": {"Citation Count": 51.93333333333333, "Publication Count": 6.466666666666667}, "university of texas at austin": {"Citation Count": 53.75, "Publication Count": 4.8}, "qualcomm": {"Citation Count": 9.100000000000001, "Publication Count": 0.9}, "princeton university": {"Citation Count": 9.4, "Publication Count": 0.2}, "polytechnic university of milan": {"Citation Count": 8.0, "Publication Count": 1.0}, "intel": {"Citation Count": 77.05000000000001, "Publication Count": 1.575}, "technische universitat darmstadt": {"Citation Count": 734.95, "Publication Count": 2.55}, "ulsan national institute of science and technology": {"Citation Count": 36.0, "Publication Count": 2.25}, "university of illinois at urbana champaign": {"Citation Count": 49.0, "Publication Count": 3.5}, "rice university": {"Citation Count": 20.25, "Publication Count": 0.75}, "university of california irvine": {"Citation Count": 74.4, "Publication Count": 3.4}, "nanyang technological university": {"Citation Count": 30.5, "Publication Count": 1.5}, "barcelona supercomputing center": {"Citation Count": 18.116666666666667, "Publication Count": 1.883333333333333}, "polytechnic university of valencia": {"Citation Count": 9.0, "Publication Count": 0.6}, "braunschweig university of technology": {"Citation Count": 21.0, "Publication Count": 2.0}, "technische universitat ilmenau": {"Citation Count": 4.25, "Publication Count": 0.25}, "stony brook university": {"Citation Count": 6.0, "Publication Count": 0.3333333333333333}, "mentor graphics": {"Citation Count": 94.05714285714286, "Publication Count": 1.9619047619047618}, "university of bremen": {"Citation Count": 24.0, "Publication Count": 2.0}, "imperial college london": {"Citation Count": 3.333333333333333, "Publication Count": 0.6666666666666666}, "airbus group": {"Citation Count": 1.6666666666666665, "Publication Count": 0.3333333333333333}, "cadence design systems": {"Citation Count": 7.666666666666667, "Publication Count": 1.3333333333333333}, "university of massachusetts amherst": {"Citation Count": 47.32727272727273, "Publication Count": 0.890909090909091}, "university of southern brittany": {"Citation Count": 9.4, "Publication Count": 0.2}, "stanford university": {"Citation Count": 20.75, "Publication Count": 1.75}, "bosch": {"Citation Count": 18.0, "Publication Count": 1.0}, "indian institute of technology bombay": {"Citation Count": 5.0, "Publication Count": 1.0}, "virginia tech": {"Citation Count": 13.2, "Publication Count": 1.4}, "french institute for research in computer science and automation": {"Citation Count": 1.6, "Publication Count": 0.2}, "toyota": {"Citation Count": 3.2, "Publication Count": 0.4}, "ochanomizu university": {"Citation Count": 3.5, "Publication Count": 0.5}, "university of passau": {"Citation Count": 12.0, "Publication Count": 1.0}, "utah state university": {"Citation Count": 7.0, "Publication Count": 1.0}, "korea university": {"Citation Count": 10.25, "Publication Count": 0.75}, "university of south florida": {"Citation Count": 61.5, "Publication Count": 2.0}, "microsoft": {"Citation Count": 28.7, "Publication Count": 0.7}, "iowa state university": {"Citation Count": 8.666666666666666, "Publication Count": 1.3333333333333333}, "national tsing hua university": {"Citation Count": 15.828571428571427, "Publication Count": 0.9023809523809525}, "synopsys": {"Citation Count": 4.0, "Publication Count": 1.3333333333333333}, "university of central florida": {"Citation Count": 80.55, "Publication Count": 1.1749999999999998}, "university of tennessee": {"Citation Count": 30.0, "Publication Count": 1.0}, "case western reserve university": {"Citation Count": 22.25, "Publication Count": 0.75}, "university of wisconsin madison": {"Citation Count": 5.0, "Publication Count": 1.0}, "seoul national university": {"Citation Count": 19.666666666666664, "Publication Count": 1.6666666666666665}, "georgia institute of technology": {"Citation Count": 25.07142857142857, "Publication Count": 2.928571428571429}, "vanderbilt university": {"Citation Count": 16.8, "Publication Count": 0.8}, "northeastern university": {"Citation Count": 7.0, "Publication Count": 1.0}, "university of new south wales": {"Citation Count": 7.2, "Publication Count": 0.4},