{"harvard university": {"Citation Count": 6.125, "Publication Count": 1.1607142857142856}, "pacific northwest national laboratory": {"Citation Count": 0.0, "Publication Count": 0.7142857142857143}, "technische universitat darmstadt": {"Citation Count": 1.0857142857142859, "Publication Count": 3.0857142857142854}, "katholieke universiteit leuven": {"Citation Count": 2.6000000000000005, "Publication Count": 1.0}, "university of milan": {"Citation Count": 0.75, "Publication Count": 0.75}, "university of pisa": {"Citation Count": 0.25, "Publication Count": 0.25}, "university of california san diego": {"Citation Count": 24.619047619047617, "Publication Count": 6.285714285714285}, "intel": {"Citation Count": 11.195238095238095, "Publication Count": 3.711904761904761}, "eth zurich": {"Citation Count": 4.666666666666667, "Publication Count": 1.6666666666666665}, "huawei": {"Citation Count": 0.8333333333333333, "Publication Count": 0.8333333333333333}, "university of michigan": {"Citation Count": 4.666666666666666, "Publication Count": 4.833333333333333}, "tsinghua university": {"Citation Count": 20.964285714285715, "Publication Count": 10.157142857142858}, "northeastern university": {"Citation Count": 25.066666666666666, "Publication Count": 4.433333333333334}, "xi an jiaotong university": {"Citation Count": 1.8333333333333333, "Publication Count": 0.6666666666666666}, "college of william mary": {"Citation Count": 2.8000000000000003, "Publication Count": 0.2}, "university of alabama": {"Citation Count": 2.8000000000000003, "Publication Count": 0.2}, "bmw": {"Citation Count": 2.2857142857142856, "Publication Count": 0.5714285714285714}, "technische universitat munchen": {"Citation Count": 1.7142857142857142, "Publication Count": 1.3285714285714285}, "georgia institute of technology": {"Citation Count": 23.961111111111112, "Publication Count": 4.4222222222222225}, "national university of defense technology": {"Citation Count": 5.0, "Publication Count": 2.0}, "center for discrete mathematics and theoretical computer science": {"Citation Count": 0.0, "Publication Count": 1.1666666666666665}, "fudan university": {"Citation Count": 10.307142857142857, "Publication Count": 3.5924603174603176}, "national taiwan university": {"Citation Count": 8.885714285714286, "Publication Count": 7.2595238095238095}, "purdue university": {"Citation Count": 19.0, "Publication Count": 2.0}, "yuan ze university": {"Citation Count": 0.0, "Publication Count": 0.6666666666666666}, "national central university": {"Citation Count": 0.0, "Publication Count": 0.7333333333333334}, "kaist": {"Citation Count": 1.6666666666666665, "Publication Count": 1.6666666666666665}, "google": {"Citation Count": 0.5, "Publication Count": 1.75}, "louisiana state university": {"Citation Count": 1.0, "Publication Count": 1.0}, "tianjin university": {"Citation Count": 1.0, "Publication Count": 0.5}, "university of florida": {"Citation Count": 1.9404761904761902, "Publication Count": 0.8452380952380951}, "kansas state university": {"Citation Count": 0.3333333333333333, "Publication Count": 0.16666666666666666}, "nvidia": {"Citation Count": 25.25, "Publication Count": 2.25}, "cornell university": {"Citation Count": 2.0865384615384617, "Publication Count": 0.40384615384615385}, "peking university": {"Citation Count": 6.019047619047619, "Publication Count": 3.509523809523809}, "hanyang university": {"Citation Count": 1.1904761904761905, "Publication Count": 1.1904761904761905}, "samsung": {"Citation Count": 25.142857142857142, "Publication Count": 1.4761904761904763}, "university of texas at dallas": {"Citation Count": 6.083333333333333, "Publication Count": 1.0416666666666665}, "carnegie mellon university": {"Citation Count": 1.3333333333333333, "Publication Count": 0.6666666666666666}, "stanford university": {"Citation Count": 7.948717948717949, "Publication Count": 2.105128205128205}, "delft university of technology": {"Citation Count": 0.0, "Publication Count": 0.75}, "nanyang technological university": {"Citation Count": 6.0, "Publication Count": 0.75}, "university of alabama in huntsville": {"Citation Count": 0.0, "Publication Count": 1.0}, "university of california santa barbara": {"Citation Count": 3.810714285714286, "Publication Count": 2.467857142857143}, "chinese academy of sciences": {"Citation Count": 7.1, "Publication Count": 4.675396825396826}, "national tsing hua university": {"Citation Count": 6.2, "Publication Count": 2.6}, "washington state university": {"Citation Count": 2.0, "Publication Count": 1.3333333333333333}, "university of pittsburgh": {"Citation Count": 7.6000000000000005, "Publication Count": 3.8}, "university of notre dame": {"Citation Count": 16.62222222222222, "Publication Count": 1.6444444444444444}, "university of southern california": {"Citation Count": 0.0, "Publication Count": 1.0}, "seoul national university": {"Citation Count": 15.4, "Publication Count": 4.466666666666667}, "princeton university": {"Citation Count": 0.0, "Publication Count": 1.0}, "the chinese university of hong kong": {"Citation Count": 9.488095238095237, "Publication Count": 3.6845238095238098}, "dalian university of technology": {"Citation Count": 2.5, "Publication Count": 0.5}, "university of erlangen nuremberg": {"Citation Count": 7.0, "Publication Count": 3.0}, "brno university of technology": {"Citation Count": 1.2, "Publication Count": 0.6}, "vienna university of technology": {"Citation Count": 18.05, "Publication Count": 3.35}, "chongqing university": {"Citation Count": 0.5, "Publication Count": 1.6666666666666665}, "aalto university": {"Citation Count": 0.5, "Publication Count": 0.5}, "ibm": {"Citation Count": 4.666666666666666, "Publication Count": 2.4166666666666665}, "yonsei university": {"Citation Count": 2.1666666666666665, "Publication Count": 0.9166666666666665}, "advanced micro devices": {"Citation Count": 3.75, "Publication Count": 0.75}, "east china normal university": {"Citation Count": 0.0, "Publication Count": 0.85}, "city university of hong kong": {"Citation Count": 0.0, "Publication Count": 0.4}, "national university of singapore": {"Citation Count": 1.619047619047619, "Publication Count": 0.8761904761904762}, "university of north carolina at chapel hill": {"Citation Count": 0.6000000000000001, "Publication Count": 0.4}, "universidade federal do rio grande do sul": {"Citation Count": 0.0, "Publication Count": 1.9}, "infineon technologies": {"Citation Count": 0.0, "Publication Count": 0.5}, "qualcomm": {"Citation Count": 1.2000000000000002, "Publication Count": 0.7}, "texas a m university": {"Citation Count": 0.0, "Publication Count": 0.5}, "polytechnic university of turin": {"Citation Count": 12.0, "Publication Count": 2.5}, "huazhong university of science and technology": {"Citation Count": 2.3392857142857144, "Publication Count": 3.005952380952381}, "tencent": {"Citation Count": 0.39285714285714285, "Publication Count": 0.39285714285714285}, "new york university": {"Citation Count": 0.125, "Publication Count": 0.125}, "alibaba group": {"Citation Count": 6.666666666666667, "Publication Count": 2.0095238095238095}, "johannes kepler university of linz": {"Citation Count": 12.333333333333334, "Publication Count": 1.9166666666666665}, "southern university of science and technology": {"Citation Count": 0.0, "Publication Count": 1.0}, "syracuse university": {"Citation Count": 8.0, "Publication Count": 1.0}, "pennsylvania state university": {"Citation Count": 14.0, "Publication Count": 2.0}, "university of science and technology of china": {"Citation Count": 4.0, "Publication Count": 1.0}, "technical university of dortmund": {"Citation Count": 0.8, "Publication Count": 0.4}, "bosch": {"Citation Count": 1.2, "Publication Count": 1.1}, "shanghai jiao tong university": {"Citation Count": 9.0, "Publication Count": 2.444444444444444}, "korea university": {"Citation Count": 4.2, "Publication Count": 1.8}, "sookmyung women s university": {"Citation Count": 0.8, "Publication Count": 0.2},