{"duke university": {"Citation Count": 232.14285714285714, "Publication Count": 0.7142857142857143}, "drexel university": {"Citation Count": 46.42857142857142, "Publication Count": 0.14285714285714285}, "stanford university": {"Citation Count": 49.42857142857142, "Publication Count": 0.6428571428571428}, "university of ferrara": {"Citation Count": 10.666666666666666, "Publication Count": 0.3333333333333333}, "university of perugia": {"Citation Count": 10.666666666666666, "Publication Count": 0.3333333333333333}, "university of bologna": {"Citation Count": 19.666666666666664, "Publication Count": 0.8333333333333333}, "siemens": {"Citation Count": 9.0, "Publication Count": 0.5}, "procter gamble": {"Citation Count": 0.0, "Publication Count": 0.5}, "baxter international": {"Citation Count": 0.0, "Publication Count": 0.5}, "intel": {"Citation Count": 116.1190476190476, "Publication Count": 2.9761904761904763}, "university of twente": {"Citation Count": 55.0, "Publication Count": 1.0}, "renesas electronics": {"Citation Count": 1.6190476190476188, "Publication Count": 0.30952380952380953}, "university of california san diego": {"Citation Count": 0.3333333333333333, "Publication Count": 0.16666666666666666}, "stmicroelectronics": {"Citation Count": 8.619047619047619, "Publication Count": 1.0595238095238095}, "nvidia": {"Citation Count": 0.3333333333333333, "Publication Count": 0.16666666666666666}, "samsung": {"Citation Count": 0.3333333333333333, "Publication Count": 0.16666666666666666}, "ibm": {"Citation Count": 70.33333333333333, "Publication Count": 1.1666666666666667}, "university of texas at austin": {"Citation Count": 19.5, "Publication Count": 0.75}, "freescale semiconductor": {"Citation Count": 26.0, "Publication Count": 0.5}, "university of california santa barbara": {"Citation Count": 13.0, "Publication Count": 0.25}, "texas instruments": {"Citation Count": 2.2857142857142856, "Publication Count": 1.1428571428571428}, "advanced micro devices": {"Citation Count": 8.0, "Publication Count": 0.75}, "university of verona": {"Citation Count": 18.0, "Publication Count": 0.75}, "national central university": {"Citation Count": 27.25, "Publication Count": 1.25}, "national tsing hua university": {"Citation Count": 36.25, "Publication Count": 1.25}, "princeton university": {"Citation Count": 1.2857142857142856, "Publication Count": 0.14285714285714285}, "infineon technologies": {"Citation Count": 33.285714285714285, "Publication Count": 0.47619047619047616}, "eembc": {"Citation Count": 1.2857142857142856, "Publication Count": 0.14285714285714285}, "nxp semiconductors": {"Citation Count": 18.0, "Publication Count": 0.75}, "texas a m university": {"Citation Count": 6.0, "Publication Count": 0.25}, "pmc sierra": {"Citation Count": 29.0, "Publication Count": 0.3333333333333333}, "university of british columbia": {"Citation Count": 214.0, "Publication Count": 1.6666666666666665}, "university of michigan": {"Citation Count": 41.666666666666664, "Publication Count": 1.6666666666666665}, "arizona state university": {"Citation Count": 6.0, "Publication Count": 1.0}, "purdue university": {"Citation Count": 3.2, "Publication Count": 0.2}, "mentor graphics": {"Citation Count": 14.4, "Publication Count": 1.4}, "university of iowa": {"Citation Count": 6.4, "Publication Count": 0.4}, "university of freiburg": {"Citation Count": 21.75, "Publication Count": 0.75}, "university of massachusetts amherst": {"Citation Count": 7.25, "Publication Count": 0.25}, "northeastern university": {"Citation Count": 42.0, "Publication Count": 1.5}, "missouri university of science and technology": {"Citation Count": 7.5, "Publication Count": 0.25}, "oklahoma state university stillwater": {"Citation Count": 7.5, "Publication Count": 0.25}, "oregon state university": {"Citation Count": 8.0, "Publication Count": 0.5}, "cadence design systems": {"Citation Count": 8.0, "Publication Count": 0.5}, "universidade federal do rio grande do sul": {"Citation Count": 38.0, "Publication Count": 1.0}, "university of pavia": {"Citation Count": 1.0, "Publication Count": 0.5}, "verigy": {"Citation Count": 1.5, "Publication Count": 0.25}, "mediatek": {"Citation Count": 6.25, "Publication Count": 0.25}, "industrial technology research institute": {"Citation Count": 6.25, "Publication Count": 0.25}, "ecole polytechnique federale de lausanne": {"Citation Count": 176.0, "Publication Count": 1.0}, "university of hawaii": {"Citation Count": 14.0, "Publication Count": 0.5}, "polytechnic university of turin": {"Citation Count": 14.0, "Publication Count": 0.5}, "university of manchester": {"Citation Count": 123.0, "Publication Count": 1.0}, "boston university": {"Citation Count": 1.5, "Publication Count": 0.5}, "ruhr university bochum": {"Citation Count": 176.5, "Publication Count": 0.5}, "philips": {"Citation Count": 176.5, "Publication Count": 0.5}, "graz university of technology": {"Citation Count": 32.0, "Publication Count": 0.3333333333333333}, "university of bristol": {"Citation Count": 32.0, "Publication Count": 0.3333333333333333}, "ecole normale superieure": {"Citation Count": 7.199999999999999, "Publication Count": 0.6}, "hewlett packard": {"Citation Count": 2.4000000000000004, "Publication Count": 0.2}, "centre national de la recherche scientifique": {"Citation Count": 2.4000000000000004, "Publication Count": 0.2}, "university of victoria": {"Citation Count": 5.0, "Publication Count": 1.0}, "cornell university": {"Citation Count": 173.0, "Publication Count": 1.0}, "motorola": {"Citation Count": 47.0, "Publication Count": 1.0}}