{"stanford university": {"Citation Count": 46.57142857142857, "Publication Count": 0.6428571428571428}, "duke university": {"Citation Count": 217.85714285714286, "Publication Count": 0.7142857142857143}, "drexel university": {"Citation Count": 43.57142857142857, "Publication Count": 0.14285714285714285}, "university of bologna": {"Citation Count": 18.666666666666664, "Publication Count": 0.8333333333333333}, "university of perugia": {"Citation Count": 9.666666666666666, "Publication Count": 0.3333333333333333}, "university of ferrara": {"Citation Count": 9.666666666666666, "Publication Count": 0.3333333333333333}, "siemens": {"Citation Count": 9.0, "Publication Count": 0.5}, "procter gamble": {"Citation Count": 0.0, "Publication Count": 0.5}, "baxter international": {"Citation Count": 0.0, "Publication Count": 0.5}, "intel": {"Citation Count": 111.5952380952381, "Publication Count": 2.9761904761904763}, "university of twente": {"Citation Count": 56.0, "Publication Count": 1.0}, "university of california san diego": {"Citation Count": 0.3333333333333333, "Publication Count": 0.16666666666666666}, "stmicroelectronics": {"Citation Count": 8.011904761904761, "Publication Count": 1.0595238095238095}, "renesas electronics": {"Citation Count": 1.7619047619047616, "Publication Count": 0.30952380952380953}, "nvidia": {"Citation Count": 0.3333333333333333, "Publication Count": 0.16666666666666666}, "samsung": {"Citation Count": 0.3333333333333333, "Publication Count": 0.16666666666666666}, "ibm": {"Citation Count": 60.333333333333336, "Publication Count": 1.1666666666666667}, "university of california santa barbara": {"Citation Count": 12.25, "Publication Count": 0.25}, "university of texas at austin": {"Citation Count": 18.25, "Publication Count": 0.75}, "freescale semiconductor": {"Citation Count": 24.5, "Publication Count": 0.5}, "texas instruments": {"Citation Count": 6.428571428571429, "Publication Count": 1.8095238095238093}, "advanced micro devices": {"Citation Count": 7.5, "Publication Count": 0.75}, "university of verona": {"Citation Count": 17.25, "Publication Count": 0.75}, "national central university": {"Citation Count": 27.25, "Publication Count": 1.25}, "national tsing hua university": {"Citation Count": 36.25, "Publication Count": 1.25}, "eembc": {"Citation Count": 1.4285714285714284, "Publication Count": 0.14285714285714285}, "infineon technologies": {"Citation Count": 30.09523809523809, "Publication Count": 0.47619047619047616}, "princeton university": {"Citation Count": 1.4285714285714284, "Publication Count": 0.14285714285714285}, "nxp semiconductors": {"Citation Count": 18.0, "Publication Count": 0.75}, "texas a m university": {"Citation Count": 6.0, "Publication Count": 0.25}, "pmc sierra": {"Citation Count": 26.666666666666664, "Publication Count": 0.3333333333333333}, "university of british columbia": {"Citation Count": 203.33333333333331, "Publication Count": 1.6666666666666665}, "university of michigan": {"Citation Count": 40.33333333333333, "Publication Count": 1.6666666666666665}, "arizona state university": {"Citation Count": 6.0, "Publication Count": 1.0}, "university of iowa": {"Citation Count": 6.0, "Publication Count": 0.4}, "mentor graphics": {"Citation Count": 11.0, "Publication Count": 1.4}, "purdue university": {"Citation Count": 3.0, "Publication Count": 0.2}, "university of freiburg": {"Citation Count": 20.25, "Publication Count": 0.75}, "university of massachusetts amherst": {"Citation Count": 6.75, "Publication Count": 0.25}, "northeastern university": {"Citation Count": 41.0, "Publication Count": 1.5}, "oklahoma state university stillwater": {"Citation Count": 7.0, "Publication Count": 0.25}, "missouri university of science and technology": {"Citation Count": 7.0, "Publication Count": 0.25}, "oregon state university": {"Citation Count": 7.5, "Publication Count": 0.5}, "cadence design systems": {"Citation Count": 7.5, "Publication Count": 0.5}, "universidade federal do rio grande do sul": {"Citation Count": 37.0, "Publication Count": 1.0}, "university of pavia": {"Citation Count": 0.5, "Publication Count": 0.5}, "verigy": {"Citation Count": 1.5, "Publication Count": 0.25}, "indian institute of technology madras": {"Citation Count": 2.0, "Publication Count": 0.3333333333333333}, "industrial technology research institute": {"Citation Count": 6.25, "Publication Count": 0.25}, "mediatek": {"Citation Count": 6.25, "Publication Count": 0.25}, "ecole polytechnique federale de lausanne": {"Citation Count": 170.0, "Publication Count": 1.0}, "university of hawaii": {"Citation Count": 13.5, "Publication Count": 0.5}, "polytechnic university of turin": {"Citation Count": 13.5, "Publication Count": 0.5}, "university of manchester": {"Citation Count": 122.0, "Publication Count": 1.0}, "boston university": {"Citation Count": 1.5, "Publication Count": 0.5}, "philips": {"Citation Count": 312.0, "Publication Count": 1.0}, "university of bristol": {"Citation Count": 28.666666666666664, "Publication Count": 0.3333333333333333}, "graz university of technology": {"Citation Count": 28.666666666666664, "Publication Count": 0.3333333333333333}, "ecole normale superieure": {"Citation Count": 6.6, "Publication Count": 0.6}, "hewlett packard": {"Citation Count": 2.2, "Publication Count": 0.2}, "centre national de la recherche scientifique": {"Citation Count": 2.2, "Publication Count": 0.2}, "university of victoria": {"Citation Count": 6.0, "Publication Count": 1.0}, "cornell university": {"Citation Count": 158.0, "Publication Count": 1.0}, "motorola": {"Citation Count": 47.0, "Publication Count": 1.0}}