{"Kansas State University": {"Citation Count": 0.2857142857142857, "Publication Count": 0.14285714285714285}, "University of Connecticut": {"Citation Count": 0.2857142857142857, "Publication Count": 0.14285714285714285}, "University of Notre Dame": {"Citation Count": 0.5714285714285714, "Publication Count": 0.2857142857142857}, "Villanova University": {"Citation Count": 0.2857142857142857, "Publication Count": 0.14285714285714285}, "University of Florida": {"Citation Count": 0.2857142857142857, "Publication Count": 0.14285714285714285}, "Syracuse University": {"Citation Count": 0.2857142857142857, "Publication Count": 0.14285714285714285}, "ESI (TNO), Eindhoven, Netherlands": {"Citation Count": 1.2, "Publication Count": 0.6}, "University of Amsterdam": {"Citation Count": 0.2, "Publication Count": 0.1}, "DEMCON, Eindhoven, Netherlands": {"Citation Count": 0.2, "Publication Count": 0.1}, "Eindhoven University of Technology": {"Citation Count": 0.4, "Publication Count": 0.2}}