{"syracuse university": {"Citation Count": 0.0, "Publication Count": 0.14285714285714285}, "university of florida": {"Citation Count": 0.0, "Publication Count": 0.14285714285714285}, "university of notre dame": {"Citation Count": 0.0, "Publication Count": 0.2857142857142857}, "villanova university": {"Citation Count": 0.0, "Publication Count": 0.14285714285714285}, "kansas state university": {"Citation Count": 0.0, "Publication Count": 0.14285714285714285}, "university of connecticut": {"Citation Count": 0.0, "Publication Count": 0.14285714285714285}, "eindhoven university of technology": {"Citation Count": 0.6666666666666666, "Publication Count": 0.6666666666666666}, "university of amsterdam": {"Citation Count": 0.3333333333333333, "Publication Count": 0.3333333333333333}}