{"Sapienza University of Rome": {"Citation Count": 8.333333333333332, "Publication Count": 0.3333333333333333}, "Universit\u00e0 della Svizzera italiana": {"Citation Count": 11.533333333333331, "Publication Count": 0.5333333333333333}, "Institute of Mathematical Sciences": {"Citation Count": 8.333333333333332, "Publication Count": 0.3333333333333333}, "Center for Massive Data Algorithmics": {"Citation Count": 1.25, "Publication Count": 0.25}, "Aarhus University": {"Citation Count": 1.25, "Publication Count": 0.25}, "University of Hawai\u02bbi at M\u0101noa": {"Citation Count": 2.5, "Publication Count": 0.5}, "Freie Universit\u00e4t Berlin": {"Citation Count": 1.6666666666666665, "Publication Count": 0.6666666666666666}, "Eindhoven University of Technology": {"Citation Count": 8.166666666666666, "Publication Count": 1.8333333333333333}, "University of Bayreuth": {"Citation Count": 1.6666666666666665, "Publication Count": 0.3333333333333333}, "Sorbonne University": {"Citation Count": 1.1666666666666665, "Publication Count": 0.16666666666666666}, "French National Centre for Scientific Research": {"Citation Count": 1.1666666666666665, "Publication Count": 0.16666666666666666}, "Grenoble Computer Science Laboratory": {"Citation Count": 2.333333333333333, "Publication Count": 0.3333333333333333}, "University of \u00c9vry Val d'Essonne": {"Citation Count": 1.1666666666666665, "Publication Count": 0.16666666666666666}, "Computer Science, Integrative Biology and Complex Systems": {"Citation Count": 1.1666666666666665, "Publication Count": 0.16666666666666666}, "Tel Aviv University": {"Citation Count": 24.26666666666667, "Publication Count": 3.6}, "Monash University": {"Citation Count": 1.3333333333333333, "Publication Count": 0.6666666666666666}, "CSIRO Manufacturing": {"Citation Count": 0.6666666666666666, "Publication Count": 0.3333333333333333}, "Technische Universit\u00e4t Braunschweig": {"Citation Count": 0.4, "Publication Count": 0.4}, "Technion \u2013 Israel Institute of Technology": {"Citation Count": 26.5, "Publication Count": 3.4166666666666665}, "Google (United States)": {"Citation Count": 7.25, "Publication Count": 0.25}, "University of Maryland, College Park": {"Citation Count": 26.25, "Publication Count": 1.9}, "Karlsruhe Institute of Technology": {"Citation Count": 50.41666666666667, "Publication Count": 3.083333333333333}, "Carnegie Mellon University": {"Citation Count": 8.333333333333332, "Publication Count": 1.6666666666666665}, "Computer Science Laboratory of Lille": {"Citation Count": 10.0, "Publication Count": 1.25}, "University of T\u00fcbingen": {"Citation Count": 8.25, "Publication Count": 0.75}, "NTUA": {"Citation Count": 2.75, "Publication Count": 0.25}, "University of Helsinki": {"Citation Count": 14.75, "Publication Count": 0.75}, "Technical University of Denmark": {"Citation Count": 4.25, "Publication Count": 0.25}, "Japan Science and Technology Agency": {"Citation Count": 4.25, "Publication Count": 0.25}, "University of Sassari": {"Citation Count": 3.2, "Publication Count": 0.2}, "University of Rome Tor Vergata": {"Citation Count": 3.7, "Publication Count": 0.45}, "University of L'Aquila": {"Citation Count": 6.4, "Publication Count": 0.4}, "Utrecht University": {"Citation Count": 2.0, "Publication Count": 1.0}, "Universit\u00e9 Libre de Bruxelles": {"Citation Count": 6.0, "Publication Count": 0.6666666666666666}, "\u00c9cole Polytechnique F\u00e9d\u00e9rale de Lausanne": {"Citation Count": 1.5, "Publication Count": 1.1666666666666667}, "University of Waterloo": {"Citation Count": 18.5, "Publication Count": 1.1666666666666667}, "Laboratoire Bordelais de Recherche en Informatique": {"Citation Count": 1.0, "Publication Count": 0.2}, "Carleton University": {"Citation Count": 2.0, "Publication Count": 0.4}, "DePaul University": {"Citation Count": 1.0, "Publication Count": 0.2}, "National Institute of Informatics": {"Citation Count": 3.0, "Publication Count": 0.7}, "IMT School for Advanced Studies Lucca": {"Citation Count": 4.75, "Publication Count": 0.25}, "French Institute for Research in Computer Science and Automation": {"Citation Count": 7.083333333333333, "Publication Count": 0.5833333333333333}, "University of Florence": {"Citation Count": 4.75, "Publication Count": 0.25}, "University of Pisa": {"Citation Count": 4.75, "Publication Count": 0.25}, "Oregon State University": {"Citation Count": 3.0, "Publication Count": 1.0}, "Colorado State University": {"Citation Count": 1.0, "Publication Count": 0.3333333333333333}, "University of California, San Diego": {"Citation Count": 1.0, "Publication Count": 0.3333333333333333}, "University of Bergen": {"Citation Count": 22.833333333333332, "Publication Count": 1.9166666666666665}, "University of Konstanz": {"Citation Count": 2.25, "Publication Count": 0.25}, "TU Dortmund University": {"Citation Count": 44.25, "Publication Count": 2.25}, "University of Wroc\u0142aw": {"Citation Count": 1.25, "Publication Count": 0.25}, "Institute of Computer Science": {"Citation Count": 1.25, "Publication Count": 0.25}, "Max Planck Institute for Informatics": {"Citation Count": 7.166666666666666, "Publication Count": 1.6}, "Saarland University": {"Citation Count": 2.833333333333333, "Publication Count": 0.3666666666666667}, "Royal Institute of Technology": {"Citation Count": 1.0, "Publication Count": 0.2}, "University of Illinois Urbana-Champaign": {"Citation Count": 2.0, "Publication Count": 0.6666666666666666}, "Chiang Mai University": {"Citation Count": 1.0, "Publication Count": 0.3333333333333333}, "Amazon (United States)": {"Citation Count": 8.5, "Publication Count": 0.5}, "Indian Institute of Technology Bombay": {"Citation Count": 6.0, "Publication Count": 0.6666666666666666}, "The University of Texas at San Antonio": {"Citation Count": 3.0, "Publication Count": 1.6666666666666665}, "University of Liverpool": {"Citation Count": 2.0, "Publication Count": 1.0}, "University of Bristol": {"Citation Count": 13.600000000000001, "Publication Count": 0.8}, "Bar-Ilan University": {"Citation Count": 3.4000000000000004, "Publication Count": 0.2}, "\u00c9cole Normale Sup\u00e9rieure - PSL": {"Citation Count": 0.0, "Publication Count": 1.0}, "\u00c9cole Normale Sup\u00e9rieure": {"Citation Count": 2.0, "Publication Count": 0.5}, "Institute of Science and Technology Austria": {"Citation Count": 2.0, "Publication Count": 0.5}, "Johns Hopkins University": {"Citation Count": 0.3333333333333333, "Publication Count": 0.3333333333333333}, "Hebrew University of Jerusalem": {"Citation Count": 0.6666666666666666, "Publication Count": 0.6666666666666666}, "North Carolina State University": {"Citation Count": 3.5, "Publication Count": 0.25}, "University of Warsaw": {"Citation Count": 54.83333333333333, "Publication Count": 1.8333333333333333}, "London School of Economics and Political Science": {"Citation Count": 14.0, "Publication Count": 0.5}, "Cornell University": {"Citation Count": 24.0, "Publication Count": 1.5}, "Max Planck Society": {"Citation Count": 0.3333333333333333, "Publication Count": 0.5833333333333333}, "Technical University of Berlin": {"Citation Count": 2.0, "Publication Count": 0.9166666666666666}, "Technion": {"Citation Count": 6.0, "Publication Count": 0.6666666666666666}, "ETH Z\u00fcrich": {"Citation Count": 6.333333333333333, "Publication Count": 1.6666666666666665}, "University of Haifa": {"Citation Count": 2.5, "Publication Count": 0.5}, "University of Bonn": {"Citation Count": 12.5, "Publication Count": 2.5}, "Stony Brook University": {"Citation Count": 0.0, "Publication Count": 0.5}, "University of Ioannina": {"Citation Count": 1.5, "Publication Count": 0.75}, "University of Groningen": {"Citation Count": 2.333333333333333, "Publication Count": 0.3333333333333333}, "University of Wisconsin\u2013Oshkosh": {"Citation Count": 1.0, "Publication Count": 0.3333333333333333}, "Seattle University": {"Citation Count": 5.5, "Publication Count": 0.16666666666666666},