{"university of edinburgh": {"Citation Count": 1.3333333333333333, "Publication Count": 0.3333333333333333}, "university of california berkeley": {"Citation Count": 41.666666666666664, "Publication Count": 0.6666666666666666}, "microsoft": {"Citation Count": 49.99999999999999, "Publication Count": 1.4166666666666667}, "university of paris sud": {"Citation Count": 41.0, "Publication Count": 1.0}, "radboud university nijmegen": {"Citation Count": 5.333333333333333, "Publication Count": 0.3333333333333333}, "cornell university": {"Citation Count": 10.666666666666666, "Publication Count": 0.6666666666666666}, "northeastern university": {"Citation Count": 13.666666666666666, "Publication Count": 1.6666666666666665}, "university of tokyo": {"Citation Count": 28.5, "Publication Count": 1.5}, "chalmers university of technology": {"Citation Count": 6.5, "Publication Count": 0.5}, "french institute for research in computer science and automation": {"Citation Count": 363.0, "Publication Count": 2.5}, "paris diderot university": {"Citation Count": 74.0, "Publication Count": 2.25}, "national technical university of athens": {"Citation Count": 0.0, "Publication Count": 0.5}, "eth zurich": {"Citation Count": 0.0, "Publication Count": 0.5}, "university of copenhagen": {"Citation Count": 35.33333333333333, "Publication Count": 0.6666666666666666}, "technical university of berlin": {"Citation Count": 23.333333333333332, "Publication Count": 1.0}, "university of york": {"Citation Count": 3.333333333333333, "Publication Count": 0.3333333333333333}, "google": {"Citation Count": 25.666666666666664, "Publication Count": 0.3333333333333333}, "university of california san diego": {"Citation Count": 51.33333333333333, "Publication Count": 0.6666666666666666}, "university of maryland college park": {"Citation Count": 4.333333333333333, "Publication Count": 0.3333333333333333}, "tel aviv university": {"Citation Count": 13.666666666666666, "Publication Count": 0.3333333333333333}, "imdea": {"Citation Count": 13.666666666666666, "Publication Count": 0.3333333333333333}, "university of oxford": {"Citation Count": 78.66666666666666, "Publication Count": 1.8333333333333333}, "imperial college london": {"Citation Count": 22.5, "Publication Count": 0.75}, "braunschweig university of technology": {"Citation Count": 10.0, "Publication Count": 0.3333333333333333}, "universidade nova de lisboa": {"Citation Count": 96.08333333333333, "Publication Count": 1.4166666666666665}, "carnegie mellon university": {"Citation Count": 41.916666666666664, "Publication Count": 0.5833333333333333}, "university of bologna": {"Citation Count": 10.0, "Publication Count": 0.25}, "university of new south wales": {"Citation Count": 3.0, "Publication Count": 1.0}, "bar ilan university": {"Citation Count": 5.5, "Publication Count": 0.5}, "rwth aachen university": {"Citation Count": 5.5, "Publication Count": 0.5}, "queen mary university of london": {"Citation Count": 28.0, "Publication Count": 0.5}, "vienna university of technology": {"Citation Count": 11.0, "Publication Count": 0.5}, "university of passau": {"Citation Count": 5.5, "Publication Count": 0.25}, "depaul university": {"Citation Count": 3.75, "Publication Count": 0.75}, "purdue university": {"Citation Count": 1.25, "Publication Count": 0.25}, "university college london": {"Citation Count": 22.5, "Publication Count": 0.25}, "kaiserslautern university of technology": {"Citation Count": 100.0, "Publication Count": 1.0}, "stanford university": {"Citation Count": 60.5, "Publication Count": 0.5}, "ludwig maximilian university of munich": {"Citation Count": 29.0, "Publication Count": 1.0}}