{"ibm": {"Citation Count": 370.5, "Publication Count": 1.1666666666666665}, "university of california los angeles": {"Citation Count": 196.25, "Publication Count": 1.5833333333333333}, "karlsruhe institute of technology": {"Citation Count": 77.0, "Publication Count": 2.6666666666666665}, "ecole normale superieure": {"Citation Count": 130.95238095238096, "Publication Count": 1.4761904761904763}, "georgia institute of technology": {"Citation Count": 42.666666666666664, "Publication Count": 0.3333333333333333}, "new york university": {"Citation Count": 50.416666666666664, "Publication Count": 0.5833333333333333}, "boston university": {"Citation Count": 2.333333333333333, "Publication Count": 0.3333333333333333}, "university of california": {"Citation Count": 152.33333333333334, "Publication Count": 1.0}, "pennsylvania state university": {"Citation Count": 2.333333333333333, "Publication Count": 0.3333333333333333}, "harvard university": {"Citation Count": 11.0, "Publication Count": 0.3333333333333333}, "stanford university": {"Citation Count": 46.0, "Publication Count": 1.6666666666666665}, "direction generale de l armement": {"Citation Count": 14.666666666666666, "Publication Count": 0.3333333333333333}, "universite catholique de louvain": {"Citation Count": 29.333333333333332, "Publication Count": 0.6666666666666666}, "northeastern university": {"Citation Count": 41.08333333333333, "Publication Count": 0.5833333333333333}, "george washington university": {"Citation Count": 10.0, "Publication Count": 0.5}, "bar ilan university": {"Citation Count": 7.75, "Publication Count": 0.25}, "microsoft": {"Citation Count": 78.0, "Publication Count": 1.5}, "yasar university": {"Citation Count": 9.25, "Publication Count": 0.25}, "university of rennes": {"Citation Count": 3.6666666666666665, "Publication Count": 0.3333333333333333}, "university of lille": {"Citation Count": 3.6666666666666665, "Publication Count": 0.3333333333333333}, "ecole polytechnique": {"Citation Count": 3.6666666666666665, "Publication Count": 0.3333333333333333}, "nanyang technological university": {"Citation Count": 4.5, "Publication Count": 0.5}, "centrum wiskunde informatica": {"Citation Count": 33.0, "Publication Count": 1.0}, "graz university of technology": {"Citation Count": 24.0, "Publication Count": 1.0}, "koc university": {"Citation Count": 33.33333333333333, "Publication Count": 0.3333333333333333}, "rutgers university": {"Citation Count": 33.33333333333333, "Publication Count": 0.3333333333333333}, "university of wisconsin madison": {"Citation Count": 75.0, "Publication Count": 0.3333333333333333}, "seoul national university": {"Citation Count": 69.85714285714285, "Publication Count": 0.42857142857142855}, "ulsan national institute of science and technology": {"Citation Count": 23.285714285714285, "Publication Count": 0.14285714285714285}, "max planck society": {"Citation Count": 22.5, "Publication Count": 0.5}, "university of catania": {"Citation Count": 22.5, "Publication Count": 0.5}, "university of maryland college park": {"Citation Count": 6.75, "Publication Count": 0.25}, "brown university": {"Citation Count": 6.75, "Publication Count": 0.25}, "university of california berkeley": {"Citation Count": 6.75, "Publication Count": 0.25}, "hong kong university of science and technology": {"Citation Count": 6.75, "Publication Count": 0.25}, "aalto university": {"Citation Count": 24.0, "Publication Count": 1.0}, "sejong university": {"Citation Count": 17.0, "Publication Count": 1.0}, "university of bristol": {"Citation Count": 1.5, "Publication Count": 0.25}, "technische universitat darmstadt": {"Citation Count": 20.5, "Publication Count": 1.25}, "saarland university": {"Citation Count": 16.0, "Publication Count": 0.5}, "ruhr university bochum": {"Citation Count": 4.0, "Publication Count": 0.16666666666666666}, "myongji university": {"Citation Count": 4.0, "Publication Count": 0.16666666666666666}, "tel aviv university": {"Citation Count": 4.0, "Publication Count": 1.0}, "massachusetts institute of technology": {"Citation Count": 15.0, "Publication Count": 1.5}, "aarhus university": {"Citation Count": 46.0, "Publication Count": 1.0}, "university of calgary": {"Citation Count": 23.0, "Publication Count": 1.0}, "university of montana": {"Citation Count": 2.25, "Publication Count": 0.25}, "applied communication sciences": {"Citation Count": 2.25, "Publication Count": 0.25}, "columbia university": {"Citation Count": 2.25, "Publication Count": 0.25}, "national university of singapore": {"Citation Count": 9.75, "Publication Count": 0.75}, "city university of new york": {"Citation Count": 47.25, "Publication Count": 0.25}, "university college london": {"Citation Count": 22.0, "Publication Count": 1.0}, "eth zurich": {"Citation Count": 22.0, "Publication Count": 1.0}, "university of salerno": {"Citation Count": 7.75, "Publication Count": 0.25}}