{"ETH Zurich": {"Citation Count": 8.5, "Publication Count": 2.25}, "University of Virginia": {"Citation Count": 2.5, "Publication Count": 0.8333333333333333}, "Universit\u00e9 Paris Cit\u00e9": {"Citation Count": 5.958333333333333, "Publication Count": 1.2083333333333333}, "Centre National de la Recherche Scientifique": {"Citation Count": 9.088888888888889, "Publication Count": 1.577777777777778}, "The University of Texas at Austin": {"Citation Count": 16.0, "Publication Count": 2.25}, "Simons Foundation": {"Citation Count": 5.833333333333333, "Publication Count": 1.1666666666666667}, "Academia Sinica": {"Citation Count": 12.31388888888889, "Publication Count": 0.7694444444444444}, "University of California, Santa Barbara": {"Citation Count": 1.0, "Publication Count": 0.3333333333333333}, "University of Illinois Urbana-Champaign": {"Citation Count": 3.75, "Publication Count": 1.0}, "Visa (United States)": {"Citation Count": 1.5, "Publication Count": 0.75}, "Indian Institute of Science Bangalore": {"Citation Count": 2.2, "Publication Count": 0.7}, "Institut de Recherche en Informatique Fondamentale": {"Citation Count": 0.3333333333333333, "Publication Count": 0.16666666666666666}, "Ben-Gurion University of the Negev": {"Citation Count": 0.9833333333333333, "Publication Count": 0.6166666666666667}, "Technion \u2013 Israel Institute of Technology": {"Citation Count": 0.6666666666666666, "Publication Count": 0.75}, "Centrum Wiskunde & Informatica": {"Citation Count": 0.3333333333333333, "Publication Count": 0.16666666666666666}, "University of Amsterdam": {"Citation Count": 0.6458333333333333, "Publication Count": 0.22916666666666666}, "Aarhus University": {"Citation Count": 12.183333333333334, "Publication Count": 3.7666666666666666}, "Zhejiang University": {"Citation Count": 0.0, "Publication Count": 0.75}, "Virginia Commonwealth University": {"Citation Count": 0.0, "Publication Count": 0.25}, "State Key Laboratory of Cryptology": {"Citation Count": 5.5511904761904765, "Publication Count": 1.236904761904762}, "Northwestern University": {"Citation Count": 2.511904761904762, "Publication Count": 0.8690476190476191}, "ShangHai JiAi Genetics & IVF Institute": {"Citation Count": 1.4642857142857142, "Publication Count": 0.39285714285714285}, "Nankai University": {"Citation Count": 0.7142857142857142, "Publication Count": 0.14285714285714285}, "University of California, Berkeley": {"Citation Count": 6.708333333333333, "Publication Count": 1.2916666666666665}, "Carnegie Mellon University": {"Citation Count": 10.166666666666666, "Publication Count": 3.6666666666666665}, "Northeastern University": {"Citation Count": 1.25, "Publication Count": 0.5833333333333333}, "University of Salerno": {"Citation Count": 2.5, "Publication Count": 0.5}, "Google (United States)": {"Citation Count": 5.25, "Publication Count": 0.75}, "Columbia University": {"Citation Count": 5.25, "Publication Count": 0.75}, "Ruhr University Bochum": {"Citation Count": 4.5, "Publication Count": 2.0}, "Indian Institute of Technology Madras": {"Citation Count": 9.071428571428571, "Publication Count": 1.6428571428571428}, "National Institute of Advanced Industrial Science and Technology": {"Citation Count": 4.5, "Publication Count": 0.5}, "Princeton University": {"Citation Count": 4.5, "Publication Count": 1.1666666666666665}, "Korea Institute of Atmospheric Prediction Systems": {"Citation Count": 3.0, "Publication Count": 0.3333333333333333}, "Kyoto University": {"Citation Count": 6.0, "Publication Count": 0.6666666666666666}, "New York University": {"Citation Count": 3.0, "Publication Count": 1.25}, "University of Washington": {"Citation Count": 10.166666666666666, "Publication Count": 1.9166666666666665}, "Seattle University": {"Citation Count": 9.166666666666666, "Publication Count": 1.5833333333333333}, "Peking University": {"Citation Count": 1.0, "Publication Count": 0.25}, "Shanghai Jiao Tong University": {"Citation Count": 3.75, "Publication Count": 1.25}, "UCLA Health": {"Citation Count": 0.3333333333333333, "Publication Count": 0.3333333333333333}, "Tata Institute of Fundamental Research": {"Citation Count": 0.3333333333333333, "Publication Count": 0.8333333333333333}, "Hebrew University of Jerusalem": {"Citation Count": 1.0, "Publication Count": 0.6666666666666666}, "Technical University of Denmark": {"Citation Count": 1.25, "Publication Count": 0.25}, "Herzliya Medical Center": {"Citation Count": 1.3333333333333333, "Publication Count": 0.3333333333333333}, "Tel Aviv University": {"Citation Count": 1.325, "Publication Count": 1.5583333333333333}, "NTT (United States)": {"Citation Count": 0.3333333333333333, "Publication Count": 0.3333333333333333}, "Tsinghua University": {"Citation Count": 9.583333333333332, "Publication Count": 1.75}, "IMDEA Software": {"Citation Count": 3.6666666666666665, "Publication Count": 0.6666666666666666}, "Austrian Institute of Technology": {"Citation Count": 6.5, "Publication Count": 1.5}, "University of Edinburgh": {"Citation Count": 1.5333333333333334, "Publication Count": 0.5333333333333333}, "University of Warwick": {"Citation Count": 3.0, "Publication Count": 1.25}, "\u00c9cole Polytechnique F\u00e9d\u00e9rale de Lausanne": {"Citation Count": 8.722222222222221, "Publication Count": 0.6944444444444444}, "University of Birmingham": {"Citation Count": 5.055555555555555, "Publication Count": 0.2777777777777778}, "University of Rome Tor Vergata": {"Citation Count": 3.7777777777777777, "Publication Count": 0.2222222222222222}, "IBM Research - Zurich": {"Citation Count": 2.638888888888889, "Publication Count": 0.8611111111111112}, "Virginia Tech": {"Citation Count": 1.8888888888888888, "Publication Count": 0.1111111111111111}, "IBM Research - India": {"Citation Count": 1.8888888888888888, "Publication Count": 0.1111111111111111}, "Institut de Math\u00e9matiques de Bordeaux": {"Citation Count": 57.672222222222224, "Publication Count": 1.0777777777777777}, "Universit\u00e9 de Bordeaux": {"Citation Count": 2.6722222222222225, "Publication Count": 0.07777777777777778}, "Institut Polytechnique de Bordeaux": {"Citation Count": 2.6722222222222225, "Publication Count": 0.07777777777777778}, "Microsoft (United States)": {"Citation Count": 1.9166666666666665, "Publication Count": 0.5833333333333333}, "IIT@MIT": {"Citation Count": 1.6666666666666665, "Publication Count": 0.3333333333333333}, "Menlo School": {"Citation Count": 15.75, "Publication Count": 0.75}, "Stanford University": {"Citation Count": 7.25, "Publication Count": 0.8333333333333333}, "University of Michigan\u2013Ann Arbor": {"Citation Count": 3.0, "Publication Count": 0.5}, "Tokyo University of Agriculture and Technology": {"Citation Count": 0.0, "Publication Count": 0.25}, "Brown University": {"Citation Count": 0.3333333333333333, "Publication Count": 0.3333333333333333}, "Providence College": {"Citation Count": 0.3333333333333333, "Publication Count": 0.3333333333333333}, "University of Hong Kong": {"Citation Count": 0.25, "Publication Count": 0.41666666666666663}, "Cornell University": {"Citation Count": 3.25, "Publication Count": 1.0833333333333333}, "Academic College of Tel Aviv-Yafo": {"Citation Count": 0.325, "Publication Count": 0.225}, "Berkeley College": {"Citation Count": 0.125, "Publication Count": 0.125}, "Georgia Institute of Technology": {"Citation Count": 1.0, "Publication Count": 1.0}, "University of Wollongong": {"Citation Count": 1.0, "Publication Count": 1.0}, "Institut national de recherche en informatique et en automatique": {"Citation Count": 21.25, "Publication Count": 2.0}, "Universit\u00e9 Claude Bernard Lyon 1": {"Citation Count": 0.08333333333333333, "Publication Count": 0.08333333333333333}, "\u00c9cole Normale Sup\u00e9rieure de Lyon": {"Citation Count": 0.08333333333333333, "Publication Count": 0.08333333333333333}, "IMEC": {"Citation Count": 57.5, "Publication Count": 1.0}, "KU Leuven": {"Citation Count": 59.5, "Publication Count": 2.0},