{"carnegie mellon university": {"Citation Count": 37.7, "Publication Count": 4.933333333333334}, "centrum wiskunde informatica": {"Citation Count": 2.0, "Publication Count": 0.3333333333333333}, "columbia university": {"Citation Count": 18.200000000000003, "Publication Count": 1.8666666666666667}, "ecole polytechnique federale de lausanne": {"Citation Count": 17.533333333333335, "Publication Count": 1.1333333333333333}, "technische universitat munchen": {"Citation Count": 2.0, "Publication Count": 0.9166666666666666}, "university of warwick": {"Citation Count": 2.6666666666666665, "Publication Count": 1.1666666666666665}, "tel aviv university": {"Citation Count": 25.933333333333337, "Publication Count": 4.966666666666667}, "university of minnesota": {"Citation Count": 3.6666666666666665, "Publication Count": 0.3333333333333333}, "university of pennsylvania": {"Citation Count": 23.333333333333332, "Publication Count": 1.7499999999999998}, "google": {"Citation Count": 17.299999999999997, "Publication Count": 1.6}, "harvard university": {"Citation Count": 19.866666666666667, "Publication Count": 2.533333333333333}, "stanford university": {"Citation Count": 57.63333333333333, "Publication Count": 5.433333333333333}, "weizmann institute of science": {"Citation Count": 14.1, "Publication Count": 1.9}, "university of illinois at urbana champaign": {"Citation Count": 2.333333333333333, "Publication Count": 0.3333333333333333}, "indiana university": {"Citation Count": 4.666666666666666, "Publication Count": 0.6666666666666666}, "tata institute of fundamental research": {"Citation Count": 5.666666666666666, "Publication Count": 1.5833333333333333}, "massachusetts institute of technology": {"Citation Count": 22.666666666666664, "Publication Count": 4.583333333333333}, "indian institute of technology bombay": {"Citation Count": 1.0, "Publication Count": 0.25}, "indian institute of technology kanpur": {"Citation Count": 1.0, "Publication Count": 0.25}, "courant institute of mathematical sciences": {"Citation Count": 0.3333333333333333, "Publication Count": 0.3333333333333333}, "hebrew university of jerusalem": {"Citation Count": 8.666666666666668, "Publication Count": 2.1666666666666665}, "toyota technological institute": {"Citation Count": 2.6666666666666665, "Publication Count": 0.3333333333333333}, "university of chicago": {"Citation Count": 2.6666666666666665, "Publication Count": 0.3333333333333333}, "university of waterloo": {"Citation Count": 14.5, "Publication Count": 3.4166666666666665}, "university of maryland college park": {"Citation Count": 49.1, "Publication Count": 3.0500000000000003}, "microsoft": {"Citation Count": 10.2, "Publication Count": 1.65}, "princeton university": {"Citation Count": 14.066666666666665, "Publication Count": 3.3666666666666667}, "rutgers university": {"Citation Count": 5.333333333333333, "Publication Count": 1.0333333333333332}, "technion israel institute of technology": {"Citation Count": 1.0, "Publication Count": 0.2}, "university of haifa": {"Citation Count": 0.3333333333333333, "Publication Count": 0.3333333333333333}, "ben gurion university of the negev": {"Citation Count": 0.3333333333333333, "Publication Count": 0.3333333333333333}, "tsinghua university": {"Citation Count": 8.0, "Publication Count": 0.8333333333333333}, "university of vienna": {"Citation Count": 2.6666666666666665, "Publication Count": 0.3333333333333333}, "royal institute of technology": {"Citation Count": 26.333333333333332, "Publication Count": 2.5}, "toyota technological institute at chicago": {"Citation Count": 9.333333333333332, "Publication Count": 0.8333333333333333}, "aalto university": {"Citation Count": 29.166666666666668, "Publication Count": 1.1666666666666667}, "eth zurich": {"Citation Count": 12.499999999999998, "Publication Count": 0.5}, "polytechnic university of catalonia": {"Citation Count": 7.0, "Publication Count": 1.0}, "california institute of technology": {"Citation Count": 23.0, "Publication Count": 3.0}, "university of paris": {"Citation Count": 4.166666666666666, "Publication Count": 0.8333333333333333}, "charles university in prague": {"Citation Count": 1.6666666666666665, "Publication Count": 0.3333333333333333}, "ecole normale superieure": {"Citation Count": 1.6666666666666665, "Publication Count": 0.3333333333333333}, "ecole normale superieure de lyon": {"Citation Count": 0.3333333333333333, "Publication Count": 0.3333333333333333}, "university of warsaw": {"Citation Count": 0.6666666666666666, "Publication Count": 1.1666666666666665}, "northwestern university": {"Citation Count": 3.75, "Publication Count": 0.75}, "university of utah": {"Citation Count": 1.75, "Publication Count": 0.5}, "university of toronto": {"Citation Count": 5.0, "Publication Count": 1.2}, "university of california los angeles": {"Citation Count": 5.0, "Publication Count": 1.0}, "university of california berkeley": {"Citation Count": 18.3, "Publication Count": 2.2}, "university of california riverside": {"Citation Count": 1.5, "Publication Count": 0.5}, "university of amsterdam": {"Citation Count": 5.0, "Publication Count": 1.2}, "technical university of berlin": {"Citation Count": 1.0, "Publication Count": 0.2}, "carleton university": {"Citation Count": 4.666666666666666, "Publication Count": 0.16666666666666666}, "monash university": {"Citation Count": 8.666666666666666, "Publication Count": 0.8333333333333333}, "university of ottawa": {"Citation Count": 4.666666666666666, "Publication Count": 0.16666666666666666}, "universite libre de bruxelles": {"Citation Count": 4.666666666666666, "Publication Count": 0.16666666666666666}, "jagiellonian university": {"Citation Count": 4.666666666666666, "Publication Count": 0.16666666666666666}, "karlsruhe institute of technology": {"Citation Count": 4.666666666666666, "Publication Count": 0.16666666666666666}, "university of copenhagen": {"Citation Count": 1.6, "Publication Count": 0.4}, "university of victoria": {"Citation Count": 5.3, "Publication Count": 0.7}, "bocconi university": {"Citation Count": 2.333333333333333, "Publication Count": 0.3333333333333333}, "eindhoven university of technology": {"Citation Count": 2.333333333333333, "Publication Count": 0.3333333333333333}, "university of texas at austin": {"Citation Count": 2.333333333333333, "Publication Count": 0.6666666666666666}, "universite de sherbrooke": {"Citation Count": 1.0, "Publication Count": 0.3333333333333333}, "national university of singapore": {"Citation Count": 1.0, "Publication Count": 0.3333333333333333}, "university of technology sydney": {"Citation Count": 2.0, "Publication Count": 0.25}, "ibm": {"Citation Count": 2.0, "Publication Count": 0.25}, "university of illinois at chicago": {"Citation Count": 4.666666666666666, "Publication Count": 0.3333333333333333}, "university of washington": {"Citation Count": 1.7, "Publication Count": 0.7}, "dartmouth college": {"Citation Count": 0.2, "Publication Count": 0.2}, "university of wroclaw": {"Citation Count": 2.333333333333333, "Publication Count": 0.3333333333333333}, "folkwang university of the arts": {"Citation Count": 4.666666666666666, "Publication Count": 0.6666666666666666}, "shanghai university of finance and economics": {"Citation Count": 0.6666666666666666, "Publication Count": 0.3333333333333333}, "institute for advanced study": {"Citation Count": 1.0, "Publication Count": 0.5}, "durham university": {"Citation Count": 4.0, "Publication Count": 1.0}, "university of oxford": {"Citation Count": 1.0, "Publication Count": 1.0}, "sapienza university of rome": {"Citation Count": 0.0, "Publication Count": 0.5}, "worcester polytechnic institute": {"Citation Count": 4.0, "Publication Count": 0.5}, "yale university": {"Citation Count": 4.0, "Publication Count": 0.5}, "university of edinburgh": {"Citation Count": 11.0, "Publication Count": 1.0}, "new york university": {"Citation Count": 5.6, "Publication Count": 0.5333333333333333}, "santa fe institute": {"Citation Count": 5.0,