{"nec": {"Citation Count": 22.999999999999996, "Publication Count": 0.9999999999999999}, "university of california riverside": {"Citation Count": 2.4000000000000004, "Publication Count": 0.4}, "intel": {"Citation Count": 3.6000000000000005, "Publication Count": 0.6000000000000001}, "ohio state university": {"Citation Count": 18.0, "Publication Count": 1.0}, "ibm": {"Citation Count": 130.91666666666669, "Publication Count": 1.9166666666666667}, "stanford university": {"Citation Count": 41.400000000000006, "Publication Count": 0.6000000000000001}, "cisco systems inc": {"Citation Count": 13.8, "Publication Count": 0.2}, "new york university": {"Citation Count": 7.0, "Publication Count": 1.0}, "university of illinois at urbana champaign": {"Citation Count": 11.083333333333332, "Publication Count": 0.08333333333333333}, "cray": {"Citation Count": 45.0, "Publication Count": 0.3333333333333333}, "lawrence berkeley national laboratory": {"Citation Count": 18.0, "Publication Count": 0.42857142857142855}, "columbia university": {"Citation Count": 24.0, "Publication Count": 0.5714285714285714}, "oracle corporation": {"Citation Count": 0.9999999999999998, "Publication Count": 0.9999999999999998}}