{"University of Connecticut": {"Citation Count": 0.0, "Publication Count": 1.0}, "University of Copenhagen": {"Citation Count": 5.0, "Publication Count": 2.3333333333333335}, "IBM (United States)": {"Citation Count": 13.45, "Publication Count": 1.2}, "Tel Aviv University": {"Citation Count": 17.900000000000002, "Publication Count": 2.15}, "Columbia University": {"Citation Count": 4.533333333333333, "Publication Count": 0.5333333333333333}, "Carnegie Mellon University": {"Citation Count": 43.74285714285715, "Publication Count": 5.5285714285714285}, "Max Planck Society": {"Citation Count": 17.75, "Publication Count": 4.166666666666666}, "University of Bonn": {"Citation Count": 13.5, "Publication Count": 1.0833333333333333}, "University of Wroc\u0142aw": {"Citation Count": 13.0, "Publication Count": 3.0}, "GlaxoSmithKline (United Kingdom)": {"Citation Count": 0.6666666666666666, "Publication Count": 0.3333333333333333}, "Bar-Ilan University": {"Citation Count": 7.619047619047619, "Publication Count": 0.9523809523809523}, "Ben-Gurion University of the Negev": {"Citation Count": 7.9523809523809526, "Publication Count": 1.952380952380952}, "University of Haifa": {"Citation Count": 1.6428571428571428, "Publication Count": 0.8928571428571428}, "Georgia Institute of Technology": {"Citation Count": 0.14285714285714285, "Publication Count": 0.14285714285714285}, "Weizmann Institute of Science": {"Citation Count": 1.9523809523809523, "Publication Count": 2.2857142857142856}, "Technion \u2013 Israel Institute of Technology": {"Citation Count": 22.75, "Publication Count": 3.9166666666666665}, "Cornell University": {"Citation Count": 2.5, "Publication Count": 0.25}, "Rutgers, The State University of New Jersey": {"Citation Count": 2.6666666666666665, "Publication Count": 1.5833333333333333}, "University of Utah": {"Citation Count": 0.6666666666666666, "Publication Count": 0.6666666666666666}, "Expedia Group (United States)": {"Citation Count": 0.3333333333333333, "Publication Count": 0.3333333333333333}, "Indian Institute of Science Bangalore": {"Citation Count": 8.333333333333332, "Publication Count": 1.75}, "University of California, Berkeley": {"Citation Count": 3.6666666666666665, "Publication Count": 1.0}, "University of Waterloo": {"Citation Count": 6.642857142857142, "Publication Count": 2.392857142857143}, "Carleton University": {"Citation Count": 0.45238095238095233, "Publication Count": 0.45238095238095233}, "Kiel University": {"Citation Count": 2.3333333333333335, "Publication Count": 0.8333333333333333}, "University of Sassari": {"Citation Count": 1.0, "Publication Count": 1.0}, "Hasso Plattner Institute": {"Citation Count": 5.0, "Publication Count": 1.0}, "Johns Hopkins University": {"Citation Count": 1.65, "Publication Count": 1.9}, "Princeton University": {"Citation Count": 5.7, "Publication Count": 1.45}, "Chinese University of Hong Kong": {"Citation Count": 2.0, "Publication Count": 1.0}, "University of Ottawa": {"Citation Count": 0.2857142857142857, "Publication Count": 0.2857142857142857}, "University of Perugia": {"Citation Count": 0.14285714285714285, "Publication Count": 0.14285714285714285}, "Interdisciplinary Center Herzliya": {"Citation Count": 0.75, "Publication Count": 0.25}, "Indian Institute of Technology Bombay": {"Citation Count": 2.4166666666666665, "Publication Count": 1.9166666666666665}, "University of Illinois Urbana-Champaign": {"Citation Count": 6.75, "Publication Count": 1.9999999999999998}, "Northeastern University": {"Citation Count": 0.5, "Publication Count": 0.25}, "University of Warsaw": {"Citation Count": 20.833333333333332, "Publication Count": 6.5}, "University of California, San Diego": {"Citation Count": 8.0, "Publication Count": 2.333333333333333}, "\u00c9cole Polytechnique F\u00e9d\u00e9rale de Lausanne": {"Citation Count": 102.0, "Publication Count": 3.0}, "Dartmouth College": {"Citation Count": 19.0, "Publication Count": 1.5}, "New York University": {"Citation Count": 3.3333333333333335, "Publication Count": 0.9166666666666665}, "Stanford University": {"Citation Count": 7.433333333333334, "Publication Count": 1.0333333333333332}, "Chennai Mathematical Institute": {"Citation Count": 2.3333333333333335, "Publication Count": 0.8333333333333333}, "Hong Kong University of Science and Technology": {"Citation Count": 3.0, "Publication Count": 1.0}, "Toyota Technological Institute at Chicago": {"Citation Count": 2.0, "Publication Count": 0.6666666666666666}, "University of Chicago": {"Citation Count": 1.0, "Publication Count": 0.3333333333333333}, "Department of Physics, Mathematics and Informatics": {"Citation Count": 0.6666666666666666, "Publication Count": 0.3333333333333333}, "Dell EMC": {"Citation Count": 0.6666666666666666, "Publication Count": 0.3333333333333333}, "Saarland University": {"Citation Count": 4.666666666666666, "Publication Count": 0.3333333333333333}, "RWTH Aachen University": {"Citation Count": 17.333333333333332, "Publication Count": 1.6666666666666665}, "University of Southern California": {"Citation Count": 4.0, "Publication Count": 0.25}, "Massachusetts Institute of Technology": {"Citation Count": 14.750000000000002, "Publication Count": 3.583333333333333}, "The University of Texas at Austin": {"Citation Count": 4.0, "Publication Count": 0.25}, "Tsinghua University": {"Citation Count": 7.5, "Publication Count": 3.5}, "Jagiellonian University": {"Citation Count": 0.0, "Publication Count": 1.0}, "TU Wien": {"Citation Count": 3.5, "Publication Count": 0.75}, "DePaul University": {"Citation Count": 1.0, "Publication Count": 0.5}, "Paderborn University": {"Citation Count": 2.142857142857143, "Publication Count": 0.42857142857142855}, "Maharshi Dayanand University": {"Citation Count": 0.7142857142857142, "Publication Count": 0.14285714285714285}, "University of Vienna": {"Citation Count": 0.75, "Publication Count": 0.25}, "Indian Institute of Technology Madras": {"Citation Count": 0.75, "Publication Count": 0.25}, "Universitat Polit\u00e8cnica de Catalunya": {"Citation Count": 0.75, "Publication Count": 0.9166666666666666}, "University of Bergen": {"Citation Count": 4.5, "Publication Count": 2.05}, "Indian Institute of Technology Kanpur": {"Citation Count": 2.0, "Publication Count": 0.6666666666666666}, "University of Maryland, College Park": {"Citation Count": 6.7, "Publication Count": 1.9}, "Indian Institute of Technology Indore": {"Citation Count": 1.5, "Publication Count": 0.5}, "Center for Discrete Mathematics and Theoretical Computer Science": {"Citation Count": 10.0, "Publication Count": 1.0}, "ETH Zurich": {"Citation Count": 7.0, "Publication Count": 2.033333333333333}, "Aarhus University": {"Citation Count": 7.0, "Publication Count": 1.2}, "Charles University": {"Citation Count": 4.3, "Publication Count": 0.9666666666666667}, "National University of Singapore": {"Citation Count": 1.0, "Publication Count": 0.25}, "University of Michigan\u2013Ann Arbor": {"Citation Count": 3.6666666666666665, "Publication Count": 0.3333333333333333}, "Technical University of Berlin": {"Citation Count": 4.6, "Publication Count": 1.3166666666666667}, "University of Warwick": {"Citation Count": 4.55, "Publication Count": 0.95}, "University of Guelph": {"Citation Count": 0.8, "Publication Count": 0.2}, "University of Edinburgh": {"Citation Count": 0.5, "Publication Count": 0.5}, "Queen Mary University of London": {"Citation Count": 0.5, "Publication Count": 0.5}, "University of Delhi": {"Citation Count": 0.0, "Publication Count": 0.3333333333333333}, "Pontifical Catholic University of Rio de Janeiro": {"Citation Count": 0.6666666666666666, "Publication Count": 0.3333333333333333}, "Xerox (France)": {"Citation Count": 3.0, "Publication Count": 1.0}, "Harvard University": {"Citation Count": 6.25, "Publication Count": 0.7499999999999999}, "The University of Tokyo": {"Citation Count": 2.5, "Publication Count": 1.5}, "University of Hong Kong": {"Citation Count": 1.0, "Publication Count": 1.0},