{"stanford university": {"Citation Count": 615.5, "Publication Count": 1.5833333333333333}, "technion israel institute of technology": {"Citation Count": 42.75, "Publication Count": 2.75}, "university of bonn": {"Citation Count": 537.3333333333333, "Publication Count": 7.166666666666666}, "lund university": {"Citation Count": 129.33333333333331, "Publication Count": 3.583333333333333}, "university of maryland college park": {"Citation Count": 796.1333333333332, "Publication Count": 3.933333333333333}, "national university of singapore": {"Citation Count": 526.75, "Publication Count": 2.6666666666666665}, "university of missouri": {"Citation Count": 934.3333333333333, "Publication Count": 2.6666666666666665}, "university of california berkeley": {"Citation Count": 1658.75, "Publication Count": 5.75}, "columbia university": {"Citation Count": 1300.0, "Publication Count": 2.9166666666666665}, "mitsubishi electric research laboratories": {"Citation Count": 22.666666666666664, "Publication Count": 0.6666666666666666}, "rutgers university": {"Citation Count": 163.66666666666666, "Publication Count": 2.0}, "university of new south wales": {"Citation Count": 13.0, "Publication Count": 1.0}, "lehigh university": {"Citation Count": 46.666666666666664, "Publication Count": 0.3333333333333333}, "microsoft": {"Citation Count": 1460.5833333333335, "Publication Count": 10.4}, "cornell university": {"Citation Count": 413.58333333333337, "Publication Count": 1.7833333333333332}, "university of washington": {"Citation Count": 784.5, "Publication Count": 2.6}, "centre national de la recherche scientifique": {"Citation Count": 42.333333333333336, "Publication Count": 1.3333333333333333}, "enseeiht": {"Citation Count": 3.333333333333333, "Publication Count": 0.3333333333333333}, "french institute for research in computer science and automation": {"Citation Count": 2193.9333333333334, "Publication Count": 6.9}, "princeton university": {"Citation Count": 424.0, "Publication Count": 5.416666666666667}, "university of rochester": {"Citation Count": 261.3333333333333, "Publication Count": 0.6666666666666666}, "ecole polytechnique de montreal": {"Citation Count": 130.66666666666666, "Publication Count": 0.3333333333333333}, "georgia institute of technology": {"Citation Count": 367.9833333333333, "Publication Count": 5.116666666666667}, "queen mary university of london": {"Citation Count": 245.0, "Publication Count": 3.0}, "university of illinois at urbana champaign": {"Citation Count": 1257.25, "Publication Count": 10.083333333333334}, "tel aviv university": {"Citation Count": 486.3333333333333, "Publication Count": 3.0}, "hebrew university of jerusalem": {"Citation Count": 956.5, "Publication Count": 2.5}, "massachusetts institute of technology": {"Citation Count": 2125.7, "Publication Count": 8.45}, "university of california santa cruz": {"Citation Count": 65.0, "Publication Count": 1.25}, "memorial university of newfoundland": {"Citation Count": 41.400000000000006, "Publication Count": 1.2}, "university of kentucky": {"Citation Count": 80.19999999999999, "Publication Count": 1.6}, "fudan university": {"Citation Count": 39.75, "Publication Count": 1.25}, "tsinghua university": {"Citation Count": 33.08333333333333, "Publication Count": 1.1666666666666665}, "carnegie mellon university": {"Citation Count": 1142.0333333333333, "Publication Count": 9.133333333333333}, "harvard university": {"Citation Count": 65.93333333333334, "Publication Count": 1.2666666666666666}, "ben gurion university of the negev": {"Citation Count": 8.666666666666666, "Publication Count": 0.3333333333333333}, "national tsing hua university": {"Citation Count": 35.0, "Publication Count": 2.0}, "university of miami": {"Citation Count": 9.25, "Publication Count": 1.25}, "university of michigan": {"Citation Count": 74.0, "Publication Count": 1.25}, "max planck society": {"Citation Count": 774.0, "Publication Count": 3.0}, "university of california irvine": {"Citation Count": 281.0, "Publication Count": 1.5}, "university of surrey": {"Citation Count": 244.8, "Publication Count": 3.4}, "university of toronto": {"Citation Count": 290.15, "Publication Count": 3.5166666666666666}, "eth zurich": {"Citation Count": 1571.4166666666665, "Publication Count": 7.666666666666667}, "university of wisconsin madison": {"Citation Count": 432.0, "Publication Count": 2.7833333333333337}, "university of western ontario": {"Citation Count": 114.0, "Publication Count": 1.0}, "university of california san diego": {"Citation Count": 202.0, "Publication Count": 2.1666666666666665}, "adobe systems": {"Citation Count": 135.86666666666665, "Publication Count": 1.6999999999999997}, "weizmann institute of science": {"Citation Count": 1393.0, "Publication Count": 2.0}, "ecole polytechnique federale de lausanne": {"Citation Count": 122.25, "Publication Count": 1.9166666666666665}, "willow garage": {"Citation Count": 27.5, "Publication Count": 0.5}, "technische universitat darmstadt": {"Citation Count": 114.25, "Publication Count": 1.25}, "university of central florida": {"Citation Count": 359.1666666666667, "Publication Count": 3.8333333333333335}, "rensselaer polytechnic institute": {"Citation Count": 87.5, "Publication Count": 2.5}, "university of geneva": {"Citation Count": 17.0, "Publication Count": 0.3333333333333333}, "university of adelaide": {"Citation Count": 80.0, "Publication Count": 1.0}, "the chinese university of hong kong": {"Citation Count": 52.25, "Publication Count": 1.25}, "peking university": {"Citation Count": 81.6, "Publication Count": 0.6}, "chinese academy of sciences": {"Citation Count": 213.15, "Publication Count": 3.15}, "university of california santa barbara": {"Citation Count": 43.5, "Publication Count": 2.25}, "drexel university": {"Citation Count": 242.0, "Publication Count": 2.0}, "graz university of technology": {"Citation Count": 516.3333333333333, "Publication Count": 3.3333333333333335}, "seoul national university": {"Citation Count": 119.0, "Publication Count": 3.0}, "university of houston": {"Citation Count": 4.0, "Publication Count": 1.0}, "scientific computing and imaging institute": {"Citation Count": 15.0, "Publication Count": 1.0}, "city university of hong kong": {"Citation Count": 141.5, "Publication Count": 0.75}, "oxford brookes university": {"Citation Count": 433.5, "Publication Count": 1.0833333333333333}, "university of oxford": {"Citation Count": 731.6666666666666, "Publication Count": 1.7499999999999998}, "nagoya city university": {"Citation Count": 27.0, "Publication Count": 1.0}, "huazhong university of science and technology": {"Citation Count": 63.199999999999996, "Publication Count": 1.1333333333333333}, "university of california los angeles": {"Citation Count": 495.5904761904761, "Publication Count": 5.247619047619048}, "temple university": {"Citation Count": 68.73333333333333, "Publication Count": 1.1333333333333333}, "kyushu university": {"Citation Count": 15.0, "Publication Count": 1.0}, "academia sinica": {"Citation Count": 22.0, "Publication Count": 1.0}, "honeywell": {"Citation Count": 17.2, "Publication Count": 0.4}, "heidelberg university": {"Citation Count": 172.0, "Publication Count": 2.0}, "malmo university": {"Citation Count": 4.0, "Publication Count": 0.25}, "hong kong university of science and technology": {"Citation Count": 159.0, "Publication Count": 1.0}, "east china normal university": {"Citation Count": 5.25, "Publication Count": 0.25}, "ohio state university": {"Citation Count": 22.25, "Publication Count": 1.25}, "vanderbilt university": {"Citation Count": 5.25, "Publication Count": 0.25}, "university of leeds": {"Citation Count": 69.0, "Publication Count": 1.0}, "university of paris": {"Citation Count": 75.75, "Publication Count": 0.75}, "ecole centrale paris": {"Citation Count": 122.4, "Publication Count": 2.466666666666667}, "university college london": {"Citation Count": 124.66666666666666, "Publication Count": 3.0},