{"University of California, Berkeley": {"Citation Count": 1411.7333333333331, "Publication Count": 10.633333333333335}, "New York University": {"Citation Count": 270.23333333333335, "Publication Count": 1.3888888888888888}, "University of Valencia": {"Citation Count": 61.666666666666664, "Publication Count": 0.3333333333333333}, "Neural Science": {"Citation Count": 61.666666666666664, "Publication Count": 0.3333333333333333}, "Princeton University": {"Citation Count": 1280.0, "Publication Count": 2.0}, "Universit\u00e9 de Sherbrooke": {"Citation Count": 668.1666666666666, "Publication Count": 0.8333333333333333}, "Meta (Israel)": {"Citation Count": 981.3969696969696, "Publication Count": 8.307575757575757}, "University of Buenos Aires": {"Citation Count": 243.5, "Publication Count": 0.5}, "Google (United States)": {"Citation Count": 7140.590476190476, "Publication Count": 20.135714285714293}, "Jagiellonian University": {"Citation Count": 109.57142857142856, "Publication Count": 0.2857142857142857}, "University of Trento": {"Citation Count": 70.0, "Publication Count": 0.6666666666666666}, "Yale University": {"Citation Count": 35.0, "Publication Count": 0.3333333333333333}, "Massachusetts Institute of Technology": {"Citation Count": 848.5833333333334, "Publication Count": 4.366666666666666}, "University of California System": {"Citation Count": 257.6333333333333, "Publication Count": 0.5666666666666667}, "University of Freiburg": {"Citation Count": 939.0, "Publication Count": 2.5}, "Intel (United States)": {"Citation Count": 522.4285714285714, "Publication Count": 2.2714285714285714}, "Northwestern University": {"Citation Count": 105.60000000000001, "Publication Count": 0.2}, "Management Sciences (United States)": {"Citation Count": 105.60000000000001, "Publication Count": 0.2}, "Pennsylvania State University": {"Citation Count": 31.0, "Publication Count": 0.2}, "University of Copenhagen": {"Citation Count": 25.0, "Publication Count": 0.2}, "University of Ja\u00e9n": {"Citation Count": 25.0, "Publication Count": 0.2}, "University of T\u00fcbingen": {"Citation Count": 29.8, "Publication Count": 0.4}, "Imperial College London": {"Citation Count": 61.0, "Publication Count": 0.5333333333333333}, "Twitter (United States)": {"Citation Count": 72.0, "Publication Count": 0.5333333333333333}, "Harvey Mudd College": {"Citation Count": 54.0, "Publication Count": 1.0}, "Columbia University": {"Citation Count": 92.95833333333333, "Publication Count": 2.7916666666666665}, "Laboratoire d'Informatique Gaspard-Monge": {"Citation Count": 311.0, "Publication Count": 1.0}, "Carnegie Mellon University": {"Citation Count": 302.3666666666667, "Publication Count": 5.483333333333333}, "Dept. of Econ., Chicago Univ., IL, USA": {"Citation Count": 62.0, "Publication Count": 0.5}, "University of California, San Diego": {"Citation Count": 62.0, "Publication Count": 0.5}, "University of Toronto": {"Citation Count": 333.15, "Publication Count": 3.0833333333333335}, "Universit\u00e9 de Montr\u00e9al": {"Citation Count": 968.3944444444445, "Publication Count": 8.883333333333335}, "Oregon State University": {"Citation Count": 4.0, "Publication Count": 1.0}, "Stanford University": {"Citation Count": 1857.0181818181816, "Publication Count": 6.771212121212121}, "Salk Institute for Biological Studies": {"Citation Count": 1.125, "Publication Count": 0.125}, "University of California, Santa Cruz": {"Citation Count": 1.125, "Publication Count": 0.125}, "European Organization for Nuclear Research": {"Citation Count": 1.125, "Publication Count": 0.125}, "Criteo (France)": {"Citation Count": 21.0, "Publication Count": 1.0}, "Johns Hopkins University": {"Citation Count": 2.0, "Publication Count": 1.2}, "BETHGE LAB": {"Citation Count": 10.0, "Publication Count": 1.0}, "University of Montreal": {"Citation Count": 181.5, "Publication Count": 1.1666666666666665}, "Hong Kong Polytechnic University": {"Citation Count": 57.2, "Publication Count": 0.4}, "University of Waterloo": {"Citation Count": 18.5, "Publication Count": 0.7999999999999999}, "Dalle Molle Institute for Artificial Intelligence Research": {"Citation Count": 48.0, "Publication Count": 1.0}, "Tel Aviv University": {"Citation Count": 234.21428571428572, "Publication Count": 1.3095238095238095}, "[OpenAI.]": {"Citation Count": 22.0, "Publication Count": 0.3333333333333333}, "University of Southern California": {"Citation Count": 27.0, "Publication Count": 1.0}, "ETH Z\u00fcrich": {"Citation Count": 6.0, "Publication Count": 1.0}, "Helmholtz Centre for Environmental Research": {"Citation Count": 37.666666666666664, "Publication Count": 0.3333333333333333}, "University of Amsterdam": {"Citation Count": 2437.6666666666665, "Publication Count": 2.333333333333333}, "Qualcomm (United Kingdom)": {"Citation Count": 74.91666666666666, "Publication Count": 1.0833333333333333}, "Microsoft (United States)": {"Citation Count": 295.6333333333333, "Publication Count": 4.861111111111112}, "University of Cambridge": {"Citation Count": 59.416666666666664, "Publication Count": 0.7}, "Northwestern Polytechnical University": {"Citation Count": 26.57142857142857, "Publication Count": 0.21428571428571427}, "University of North Carolina at Chapel Hill": {"Citation Count": 79.71428571428572, "Publication Count": 0.6428571428571429}, "Shanghai Jiao Tong University": {"Citation Count": 17.71428571428571, "Publication Count": 0.14285714285714285}, "Boston Children's Hospital": {"Citation Count": 134.66666666666666, "Publication Count": 0.6666666666666666}, "Harvard University": {"Citation Count": 126.83333333333333, "Publication Count": 1.1666666666666665}, "\u00c9cole Normale Sup\u00e9rieure - PSL": {"Citation Count": 0.8888888888888888, "Publication Count": 0.1111111111111111}, "Montreal Heart Institute": {"Citation Count": 1.7777777777777777, "Publication Count": 0.2222222222222222}, "Wellcome Centre for Human Genetics": {"Citation Count": 0.8888888888888888, "Publication Count": 0.1111111111111111}, "Indian Institute of Technology Kanpur": {"Citation Count": 45.166666666666664, "Publication Count": 0.3333333333333333}, "Griffith University": {"Citation Count": 19.333333333333332, "Publication Count": 0.16666666666666666}, "Politecnico di Milano": {"Citation Count": 20.583333333333332, "Publication Count": 0.41666666666666663}, "Autonomous University of Barcelona": {"Citation Count": 48.13333333333333, "Publication Count": 0.9666666666666667}, "University of Michigan\u2013Ann Arbor": {"Citation Count": 59.0, "Publication Count": 0.5}, "Chinese Academy of Sciences": {"Citation Count": 92.65, "Publication Count": 0.7}, "Pohang University of Science and Technology": {"Citation Count": 29.5, "Publication Count": 0.25}, "University of Edinburgh": {"Citation Count": 112.5, "Publication Count": 1.1111111111111112}, "School of Informatics": {"Citation Count": 169.5, "Publication Count": 2.0}, "University College London": {"Citation Count": 69.05, "Publication Count": 1.15}, "Sardar Vallabhbhai National Institute of Technology Surat": {"Citation Count": 2944.0, "Publication Count": 1.0}, "Singapore Management University": {"Citation Count": 308.0, "Publication Count": 2.0}, "University of Washington": {"Citation Count": 806.0, "Publication Count": 3.7777777777777777}, "Nvidia (United Kingdom)": {"Citation Count": 315.32727272727277, "Publication Count": 1.981818181818182}, "Baidu (China)": {"Citation Count": 37.690909090909095, "Publication Count": 0.6727272727272727}, "Chinese University of Hong Kong": {"Citation Count": 9.600000000000001, "Publication Count": 0.3666666666666667}, "University of Pittsburgh": {"Citation Count": 28.238095238095237, "Publication Count": 0.7619047619047619}, "University of Oxford": {"Citation Count": 228.76666666666668, "Publication Count": 3.0333333333333337}, "University of Wisconsin\u2013Milwaukee": {"Citation Count": 0.0, "Publication Count": 0.6666666666666666}, "Arizona State University": {"Citation Count": 0.0,