{"university of amsterdam": {"Citation Count": 176.13333333333333, "Publication Count": 2.433333333333333}, "microsoft": {"Citation Count": 264.6873015873016, "Publication Count": 4.196825396825397}, "university of cambridge": {"Citation Count": 98.37777777777777, "Publication Count": 1.9111111111111108}, "princeton university": {"Citation Count": 59.16071428571428, "Publication Count": 1.0178571428571428}, "stanford university": {"Citation Count": 198.06666666666666, "Publication Count": 3.916666666666667}, "columbia university": {"Citation Count": 70.96428571428571, "Publication Count": 1.6428571428571428}, "nec": {"Citation Count": 60.6, "Publication Count": 0.2}, "google": {"Citation Count": 1405.5438311688313, "Publication Count": 23.311580086580086}, "facebook": {"Citation Count": 320.62499999999994, "Publication Count": 5.041666666666667}, "deakin university": {"Citation Count": 54.0, "Publication Count": 2.0}, "carnegie mellon university": {"Citation Count": 437.875, "Publication Count": 9.658333333333333}, "beijing normal university": {"Citation Count": 3.5, "Publication Count": 0.25}, "massachusetts institute of technology": {"Citation Count": 1222.357142857143, "Publication Count": 9.552380952380952}, "tsinghua university": {"Citation Count": 173.25, "Publication Count": 2.7}, "university of california berkeley": {"Citation Count": 560.9559523809523, "Publication Count": 6.01547619047619}, "technische universitat munchen": {"Citation Count": 175.43333333333334, "Publication Count": 1.3666666666666667}, "university of pennsylvania": {"Citation Count": 19.11111111111111, "Publication Count": 0.1111111111111111}, "university of california merced": {"Citation Count": 19.166666666666664, "Publication Count": 0.16666666666666666}, "rice university": {"Citation Count": 21.0, "Publication Count": 2.25}, "university of copenhagen": {"Citation Count": 15.0, "Publication Count": 1.0}, "university of minnesota": {"Citation Count": 28.833333333333332, "Publication Count": 1.1666666666666665}, "ibm": {"Citation Count": 48.833333333333336, "Publication Count": 3.0833333333333335}, "national center for supercomputing applications": {"Citation Count": 4.5, "Publication Count": 0.25}, "illinois college": {"Citation Count": 4.5, "Publication Count": 0.25}, "university of illinois at urbana champaign": {"Citation Count": 336.88095238095235, "Publication Count": 5.6309523809523805}, "houston methodist hospital": {"Citation Count": 4.0, "Publication Count": 0.5}, "peking university": {"Citation Count": 545.1666666666667, "Publication Count": 3.7142857142857144}, "johns hopkins university": {"Citation Count": 136.96969696969697, "Publication Count": 1.2878787878787878}, "adobe systems": {"Citation Count": 30.5, "Publication Count": 0.9}, "canadian institute for advanced research": {"Citation Count": 16.5, "Publication Count": 0.225}, "university of toronto": {"Citation Count": 162.5, "Publication Count": 4.241666666666667}, "uber": {"Citation Count": 27.0, "Publication Count": 0.25}, "university of southern california": {"Citation Count": 44.5, "Publication Count": 0.25}, "zhejiang university": {"Citation Count": 86.83333333333333, "Publication Count": 0.5833333333333333}, "nanyang technological university": {"Citation Count": 5.6, "Publication Count": 0.06666666666666667}, "agency for science technology and research": {"Citation Count": 30.799999999999997, "Publication Count": 0.36666666666666664}, "institute for infocomm research singapore": {"Citation Count": 30.799999999999997, "Publication Count": 0.36666666666666664}, "singapore university of technology and design": {"Citation Count": 16.8, "Publication Count": 0.2}, "lawrence berkeley national laboratory": {"Citation Count": 27.666666666666664, "Publication Count": 0.3333333333333333}, "technische universitat darmstadt": {"Citation Count": 45.33333333333333, "Publication Count": 0.6666666666666666}, "max planck society": {"Citation Count": 124.46666666666667, "Publication Count": 2.9833333333333334}, "fulda university of applied sciences": {"Citation Count": 26.0, "Publication Count": 1.0}, "samsung": {"Citation Count": 3.6, "Publication Count": 0.2}, "national research university higher school of economics": {"Citation Count": 43.46666666666666, "Publication Count": 1.2666666666666666}, "toyota technological institute at chicago": {"Citation Count": 77.5, "Publication Count": 1.0}, "new york university": {"Citation Count": 280.70454545454544, "Publication Count": 3.598484848484848}, "southeast university": {"Citation Count": 5.0, "Publication Count": 0.2}, "duke university": {"Citation Count": 29.25, "Publication Count": 2.55}, "university of science and technology of china": {"Citation Count": 7.142857142857142, "Publication Count": 0.34285714285714286}, "ohio state university": {"Citation Count": 5.0, "Publication Count": 0.2}, "fudan university": {"Citation Count": 4.5, "Publication Count": 0.5}, "university of maryland baltimore county": {"Citation Count": 2.25, "Publication Count": 0.25}, "australian department of defence": {"Citation Count": 5.5, "Publication Count": 0.5}, "university of melbourne": {"Citation Count": 2.75, "Publication Count": 0.25}, "commonwealth scientific and industrial research organisation": {"Citation Count": 2.75, "Publication Count": 0.25}, "university of texas at austin": {"Citation Count": 24.733333333333334, "Publication Count": 0.7}, "harvard university": {"Citation Count": 65.0, "Publication Count": 0.3333333333333333}, "eth zurich": {"Citation Count": 127.46428571428572, "Publication Count": 2.9642857142857144}, "swiss institute of bioinformatics": {"Citation Count": 10.285714285714285, "Publication Count": 0.2857142857142857}, "university of essex": {"Citation Count": 2.6666666666666665, "Publication Count": 0.3333333333333333}, "university of kiel": {"Citation Count": 2.6666666666666665, "Publication Count": 0.3333333333333333}, "idiap research institute": {"Citation Count": 2.6666666666666665, "Publication Count": 0.3333333333333333}, "university of hamburg": {"Citation Count": 45.0, "Publication Count": 1.0}, "chinese academy of sciences": {"Citation Count": 128.71428571428572, "Publication Count": 1.476190476190476}, "university of california san diego": {"Citation Count": 58.900000000000006, "Publication Count": 1.0333333333333332}, "beijing institute of technology": {"Citation Count": 24.0, "Publication Count": 0.4}, "seoul national university": {"Citation Count": 60.3, "Publication Count": 2.1166666666666663}, "hanyang university": {"Citation Count": 3.0, "Publication Count": 0.3333333333333333}, "oregon state university": {"Citation Count": 364.5, "Publication Count": 0.5}, "university of oxford": {"Citation Count": 91.9281746031746, "Publication Count": 1.340079365079365}, "northeastern university": {"Citation Count": 125.60000000000001, "Publication Count": 0.8}, "huaqiao university": {"Citation Count": 31.400000000000002, "Publication Count": 0.2}, "university of massachusetts amherst": {"Citation Count": 79.5, "Publication Count": 2.4166666666666665}, "universite de montreal": {"Citation Count": 214.19047619047618, "Publication Count": 1.6619047619047618}, "northwestern university": {"Citation Count": 15.583333333333332, "Publication Count": 0.8333333333333333}, "indiana university": {"Citation Count": 3.333333333333333, "Publication Count": 0.3333333333333333}, "alcatel lucent": {"Citation Count": 8.666666666666666, "Publication Count": 0.3333333333333333}, "university of technology sydney": {"Citation Count": 8.666666666666666, "Publication Count": 0.3333333333333333}, "hong kong university of science and technology": {"Citation Count": 21.333333333333332, "Publication Count": 1.0}, "national taiwan university": {"Citation Count": 95.0, "Publication Count": 0.2}, "georgia institute of technology": {"Citation Count": 328.0, "Publication Count": 3.4380952380952383}, "virginia tech": {"Citation Count": 95.0, "Publication Count": 0.2},