{"institute for infocomm research singapore": {"Citation Count": 29.250000000000004, "Publication Count": 0.5}, "baidu": {"Citation Count": 105.41666666666669, "Publication Count": 1.0833333333333333}, "rutgers university": {"Citation Count": 72.12500000000001, "Publication Count": 0.875}, "university of california berkeley": {"Citation Count": 613.9166666666666, "Publication Count": 8.041666666666666}, "microsoft": {"Citation Count": 364.2, "Publication Count": 8.416666666666668}, "centralesupelec": {"Citation Count": 29.5, "Publication Count": 1.75}, "university college london": {"Citation Count": 23.833333333333332, "Publication Count": 0.5833333333333333}, "xiamen university": {"Citation Count": 8.25, "Publication Count": 0.25}, "university of york": {"Citation Count": 8.25, "Publication Count": 0.25}, "central university of finance and economics": {"Citation Count": 8.25, "Publication Count": 0.25}, "university of birmingham": {"Citation Count": 8.25, "Publication Count": 0.25}, "bloomberg l p": {"Citation Count": 10.0, "Publication Count": 0.3333333333333333}, "yahoo": {"Citation Count": 87.83333333333333, "Publication Count": 2.333333333333333}, "international computer science institute": {"Citation Count": 10.0, "Publication Count": 0.3333333333333333}, "university of geneva": {"Citation Count": 0.8333333333333334, "Publication Count": 0.8333333333333334}, "university of applied sciences western switzerland": {"Citation Count": 0.16666666666666666, "Publication Count": 0.16666666666666666}, "carnegie mellon university": {"Citation Count": 414.93333333333334, "Publication Count": 11.125}, "oracle corporation": {"Citation Count": 10.666666666666666, "Publication Count": 0.6666666666666666}, "university of notre dame": {"Citation Count": 1.375, "Publication Count": 0.125}, "facebook": {"Citation Count": 176.83333333333331, "Publication Count": 1.3333333333333333}, "tsinghua university": {"Citation Count": 564.0, "Publication Count": 1.125}, "ibm": {"Citation Count": 660.0, "Publication Count": 3.333333333333333}, "university of waterloo": {"Citation Count": 25.0, "Publication Count": 1.0}, "australian national university": {"Citation Count": 95.66666666666667, "Publication Count": 1.3333333333333333}, "alibaba group": {"Citation Count": 11.291666666666666, "Publication Count": 1.0833333333333333}, "nanjing university": {"Citation Count": 23.333333333333332, "Publication Count": 1.4166666666666665}, "michigan state university": {"Citation Count": 1.875, "Publication Count": 0.25}, "university of iowa": {"Citation Count": 3.75, "Publication Count": 0.5}, "weizmann institute of science": {"Citation Count": 107.0, "Publication Count": 3.5}, "university of pennsylvania": {"Citation Count": 61.2, "Publication Count": 2.4}, "university of michigan": {"Citation Count": 50.666666666666664, "Publication Count": 4.333333333333333}, "indian institute of science": {"Citation Count": 56.583333333333336, "Publication Count": 5.083333333333333}, "eth zurich": {"Citation Count": 121.66666666666667, "Publication Count": 2.6666666666666665}, "university of southern california": {"Citation Count": 94.625, "Publication Count": 2.975}, "children s hospital los angeles": {"Citation Count": 2.875, "Publication Count": 0.125}, "university of british columbia": {"Citation Count": 52.0, "Publication Count": 1.75}, "hebrew university of jerusalem": {"Citation Count": 51.0, "Publication Count": 1.6666666666666665}, "tel aviv university": {"Citation Count": 4.333333333333333, "Publication Count": 0.3333333333333333}, "princeton university": {"Citation Count": 88.10000000000001, "Publication Count": 2.566666666666667}, "technion israel institute of technology": {"Citation Count": 73.70833333333333, "Publication Count": 3.2916666666666665}, "max planck society": {"Citation Count": 112.725, "Publication Count": 3.575}, "university of paris sud": {"Citation Count": 4.333333333333333, "Publication Count": 0.3333333333333333}, "mcgill university": {"Citation Count": 13.333333333333332, "Publication Count": 1.3333333333333333}, "paris diderot university": {"Citation Count": 4.333333333333333, "Publication Count": 0.3333333333333333}, "institut mines telecom": {"Citation Count": 42.0, "Publication Count": 2.0}, "kaist": {"Citation Count": 40.0, "Publication Count": 1.1666666666666665}, "stanford university": {"Citation Count": 240.91666666666669, "Publication Count": 7.5}, "university of colorado boulder": {"Citation Count": 1.75, "Publication Count": 0.25}, "university of california santa cruz": {"Citation Count": 42.08333333333333, "Publication Count": 1.9833333333333334}, "university of maryland college park": {"Citation Count": 29.083333333333336, "Publication Count": 0.9833333333333332}, "virginia tech": {"Citation Count": 2.0833333333333335, "Publication Count": 0.5833333333333333}, "google": {"Citation Count": 15269.666666666668, "Publication Count": 7.916666666666667}, "courant institute of mathematical sciences": {"Citation Count": 0.5, "Publication Count": 0.5}, "peking university": {"Citation Count": 3.0, "Publication Count": 0.5}, "nec": {"Citation Count": 3.333333333333333, "Publication Count": 0.3333333333333333}, "shizuoka university": {"Citation Count": 3.333333333333333, "Publication Count": 0.3333333333333333}, "national institute of informatics": {"Citation Count": 9.083333333333332, "Publication Count": 1.0833333333333333}, "university of jena": {"Citation Count": 0.0, "Publication Count": 1.0}, "columbia university": {"Citation Count": 61.33333333333333, "Publication Count": 3.666666666666667}, "national university of singapore": {"Citation Count": 79.66666666666667, "Publication Count": 5.666666666666667}, "university of western australia": {"Citation Count": 12.0, "Publication Count": 1.0}, "french institute for research in computer science and automation": {"Citation Count": 118.45833333333333, "Publication Count": 4.291666666666667}, "university of warwick": {"Citation Count": 63.35, "Publication Count": 3.45}, "north carolina state university": {"Citation Count": 35.4, "Publication Count": 0.6}, "pohang university of science and technology": {"Citation Count": 186.75, "Publication Count": 0.75}, "philips": {"Citation Count": 51.4, "Publication Count": 0.7}, "university of wisconsin madison": {"Citation Count": 11.0, "Publication Count": 1.25}, "university of oxford": {"Citation Count": 726.0, "Publication Count": 3.5}, "ben gurion university of the negev": {"Citation Count": 0.0, "Publication Count": 0.5}, "university of cambridge": {"Citation Count": 123.675, "Publication Count": 5.958333333333334}, "university of chicago": {"Citation Count": 2.75, "Publication Count": 0.25}, "university of edinburgh": {"Citation Count": 168.66666666666666, "Publication Count": 2.166666666666667}, "university of texas at austin": {"Citation Count": 175.0, "Publication Count": 8.0}, "massachusetts institute of technology": {"Citation Count": 111.66666666666667, "Publication Count": 5.805555555555555}, "university of minnesota": {"Citation Count": 11.0, "Publication Count": 1.0}, "chinese academy of sciences": {"Citation Count": 137.0, "Publication Count": 2.0}, "heidelberg university": {"Citation Count": 29.0, "Publication Count": 1.0}, "university of illinois at urbana champaign": {"Citation Count": 109.0, "Publication Count": 2.7}, "university of virginia": {"Citation Count": 11.0, "Publication Count": 0.5}, "canadian institute for advanced research": {"Citation Count": 852.4375, "Publication Count": 0.9791666666666667}, "university of connecticut": {"Citation Count": 24.0, "Publication Count": 1.0}, "university of alberta": {"Citation Count": 59.0, "Publication Count": 3.333333333333333}, "adobe systems": {"Citation Count": 90.58333333333333, "Publication Count": 2.625}, "university of toronto": {"Citation Count": 2791.2083333333335, "Publication Count": 5.263888888888889}, "cornell university": {"Citation Count": 74.0, "Publication Count": 1.2},