{"huazhong university of science and technology": {"Citation Count": 12.899999999999999, "Publication Count": 5.3999999999999995}, "southeast university": {"Citation Count": 2.0, "Publication Count": 1.0}, "advanced micro devices": {"Citation Count": 1.0, "Publication Count": 1.0}, "chongqing university": {"Citation Count": 2.4000000000000004, "Publication Count": 0.8}, "yuan ze university": {"Citation Count": 0.6000000000000001, "Publication Count": 0.2}, "tsinghua university": {"Citation Count": 8.6, "Publication Count": 2.4}, "george washington university": {"Citation Count": 1.8, "Publication Count": 0.2}, "university of texas at austin": {"Citation Count": 2.0, "Publication Count": 1.0}, "chinese academy of sciences": {"Citation Count": 4.8, "Publication Count": 2.2333333333333334}, "pacific northwest national laboratory": {"Citation Count": 1.1666666666666665, "Publication Count": 1.0833333333333333}, "washington state university": {"Citation Count": 1.1666666666666665, "Publication Count": 1.0833333333333333}, "ecole normale superieure de lyon": {"Citation Count": 9.666666666666666, "Publication Count": 1.6666666666666665}, "ulsan national institute of science and technology": {"Citation Count": 1.6666666666666665, "Publication Count": 1.6666666666666665}, "ecole normale superieure": {"Citation Count": 0.3333333333333333, "Publication Count": 0.3333333333333333}, "university of melbourne": {"Citation Count": 0.0, "Publication Count": 0.5}, "fudan university": {"Citation Count": 0.0, "Publication Count": 0.7142857142857142}, "capital normal university": {"Citation Count": 0.42857142857142855, "Publication Count": 0.42857142857142855}, "university of florida": {"Citation Count": 0.14285714285714285, "Publication Count": 0.14285714285714285}, "university of houston": {"Citation Count": 0.14285714285714285, "Publication Count": 0.7428571428571429}, "shenzhen university": {"Citation Count": 0.14285714285714285, "Publication Count": 0.14285714285714285}, "virginia commonwealth university": {"Citation Count": 2.066666666666667, "Publication Count": 1.4}, "ghent university": {"Citation Count": 0.0, "Publication Count": 0.3333333333333333}, "stony brook university": {"Citation Count": 0.3333333333333333, "Publication Count": 0.5666666666666667}, "intel": {"Citation Count": 1.1333333333333333, "Publication Count": 0.3666666666666667}, "argonne national laboratory": {"Citation Count": 2.6666666666666665, "Publication Count": 1.5}, "sun yat sen university": {"Citation Count": 0.6666666666666666, "Publication Count": 0.16666666666666666}, "georgia institute of technology": {"Citation Count": 2.0, "Publication Count": 0.6666666666666666}, "micron technology": {"Citation Count": 1.0, "Publication Count": 0.3333333333333333}, "university of rochester": {"Citation Count": 0.0, "Publication Count": 1.0}, "university of texas at san antonio": {"Citation Count": 0.5, "Publication Count": 0.25}, "george mason university": {"Citation Count": 0.5, "Publication Count": 0.25}, "university of minnesota": {"Citation Count": 2.0, "Publication Count": 0.9}, "ibm": {"Citation Count": 2.4000000000000004, "Publication Count": 0.6000000000000001}, "columbia university": {"Citation Count": 1.6, "Publication Count": 0.4}, "telecom sudparis": {"Citation Count": 1.0, "Publication Count": 0.5}, "french institute for research in computer science and automation": {"Citation Count": 1.6666666666666665, "Publication Count": 0.8333333333333333}, "ohio state university": {"Citation Count": 6.0, "Publication Count": 2.25}, "netapp": {"Citation Count": 3.6666666666666665, "Publication Count": 1.3333333333333333}, "university of science and technology of china": {"Citation Count": 2.0, "Publication Count": 1.0}, "hunan university": {"Citation Count": 4.4, "Publication Count": 1.05}, "nanjing university": {"Citation Count": 4.0, "Publication Count": 0.6666666666666666}, "tongji university": {"Citation Count": 0.6666666666666666, "Publication Count": 0.3333333333333333}, "durham university": {"Citation Count": 2.6666666666666665, "Publication Count": 0.2222222222222222}, "center for automotive research": {"Citation Count": 2.6666666666666665, "Publication Count": 0.2222222222222222}, "clemson university": {"Citation Count": 7.416666666666667, "Publication Count": 1.3055555555555556}, "university of north carolina at charlotte": {"Citation Count": 1.0, "Publication Count": 0.3333333333333333}, "beijing institute of technology": {"Citation Count": 9.0, "Publication Count": 1.6666666666666665}, "national institute of informatics": {"Citation Count": 1.3333333333333333, "Publication Count": 0.3333333333333333}, "hiroshima university": {"Citation Count": 2.0, "Publication Count": 0.5}, "chalmers university of technology": {"Citation Count": 0.0, "Publication Count": 1.0}, "suffolk university": {"Citation Count": 0.2, "Publication Count": 0.2}, "lawrence berkeley national laboratory": {"Citation Count": 0.0, "Publication Count": 0.3333333333333333}, "oak ridge national laboratory": {"Citation Count": 0.9999999999999999, "Publication Count": 1.0833333333333333}, "north carolina state university": {"Citation Count": 0.0, "Publication Count": 0.41666666666666663}, "lawrence livermore national laboratory": {"Citation Count": 2.4000000000000004, "Publication Count": 0.4}, "university of alabama at birmingham": {"Citation Count": 2.4000000000000004, "Publication Count": 0.4}, "sandia national laboratories": {"Citation Count": 1.2000000000000002, "Publication Count": 0.2}, "university of defence": {"Citation Count": 0.0, "Publication Count": 0.2}, "national university of defense technology": {"Citation Count": 0.0, "Publication Count": 0.2}, "versailles saint quentin en yvelines university": {"Citation Count": 0.3333333333333333, "Publication Count": 0.16666666666666666}, "royal institute of technology": {"Citation Count": 0.0, "Publication Count": 0.2}, "concordia university": {"Citation Count": 0.0, "Publication Count": 0.2}, "rice university": {"Citation Count": 3.2, "Publication Count": 0.8}, "rutgers university": {"Citation Count": 15.999999999999998, "Publication Count": 2.0}, "university of california riverside": {"Citation Count": 0.4, "Publication Count": 0.3666666666666667}, "shanghai jiao tong university": {"Citation Count": 0.0, "Publication Count": 0.3333333333333333}, "grenoble institute of technology": {"Citation Count": 2.0, "Publication Count": 1.0}, "astron": {"Citation Count": 3.0, "Publication Count": 1.0}, "southern illinois university carbondale": {"Citation Count": 0.0, "Publication Count": 0.5}, "college of william mary": {"Citation Count": 0.0, "Publication Count": 0.25}, "marquette university": {"Citation Count": 0.75, "Publication Count": 0.25}, "florida international university": {"Citation Count": 1.6, "Publication Count": 0.8}, "hubei university of technology": {"Citation Count": 0.16666666666666666, "Publication Count": 0.16666666666666666}, "state university of new york system": {"Citation Count": 0.6000000000000001, "Publication Count": 0.2}, "university of new south wales": {"Citation Count": 0.8, "Publication Count": 0.8}, "princeton university": {"Citation Count": 2.0, "Publication Count": 1.0}, "pennsylvania state university": {"Citation Count": 0.0, "Publication Count": 0.6666666666666666}, "university of bordeaux": {"Citation Count": 0.0, "Publication Count": 0.3333333333333333}, "old dominion university": {"Citation Count": 1.0, "Publication Count": 1.0}, "university of otago": {"Citation Count": 0.0, "Publication Count": 0.6000000000000001}}