{"university of luxembourg": {"Citation Count": 46.7, "Publication Count": 1.15}, "chonbuk national university": {"Citation Count": 14.5, "Publication Count": 0.25}, "fujitsu": {"Citation Count": 28.0, "Publication Count": 0.6666666666666666}, "university of california santa barbara": {"Citation Count": 14.0, "Publication Count": 0.3333333333333333}, "university of lugano": {"Citation Count": 69.85714285714286, "Publication Count": 1.5714285714285714}, "college of william mary": {"Citation Count": 57.449999999999996, "Publication Count": 1.35}, "concordia university": {"Citation Count": 57.0, "Publication Count": 3.5}, "microsoft": {"Citation Count": 34.041666666666664, "Publication Count": 2.0416666666666665}, "university of california irvine": {"Citation Count": 40.575, "Publication Count": 3.775}, "nanyang technological university": {"Citation Count": 90.01190476190476, "Publication Count": 2.2261904761904763}, "tsinghua university": {"Citation Count": 6.0, "Publication Count": 0.2857142857142857}, "fudan university": {"Citation Count": 20.75, "Publication Count": 0.39285714285714285}, "hong kong university of science and technology": {"Citation Count": 37.95833333333333, "Publication Count": 2.5416666666666665}, "aarhus university": {"Citation Count": 4.0, "Publication Count": 1.0}, "kaist": {"Citation Count": 138.33333333333331, "Publication Count": 2.6666666666666665}, "korea university": {"Citation Count": 3.6666666666666665, "Publication Count": 0.3333333333333333}, "university of pennsylvania": {"Citation Count": 3.6666666666666665, "Publication Count": 0.3333333333333333}, "university of zurich": {"Citation Count": 46.55, "Publication Count": 2.15}, "university of sannio": {"Citation Count": 23.133333333333333, "Publication Count": 0.8166666666666667}, "hong kong polytechnic university": {"Citation Count": 10.404761904761905, "Publication Count": 1.1761904761904762}, "the chinese university of hong kong": {"Citation Count": 1.1666666666666665, "Publication Count": 0.16666666666666666}, "northwestern polytechnical university": {"Citation Count": 8.0, "Publication Count": 0.2857142857142857}, "university of kentucky": {"Citation Count": 8.0, "Publication Count": 0.2857142857142857}, "university of southern california": {"Citation Count": 4.0, "Publication Count": 0.14285714285714285}, "north carolina state university": {"Citation Count": 111.36666666666667, "Publication Count": 3.2333333333333334}, "humboldt university of berlin": {"Citation Count": 9.666666666666666, "Publication Count": 0.3333333333333333}, "ames research center": {"Citation Count": 15.333333333333332, "Publication Count": 0.5}, "university of texas at arlington": {"Citation Count": 9.666666666666666, "Publication Count": 0.3333333333333333}, "university of massachusetts amherst": {"Citation Count": 15.0, "Publication Count": 1.0}, "carnegie mellon university": {"Citation Count": 52.175, "Publication Count": 2.0250000000000004}, "university of auckland": {"Citation Count": 10.166666666666666, "Publication Count": 0.5833333333333333}, "nanjing university": {"Citation Count": 38.38888888888889, "Publication Count": 3.688888888888889}, "georgia institute of technology": {"Citation Count": 5.444444444444445, "Publication Count": 1.1111111111111112}, "state university of new york system": {"Citation Count": 8.0, "Publication Count": 1.0}, "case western reserve university": {"Citation Count": 13.799999999999999, "Publication Count": 0.6}, "university of texas at san antonio": {"Citation Count": 9.400000000000002, "Publication Count": 0.4}, "princeton university": {"Citation Count": 4.6000000000000005, "Publication Count": 0.2}, "university of california davis": {"Citation Count": 61.541666666666664, "Publication Count": 2.7916666666666665}, "university of chicago": {"Citation Count": 35.2, "Publication Count": 1.6}, "university of california los angeles": {"Citation Count": 27.5, "Publication Count": 2.0}, "technische universitat darmstadt": {"Citation Count": 62.0, "Publication Count": 1.0}, "monash university": {"Citation Count": 30.73095238095238, "Publication Count": 1.4595238095238094}, "shanghai jiao tong university": {"Citation Count": 9.133333333333333, "Publication Count": 0.5333333333333333}, "australian national university": {"Citation Count": 7.6000000000000005, "Publication Count": 0.4}, "university of waterloo": {"Citation Count": 1.5, "Publication Count": 0.5}, "oregon state university": {"Citation Count": 13.0, "Publication Count": 1.5666666666666669}, "king saud university": {"Citation Count": 3.0, "Publication Count": 0.2}, "university of nebraska lincoln": {"Citation Count": 3.0, "Publication Count": 0.2}, "taibah university": {"Citation Count": 3.0, "Publication Count": 0.2}, "kent state university": {"Citation Count": 6.0, "Publication Count": 0.4}, "university of michigan": {"Citation Count": 15.428571428571427, "Publication Count": 0.8571428571428571}, "university of california": {"Citation Count": 2.571428571428571, "Publication Count": 0.14285714285714285}, "vu university amsterdam": {"Citation Count": 7.5, "Publication Count": 0.5}, "federal university of pernambuco": {"Citation Count": 7.5, "Publication Count": 0.5}, "university of texas at austin": {"Citation Count": 5.5, "Publication Count": 0.5}, "university of illinois at urbana champaign": {"Citation Count": 5.5, "Publication Count": 0.5}, "university of pisa": {"Citation Count": 0.75, "Publication Count": 0.25}, "university of calgary": {"Citation Count": 1.5, "Publication Count": 0.5}, "university of technology sydney": {"Citation Count": 4.75, "Publication Count": 0.5}, "ecole polytechnique de montreal": {"Citation Count": 7.0, "Publication Count": 0.25}, "mcgill university": {"Citation Count": 21.0, "Publication Count": 0.75}, "google": {"Citation Count": 11.833333333333332, "Publication Count": 1.3666666666666667}, "university of evansville": {"Citation Count": 3.75, "Publication Count": 0.25}, "eth zurich": {"Citation Count": 3.833333333333333, "Publication Count": 0.3333333333333333}, "university of lille": {"Citation Count": 3.0, "Publication Count": 0.6}, "portland state university": {"Citation Count": 1.0, "Publication Count": 0.2}, "french institute for research in computer science and automation": {"Citation Count": 1.0, "Publication Count": 0.2}, "university of new south wales": {"Citation Count": 12.0, "Publication Count": 0.75}, "zhejiang university": {"Citation Count": 73.91666666666667, "Publication Count": 1.1833333333333331}, "zhejiang university city college": {"Citation Count": 5.666666666666666, "Publication Count": 0.16666666666666666}, "singapore management university": {"Citation Count": 9.416666666666666, "Publication Count": 0.41666666666666663}, "virginia tech": {"Citation Count": 9.600000000000001, "Publication Count": 0.4}, "technische universitat munchen": {"Citation Count": 9.600000000000001, "Publication Count": 0.4}, "southern university of science and technology": {"Citation Count": 8.541666666666666, "Publication Count": 0.625}, "northeastern university": {"Citation Count": 5.5, "Publication Count": 0.5}, "drexel university": {"Citation Count": 8.0, "Publication Count": 1.0}, "new york university shanghai": {"Citation Count": 11.428571428571427, "Publication Count": 0.2857142857142857}, "east china normal university": {"Citation Count": 11.428571428571427, "Publication Count": 0.2857142857142857}, "oakland university": {"Citation Count": 7.0, "Publication Count": 0.5}, "city university of new york": {"Citation Count": 7.0, "Publication Count": 0.5}, "chinese academy of sciences": {"Citation Count": 9.2, "Publication Count": 1.4}, "national university of defense technology": {"Citation Count": 3.0, "Publication Count": 1.0}, "university of melbourne": {"Citation Count": 4.0, "Publication Count": 0.25}, "university of adelaide": {"Citation Count": 14.0, "Publication Count": 0.5}, "university of birmingham": {"Citation Count": 4.5, "Publication Count": 0.25},