{"technische universitat darmstadt": {"Citation Count": 47.0, "Publication Count": 1.0}, "university of california davis": {"Citation Count": 122.0, "Publication Count": 2.0}, "massachusetts institute of technology": {"Citation Count": 159.33333333333334, "Publication Count": 1.6666666666666665}, "the chinese university of hong kong": {"Citation Count": 160.0, "Publication Count": 1.0}, "singapore management university": {"Citation Count": 64.8, "Publication Count": 0.4}, "national university of singapore": {"Citation Count": 73.8, "Publication Count": 1.4}, "peking university": {"Citation Count": 102.4, "Publication Count": 1.2000000000000002}, "lancaster university": {"Citation Count": 60.42857142857144, "Publication Count": 0.7428571428571429}, "federal university of rio grande do norte": {"Citation Count": 9.642857142857142, "Publication Count": 0.21428571428571427}, "university of sao paulo": {"Citation Count": 9.642857142857142, "Publication Count": 0.21428571428571427}, "pontifical catholic university of rio de janeiro": {"Citation Count": 6.428571428571428, "Publication Count": 0.14285714285714285}, "federal university of pernambuco": {"Citation Count": 3.214285714285714, "Publication Count": 0.07142857142857142}, "federal university of sao paulo": {"Citation Count": 3.214285714285714, "Publication Count": 0.07142857142857142}, "kyushu institute of technology": {"Citation Count": 14.666666666666666, "Publication Count": 0.3333333333333333}, "university of tokyo": {"Citation Count": 14.666666666666666, "Publication Count": 0.3333333333333333}, "kyushu university": {"Citation Count": 14.666666666666666, "Publication Count": 0.3333333333333333}, "university of california irvine": {"Citation Count": 199.5, "Publication Count": 1.5}, "university of passau": {"Citation Count": 108.00000000000001, "Publication Count": 0.6000000000000001}, "blekinge institute of technology": {"Citation Count": 6.333333333333333, "Publication Count": 0.3333333333333333}, "aristotle university of thessaloniki": {"Citation Count": 6.333333333333333, "Publication Count": 0.3333333333333333}, "university of auckland": {"Citation Count": 37.083333333333336, "Publication Count": 1.0833333333333333}, "microsoft": {"Citation Count": 340.91666666666663, "Publication Count": 3.6666666666666665}, "university of maryland college park": {"Citation Count": 116.33333333333333, "Publication Count": 1.3333333333333333}, "french institute for research in computer science and automation": {"Citation Count": 48.88333333333334, "Publication Count": 0.7833333333333333}, "institut national des sciences appliquees de lyon": {"Citation Count": 1.375, "Publication Count": 0.125}, "university of caen lower normandy": {"Citation Count": 1.375, "Publication Count": 0.125}, "university of grenoble": {"Citation Count": 2.75, "Publication Count": 0.25}, "supelec": {"Citation Count": 1.375, "Publication Count": 0.125}, "university of victoria": {"Citation Count": 112.75, "Publication Count": 2.25}, "ecole polytechnique de montreal": {"Citation Count": 85.5, "Publication Count": 1.25}, "university of sannio": {"Citation Count": 48.75, "Publication Count": 1.25}, "depaul university": {"Citation Count": 124.0, "Publication Count": 1.0}, "university of zurich": {"Citation Count": 45.0, "Publication Count": 1.0}, "university of british columbia": {"Citation Count": 285.0, "Publication Count": 3.0}, "carnegie mellon university": {"Citation Count": 91.66666666666667, "Publication Count": 1.3333333333333333}, "chinese academy of sciences": {"Citation Count": 14.8, "Publication Count": 0.2}, "north carolina state university": {"Citation Count": 43.400000000000006, "Publication Count": 0.6000000000000001}, "university of washington": {"Citation Count": 80.4, "Publication Count": 1.7}, "university of california berkeley": {"Citation Count": 116.0, "Publication Count": 1.5}, "sri international": {"Citation Count": 49.0, "Publication Count": 0.25}, "ecole polytechnique": {"Citation Count": 33.666666666666664, "Publication Count": 0.3333333333333333}, "university of texas at austin": {"Citation Count": 52.83333333333333, "Publication Count": 1.4166666666666665}, "university of illinois at urbana champaign": {"Citation Count": 93.5, "Publication Count": 1.5}, "hong kong university of science and technology": {"Citation Count": 44.0, "Publication Count": 0.6666666666666666}, "city university of hong kong": {"Citation Count": 24.5, "Publication Count": 0.8333333333333333}, "georgia institute of technology": {"Citation Count": 148.0, "Publication Count": 2.0}, "university of wisconsin madison": {"Citation Count": 41.0, "Publication Count": 1.0}, "ibm": {"Citation Count": 157.6, "Publication Count": 3.8000000000000003}, "mcgill university": {"Citation Count": 28.0, "Publication Count": 0.4}, "victoria university of wellington": {"Citation Count": 72.0, "Publication Count": 1.0}, "university college london": {"Citation Count": 116.66666666666666, "Publication Count": 1.7333333333333334}, "queen s university": {"Citation Count": 36.0, "Publication Count": 1.0}, "iowa state university": {"Citation Count": 72.0, "Publication Count": 2.0}, "universite de namur": {"Citation Count": 131.4, "Publication Count": 0.6000000000000001}, "universite libre de bruxelles": {"Citation Count": 43.800000000000004, "Publication Count": 0.2}, "university of lugano": {"Citation Count": 212.0, "Publication Count": 3.0}, "university of waterloo": {"Citation Count": 6.5, "Publication Count": 0.5}, "karlsruhe institute of technology": {"Citation Count": 24.200000000000003, "Publication Count": 1.4}, "rolf c hagen group": {"Citation Count": 4.0, "Publication Count": 1.0}, "brown university": {"Citation Count": 83.33333333333334, "Publication Count": 2.777777777777778}, "university of central florida": {"Citation Count": 9.666666666666666, "Publication Count": 0.2222222222222222}, "university of calgary": {"Citation Count": 22.0, "Publication Count": 0.5}, "college of william mary": {"Citation Count": 36.0, "Publication Count": 0.6666666666666666}, "accenture": {"Citation Count": 72.0, "Publication Count": 1.3333333333333333}, "stanford university": {"Citation Count": 36.75, "Publication Count": 0.25}, "purdue university": {"Citation Count": 30.0, "Publication Count": 1.0}, "universidade federal de minas gerais": {"Citation Count": 8.0, "Publication Count": 1.0}, "eth zurich": {"Citation Count": 15.0, "Publication Count": 1.0}, "mount carmel health": {"Citation Count": 3.0, "Publication Count": 0.5}, "technion israel institute of technology": {"Citation Count": 3.0, "Publication Count": 0.5}, "national university of computer and emerging sciences": {"Citation Count": 0.8, "Publication Count": 0.8}, "university of agriculture faisalabad": {"Citation Count": 0.2, "Publication Count": 0.2}, "swinburne university of technology": {"Citation Count": 10.25, "Publication Count": 0.25}, "durham university": {"Citation Count": 6.333333333333333, "Publication Count": 0.3333333333333333}, "keele university": {"Citation Count": 12.666666666666666, "Publication Count": 0.6666666666666666}, "polytechnic of namibia": {"Citation Count": 12.0, "Publication Count": 1.0}, "forschungszentrum informatik": {"Citation Count": 11.200000000000001, "Publication Count": 0.4}, "university of haifa": {"Citation Count": 2.0, "Publication Count": 1.0}, "siemens": {"Citation Count": 10.0, "Publication Count": 1.0}, "capgemini": {"Citation Count": 9.333333333333332, "Publication Count": 1.1666666666666665}, "university of paderborn": {"Citation Count": 7.666666666666666, "Publication Count": 0.8333333333333333}, "japan advanced institute of science and technology": {"Citation Count": 2.5, "Publication Count": 0.5}, "university of salzburg": {"Citation Count": 9.0, "Publication Count": 1.0}, "technische universitat munchen": {"Citation Count": 54.5, "Publication Count": 1.75}, "fondazione bruno kessler": {"Citation Count": 10.5, "Publication Count": 0.5},