{"peking university": {"Citation Count": 101.14285714285714, "Publication Count": 2.0}, "university of illinois at urbana champaign": {"Citation Count": 5.142857142857142, "Publication Count": 0.14285714285714285}, "university of michigan": {"Citation Count": 5.142857142857142, "Publication Count": 0.14285714285714285}, "free university of bozen bolzano": {"Citation Count": 113.46666666666667, "Publication Count": 0.8222222222222222}, "university of molise": {"Citation Count": 39.93333333333334, "Publication Count": 0.3111111111111111}, "university of sannio": {"Citation Count": 39.93333333333334, "Publication Count": 0.3111111111111111}, "university of texas at san antonio": {"Citation Count": 63.625, "Publication Count": 0.9583333333333333}, "carnegie mellon university": {"Citation Count": 79.85, "Publication Count": 1.45}, "university of texas at dallas": {"Citation Count": 41.125, "Publication Count": 0.5535714285714286}, "nanyang technological university": {"Citation Count": 34.8, "Publication Count": 1.0666666666666667}, "iowa state university": {"Citation Count": 14.0, "Publication Count": 0.3333333333333333}, "technische universitat darmstadt": {"Citation Count": 234.45, "Publication Count": 3.65}, "national university of singapore": {"Citation Count": 348.3333333333333, "Publication Count": 2.6666666666666665}, "singapore university of technology and design": {"Citation Count": 6.800000000000001, "Publication Count": 0.4}, "university of paris": {"Citation Count": 3.4000000000000004, "Publication Count": 0.2}, "microsoft": {"Citation Count": 285.18809523809523, "Publication Count": 3.6857142857142855}, "university of california los angeles": {"Citation Count": 81.75, "Publication Count": 1.25}, "university of california davis": {"Citation Count": 184.22857142857143, "Publication Count": 2.5047619047619047}, "university of limerick": {"Citation Count": 164.0, "Publication Count": 0.6666666666666666}, "university of auckland": {"Citation Count": 89.85714285714286, "Publication Count": 0.47619047619047616}, "university of nebraska lincoln": {"Citation Count": 8.833333333333332, "Publication Count": 1.1666666666666665}, "ithaca college": {"Citation Count": 3.6666666666666665, "Publication Count": 0.3333333333333333}, "eth zurich": {"Citation Count": 47.0, "Publication Count": 1.0}, "university of maryland college park": {"Citation Count": 19.8, "Publication Count": 0.6}, "massachusetts institute of technology": {"Citation Count": 173.7, "Publication Count": 2.9}, "indian institute of science": {"Citation Count": 8.0, "Publication Count": 0.6666666666666666}, "ibm": {"Citation Count": 19.0, "Publication Count": 0.7261904761904762}, "rutgers university": {"Citation Count": 6.0, "Publication Count": 1.0}, "ecole polytechnique de montreal": {"Citation Count": 24.666666666666664, "Publication Count": 0.3333333333333333}, "university of alberta": {"Citation Count": 12.333333333333332, "Publication Count": 0.16666666666666666}, "auburn university": {"Citation Count": 39.0, "Publication Count": 1.5}, "google": {"Citation Count": 26.0, "Publication Count": 0.2857142857142857}, "university of delaware": {"Citation Count": 39.0, "Publication Count": 0.42857142857142855}, "university of southern california": {"Citation Count": 90.0, "Publication Count": 1.5}, "university of lugano": {"Citation Count": 19.0, "Publication Count": 0.3333333333333333}, "florida state university": {"Citation Count": 12.666666666666666, "Publication Count": 0.2222222222222222}, "university of sao paulo": {"Citation Count": 42.0, "Publication Count": 0.5}, "federal university of amazonas": {"Citation Count": 21.0, "Publication Count": 0.25}, "federal university of technology parana": {"Citation Count": 21.0, "Publication Count": 0.25}, "university of waterloo": {"Citation Count": 410.93333333333334, "Publication Count": 2.0095238095238095}, "queen s university": {"Citation Count": 216.0, "Publication Count": 1.5}, "nara institute of science and technology": {"Citation Count": 154.0, "Publication Count": 1.0}, "mcgill university": {"Citation Count": 155.0, "Publication Count": 1.5}, "renmin university of china": {"Citation Count": 46.285714285714285, "Publication Count": 1.8571428571428572}, "indian institute of technology kanpur": {"Citation Count": 58.5, "Publication Count": 0.75}, "university of pennsylvania": {"Citation Count": 37.666666666666664, "Publication Count": 0.3333333333333333}, "ecole polytechnique": {"Citation Count": 37.666666666666664, "Publication Count": 0.3333333333333333}, "technion israel institute of technology": {"Citation Count": 8.0, "Publication Count": 1.0}, "nanjing university": {"Citation Count": 44.58333333333333, "Publication Count": 1.7023809523809523}, "purdue university": {"Citation Count": 18.714285714285715, "Publication Count": 0.8214285714285714}, "ohio state university": {"Citation Count": 5.0, "Publication Count": 0.14285714285714285}, "university of adelaide": {"Citation Count": 76.83333333333333, "Publication Count": 0.6666666666666666}, "ohio university": {"Citation Count": 180.0, "Publication Count": 1.0}, "utah state university": {"Citation Count": 52.0, "Publication Count": 1.0}, "delft university of technology": {"Citation Count": 69.23333333333333, "Publication Count": 0.7666666666666666}, "university of virginia": {"Citation Count": 24.833333333333332, "Publication Count": 0.16666666666666666}, "huawei": {"Citation Count": 24.833333333333332, "Publication Count": 0.16666666666666666}, "pontifical catholic university of rio de janeiro": {"Citation Count": 58.0, "Publication Count": 1.0}, "university of zurich": {"Citation Count": 97.6, "Publication Count": 1.4}, "hong kong university of science and technology": {"Citation Count": 43.75, "Publication Count": 1.75}, "drexel university": {"Citation Count": 92.80000000000001, "Publication Count": 1.6}, "university of hawaii": {"Citation Count": 23.200000000000003, "Publication Count": 0.4}, "oregon state university": {"Citation Count": 38.0, "Publication Count": 1.25}, "university college london": {"Citation Count": 105.73333333333333, "Publication Count": 1.0666666666666667}, "university of luxembourg": {"Citation Count": 108.13333333333333, "Publication Count": 1.7166666666666668}, "fudan university": {"Citation Count": 10.0, "Publication Count": 0.14285714285714285}, "university of california irvine": {"Citation Count": 246.2, "Publication Count": 1.4}, "george mason university": {"Citation Count": 20.0, "Publication Count": 0.2}, "college of william mary": {"Citation Count": 54.0, "Publication Count": 1.0}, "university of kentucky": {"Citation Count": 1.5, "Publication Count": 0.5}, "delphi automotive": {"Citation Count": 12.5, "Publication Count": 0.25}, "wuhan university": {"Citation Count": 16.666666666666664, "Publication Count": 0.8333333333333333}, "nanjing university of posts and telecommunications": {"Citation Count": 6.0, "Publication Count": 0.5}, "university of portsmouth": {"Citation Count": 32.666666666666664, "Publication Count": 0.3333333333333333}, "simula research laboratory": {"Citation Count": 48.6, "Publication Count": 0.6}, "beihang university": {"Citation Count": 16.2, "Publication Count": 0.2}, "cisco systems inc": {"Citation Count": 16.2, "Publication Count": 0.2}, "university of passau": {"Citation Count": 30.666666666666664, "Publication Count": 0.3333333333333333}, "federal university of alagoas": {"Citation Count": 30.666666666666664, "Publication Count": 0.3333333333333333}, "universite de namur": {"Citation Count": 31.333333333333332, "Publication Count": 0.6666666666666666}, "french institute for research in computer science and automation": {"Citation Count": 7.833333333333333, "Publication Count": 0.16666666666666666}, "otto von guericke university magdeburg": {"Citation Count": 38.400000000000006, "Publication Count": 0.8}, "braunschweig university of technology": {"Citation Count": 9.600000000000001, "Publication Count": 0.2},