{"university of michigan": {"Citation Count": 1.625, "Publication Count": 0.125}, "peking university": {"Citation Count": 26.124999999999996, "Publication Count": 1.9107142857142856}, "university of illinois at urbana champaign": {"Citation Count": 1.625, "Publication Count": 0.125}, "free university of bozen bolzano": {"Citation Count": 33.177777777777784, "Publication Count": 0.8222222222222223}, "university of molise": {"Citation Count": 11.68888888888889, "Publication Count": 0.3111111111111111}, "university of sannio": {"Citation Count": 11.68888888888889, "Publication Count": 0.3111111111111111}, "carnegie mellon university": {"Citation Count": 20.583333333333336, "Publication Count": 1.3166666666666667}, "university of texas at san antonio": {"Citation Count": 15.458333333333332, "Publication Count": 0.9583333333333333}, "university of texas at dallas": {"Citation Count": 7.767857142857142, "Publication Count": 0.5535714285714286}, "nanyang technological university": {"Citation Count": 10.761904761904761, "Publication Count": 0.9523809523809523}, "iowa state university": {"Citation Count": 4.666666666666666, "Publication Count": 0.3333333333333333}, "technische universitat darmstadt": {"Citation Count": 60.95, "Publication Count": 3.65}, "national university of singapore": {"Citation Count": 111.66666666666667, "Publication Count": 2.1666666666666665}, "university of paris": {"Citation Count": 0.7142857142857142, "Publication Count": 0.14285714285714285}, "microsoft": {"Citation Count": 69.55119047619048, "Publication Count": 3.6678571428571427}, "university of california los angeles": {"Citation Count": 28.999999999999996, "Publication Count": 1.2499999999999998}, "university of california davis": {"Citation Count": 49.72380952380952, "Publication Count": 2.5047619047619047}, "university of limerick": {"Citation Count": 33.33333333333333, "Publication Count": 0.6666666666666666}, "university of auckland": {"Citation Count": 19.38095238095238, "Publication Count": 0.47619047619047616}, "ithaca college": {"Citation Count": 1.6666666666666665, "Publication Count": 0.3333333333333333}, "university of nebraska lincoln": {"Citation Count": 3.6666666666666665, "Publication Count": 1.0}, "eth zurich": {"Citation Count": 15.0, "Publication Count": 1.0}, "university of maryland college park": {"Citation Count": 7.800000000000001, "Publication Count": 0.6000000000000001}, "massachusetts institute of technology": {"Citation Count": 62.2, "Publication Count": 2.9}, "indian institute of science": {"Citation Count": 2.6666666666666665, "Publication Count": 0.6666666666666666}, "ibm": {"Citation Count": 4.958333333333333, "Publication Count": 0.7083333333333333}, "rutgers university": {"Citation Count": 5.0, "Publication Count": 1.0}, "ecole polytechnique de montreal": {"Citation Count": 12.0, "Publication Count": 0.3333333333333333}, "university of alberta": {"Citation Count": 6.0, "Publication Count": 0.16666666666666666}, "auburn university": {"Citation Count": 18.0, "Publication Count": 1.5}, "university of delaware": {"Citation Count": 10.875, "Publication Count": 0.375}, "google": {"Citation Count": 7.25, "Publication Count": 0.25}, "university of southern california": {"Citation Count": 37.0, "Publication Count": 1.5}, "florida state university": {"Citation Count": 3.7777777777777777, "Publication Count": 0.2222222222222222}, "university of lugano": {"Citation Count": 5.666666666666666, "Publication Count": 0.3333333333333333}, "university of sao paulo": {"Citation Count": 13.0, "Publication Count": 0.5}, "federal university of technology parana": {"Citation Count": 6.5, "Publication Count": 0.25}, "federal university of amazonas": {"Citation Count": 6.5, "Publication Count": 0.25}, "university of waterloo": {"Citation Count": 78.61904761904762, "Publication Count": 2.0095238095238095}, "queen s university": {"Citation Count": 59.25, "Publication Count": 1.5}, "nara institute of science and technology": {"Citation Count": 38.5, "Publication Count": 1.0}, "mcgill university": {"Citation Count": 38.25, "Publication Count": 1.5}, "renmin university of china": {"Citation Count": 13.428571428571427, "Publication Count": 1.6904761904761902}, "indian institute of technology kanpur": {"Citation Count": 15.75, "Publication Count": 0.75}, "ecole polytechnique": {"Citation Count": 9.0, "Publication Count": 0.3333333333333333}, "university of pennsylvania": {"Citation Count": 9.0, "Publication Count": 0.3333333333333333}, "technion israel institute of technology": {"Citation Count": 3.333333333333333, "Publication Count": 0.6666666666666666}, "ohio state university": {"Citation Count": 1.2857142857142856, "Publication Count": 0.14285714285714285}, "nanjing university": {"Citation Count": 15.988095238095237, "Publication Count": 1.7023809523809523}, "purdue university": {"Citation Count": 4.428571428571428, "Publication Count": 0.8214285714285714}, "university of adelaide": {"Citation Count": 18.333333333333332, "Publication Count": 0.6666666666666666}, "ohio university": {"Citation Count": 42.0, "Publication Count": 1.0}, "utah state university": {"Citation Count": 10.0, "Publication Count": 1.0}, "university of virginia": {"Citation Count": 6.0, "Publication Count": 0.16666666666666666}, "delft university of technology": {"Citation Count": 20.400000000000002, "Publication Count": 0.7666666666666667}, "huawei": {"Citation Count": 6.0, "Publication Count": 0.16666666666666666}, "pontifical catholic university of rio de janeiro": {"Citation Count": 15.200000000000001, "Publication Count": 0.8}, "university of zurich": {"Citation Count": 17.6, "Publication Count": 1.4}, "hong kong university of science and technology": {"Citation Count": 20.25, "Publication Count": 1.75}, "university of hawaii": {"Citation Count": 7.4, "Publication Count": 0.4}, "drexel university": {"Citation Count": 29.6, "Publication Count": 1.6}, "oregon state university": {"Citation Count": 18.5, "Publication Count": 1.25}, "university college london": {"Citation Count": 36.53333333333333, "Publication Count": 1.0666666666666667}, "university of luxembourg": {"Citation Count": 39.35, "Publication Count": 1.7166666666666668}, "fudan university": {"Citation Count": 1.7142857142857142, "Publication Count": 0.14285714285714285}, "university of california irvine": {"Citation Count": 55.800000000000004, "Publication Count": 1.4000000000000001}, "george mason university": {"Citation Count": 6.0, "Publication Count": 0.2}, "college of william mary": {"Citation Count": 21.0, "Publication Count": 1.0}, "university of kentucky": {"Citation Count": 0.3333333333333333, "Publication Count": 0.3333333333333333}, "delphi automotive": {"Citation Count": 4.25, "Publication Count": 0.25}, "wuhan university": {"Citation Count": 6.833333333333333, "Publication Count": 0.8333333333333333}, "nanjing university of posts and telecommunications": {"Citation Count": 2.5, "Publication Count": 0.5}, "university of portsmouth": {"Citation Count": 10.666666666666666, "Publication Count": 0.3333333333333333}, "simula research laboratory": {"Citation Count": 18.000000000000004, "Publication Count": 0.6000000000000001}, "beihang university": {"Citation Count": 6.0, "Publication Count": 0.2}, "cisco systems inc": {"Citation Count": 6.0, "Publication Count": 0.2}, "federal university of alagoas": {"Citation Count": 6.4, "Publication Count": 0.2}, "universite de namur": {"Citation Count": 12.0, "Publication Count": 0.6666666666666666}, "french institute for research in computer science and automation": {"Citation Count": 3.0, "Publication Count": 0.16666666666666666}, "braunschweig university of technology": {"Citation Count": 4.800000000000001, "Publication Count": 0.2}, "it university of copenhagen": {"Citation Count": 26.0, "Publication Count": 1.0}, "academia sinica": {"Citation Count": 2.571428571428571, "Publication Count": 0.42857142857142855}, "national taiwan university": {"Citation Count": 2.571428571428571,