{"northern arizona university": {"Citation Count": 4.666666666666666, "Publication Count": 0.6666666666666666}, "eindhoven university of technology": {"Citation Count": 5.416666666666666, "Publication Count": 0.5833333333333333}, "university of sao paulo": {"Citation Count": 4.666666666666666, "Publication Count": 0.3333333333333333}, "nanjing university": {"Citation Count": 1.0, "Publication Count": 1.0}, "national university of defense technology": {"Citation Count": 1.3333333333333333, "Publication Count": 0.6666666666666666}, "central south university": {"Citation Count": 0.3333333333333333, "Publication Count": 0.16666666666666666}, "peking university": {"Citation Count": 0.6190476190476191, "Publication Count": 0.30952380952380953}, "fudan university": {"Citation Count": 11.225, "Publication Count": 1.675}, "nanyang technological university": {"Citation Count": 1.625, "Publication Count": 0.7083333333333333}, "otto von guericke university magdeburg": {"Citation Count": 6.0, "Publication Count": 2.0}, "north carolina state university": {"Citation Count": 1.1428571428571428, "Publication Count": 0.5714285714285714}, "university of arkansas": {"Citation Count": 0.2857142857142857, "Publication Count": 0.14285714285714285}, "university of texas at dallas": {"Citation Count": 0.2857142857142857, "Publication Count": 0.14285714285714285}, "singapore management university": {"Citation Count": 19.333333333333332, "Publication Count": 2.3095238095238093}, "university of texas at austin": {"Citation Count": 0.25, "Publication Count": 0.25}, "university of toronto": {"Citation Count": 0.25, "Publication Count": 0.25}, "university of british columbia": {"Citation Count": 2.25, "Publication Count": 1.25}, "university of delaware": {"Citation Count": 10.0, "Publication Count": 2.0}, "ecole polytechnique de montreal": {"Citation Count": 5.333333333333333, "Publication Count": 2.6666666666666665}, "shanghai jiao tong university": {"Citation Count": 5.6, "Publication Count": 1.6}, "karlsruhe institute of technology": {"Citation Count": 1.6666666666666665, "Publication Count": 0.3333333333333333}, "university of gottingen": {"Citation Count": 3.333333333333333, "Publication Count": 0.6666666666666666}, "hohai university": {"Citation Count": 3.333333333333333, "Publication Count": 0.6666666666666666}, "hong kong polytechnic university": {"Citation Count": 1.6666666666666665, "Publication Count": 0.3333333333333333}, "queen s university": {"Citation Count": 0.0, "Publication Count": 0.6666666666666666}, "concordia university wisconsin": {"Citation Count": 0.0, "Publication Count": 0.3333333333333333}, "university of gothenburg": {"Citation Count": 1.6, "Publication Count": 0.4}, "federal university of pernambuco": {"Citation Count": 11.65, "Publication Count": 2.35}, "brigham young university": {"Citation Count": 4.0, "Publication Count": 1.0}, "university of new south wales": {"Citation Count": 1.0, "Publication Count": 1.0}, "chinese academy of sciences": {"Citation Count": 2.0, "Publication Count": 1.0}, "university of saskatchewan": {"Citation Count": 2.0, "Publication Count": 1.0}, "osaka university": {"Citation Count": 2.0, "Publication Count": 2.0}, "eth zurich": {"Citation Count": 0.2, "Publication Count": 0.2}, "university of chicago": {"Citation Count": 0.2, "Publication Count": 0.2}, "ohio state university": {"Citation Count": 0.8, "Publication Count": 0.8}, "fordham university": {"Citation Count": 0.2, "Publication Count": 0.2}, "technische universitat munchen": {"Citation Count": 1.0, "Publication Count": 1.0}, "university of szeged": {"Citation Count": 0.0, "Publication Count": 1.0}, "carleton university": {"Citation Count": 8.0, "Publication Count": 1.0}, "clemson university": {"Citation Count": 6.0, "Publication Count": 2.6666666666666665}, "university of zurich": {"Citation Count": 5.9, "Publication Count": 0.95}, "university of salerno": {"Citation Count": 1.5, "Publication Count": 1.0}, "royal institute of technology": {"Citation Count": 1.75, "Publication Count": 0.25}, "university of st thomas": {"Citation Count": 0.0, "Publication Count": 1.0}, "york university": {"Citation Count": 1.6666666666666665, "Publication Count": 0.3333333333333333}, "university of alberta": {"Citation Count": 3.333333333333333, "Publication Count": 0.6666666666666666}, "case western reserve university": {"Citation Count": 2.0, "Publication Count": 1.0}, "university of luxembourg": {"Citation Count": 1.3333333333333333, "Publication Count": 0.6666666666666666}, "university college dublin": {"Citation Count": 0.6666666666666666, "Publication Count": 0.3333333333333333}, "university of calgary": {"Citation Count": 1.0, "Publication Count": 1.0}, "carnegie mellon university": {"Citation Count": 3.2, "Publication Count": 0.8}, "columbia university": {"Citation Count": 0.8, "Publication Count": 0.2}, "university of brasilia": {"Citation Count": 0.0, "Publication Count": 0.9142857142857144}, "federal university of para": {"Citation Count": 0.0, "Publication Count": 0.14285714285714285}, "universidade federal de minas gerais": {"Citation Count": 1.0, "Publication Count": 1.0}, "kent state university": {"Citation Count": 0.0, "Publication Count": 0.4}, "university of nebraska lincoln": {"Citation Count": 1.0, "Publication Count": 1.4}, "university of illinois at urbana champaign": {"Citation Count": 0.0, "Publication Count": 0.2}, "georgia institute of technology": {"Citation Count": 1.0, "Publication Count": 1.0}, "university of paris": {"Citation Count": 0.75, "Publication Count": 0.75}, "french institute for research in computer science and automation": {"Citation Count": 0.25, "Publication Count": 0.25}, "federal university of ceara": {"Citation Count": 2.571428571428571, "Publication Count": 0.42857142857142855}, "pontifical catholic university of rio de janeiro": {"Citation Count": 4.5396825396825395, "Publication Count": 1.126984126984127}, "university of california davis": {"Citation Count": 2.8000000000000003, "Publication Count": 0.4}, "delft university of technology": {"Citation Count": 1.4000000000000001, "Publication Count": 0.2}, "university of passau": {"Citation Count": 1.4000000000000001, "Publication Count": 0.2}, "oregon state university": {"Citation Count": 0.0, "Publication Count": 1.0}, "east china normal university": {"Citation Count": 0.4, "Publication Count": 0.2}, "federal university of technology parana": {"Citation Count": 0.2222222222222222, "Publication Count": 0.1111111111111111}, "federal university of alagoas": {"Citation Count": 0.4444444444444444, "Publication Count": 0.2222222222222222}, "universidade estadual de maringa": {"Citation Count": 0.2222222222222222, "Publication Count": 0.1111111111111111}, "university of los andes": {"Citation Count": 3.0, "Publication Count": 1.0}, "mozilla corporation": {"Citation Count": 0.6666666666666666, "Publication Count": 0.3333333333333333}, "wuhan university": {"Citation Count": 0.0, "Publication Count": 0.25}, "central china normal university": {"Citation Count": 0.0, "Publication Count": 0.75}, "monash university": {"Citation Count": 0.9333333333333333, "Publication Count": 0.3666666666666667}, "deakin university": {"Citation Count": 2.4000000000000004, "Publication Count": 0.8}, "fujitsu": {"Citation Count": 0.0, "Publication Count": 1.0}, "chongqing university": {"Citation Count": 2.0, "Publication Count": 1.0}, "university of sannio": {"Citation Count": 2.25, "Publication Count": 0.75}, "virginia tech": {"Citation Count": 0.0, "Publication Count": 1.0}, "university of mons": {"Citation Count": 3.0, "Publication Count": 1.0}, "university of chile": {"Citation Count": 1.0, "Publication Count": 1.0}, "kyushu university": {"Citation Count": 3.125, "Publication Count": 1.2916666666666665}, "university of waterloo": {"Citation Count": 0.0, "Publication Count": 1.0}, "alibaba group": {"Citation Count": 0.625, "Publication Count": 0.125}, "tianjin university of technology": {"Citation Count": 1.25,