{"george mason university": {"Citation Count": 16.333333333333332, "Publication Count": 1.3333333333333333}, "pennsylvania state university": {"Citation Count": 25.2, "Publication Count": 3.466666666666667}, "microsoft": {"Citation Count": 2.6666666666666665, "Publication Count": 0.41666666666666663}, "university of california san diego": {"Citation Count": 4.666666666666666, "Publication Count": 0.6666666666666666}, "virginia tech": {"Citation Count": 11.0, "Publication Count": 1.0}, "arizona state university": {"Citation Count": 10.0, "Publication Count": 1.0}, "uppsala university": {"Citation Count": 7.0, "Publication Count": 1.0}, "georgia institute of technology": {"Citation Count": 32.8, "Publication Count": 1.2}, "university of illinois at urbana champaign": {"Citation Count": 18.61904761904762, "Publication Count": 1.5595238095238095}, "yonsei university": {"Citation Count": 5.642857142857142, "Publication Count": 1.0714285714285714}, "sk telecom": {"Citation Count": 0.2857142857142857, "Publication Count": 0.14285714285714285}, "lawrence berkeley national laboratory": {"Citation Count": 2.5357142857142856, "Publication Count": 0.39285714285714285}, "cornell university": {"Citation Count": 23.333333333333332, "Publication Count": 1.6666666666666665}, "university of dusseldorf": {"Citation Count": 0.6666666666666666, "Publication Count": 0.3333333333333333}, "columbia university": {"Citation Count": 0.75, "Publication Count": 0.75}, "kyushu university": {"Citation Count": 0.25, "Publication Count": 0.25}, "google": {"Citation Count": 1.25, "Publication Count": 0.41666666666666663}, "seoul national university": {"Citation Count": 0.0, "Publication Count": 0.8333333333333334}, "university of washington": {"Citation Count": 11.0, "Publication Count": 1.0}, "nvidia": {"Citation Count": 0.16666666666666666, "Publication Count": 0.16666666666666666}, "northeastern university": {"Citation Count": 0.8333333333333334, "Publication Count": 0.8333333333333334}, "university of missouri": {"Citation Count": 0.75, "Publication Count": 0.75}, "north carolina state university": {"Citation Count": 3.25, "Publication Count": 1.25}, "university of california irvine": {"Citation Count": 2.6666666666666665, "Publication Count": 0.3333333333333333}, "ibm": {"Citation Count": 0.6666666666666666, "Publication Count": 0.08333333333333333}, "intel": {"Citation Count": 0.6666666666666666, "Publication Count": 0.08333333333333333}, "university of utah": {"Citation Count": 9.600000000000001, "Publication Count": 0.8}, "lawrence livermore national laboratory": {"Citation Count": 2.4000000000000004, "Publication Count": 0.2}}