{"virginia tech": {"Citation Count": 9.983333333333333, "Publication Count": 2.1277777777777778}, "indiana university": {"Citation Count": 2.75, "Publication Count": 0.75}, "hebrew university of jerusalem": {"Citation Count": 8.666666666666666, "Publication Count": 0.6666666666666666}, "eth zurich": {"Citation Count": 4.333333333333333, "Publication Count": 0.3333333333333333}, "pacific northwest national laboratory": {"Citation Count": 9.936507936507937, "Publication Count": 1.123015873015873}, "purdue university": {"Citation Count": 3.1666666666666665, "Publication Count": 1.5833333333333333}, "georgia institute of technology": {"Citation Count": 17.0, "Publication Count": 4.0}, "indian institute of technology bombay": {"Citation Count": 0.6666666666666666, "Publication Count": 0.3333333333333333}, "lawrence berkeley national laboratory": {"Citation Count": 4.609848484848484, "Publication Count": 1.731060606060606}, "massachusetts institute of technology": {"Citation Count": 3.974025974025974, "Publication Count": 1.3246753246753247}, "university of california berkeley": {"Citation Count": 5.238636363636363, "Publication Count": 2.3295454545454546}, "intel": {"Citation Count": 8.141774891774892, "Publication Count": 1.6504329004329004}, "oak ridge national laboratory": {"Citation Count": 30.504761904761903, "Publication Count": 2.7968253968253967}, "university of illinois at urbana champaign": {"Citation Count": 10.213888888888889, "Publication Count": 1.8694444444444445}, "king abdullah university of science and technology": {"Citation Count": 3.5999999999999996, "Publication Count": 0.6}, "paris observatory": {"Citation Count": 2.4000000000000004, "Publication Count": 0.4}, "university of north carolina at charlotte": {"Citation Count": 1.5, "Publication Count": 0.25}, "university of colorado colorado springs": {"Citation Count": 9.0, "Publication Count": 1.5}, "university of texas at san antonio": {"Citation Count": 1.5, "Publication Count": 0.25}, "washington state university vancouver": {"Citation Count": 1.0, "Publication Count": 1.0}, "sandia national laboratories": {"Citation Count": 2.238095238095238, "Publication Count": 0.9523809523809523}, "rutgers university": {"Citation Count": 27.20952380952381, "Publication Count": 2.4380952380952383}, "university of tokyo": {"Citation Count": 8.988095238095239, "Publication Count": 2.448412698412698}, "university of tsukuba": {"Citation Count": 0.75, "Publication Count": 0.25}, "technion israel institute of technology": {"Citation Count": 0.8, "Publication Count": 0.8}, "university of washington": {"Citation Count": 9.2, "Publication Count": 1.45}, "national center for supercomputing applications": {"Citation Count": 0.525, "Publication Count": 0.225}, "university of southern california": {"Citation Count": 1.6, "Publication Count": 0.4}, "san jose state university": {"Citation Count": 0.8, "Publication Count": 0.2}, "yonsei university": {"Citation Count": 0.5, "Publication Count": 0.5}, "nvidia": {"Citation Count": 0.6666666666666666, "Publication Count": 0.41666666666666663}, "university of kiel": {"Citation Count": 4.0, "Publication Count": 1.0}, "washington university in st louis": {"Citation Count": 0.0, "Publication Count": 0.5}, "national university of singapore": {"Citation Count": 7.8, "Publication Count": 1.1}, "vanderbilt university": {"Citation Count": 4.5, "Publication Count": 0.75}, "ecole normale superieure": {"Citation Count": 1.5, "Publication Count": 0.25}, "technical university of cluj napoca": {"Citation Count": 5.0, "Publication Count": 1.0}, "boise state university": {"Citation Count": 0.3333333333333333, "Publication Count": 0.3333333333333333}, "university of colorado boulder": {"Citation Count": 0.3333333333333333, "Publication Count": 0.3333333333333333}, "university of utah": {"Citation Count": 5.055555555555555, "Publication Count": 1.1944444444444444}, "microsoft": {"Citation Count": 4.5, "Publication Count": 1.25}, "university of melbourne": {"Citation Count": 5.2, "Publication Count": 0.4}, "university of rochester": {"Citation Count": 7.0, "Publication Count": 0.5}, "tsinghua university": {"Citation Count": 11.0, "Publication Count": 1.5}, "karlsruhe institute of technology": {"Citation Count": 17.0, "Publication Count": 2.0}, "australian national university": {"Citation Count": 0.3333333333333333, "Publication Count": 0.3333333333333333}, "texas instruments": {"Citation Count": 0.3333333333333333, "Publication Count": 0.3333333333333333}, "southwest research institute": {"Citation Count": 0.3333333333333333, "Publication Count": 0.3333333333333333}, "xiamen university": {"Citation Count": 0.8, "Publication Count": 0.8}, "university of texas at arlington": {"Citation Count": 0.45, "Publication Count": 0.325}, "huazhong university of science and technology": {"Citation Count": 4.654761904761904, "Publication Count": 2.557539682539683}, "temple university": {"Citation Count": 3.1, "Publication Count": 0.24285714285714285}, "ibm": {"Citation Count": 4.25, "Publication Count": 1.0}, "university of connecticut": {"Citation Count": 0.0, "Publication Count": 0.5}, "university of michigan": {"Citation Count": 2.4000000000000004, "Publication Count": 0.4}, "boston university": {"Citation Count": 6.266666666666666, "Publication Count": 1.2666666666666666}, "chongqing university": {"Citation Count": 3.1, "Publication Count": 0.1}, "new jersey institute of technology": {"Citation Count": 9.299999999999999, "Publication Count": 0.3}, "cloudera": {"Citation Count": 1.0, "Publication Count": 0.5}, "university of lisbon": {"Citation Count": 9.0, "Publication Count": 1.0}, "carnegie mellon university": {"Citation Count": 13.142857142857142, "Publication Count": 1.7142857142857144}, "state university of campinas": {"Citation Count": 4.0, "Publication Count": 1.0}, "university of california davis": {"Citation Count": 10.266666666666667, "Publication Count": 2.1333333333333333}, "university of mainz": {"Citation Count": 7.0, "Publication Count": 1.0}, "lawrence livermore national laboratory": {"Citation Count": 8.791666666666668, "Publication Count": 2.0694444444444446}, "stanford university": {"Citation Count": 0.0, "Publication Count": 0.25}, "scientific computing and imaging institute": {"Citation Count": 0.0, "Publication Count": 0.25}, "university of waterloo": {"Citation Count": 2.0, "Publication Count": 1.0}, "nanjing university of posts and telecommunications": {"Citation Count": 3.2, "Publication Count": 0.4}, "shanghai jiao tong university": {"Citation Count": 4.6, "Publication Count": 1.2}, "university of aizu": {"Citation Count": 1.6, "Publication Count": 0.2}, "hong kong polytechnic university": {"Citation Count": 1.6, "Publication Count": 0.2}, "national university of defense technology": {"Citation Count": 19.200000000000003, "Publication Count": 1.0}, "lancaster university": {"Citation Count": 4.6000000000000005, "Publication Count": 0.2}, "technische universitat munchen": {"Citation Count": 0.3333333333333333, "Publication Count": 0.1111111111111111}, "colorado college": {"Citation Count": 0.3333333333333333, "Publication Count": 0.1111111111111111}, "kyushu university": {"Citation Count": 0.9047619047619047, "Publication Count": 0.25396825396825395}, "pennsylvania state university": {"Citation Count": 5.111111111111111, "Publication Count": 0.2222222222222222}, "princeton university": {"Citation Count": 10.42222222222222, "Publication Count": 0.6444444444444444}, "new york university": {"Citation Count": 3.6666666666666665, "Publication Count": 0.3333333333333333}, "wake forest university": {"Citation Count": 7.333333333333333, "Publication Count": 0.6666666666666666}, "university of minnesota": {"Citation Count": 3.5, "Publication Count": 0.25}, "university of maryland baltimore county": {"Citation Count": 3.5, "Publication Count": 0.25}, "ohio state university": {"Citation Count": 8.88888888888889, "Publication Count": 1.2444444444444445},