{"technion israel institute of technology": {"Citation Count": 3.0, "Publication Count": 0.5}, "university of haifa": {"Citation Count": 3.0, "Publication Count": 0.5}, "georgia institute of technology": {"Citation Count": 36.766666666666666, "Publication Count": 2.966666666666667}, "lawrence berkeley national laboratory": {"Citation Count": 82.66666666666666, "Publication Count": 4.999999999999999}, "eth zurich": {"Citation Count": 68.75, "Publication Count": 3.333333333333333}, "university of illinois at urbana champaign": {"Citation Count": 22.833333333333336, "Publication Count": 1.0916666666666666}, "university of mainz": {"Citation Count": 4.166666666666667, "Publication Count": 0.6666666666666666}, "shandong university": {"Citation Count": 4.666666666666667, "Publication Count": 1.1666666666666665}, "virginia tech": {"Citation Count": 17.0, "Publication Count": 3.15}, "intel": {"Citation Count": 23.942857142857143, "Publication Count": 1.4357142857142857}, "university of california los angeles": {"Citation Count": 6.0, "Publication Count": 0.5}, "tsinghua university": {"Citation Count": 80.26984126984127, "Publication Count": 2.8015873015873014}, "civil aviation university of china": {"Citation Count": 0.6666666666666666, "Publication Count": 0.08333333333333333}, "tianjin university": {"Citation Count": 2.6666666666666665, "Publication Count": 0.3333333333333333}, "national center for supercomputing applications": {"Citation Count": 17.925, "Publication Count": 0.35}, "university of southern california": {"Citation Count": 15.285714285714285, "Publication Count": 1.3928571428571428}, "university of florida": {"Citation Count": 8.428571428571429, "Publication Count": 1.7142857142857144}, "huazhong university of science and technology": {"Citation Count": 25.583333333333332, "Publication Count": 1.75}, "university of rhode island": {"Citation Count": 1.3333333333333333, "Publication Count": 0.16666666666666666}, "hewlett packard": {"Citation Count": 2.75, "Publication Count": 0.25}, "university of rochester": {"Citation Count": 6.071428571428571, "Publication Count": 0.6428571428571428}, "chinese academy of sciences": {"Citation Count": 15.305555555555555, "Publication Count": 1.0277777777777777}, "university of colorado colorado springs": {"Citation Count": 22.904761904761905, "Publication Count": 1.619047619047619}, "texas a m university": {"Citation Count": 5.333333333333333, "Publication Count": 2.6666666666666665}, "ohio state university": {"Citation Count": 17.0, "Publication Count": 2.3333333333333335}, "argonne national laboratory": {"Citation Count": 59.496428571428574, "Publication Count": 2.8107142857142855}, "lawrence livermore national laboratory": {"Citation Count": 50.409126984126985, "Publication Count": 3.7408730158730155}, "pacific northwest national laboratory": {"Citation Count": 25.425, "Publication Count": 2.7583333333333333}, "university of l aquila": {"Citation Count": 2.0, "Publication Count": 0.5}, "university of rome tor vergata": {"Citation Count": 2.0, "Publication Count": 0.5}, "georgetown university": {"Citation Count": 7.0, "Publication Count": 1.0}, "university of grenoble": {"Citation Count": 3.5999999999999996, "Publication Count": 0.6}, "university of nevada las vegas": {"Citation Count": 2.4000000000000004, "Publication Count": 0.4}, "university of hamburg": {"Citation Count": 1.5, "Publication Count": 0.5}, "university of british columbia": {"Citation Count": 0.75, "Publication Count": 0.25}, "university of waterloo": {"Citation Count": 0.75, "Publication Count": 0.25}, "kobe university": {"Citation Count": 1.5, "Publication Count": 0.5}, "kyoto university": {"Citation Count": 1.5, "Publication Count": 0.5}, "sandia national laboratories": {"Citation Count": 33.9, "Publication Count": 1.1166666666666667}, "oak ridge national laboratory": {"Citation Count": 4.75, "Publication Count": 2.6666666666666665}, "french institute for research in computer science and automation": {"Citation Count": 0.5, "Publication Count": 0.25}, "environmental molecular sciences laboratory": {"Citation Count": 3.6666666666666665, "Publication Count": 0.3333333333333333}, "polytechnic university of catalonia": {"Citation Count": 5.571428571428571, "Publication Count": 1.0285714285714285}, "barcelona supercomputing center": {"Citation Count": 26.828571428571426, "Publication Count": 1.7714285714285714}, "university of connecticut": {"Citation Count": 9.333333333333332, "Publication Count": 0.6666666666666666}, "nxp semiconductors": {"Citation Count": 2.333333333333333, "Publication Count": 0.16666666666666666}, "freescale semiconductor": {"Citation Count": 2.333333333333333, "Publication Count": 0.16666666666666666}, "university of the sciences": {"Citation Count": 3.25, "Publication Count": 0.25}, "royal institute of technology": {"Citation Count": 6.5, "Publication Count": 0.5}, "indian institutes of technology": {"Citation Count": 3.25, "Publication Count": 0.25}, "university of innsbruck": {"Citation Count": 2.5, "Publication Count": 0.25}, "technical university of berlin": {"Citation Count": 15.0, "Publication Count": 1.5}, "stanford university": {"Citation Count": 2.5, "Publication Count": 0.25}, "reykjavik university": {"Citation Count": 4.5, "Publication Count": 0.5}, "university of hong kong": {"Citation Count": 2.25, "Publication Count": 0.25}, "university of wroclaw": {"Citation Count": 4.0, "Publication Count": 1.0}, "california state university fullerton": {"Citation Count": 3.25, "Publication Count": 0.25}, "hebrew university of jerusalem": {"Citation Count": 6.5, "Publication Count": 0.5}, "college of william mary": {"Citation Count": 3.0, "Publication Count": 0.5}, "university of maryland college park": {"Citation Count": 4.0, "Publication Count": 1.0}, "western digital": {"Citation Count": 6.0, "Publication Count": 1.0}, "university of pittsburgh": {"Citation Count": 1.2000000000000002, "Publication Count": 0.2}, "national university of defense technology": {"Citation Count": 16.0, "Publication Count": 1.7428571428571429}, "ibm": {"Citation Count": 35.86666666666666, "Publication Count": 2.933333333333333}, "university of central florida": {"Citation Count": 13.333333333333332, "Publication Count": 0.6666666666666666}, "los alamos national laboratory": {"Citation Count": 7.666666666666667, "Publication Count": 1.3777777777777778}, "university of new mexico": {"Citation Count": 0.6666666666666666, "Publication Count": 0.1111111111111111}, "university of stuttgart": {"Citation Count": 0.6666666666666666, "Publication Count": 0.1111111111111111}, "university of california davis": {"Citation Count": 24.8, "Publication Count": 0.8}, "national autonomous university of mexico": {"Citation Count": 6.0, "Publication Count": 1.0}, "mcmaster university": {"Citation Count": 2.0, "Publication Count": 1.0}, "louisiana state university": {"Citation Count": 15.200000000000001, "Publication Count": 0.8}, "kent state university": {"Citation Count": 3.8000000000000003, "Publication Count": 0.2}, "university of washington": {"Citation Count": 6.0, "Publication Count": 1.0}, "shanghai jiao tong university": {"Citation Count": 1.8888888888888888, "Publication Count": 0.1111111111111111}, "astron": {"Citation Count": 11.0, "Publication Count": 1.0}, "texas tech university": {"Citation Count": 5.285714285714286, "Publication Count": 1.1428571428571428}, "national center for computational sciences": {"Citation Count": 0.2857142857142857, "Publication Count": 0.14285714285714285}, "stony brook university": {"Citation Count": 6.0, "Publication Count": 2.0}, "north carolina state university": {"Citation Count": 4.142857142857142, "Publication Count": 0.4857142857142857}, "university of bergen": {"Citation Count": 5.0, "Publication Count": 0.5}, "rensselaer polytechnic institute": {"Citation Count": 14.0, "Publication Count": 0.3333333333333333}, "university of texas at austin": {"Citation Count": 20.5, "Publication Count": 2.75},