{"Gordon Center for Medical Imaging": {"Citation Count": 3.3611111111111107, "Publication Count": 0.3055555555555555}, "Harvard University": {"Citation Count": 12.051587301587302, "Publication Count": 0.9900793650793651}, "Massachusetts General Hospital": {"Citation Count": 3.3611111111111107, "Publication Count": 0.3055555555555555}, "Trinity College": {"Citation Count": 1.8333333333333333, "Publication Count": 0.16666666666666666}, "University of Georgia": {"Citation Count": 8.214285714285714, "Publication Count": 1.1904761904761905}, "University of North Carolina at Chapel Hill": {"Citation Count": 25.698412698412696, "Publication Count": 3.446031746031746}, "Brigham and Women's Hospital": {"Citation Count": 6.523809523809523, "Publication Count": 0.47619047619047616}, "Athinoula A. Martinos Center for Biomedical Imaging": {"Citation Count": 9.333333333333332, "Publication Count": 0.41666666666666663}, "University of Utah": {"Citation Count": 100.5, "Publication Count": 6.416666666666666}, "Western University": {"Citation Count": 9.75, "Publication Count": 1.25}, "St Joseph's Health Care": {"Citation Count": 0.5833333333333333, "Publication Count": 0.08333333333333333}, "London Health Sciences Centre": {"Citation Count": 1.1666666666666665, "Publication Count": 0.16666666666666666}, "Johns Hopkins University": {"Citation Count": 13.0, "Publication Count": 1.3}, "Max Planck Institute for Human Cognitive and Brain Sciences": {"Citation Count": 2.5, "Publication Count": 0.25}, "Johns Hopkins Medicine": {"Citation Count": 2.5, "Publication Count": 0.25}, "Max Planck Institute for Intelligent Systems": {"Citation Count": 3.928571428571428, "Publication Count": 0.2857142857142857}, "Max Planck Institute for Developmental Biology": {"Citation Count": 3.928571428571428, "Publication Count": 0.2857142857142857}, "University of Waterloo": {"Citation Count": 4.428571428571428, "Publication Count": 0.14285714285714285}, "University of Copenhagen": {"Citation Count": 18.69047619047619, "Publication Count": 0.7619047619047619}, "Gentofte Hospital": {"Citation Count": 14.428571428571427, "Publication Count": 0.5714285714285714}, "Erasmus MC": {"Citation Count": 2.7857142857142856, "Publication Count": 0.14285714285714285}, "Pennsylvania State University": {"Citation Count": 8.625, "Publication Count": 0.375}, "University of Pennsylvania": {"Citation Count": 118.02857142857142, "Publication Count": 5.671428571428571}, "Penn Center for AIDS Research": {"Citation Count": 2.875, "Publication Count": 0.625}, "Yale University": {"Citation Count": 5.0, "Publication Count": 1.0}, "Australian National University": {"Citation Count": 4.0, "Publication Count": 0.3333333333333333}, "Commonwealth Scientific and Industrial Research Organisation": {"Citation Count": 3.0, "Publication Count": 0.25}, "Curtin University": {"Citation Count": 2.0, "Publication Count": 0.16666666666666666}, "Garvan Institute of Medical Research": {"Citation Count": 1.0, "Publication Count": 0.08333333333333333}, "St Vincent's Hospital": {"Citation Count": 1.0, "Publication Count": 0.08333333333333333}, "Data61": {"Citation Count": 1.0, "Publication Count": 0.08333333333333333}, "GE Healthcare, USA": {"Citation Count": 1.0, "Publication Count": 0.3333333333333333}, "University of British Columbia": {"Citation Count": 1.5, "Publication Count": 0.75}, "Inria Saclay - \u00cele-de-France Research Centre": {"Citation Count": 11.666666666666666, "Publication Count": 0.8333333333333333}, "National University of Singapore": {"Citation Count": 0.2857142857142857, "Publication Count": 0.2857142857142857}, "University of Wisconsin\u2013Madison": {"Citation Count": 0.7142857142857143, "Publication Count": 0.7142857142857143}, "Stony Brook University": {"Citation Count": 0.75, "Publication Count": 0.375}, "Florida International University": {"Citation Count": 0.25, "Publication Count": 0.125}, "Decision Systems (United States)": {"Citation Count": 0.125, "Publication Count": 0.0625}, "Arizona State University": {"Citation Count": 0.125, "Publication Count": 0.0625}, "University of Southern California": {"Citation Count": 2.9166666666666665, "Publication Count": 0.4583333333333333}, "The Ohio State University": {"Citation Count": 0.25, "Publication Count": 0.125}, "Rigshospitalet": {"Citation Count": 1.1428571428571428, "Publication Count": 0.14285714285714285}, "Rutgers, The State University of New Jersey": {"Citation Count": 19.066666666666663, "Publication Count": 1.2666666666666666}, "Piedmont Atlanta Hospital": {"Citation Count": 4.166666666666666, "Publication Count": 0.16666666666666666}, "New York University": {"Citation Count": 4.966666666666666, "Publication Count": 0.3666666666666667}, "Seoul National University": {"Citation Count": 4.0, "Publication Count": 0.6666666666666666}, "Hankuk University of Foreign Studies": {"Citation Count": 2.0, "Publication Count": 0.3333333333333333}, "The University of Texas at Arlington": {"Citation Count": 2.5142857142857142, "Publication Count": 0.6285714285714286}, "St. Jude Children's Research Hospital": {"Citation Count": 0.42857142857142855, "Publication Count": 0.14285714285714285}, "Imaging Center": {"Citation Count": 2.357142857142857, "Publication Count": 1.1523809523809523}, "University of Pittsburgh": {"Citation Count": 0.42857142857142855, "Publication Count": 0.14285714285714285}, "University of California, Davis": {"Citation Count": 18.206349206349206, "Publication Count": 1.0317460317460316}, "King's College London": {"Citation Count": 8.4, "Publication Count": 0.6}, "University College London": {"Citation Count": 12.3, "Publication Count": 1.7}, "Institute of Group Analysis": {"Citation Count": 1.4000000000000001, "Publication Count": 0.1}, "Imperial College London": {"Citation Count": 1.4000000000000001, "Publication Count": 0.1}, "University of California, Los Angeles": {"Citation Count": 5.333333333333333, "Publication Count": 0.6666666666666666}, "French Institute for Research in Computer Science and Automation": {"Citation Count": 22.273809523809526, "Publication Count": 1.351190476190476}, "Universit\u00e9 Paris Dauphine-PSL": {"Citation Count": 0.6944444444444444, "Publication Count": 0.1388888888888889}, "Philips (France)": {"Citation Count": 2.7777777777777777, "Publication Count": 0.5555555555555556}, "Centre de Recherche en Math\u00e9matiques de la D\u00e9cision": {"Citation Count": 0.6944444444444444, "Publication Count": 0.1388888888888889}, "H\u00f4pital Necker-Enfants Malades": {"Citation Count": 0.8333333333333335, "Publication Count": 0.16666666666666669}, "Massachusetts Institute of Technology": {"Citation Count": 4.0, "Publication Count": 1.0}, "Robarts Clinical Trials": {"Citation Count": 4.5, "Publication Count": 0.5}, "Center for Autism and Related Disorders": {"Citation Count": 0.2, "Publication Count": 0.2}, "Children's Hospital of Philadelphia": {"Citation Count": 0.2, "Publication Count": 0.2}, "Imaging and Computer Vision, Siemens Corporation, Corporate Technology, Princeton, NJ#TAB#": {"Citation Count": 16.5, "Publication Count": 0.75}, "Siemens Healthcare (Germany)": {"Citation Count": 5.5, "Publication Count": 0.25}, "University of Michigan\u2013Ann Arbor": {"Citation Count": 2.0, "Publication Count": 1.0}, "Korea University": {"Citation Count": 1.1111111111111112, "Publication Count": 0.1111111111111111}, "Korea Advanced Institute of Science and Technology": {"Citation Count": 1.1111111111111112, "Publication Count": 0.1111111111111111}, "Montreal Neurological Institute and Hospital": {"Citation Count": 0.5555555555555556, "Publication Count": 0.05555555555555555}, "McGill University": {"Citation Count": 52.22222222222223, "Publication Count": 1.7222222222222223}, "Emory University": {"Citation Count": 1.1111111111111112, "Publication Count": 0.1111111111111111}, "Centre for Medical Image Computing Department of Computer Science, University College London UK": {"Citation Count": 14.0, "Publication Count": 1.0},