{"microsoft": {"Citation Count": 204.66666666666666, "Publication Count": 1.6666666666666667}, "university of california": {"Citation Count": 119.88650793650793, "Publication Count": 5.743650793650794}, "university of michigan": {"Citation Count": 106.325, "Publication Count": 2.475}, "university of illinois at urbana champaign": {"Citation Count": 109.66666666666667, "Publication Count": 5.833333333333333}, "ibm": {"Citation Count": 6.444444444444445, "Publication Count": 0.3611111111111111}, "polytechnic university of catalonia": {"Citation Count": 60.0, "Publication Count": 2.0}, "university of rochester": {"Citation Count": 47.5, "Publication Count": 2.5}, "indian institute of technology kanpur": {"Citation Count": 1.2000000000000002, "Publication Count": 0.2}, "intel": {"Citation Count": 31.825000000000003, "Publication Count": 1.975}, "university of texas at austin": {"Citation Count": 17.0, "Publication Count": 1.0}, "massachusetts institute of technology": {"Citation Count": 21.8, "Publication Count": 1.8}, "uppsala university": {"Citation Count": 2.7, "Publication Count": 0.7}, "university of chicago": {"Citation Count": 1.3333333333333333, "Publication Count": 0.3333333333333333}, "ghent university": {"Citation Count": 3.142857142857143, "Publication Count": 0.2857142857142857}, "michigan technological university": {"Citation Count": 1.5714285714285714, "Publication Count": 1.1428571428571428}, "peking university": {"Citation Count": 4.714285714285714, "Publication Count": 0.42857142857142855}, "norwegian university of science and technology": {"Citation Count": 1.5714285714285714, "Publication Count": 0.14285714285714285}, "indian institute of science": {"Citation Count": 3.8809523809523805, "Publication Count": 0.30952380952380953}, "north carolina state university": {"Citation Count": 25.428571428571427, "Publication Count": 2.2857142857142856}, "advanced micro devices": {"Citation Count": 39.30476190476191, "Publication Count": 1.9333333333333333}, "rutgers university": {"Citation Count": 10.095238095238095, "Publication Count": 0.9523809523809523}, "georgia institute of technology": {"Citation Count": 72.51666666666667, "Publication Count": 4.683333333333334}, "university of toronto": {"Citation Count": 34.15079365079365, "Publication Count": 0.753968253968254}, "carnegie mellon university": {"Citation Count": 50.53333333333333, "Publication Count": 1.8666666666666667}, "nvidia": {"Citation Count": 22.055555555555554, "Publication Count": 0.7277777777777779}, "simon fraser university": {"Citation Count": 3.222222222222222, "Publication Count": 0.1111111111111111}, "university of murcia": {"Citation Count": 1.5, "Publication Count": 0.5}, "duke university": {"Citation Count": 7.333333333333333, "Publication Count": 1.3333333333333333}, "university of edinburgh": {"Citation Count": 12.166666666666666, "Publication Count": 1.1666666666666665}, "seoul national university": {"Citation Count": 80.875, "Publication Count": 2.4583333333333335}, "university of wisconsin madison": {"Citation Count": 11.0, "Publication Count": 1.0}, "tsinghua university": {"Citation Count": 24.0, "Publication Count": 1.0}, "princeton university": {"Citation Count": 6.0, "Publication Count": 1.0}, "eth zurich": {"Citation Count": 10.799999999999999, "Publication Count": 0.6}, "samsung": {"Citation Count": 4.0, "Publication Count": 1.0}, "google": {"Citation Count": 4.75, "Publication Count": 0.25}, "pohang university of science and technology": {"Citation Count": 1.125, "Publication Count": 0.375}, "texas a m university": {"Citation Count": 9.0, "Publication Count": 1.3333333333333333}, "national university of singapore": {"Citation Count": 7.0, "Publication Count": 1.0}, "virginia tech": {"Citation Count": 5.6000000000000005, "Publication Count": 0.8}, "columbia university": {"Citation Count": 9.0, "Publication Count": 1.0}, "university of pittsburgh": {"Citation Count": 10.0, "Publication Count": 1.0}, "university of washington": {"Citation Count": 1.2857142857142856, "Publication Count": 0.42857142857142855}, "university of california san diego": {"Citation Count": 9.0, "Publication Count": 0.25}, "qualcomm": {"Citation Count": 24.6, "Publication Count": 0.45}, "sk hynix": {"Citation Count": 2.0, "Publication Count": 1.0}, "university of southern california": {"Citation Count": 4.428571428571428, "Publication Count": 0.14285714285714285}, "university of waterloo": {"Citation Count": 1.0, "Publication Count": 0.5}, "university of texas at dallas": {"Citation Count": 7.6000000000000005, "Publication Count": 0.2}, "university of florida": {"Citation Count": 30.400000000000002, "Publication Count": 0.8}, "university of california riverside": {"Citation Count": 4.0, "Publication Count": 0.2}}