{"Seoul National University": {"Citation Count": 15.261904761904763, "Publication Count": 4.345238095238095}, "National University College": {"Citation Count": 0.2857142857142857, "Publication Count": 0.2857142857142857}, "Nagoya University": {"Citation Count": 0.14285714285714285, "Publication Count": 0.14285714285714285}, "Kyushu University": {"Citation Count": 0.14285714285714285, "Publication Count": 0.14285714285714285}, "Georgia Institute of Technology": {"Citation Count": 13.428571428571429, "Publication Count": 2.7142857142857144}, "ShangHai JiAi Genetics & IVF Institute": {"Citation Count": 3.3333333333333335, "Publication Count": 0.2777777777777778}, "Shanghai Jiao Tong University": {"Citation Count": 8.9125, "Publication Count": 1.6902777777777778}, "Microsoft Research Asia (China)": {"Citation Count": 2.6666666666666665, "Publication Count": 0.2222222222222222}, "Beijing Academy of Artificial Intelligence": {"Citation Count": 1.3333333333333333, "Publication Count": 0.1111111111111111}, "University of Rochester": {"Citation Count": 5.166666666666666, "Publication Count": 1.2777777777777777}, "Yonsei University": {"Citation Count": 2.0, "Publication Count": 0.6666666666666666}, "Korea University": {"Citation Count": 1.0, "Publication Count": 0.47619047619047616}, "University of Michigan\u2013Ann Arbor": {"Citation Count": 3.2727272727272725, "Publication Count": 1.6363636363636362}, "University of Wisconsin\u2013Madison": {"Citation Count": 3.7333333333333334, "Publication Count": 1.2666666666666666}, "Massachusetts Institute of Technology": {"Citation Count": 8.841666666666667, "Publication Count": 2.158333333333333}, "Princeton University": {"Citation Count": 3.9499999999999997, "Publication Count": 1.75}, "Pacific Northwest National Laboratory": {"Citation Count": 4.8, "Publication Count": 1.2}, "University of Toronto": {"Citation Count": 0.4, "Publication Count": 0.1}, "University of California, Santa Barbara": {"Citation Count": 6.8, "Publication Count": 1.7}, "Carnegie Mellon University": {"Citation Count": 3.212121212121212, "Publication Count": 0.696969696969697}, "New York University": {"Citation Count": 4.0, "Publication Count": 1.0}, "Tsinghua University": {"Citation Count": 15.975, "Publication Count": 4.332142857142857}, "Shanghai Innovative Research Center of Traditional Chinese Medicine": {"Citation Count": 0.0, "Publication Count": 0.25}, "Xi'an Jiaotong University": {"Citation Count": 2.4000000000000004, "Publication Count": 0.4}, "Harvard University Press": {"Citation Count": 5.3999999999999995, "Publication Count": 1.2}, "Google (United States)": {"Citation Count": 97.36988196988197, "Publication Count": 3.6015059015059014}, "The University of Texas at Austin": {"Citation Count": 0.525, "Publication Count": 0.275}, "Harvard University": {"Citation Count": 0.05, "Publication Count": 0.05}, "Ministry of Education of the People's Republic of China": {"Citation Count": 0.4, "Publication Count": 0.4}, "Samsung (South Korea)": {"Citation Count": 0.16666666666666666, "Publication Count": 0.08333333333333333}, "University of Illinois Urbana-Champaign": {"Citation Count": 19.916666666666668, "Publication Count": 6.816666666666667}, "Universitat Polit\u00e8cnica de Catalunya": {"Citation Count": 2.0, "Publication Count": 1.3}, "Norwegian University of Science and Technology": {"Citation Count": 2.75, "Publication Count": 1.4166666666666665}, "Ghent University Hospital": {"Citation Count": 3.75, "Publication Count": 1.0833333333333333}, "Illumina (United States)": {"Citation Count": 0.18181818181818182, "Publication Count": 0.09090909090909091}, "Intel (United States)": {"Citation Count": 2.4727272727272727, "Publication Count": 0.7636363636363637}, "Intel (India)": {"Citation Count": 0.36363636363636365, "Publication Count": 0.18181818181818182}, "Nvidia (United States)": {"Citation Count": 2.9333333333333336, "Publication Count": 1.3666666666666667}, "ETH Zurich": {"Citation Count": 18.333333333333332, "Publication Count": 1.8333333333333335}, "Washington University in St. Louis": {"Citation Count": 4.75, "Publication Count": 1.25}, "Barcelona Supercomputing Center": {"Citation Count": 0.0, "Publication Count": 0.3}, "American Rock Mechanics Association": {"Citation Count": 0.30000000000000004, "Publication Count": 0.5}, "University of Hong Kong": {"Citation Count": 2.5625, "Publication Count": 0.5416666666666667}, "Hong Kong University of Science and Technology": {"Citation Count": 2.3125, "Publication Count": 0.2916666666666667}, "Chinese University of Hong Kong": {"Citation Count": 0.5625000000000001, "Publication Count": 0.06250000000000001}, "Hunan University": {"Citation Count": 1.8, "Publication Count": 0.9}, "SUNY New Paltz": {"Citation Count": 0.2, "Publication Count": 0.1}, "Purdue University West Lafayette": {"Citation Count": 4.300000000000001, "Publication Count": 0.9}, "IBM (United States)": {"Citation Count": 2.5, "Publication Count": 0.25}, "The Ohio State University": {"Citation Count": 1.2000000000000002, "Publication Count": 0.4}, "Southern University of Science and Technology": {"Citation Count": 0.6000000000000001, "Publication Count": 0.2}, "Pohang University of Science and Technology": {"Citation Count": 0.2222222222222222, "Publication Count": 0.05555555555555555}, "Sharif University of Technology": {"Citation Count": 0.4444444444444444, "Publication Count": 0.1111111111111111}, "Cornell University": {"Citation Count": 0.375, "Publication Count": 0.125}, "Alpha Omega Alpha Medical Honor Society": {"Citation Count": 1.4829545454545454, "Publication Count": 0.40340909090909094}, "Menlo School": {"Citation Count": 1.4829545454545454, "Publication Count": 0.40340909090909094}, "University of California, Davis": {"Citation Count": 0.375, "Publication Count": 0.125}, "IIT@MIT": {"Citation Count": 4.0, "Publication Count": 1.0}, "University of California, Berkeley": {"Citation Count": 14.657203907203908, "Publication Count": 1.9117826617826619}, "Google (Switzerland)": {"Citation Count": 0.46153846153846156, "Publication Count": 0.07692307692307693}, "University of Pittsburgh": {"Citation Count": 1.0, "Publication Count": 1.0}, "Zhejiang Lab": {"Citation Count": 1.0, "Publication Count": 0.3787878787878788}, "Zhejiang University": {"Citation Count": 0.0, "Publication Count": 0.5909090909090909}, "Alibaba Group (China)": {"Citation Count": 0.0, "Publication Count": 0.36363636363636365}, "Meta (United States)": {"Citation Count": 10.136363636363637, "Publication Count": 1.5909090909090908}, "Seattle University": {"Citation Count": 0.3181818181818182, "Publication Count": 0.045454545454545456}, "Binghamton University": {"Citation Count": 0.6666666666666666, "Publication Count": 0.16666666666666666}, "University of New Mexico": {"Citation Count": 0.6666666666666666, "Publication Count": 0.16666666666666666}, "University of California, Riverside": {"Citation Count": 0.6666666666666666, "Publication Count": 0.16666666666666666}, "Google (Canada)": {"Citation Count": 0.2592592592592592, "Publication Count": 0.03703703703703703}, "University of Waterloo": {"Citation Count": 0.2592592592592592, "Publication Count": 0.03703703703703703}, "Beihang University": {"Citation Count": 1.5, "Publication Count": 0.6428571428571428}, "University of Central Florida": {"Citation Count": 2.1500000000000004, "Publication Count": 0.45}, "University of North Carolina at Charlotte": {"Citation Count": 1.25, "Publication Count": 0.5}, "University of California, San Diego": {"Citation Count": 0.0, "Publication Count": 0.5}, "Intel (Germany)": {"Citation Count": 1.0, "Publication Count": 0.25}, "\u00c9cole Polytechnique F\u00e9d\u00e9rale de Lausanne": {"Citation Count": 0.0, "Publication Count": 0.7142857142857143}, "Yale University": {"Citation Count": 4.0, "Publication Count": 1.1428571428571428}, "Uppsala University": {"Citation Count": 1.5, "Publication Count": 0.5},