{"microsoft": {"Citation Count": 321.3333333333333, "Publication Count": 1.6666666666666667}, "university of michigan": {"Citation Count": 154.775, "Publication Count": 2.475}, "university of california": {"Citation Count": 178.6984126984127, "Publication Count": 5.743650793650794}, "ibm": {"Citation Count": 8.944444444444445, "Publication Count": 0.3611111111111111}, "university of illinois at urbana champaign": {"Citation Count": 173.33333333333334, "Publication Count": 5.833333333333333}, "polytechnic university of catalonia": {"Citation Count": 79.0, "Publication Count": 2.0}, "university of rochester": {"Citation Count": 69.0, "Publication Count": 2.5}, "intel": {"Citation Count": 51.525000000000006, "Publication Count": 1.975}, "indian institute of technology kanpur": {"Citation Count": 2.2, "Publication Count": 0.2}, "university of texas at austin": {"Citation Count": 23.0, "Publication Count": 1.0}, "massachusetts institute of technology": {"Citation Count": 39.6, "Publication Count": 1.8}, "uppsala university": {"Citation Count": 4.4, "Publication Count": 0.7}, "university of chicago": {"Citation Count": 1.3333333333333333, "Publication Count": 0.3333333333333333}, "norwegian university of science and technology": {"Citation Count": 2.0, "Publication Count": 0.14285714285714285}, "peking university": {"Citation Count": 6.0, "Publication Count": 0.42857142857142855}, "michigan technological university": {"Citation Count": 2.0, "Publication Count": 1.1428571428571428}, "ghent university": {"Citation Count": 4.0, "Publication Count": 0.2857142857142857}, "rutgers university": {"Citation Count": 15.095238095238093, "Publication Count": 0.9523809523809523}, "advanced micro devices": {"Citation Count": 58.80952380952381, "Publication Count": 1.9333333333333333}, "north carolina state university": {"Citation Count": 39.42857142857143, "Publication Count": 2.2857142857142856}, "indian institute of science": {"Citation Count": 5.5476190476190474, "Publication Count": 0.30952380952380953}, "georgia institute of technology": {"Citation Count": 108.73333333333333, "Publication Count": 4.683333333333334}, "simon fraser university": {"Citation Count": 3.7777777777777777, "Publication Count": 0.1111111111111111}, "carnegie mellon university": {"Citation Count": 71.06666666666666, "Publication Count": 1.8666666666666667}, "nvidia": {"Citation Count": 33.74444444444444, "Publication Count": 0.7277777777777779}, "university of toronto": {"Citation Count": 52.420634920634924, "Publication Count": 0.753968253968254}, "university of murcia": {"Citation Count": 3.0, "Publication Count": 0.5}, "duke university": {"Citation Count": 12.333333333333332, "Publication Count": 1.3333333333333333}, "university of edinburgh": {"Citation Count": 21.666666666666664, "Publication Count": 1.1666666666666665}, "seoul national university": {"Citation Count": 124.04166666666667, "Publication Count": 2.4583333333333335}, "university of wisconsin madison": {"Citation Count": 19.0, "Publication Count": 1.0}, "tsinghua university": {"Citation Count": 33.0, "Publication Count": 1.0}, "princeton university": {"Citation Count": 8.0, "Publication Count": 1.0}, "eth zurich": {"Citation Count": 19.8, "Publication Count": 0.6}, "samsung": {"Citation Count": 12.0, "Publication Count": 1.0}, "google": {"Citation Count": 8.5, "Publication Count": 0.25}, "pohang university of science and technology": {"Citation Count": 1.125, "Publication Count": 0.375}, "texas a m university": {"Citation Count": 13.666666666666666, "Publication Count": 1.3333333333333333}, "cornell university": {"Citation Count": 33.0, "Publication Count": 0.75}, "arizona state university": {"Citation Count": 11.0, "Publication Count": 0.25}, "national university of singapore": {"Citation Count": 12.0, "Publication Count": 1.0}, "virginia tech": {"Citation Count": 6.4, "Publication Count": 0.8}, "columbia university": {"Citation Count": 17.0, "Publication Count": 1.0}, "university of pittsburgh": {"Citation Count": 19.0, "Publication Count": 1.0}, "university of washington": {"Citation Count": 3.8571428571428568, "Publication Count": 0.42857142857142855}, "qualcomm": {"Citation Count": 33.5, "Publication Count": 0.45}, "university of california san diego": {"Citation Count": 11.5, "Publication Count": 0.25}, "kaist": {"Citation Count": 2.0, "Publication Count": 1.0}, "university of southern california": {"Citation Count": 7.142857142857142, "Publication Count": 0.14285714285714285}, "university of waterloo": {"Citation Count": 2.5, "Publication Count": 0.5}, "university of florida": {"Citation Count": 42.400000000000006, "Publication Count": 0.8}, "university of texas at dallas": {"Citation Count": 10.600000000000001, "Publication Count": 0.2}, "university of california riverside": {"Citation Count": 5.2, "Publication Count": 0.2}}