{"virginia tech": {"Citation Count": 9.0, "Publication Count": 1.0}, "eth zurich": {"Citation Count": 24.857142857142858, "Publication Count": 0.8095238095238095}, "university of california berkeley": {"Citation Count": 12.0, "Publication Count": 0.3333333333333333}, "tel aviv university": {"Citation Count": 0.8571428571428571, "Publication Count": 0.14285714285714285}, "stanford university": {"Citation Count": 1.7142857142857142, "Publication Count": 0.2857142857142857}, "technion israel institute of technology": {"Citation Count": 0.8571428571428571, "Publication Count": 0.14285714285714285}, "yahoo": {"Citation Count": 1.7142857142857142, "Publication Count": 0.2857142857142857}, "university of lugano": {"Citation Count": 3.8571428571428568, "Publication Count": 0.42857142857142855}, "university of milano bicocca": {"Citation Count": 10.571428571428571, "Publication Count": 1.2857142857142856}, "abb ltd": {"Citation Count": 1.2857142857142856, "Publication Count": 0.14285714285714285}, "ibm": {"Citation Count": 33.5, "Publication Count": 1.5}, "nanjing university": {"Citation Count": 3.2, "Publication Count": 0.4}, "purdue university": {"Citation Count": 3.2, "Publication Count": 0.4}, "university of maryland college park": {"Citation Count": 1.6, "Publication Count": 0.2}, "university of british columbia": {"Citation Count": 11.0, "Publication Count": 1.0}, "georgia institute of technology": {"Citation Count": 4.666666666666666, "Publication Count": 0.6666666666666666}, "fujitsu": {"Citation Count": 2.333333333333333, "Publication Count": 0.3333333333333333}, "imperial college london": {"Citation Count": 23.0, "Publication Count": 1.0}, "saarland university": {"Citation Count": 13.0, "Publication Count": 0.5}, "national university of singapore": {"Citation Count": 18.333333333333332, "Publication Count": 1.833333333333333}, "google": {"Citation Count": 0.16666666666666666, "Publication Count": 0.16666666666666666}, "north carolina state university": {"Citation Count": 0.16666666666666666, "Publication Count": 0.16666666666666666}, "university of washington": {"Citation Count": 64.33333333333333, "Publication Count": 2.666666666666666}, "singapore management university": {"Citation Count": 1.0, "Publication Count": 0.3333333333333333}, "university of lille": {"Citation Count": 5.333333333333333, "Publication Count": 0.3333333333333333}, "french institute for research in computer science and automation": {"Citation Count": 19.06666666666667, "Publication Count": 1.2666666666666666}, "oregon state university": {"Citation Count": 16.0, "Publication Count": 1.0}, "simula research laboratory": {"Citation Count": 17.0, "Publication Count": 1.0}, "university college london": {"Citation Count": 24.25, "Publication Count": 1.25}, "university of luxembourg": {"Citation Count": 31.416666666666668, "Publication Count": 2.333333333333333}, "kaist": {"Citation Count": 3.0, "Publication Count": 0.25}, "university of nebraska lincoln": {"Citation Count": 3.0, "Publication Count": 0.25}, "university of chile": {"Citation Count": 3.0, "Publication Count": 0.25}, "hong kong university of science and technology": {"Citation Count": 30.0, "Publication Count": 0.75}, "microsoft": {"Citation Count": 14.75, "Publication Count": 0.5}, "university of california davis": {"Citation Count": 1.6666666666666665, "Publication Count": 0.3333333333333333}, "university of california santa barbara": {"Citation Count": 16.0, "Publication Count": 1.0}, "michigan state university": {"Citation Count": 13.0, "Publication Count": 1.0}, "syracuse university": {"Citation Count": 32.57142857142856, "Publication Count": 0.857142857142857}, "university of basel": {"Citation Count": 3.6666666666666665, "Publication Count": 0.3333333333333333}, "university of freiburg": {"Citation Count": 3.6666666666666665, "Publication Count": 0.3333333333333333}, "massachusetts institute of technology": {"Citation Count": 7.5, "Publication Count": 0.5}, "chapman university": {"Citation Count": 7.5, "Publication Count": 0.5}, "university of rennes": {"Citation Count": 2.8000000000000003, "Publication Count": 0.2}, "university of seville": {"Citation Count": 2.8000000000000003, "Publication Count": 0.2}, "samsung": {"Citation Count": 4.75, "Publication Count": 0.25}, "university of sheffield": {"Citation Count": 10.666666666666666, "Publication Count": 0.3333333333333333}, "university of delaware": {"Citation Count": 11.4, "Publication Count": 1.4}, "university of southern california": {"Citation Count": 12.600000000000001, "Publication Count": 0.6000000000000001}, "university of texas at austin": {"Citation Count": 8.8, "Publication Count": 0.4}, "texas state university": {"Citation Count": 4.4, "Publication Count": 0.2}, "ames research center": {"Citation Count": 4.4, "Publication Count": 0.2}, "langley research center": {"Citation Count": 4.4, "Publication Count": 0.2}, "university of naples federico ii": {"Citation Count": 10.8, "Publication Count": 0.6000000000000001}, "technische universitat darmstadt": {"Citation Count": 7.2, "Publication Count": 0.4}}