{"Virginia Tech": {"Citation Count": 11.0, "Publication Count": 1.0}, "University of California, Berkeley": {"Citation Count": 20.666666666666664, "Publication Count": 0.3333333333333333}, "ETH Zurich": {"Citation Count": 43.19047619047618, "Publication Count": 0.8095238095238095}, "Yahoo! Labs, Israel": {"Citation Count": 3.714285714285714, "Publication Count": 0.2857142857142857}, "Technion \u2013 Israel Institute of Technology": {"Citation Count": 1.857142857142857, "Publication Count": 0.14285714285714285}, "Stanford University": {"Citation Count": 3.714285714285714, "Publication Count": 0.2857142857142857}, "Tel Aviv University": {"Citation Count": 1.857142857142857, "Publication Count": 0.14285714285714285}, "University of Milano-Bicocca": {"Citation Count": 22.857142857142858, "Publication Count": 1.2857142857142856}, "Universit\u00e0 della Svizzera italiana": {"Citation Count": 10.285714285714285, "Publication Count": 0.42857142857142855}, "ABB (Germany)": {"Citation Count": 3.4285714285714284, "Publication Count": 0.14285714285714285}, "VTT Technical Research Centre of Finland": {"Citation Count": 3.4285714285714284, "Publication Count": 0.14285714285714285}, "IBM Research - Austin": {"Citation Count": 32.0, "Publication Count": 1.0}, "Nanjing University": {"Citation Count": 5.0, "Publication Count": 0.5}, "Purdue University System": {"Citation Count": 4.0, "Publication Count": 0.4}, "University of Maryland, College Park": {"Citation Count": 1.0, "Publication Count": 0.1}, "University of British Columbia": {"Citation Count": 17.0, "Publication Count": 1.0}, "Atlanta Technical College": {"Citation Count": 3.333333333333333, "Publication Count": 0.3333333333333333}, "Georgia Institute of Technology": {"Citation Count": 3.333333333333333, "Publication Count": 0.3333333333333333}, "Fujitsu (United States)": {"Citation Count": 3.333333333333333, "Publication Count": 0.3333333333333333}, "Imperial College London": {"Citation Count": 40.0, "Publication Count": 1.0}, "Saarland University": {"Citation Count": 32.0, "Publication Count": 0.5}, "National University of Singapore": {"Citation Count": 43.33333333333333, "Publication Count": 1.833333333333333}, "North Carolina State University": {"Citation Count": 0.8333333333333333, "Publication Count": 0.16666666666666666}, "NEC Labs, USA": {"Citation Count": 1.6666666666666665, "Publication Count": 0.3333333333333333}, "Google (United States)": {"Citation Count": 0.8333333333333333, "Publication Count": 0.16666666666666666}, "NEC (Japan)": {"Citation Count": 0.8333333333333333, "Publication Count": 0.16666666666666666}, "NEC, India": {"Citation Count": 0.8333333333333333, "Publication Count": 0.16666666666666666}, "University of Washington": {"Citation Count": 151.0, "Publication Count": 2.6666666666666665}, "Singapore Management University": {"Citation Count": 1.3333333333333333, "Publication Count": 0.3333333333333333}, "French Institute for Research in Computer Science and Automation": {"Citation Count": 22.599999999999998, "Publication Count": 1.2}, "Institut de Recherche en Informatique et Syst\u00e8mes Al\u00e9atoires": {"Citation Count": 4.333333333333333, "Publication Count": 0.3333333333333333}, "University of Lille": {"Citation Count": 2.1666666666666665, "Publication Count": 0.16666666666666666}, "Oregon State University": {"Citation Count": 30.0, "Publication Count": 1.0}, "Simula Research Laboratory": {"Citation Count": 33.0, "Publication Count": 1.0}, "University College London": {"Citation Count": 58.25, "Publication Count": 1.25}, "University of Chile": {"Citation Count": 4.5, "Publication Count": 0.25}, "University of Luxembourg": {"Citation Count": 68.58333333333334, "Publication Count": 2.333333333333333}, "Korea Advanced Institute of Science and Technology": {"Citation Count": 4.5, "Publication Count": 0.25}, "University of Nebraska\u2013Lincoln": {"Citation Count": 4.5, "Publication Count": 0.25}, "Hong Kong University of Science and Technology": {"Citation Count": 75.0, "Publication Count": 0.75}, "Microsoft Research Asia (China)": {"Citation Count": 25.0, "Publication Count": 0.25}, "University of California, Davis": {"Citation Count": 4.333333333333333, "Publication Count": 0.3333333333333333}, "University of California, Santa Barbara": {"Citation Count": 34.0, "Publication Count": 1.0}, "Michigan State University": {"Citation Count": 22.0, "Publication Count": 1.0}, "Syracuse University": {"Citation Count": 60.857142857142854, "Publication Count": 0.8571428571428571}, "Rome Laboratory, USA": {"Citation Count": 10.142857142857142, "Publication Count": 0.14285714285714285}, "University of Freiburg": {"Citation Count": 6.333333333333333, "Publication Count": 0.3333333333333333}, "University of Basel": {"Citation Count": 6.333333333333333, "Publication Count": 0.3333333333333333}, "Chapman University": {"Citation Count": 14.0, "Publication Count": 0.5}, "Massachusetts Institute of Technology": {"Citation Count": 14.0, "Publication Count": 0.5}, "University of Rennes": {"Citation Count": 2.3000000000000003, "Publication Count": 0.1}, "University of Seville": {"Citation Count": 4.6000000000000005, "Publication Count": 0.2}, "IBM Research - India": {"Citation Count": 16.5, "Publication Count": 0.5}, "Microsoft (United States)": {"Citation Count": 8.25, "Publication Count": 0.25}, "Samsung Research, USA#TAB#": {"Citation Count": 8.25, "Publication Count": 0.25}, "University of Sheffield": {"Citation Count": 23.0, "Publication Count": 0.3333333333333333}, "University of Delaware": {"Citation Count": 20.8, "Publication Count": 1.4}, "University of Southern California": {"Citation Count": 22.2, "Publication Count": 0.6}, "The University of Texas at Austin": {"Citation Count": 13.200000000000001, "Publication Count": 0.4}, "Texas State University": {"Citation Count": 6.6000000000000005, "Publication Count": 0.2}, "Ames Research Center": {"Citation Count": 6.6000000000000005, "Publication Count": 0.2}, "Langley Research Center": {"Citation Count": 6.6000000000000005, "Publication Count": 0.2}, "\u0092Federico II\u0092 University of Naples, Italy": {"Citation Count": 25.2, "Publication Count": 0.6}, "Technical University of Darmstadt": {"Citation Count": 16.8, "Publication Count": 0.4}}