{"florida international university": {"Citation Count": 11.0, "Publication Count": 1.0}, "university of oklahoma": {"Citation Count": 2.333333333333333, "Publication Count": 0.3333333333333333}, "university of arizona": {"Citation Count": 4.666666666666666, "Publication Count": 0.6666666666666666}, "indian institute of science": {"Citation Count": 5.333333333333333, "Publication Count": 0.3333333333333333}, "indian institute of management calcutta": {"Citation Count": 10.666666666666666, "Publication Count": 0.6666666666666666}, "university of bologna": {"Citation Count": 49.0, "Publication Count": 1.0}}