{"karlsruhe institute of technology": {"Citation Count": 23.333333333333332, "Publication Count": 0.3333333333333333}}