{"university of liverpool": {"Citation Count": 0.6666666666666666, "Publication Count": 0.3333333333333333}, "edge hill university": {"Citation Count": 1.3333333333333333, "Publication Count": 0.6666666666666666}, "northern arizona university": {"Citation Count": 2.0, "Publication Count": 1.0}, "drexel university": {"Citation Count": 9.583333333333332, "Publication Count": 0.9166666666666666}, "university of nebraska omaha": {"Citation Count": 3.6666666666666665, "Publication Count": 0.3333333333333333}, "technische universitat munchen": {"Citation Count": 42.333333333333336, "Publication Count": 1.3333333333333333}, "norwegian university of science and technology": {"Citation Count": 4.333333333333333, "Publication Count": 0.3333333333333333}, "weizmann institute of science": {"Citation Count": 4.333333333333333, "Publication Count": 0.3333333333333333}, "amrita vishwa vidyapeetham": {"Citation Count": 5.0, "Publication Count": 1.0}, "korea national university of education": {"Citation Count": 6.0, "Publication Count": 1.0}, "technical university of dortmund": {"Citation Count": 0.7777777777777777, "Publication Count": 0.1111111111111111}, "rwth aachen university": {"Citation Count": 0.7777777777777777, "Publication Count": 0.1111111111111111}, "university of paderborn": {"Citation Count": 1.5555555555555554, "Publication Count": 0.2222222222222222}, "new york university": {"Citation Count": 0.7777777777777777, "Publication Count": 0.1111111111111111}, "university of helsinki": {"Citation Count": 6.0, "Publication Count": 1.0}, "university of colorado boulder": {"Citation Count": 35.833333333333336, "Publication Count": 0.8333333333333334}, "university of california berkeley": {"Citation Count": 3.583333333333333, "Publication Count": 0.08333333333333333}, "university of connecticut": {"Citation Count": 2.0, "Publication Count": 0.5}, "university of washington": {"Citation Count": 2.0, "Publication Count": 0.5}, "university of macedonia": {"Citation Count": 16.0, "Publication Count": 1.0}, "university of toronto": {"Citation Count": 8.0, "Publication Count": 1.0}, "denison university": {"Citation Count": 1.1666666666666665, "Publication Count": 0.16666666666666666}, "clemson university": {"Citation Count": 3.5, "Publication Count": 0.5}, "indiana university southeast": {"Citation Count": 1.1666666666666665, "Publication Count": 0.16666666666666666}, "limestone college": {"Citation Count": 1.1666666666666665, "Publication Count": 0.16666666666666666}, "embry riddle aeronautical university": {"Citation Count": 1.0, "Publication Count": 0.5}, "blekinge institute of technology": {"Citation Count": 1.0, "Publication Count": 0.5}, "nassau community college": {"Citation Count": 2.25, "Publication Count": 0.25}, "western new england university": {"Citation Count": 4.5, "Publication Count": 0.5}, "michigan technological university": {"Citation Count": 5.0, "Publication Count": 1.0}, "linkoping university": {"Citation Count": 1.3333333333333333, "Publication Count": 0.6666666666666666}, "royal institute of technology": {"Citation Count": 0.6666666666666666, "Publication Count": 0.3333333333333333}, "leibniz university of hanover": {"Citation Count": 6.0, "Publication Count": 0.5}, "braunschweig university of technology": {"Citation Count": 6.0, "Publication Count": 0.5}}