{"university of exeter": {"Citation Count": 137.0, "Publication Count": 0.5}, "university of bristol": {"Citation Count": 249.0, "Publication Count": 1.3333333333333333}, "university of manchester": {"Citation Count": 718.0, "Publication Count": 1.0}, "georgia institute of technology": {"Citation Count": 115.05000000000001, "Publication Count": 2.65}, "sun yat sen university": {"Citation Count": 14.0, "Publication Count": 1.0}, "technion israel institute of technology": {"Citation Count": 165.41666666666666, "Publication Count": 5.416666666666667}, "microsoft": {"Citation Count": 592.9047619047618, "Publication Count": 3.642857142857143}, "university of southern california": {"Citation Count": 7.6000000000000005, "Publication Count": 0.2}, "university of bonn": {"Citation Count": 7.6000000000000005, "Publication Count": 0.2}, "boston university": {"Citation Count": 7.6000000000000005, "Publication Count": 0.2}, "google": {"Citation Count": 177.26666666666665, "Publication Count": 1.2}, "idiap research institute": {"Citation Count": 23.166666666666664, "Publication Count": 0.8333333333333333}, "toyota technological institute at chicago": {"Citation Count": 12.666666666666666, "Publication Count": 0.3333333333333333}, "yahoo": {"Citation Count": 58.86666666666667, "Publication Count": 0.5333333333333333}, "universite de montreal": {"Citation Count": 3364.75, "Publication Count": 1.75}, "helsinki institute for information technology": {"Citation Count": 426.0, "Publication Count": 1.6666666666666665}, "university of massachusetts amherst": {"Citation Count": 25.166666666666664, "Publication Count": 1.0833333333333333}, "carnegie mellon university": {"Citation Count": 496.9, "Publication Count": 5.35}, "university of california berkeley": {"Citation Count": 589.0238095238095, "Publication Count": 3.880952380952381}, "hebrew university of jerusalem": {"Citation Count": 94.83333333333333, "Publication Count": 1.5}, "bar ilan university": {"Citation Count": 19.666666666666664, "Publication Count": 0.3333333333333333}, "eth zurich": {"Citation Count": 181.28571428571428, "Publication Count": 1.952380952380952}, "siemens": {"Citation Count": 193.0, "Publication Count": 1.0}, "university of texas at austin": {"Citation Count": 95.66666666666666, "Publication Count": 0.6666666666666666}, "ohio state university": {"Citation Count": 167.66666666666666, "Publication Count": 1.3333333333333333}, "university of paris sud": {"Citation Count": 83.33333333333333, "Publication Count": 1.3333333333333333}, "huntsman cancer institute": {"Citation Count": 5.5, "Publication Count": 0.5}, "university of utah": {"Citation Count": 5.5, "Publication Count": 0.5}, "university of california san diego": {"Citation Count": 21.0, "Publication Count": 1.0}, "university of surrey": {"Citation Count": 135.0, "Publication Count": 2.0}, "universite de sherbrooke": {"Citation Count": 59.25, "Publication Count": 0.5833333333333333}, "university college london": {"Citation Count": 68.0, "Publication Count": 1.3333333333333333}, "university of edinburgh": {"Citation Count": 3.0, "Publication Count": 1.0}, "max planck society": {"Citation Count": 1318.8, "Publication Count": 3.0}, "beijing normal university": {"Citation Count": 327.8, "Publication Count": 0.2}, "australian national university": {"Citation Count": 432.6666666666667, "Publication Count": 2.0666666666666664}, "texas a m university": {"Citation Count": 6.0, "Publication Count": 0.6666666666666666}, "university college of engineering": {"Citation Count": 3.0, "Publication Count": 0.3333333333333333}, "stanford university": {"Citation Count": 238.66666666666666, "Publication Count": 1.5833333333333333}, "courant institute of mathematical sciences": {"Citation Count": 78.33333333333333, "Publication Count": 0.3333333333333333}, "university of cambridge": {"Citation Count": 16.0, "Publication Count": 1.0}, "university of ljubljana": {"Citation Count": 48.0, "Publication Count": 1.0}, "technical university of berlin": {"Citation Count": 41.8, "Publication Count": 1.6}, "korea university": {"Citation Count": 2.6, "Publication Count": 0.2}, "free university of berlin": {"Citation Count": 24.6, "Publication Count": 0.8666666666666667}, "ben gurion university of the negev": {"Citation Count": 59.0, "Publication Count": 1.0}, "nicta": {"Citation Count": 17.0, "Publication Count": 0.25}, "university of wollongong": {"Citation Count": 17.0, "Publication Count": 0.25}, "university of adelaide": {"Citation Count": 34.0, "Publication Count": 0.5}, "seoul national university": {"Citation Count": 20.666666666666664, "Publication Count": 0.3333333333333333}, "university of minnesota": {"Citation Count": 20.666666666666664, "Publication Count": 0.3333333333333333}, "hoseo university": {"Citation Count": 20.666666666666664, "Publication Count": 0.3333333333333333}, "johns hopkins university": {"Citation Count": 112.60000000000001, "Publication Count": 0.7333333333333334}, "pierre and marie curie university": {"Citation Count": 527.5, "Publication Count": 1.5}, "foundation for research technology hellas": {"Citation Count": 25.0, "Publication Count": 1.0}, "information sciences institute": {"Citation Count": 75.0, "Publication Count": 1.0}, "arizona state university": {"Citation Count": 11.0, "Publication Count": 1.0}, "university of melbourne": {"Citation Count": 15.0, "Publication Count": 0.5}, "sapienza university of rome": {"Citation Count": 36.0, "Publication Count": 0.5}, "university of tubingen": {"Citation Count": 36.57142857142857, "Publication Count": 0.6428571428571428}, "northeastern university": {"Citation Count": 23.666666666666664, "Publication Count": 0.3333333333333333}, "massachusetts institute of technology": {"Citation Count": 37.666666666666664, "Publication Count": 0.5833333333333333}, "nicolaus copernicus university in torun": {"Citation Count": 47.0, "Publication Count": 1.0}, "columbia university": {"Citation Count": 62.0, "Publication Count": 1.0}, "university of sheffield": {"Citation Count": 45.0, "Publication Count": 1.0}, "technical university of dortmund": {"Citation Count": 18.0, "Publication Count": 0.5}, "university of wisconsin madison": {"Citation Count": 18.0, "Publication Count": 0.5}, "dso national laboratories": {"Citation Count": 30.0, "Publication Count": 1.0}, "rutgers university": {"Citation Count": 19.0, "Publication Count": 0.5}, "university of iowa": {"Citation Count": 19.0, "Publication Count": 0.5}, "martin luther university of halle wittenberg": {"Citation Count": 26.666666666666664, "Publication Count": 0.6666666666666666}, "leibniz association": {"Citation Count": 6.666666666666666, "Publication Count": 0.16666666666666666}, "humboldt university of berlin": {"Citation Count": 6.666666666666666, "Publication Count": 0.16666666666666666}, "university of illinois at urbana champaign": {"Citation Count": 58.25, "Publication Count": 1.25}, "oregon state university": {"Citation Count": 21.5, "Publication Count": 0.5}, "national taiwan university": {"Citation Count": 206.0, "Publication Count": 2.0}, "zhejiang university": {"Citation Count": 31.5, "Publication Count": 1.5}, "university of antwerp": {"Citation Count": 199.0, "Publication Count": 1.0}, "university of oxford": {"Citation Count": 73.0, "Publication Count": 0.5}, "university of california santa cruz": {"Citation Count": 8.0, "Publication Count": 1.0}, "laval university": {"Citation Count": 811.0, "Publication Count": 1.0}, "florida state university": {"Citation Count": 26.0, "Publication Count": 1.0}, "soochow university": {"Citation Count": 30.0, "Publication Count": 1.0}, "tsinghua university": {"Citation Count": 62.0, "Publication Count": 0.3333333333333333}, "dresden university of technology": {"Citation Count": 51.0, "Publication Count": 1.0}, "institute for infocomm research singapore": {"Citation Count": 14.0, "Publication Count": 0.25}, "university of california irvine": {"Citation Count": 28.0, "Publication Count": 0.5},