{"university of massachusetts boston": {"Citation Count": 2.0, "Publication Count": 1.0}, "rutgers university": {"Citation Count": 31.23333333333333, "Publication Count": 1.4750000000000003}, "stony brook university": {"Citation Count": 16.6, "Publication Count": 2.533333333333333}, "university of science and technology of china": {"Citation Count": 195.79642857142858, "Publication Count": 5.0511904761904765}, "baidu": {"Citation Count": 94.89166666666667, "Publication Count": 5.866666666666667}, "xi an jiaotong university": {"Citation Count": 12.0, "Publication Count": 0.8571428571428571}, "the chinese university of hong kong": {"Citation Count": 35.85714285714286, "Publication Count": 1.7142857142857142}, "zhejiang university": {"Citation Count": 21.6031746031746, "Publication Count": 1.9900793650793651}, "alibaba group": {"Citation Count": 405.78968253968253, "Publication Count": 12.925396825396824}, "university of california san diego": {"Citation Count": 2.3, "Publication Count": 0.9}, "microsoft": {"Citation Count": 295.7519480519481, "Publication Count": 11.599350649350647}, "sage bionetworks": {"Citation Count": 9.0, "Publication Count": 1.0}, "nanjing university": {"Citation Count": 63.71666666666666, "Publication Count": 3.416666666666667}, "southeast university": {"Citation Count": 12.333333333333332, "Publication Count": 1.3333333333333333}, "southwest university": {"Citation Count": 12.666666666666666, "Publication Count": 0.6666666666666666}, "arizona state university": {"Citation Count": 118.13333333333333, "Publication Count": 2.5666666666666664}, "singapore management university": {"Citation Count": 61.18333333333334, "Publication Count": 2.4499999999999997}, "worcester polytechnic institute": {"Citation Count": 10.0, "Publication Count": 1.0}, "george mason university": {"Citation Count": 42.625, "Publication Count": 1.8333333333333333}, "beijing university of posts and telecommunications": {"Citation Count": 121.9047619047619, "Publication Count": 1.4047619047619049}, "missouri university of science and technology": {"Citation Count": 26.0, "Publication Count": 1.0666666666666667}, "university of new south wales": {"Citation Count": 22.0, "Publication Count": 1.0}, "indiana university": {"Citation Count": 10.5, "Publication Count": 1.75}, "massachusetts institute of technology": {"Citation Count": 86.25, "Publication Count": 3.75}, "samsung": {"Citation Count": 34.666666666666664, "Publication Count": 1.3333333333333333}, "google": {"Citation Count": 584.35, "Publication Count": 15.007142857142858}, "university of southern california": {"Citation Count": 65.05, "Publication Count": 3.05}, "washington state university": {"Citation Count": 7.666666666666667, "Publication Count": 0.7916666666666666}, "pacific northwest national laboratory": {"Citation Count": 0.3333333333333333, "Publication Count": 0.3333333333333333}, "cornell university": {"Citation Count": 165.16666666666666, "Publication Count": 4.966666666666668}, "university of central florida": {"Citation Count": 14.333333333333332, "Publication Count": 0.7}, "chinese academy of sciences": {"Citation Count": 16.208333333333332, "Publication Count": 1.9583333333333333}, "hefei university of technology": {"Citation Count": 2.5, "Publication Count": 0.16666666666666666}, "tsinghua university": {"Citation Count": 523.3099567099567, "Publication Count": 15.507792207792207}, "simon fraser university": {"Citation Count": 52.266666666666666, "Publication Count": 1.6916666666666667}, "university of wisconsin madison": {"Citation Count": 3.2, "Publication Count": 0.3666666666666667}, "hong kong university of science and technology": {"Citation Count": 60.725, "Publication Count": 3.4916666666666667}, "technische universitat munchen": {"Citation Count": 62.0, "Publication Count": 1.0}, "national taiwan university": {"Citation Count": 49.666666666666664, "Publication Count": 0.16666666666666666}, "university of california los angeles": {"Citation Count": 162.33333333333331, "Publication Count": 1.5333333333333332}, "university of pittsburgh": {"Citation Count": 78.53333333333332, "Publication Count": 2.9}, "university of illinois at urbana champaign": {"Citation Count": 59.916666666666664, "Publication Count": 1.3928571428571428}, "university of lyon": {"Citation Count": 0.6, "Publication Count": 0.6}, "ghent university": {"Citation Count": 0.4, "Publication Count": 0.4}, "beihang university": {"Citation Count": 94.03333333333333, "Publication Count": 3.4999999999999996}, "national university of singapore": {"Citation Count": 275.91666666666663, "Publication Count": 2.3499999999999996}, "ibm": {"Citation Count": 54.90833333333333, "Publication Count": 3.283333333333333}, "texas a m university": {"Citation Count": 375.66666666666663, "Publication Count": 4.333333333333333}, "wuhan university": {"Citation Count": 53.2, "Publication Count": 1.3}, "hubei university of technology": {"Citation Count": 10.8, "Publication Count": 0.2}, "university of adelaide": {"Citation Count": 78.0, "Publication Count": 1.0}, "shanghai jiao tong university": {"Citation Count": 132.31190476190477, "Publication Count": 6.95952380952381}, "nippon telegraph and telephone": {"Citation Count": 14.0, "Publication Count": 1.0}, "peking university": {"Citation Count": 49.21666666666666, "Publication Count": 1.7000000000000002}, "pennsylvania state university": {"Citation Count": 174.11666666666667, "Publication Count": 2.6833333333333336}, "hrl laboratories": {"Citation Count": 12.666666666666666, "Publication Count": 0.3333333333333333}, "hebrew university of jerusalem": {"Citation Count": 2.0, "Publication Count": 1.0}, "university at albany suny": {"Citation Count": 0.0, "Publication Count": 1.0}, "osaka university": {"Citation Count": 6.0, "Publication Count": 1.0}, "sun yat sen university": {"Citation Count": 36.0, "Publication Count": 1.0}, "aalborg university": {"Citation Count": 3.25, "Publication Count": 0.25}, "hong kong baptist university": {"Citation Count": 3.25, "Publication Count": 0.25}, "university of electronic science and technology of china": {"Citation Count": 17.225, "Publication Count": 1.1}, "nanyang technological university": {"Citation Count": 24.041666666666664, "Publication Count": 1.2083333333333333}, "carnegie mellon university": {"Citation Count": 60.58611111111111, "Publication Count": 3.261111111111111}, "university of sydney": {"Citation Count": 37.0, "Publication Count": 1.6666666666666665}, "renmin university of china": {"Citation Count": 17.4, "Publication Count": 1.2}, "university of queensland": {"Citation Count": 84.8, "Publication Count": 1.5666666666666667}, "griffith university": {"Citation Count": 15.5, "Publication Count": 0.3333333333333333}, "shandong university": {"Citation Count": 81.0, "Publication Count": 0.3666666666666667}, "new jersey institute of technology": {"Citation Count": 9.5, "Publication Count": 2.4166666666666665}, "didi": {"Citation Count": 113.0, "Publication Count": 2.4166666666666665}, "virginia tech": {"Citation Count": 41.0, "Publication Count": 1.2}, "university of california davis": {"Citation Count": 7.333333333333333, "Publication Count": 0.6666666666666666}, "amazon com": {"Citation Count": 73.62222222222222, "Publication Count": 4.355555555555556}, "xidian university": {"Citation Count": 78.39285714285714, "Publication Count": 1.9380952380952379}, "university of tennessee": {"Citation Count": 5.0, "Publication Count": 0.2}, "tianjin university": {"Citation Count": 9.0, "Publication Count": 0.45}, "university of virginia": {"Citation Count": 16.05, "Publication Count": 1.35}, "kaist": {"Citation Count": 8.25, "Publication Count": 0.75}, "tencent": {"Citation Count": 93.59166666666667, "Publication Count": 4.908333333333333}, "university of california santa barbara": {"Citation Count": 10.5, "Publication Count": 1.5}, "university of pennsylvania": {"Citation Count": 5.666666666666666, "Publication Count": 0.6666666666666666},