{"International Headache Society": {"Citation Count": 1558.0, "Publication Count": 1.0}, "Science Applications International Corporation (United States)": {"Citation Count": 0.0, "Publication Count": 1.0}, "University of Sheffield": {"Citation Count": 37.33333333333333, "Publication Count": 0.3333333333333333}, "University of Groningen": {"Citation Count": 15.794871794871796, "Publication Count": 0.14102564102564102}, "University of Oxford": {"Citation Count": 68.5, "Publication Count": 3.083333333333333}, "Max Planck Institute for Ornithology": {"Citation Count": 1.435897435897436, "Publication Count": 0.01282051282051282}, "University of Toronto": {"Citation Count": 180.93589743589743, "Publication Count": 1.346153846153846}, "Royal Ontario Museum": {"Citation Count": 1.435897435897436, "Publication Count": 0.01282051282051282}, "University of Pannonia": {"Citation Count": 1.435897435897436, "Publication Count": 0.01282051282051282}, "Laboratoire de G\u00e9n\u00e9tique & Evolution des Populations V\u00e9g\u00e9tales": {"Citation Count": 1.435897435897436, "Publication Count": 0.01282051282051282}, "Max Planck Institute for Evolutionary Biology": {"Citation Count": 2.871794871794872, "Publication Count": 0.02564102564102564}, "Centre d'\u00c9cologie Fonctionnelle et \u00c9volutive": {"Citation Count": 4.307692307692308, "Publication Count": 0.038461538461538464}, "Lund University": {"Citation Count": 5.743589743589744, "Publication Count": 0.05128205128205128}, "University of East Anglia": {"Citation Count": 5.743589743589744, "Publication Count": 0.05128205128205128}, "Department of Ecology and Evolution University of Lausanne": {"Citation Count": 2.871794871794872, "Publication Count": 0.02564102564102564}, "University of Bath": {"Citation Count": 1.435897435897436, "Publication Count": 0.01282051282051282}, "Swedish University of Agricultural Sciences": {"Citation Count": 2.871794871794872, "Publication Count": 0.02564102564102564}, "Structure et Instabilit\u00e9 des G\u00e9nomes": {"Citation Count": 2.871794871794872, "Publication Count": 0.02564102564102564}, "James Cook University": {"Citation Count": 2.871794871794872, "Publication Count": 0.02564102564102564}, "University of Cambridge": {"Citation Count": 1.435897435897436, "Publication Count": 0.01282051282051282}, "Arizona State University": {"Citation Count": 32.0, "Publication Count": 3.0}, "University of Calabria": {"Citation Count": 24.166666666666668, "Publication Count": 1.8333333333333333}, "The University of Texas at Austin": {"Citation Count": 10.0, "Publication Count": 1.0}, "Aalto University": {"Citation Count": 35.0, "Publication Count": 1.0}, "TU Wien": {"Citation Count": 68.66666666666666, "Publication Count": 5.833333333333334}, "University of Vienna": {"Citation Count": 18.0, "Publication Count": 0.25}, "Helsinki Institute for Information Technology": {"Citation Count": 9.0, "Publication Count": 0.125}, "University of Helsinki": {"Citation Count": 9.0, "Publication Count": 0.125}, "University of Liverpool": {"Citation Count": 38.83333333333333, "Publication Count": 2.1666666666666665}, "CASL, UCD & IST/INESC-ID#TAB#": {"Citation Count": 2.0, "Publication Count": 0.5}, "Centre de Recherche en Informatique": {"Citation Count": 3.6666666666666665, "Publication Count": 0.8333333333333333}, "University of Montpellier": {"Citation Count": 7.0, "Publication Count": 0.5}, "French Institute for Research in Computer Science and Automation": {"Citation Count": 5.25, "Publication Count": 0.5}, "Merck (Germany)": {"Citation Count": 3.5, "Publication Count": 0.25}, "University of Luxembourg": {"Citation Count": 5.0, "Publication Count": 0.75}, "Universidade da Madeira": {"Citation Count": 1.5, "Publication Count": 0.25}, "CRIL, CNRS, Lens, France#TAB#": {"Citation Count": 1.5, "Publication Count": 0.25}, "University of the Andes": {"Citation Count": 1.5, "Publication Count": 0.25}, "Aix-Marseille University": {"Citation Count": 11.0, "Publication Count": 0.5}, "Department of Computer Science, University of Oxford and KRDB Research Centre, Free University of Bozen-Bolzano#TAB#": {"Citation Count": 3.25, "Publication Count": 0.25}, "Free University of Bozen-Bolzano": {"Citation Count": 69.25, "Publication Count": 2.6}, "Simon Fraser University": {"Citation Count": 6.0, "Publication Count": 0.5}, "Universidade Nova de Lisboa": {"Citation Count": 16.0, "Publication Count": 1.0}, "National ICT Australia and ARC Centre of Excellence in Autonomous Systems, School of Computer Science and Engineering, The University of New South Wales, Sydney, NSW, Australia#TAB#": {"Citation Count": 9.0, "Publication Count": 1.0}, "Duke University": {"Citation Count": 3.5, "Publication Count": 0.5}, "Harvard University": {"Citation Count": 3.5, "Publication Count": 0.5}, "University of Kentucky": {"Citation Count": 0.6666666666666666, "Publication Count": 0.3333333333333333}, "Universit\u00e9 Paris Dauphine-PSL": {"Citation Count": 3.0, "Publication Count": 1.0}, "University College Cork": {"Citation Count": 1.5, "Publication Count": 0.5}, "IBM Research - Ireland": {"Citation Count": 2.5, "Publication Count": 0.75}, "Laboratoire de Recherche en Informatique": {"Citation Count": 3.5, "Publication Count": 0.16666666666666666}, "University of Paris-Sud": {"Citation Count": 3.5, "Publication Count": 0.16666666666666666}, "University of Bremen": {"Citation Count": 44.166666666666664, "Publication Count": 1.5}, "TU Dresden": {"Citation Count": 37.5, "Publication Count": 2.5}, "TU Dortmund University": {"Citation Count": 18.5, "Publication Count": 0.5}, "Institute of Artificial Intelligence, Ulm University, Germany": {"Citation Count": 4.666666666666666, "Publication Count": 0.3333333333333333}, "Birkbeck, University of London": {"Citation Count": 29.0, "Publication Count": 1.0}, "Imperial College London": {"Citation Count": 27.266666666666666, "Publication Count": 1.8}, "Sapienza University of Rome": {"Citation Count": 33.5, "Publication Count": 2.1666666666666665}, "Cornell University": {"Citation Count": 0.5, "Publication Count": 0.5}, "Northwestern University": {"Citation Count": 0.5, "Publication Count": 0.5}, "UNSW Sydney": {"Citation Count": 2.5, "Publication Count": 0.5}, "RWTH Aachen University": {"Citation Count": 2.5, "Publication Count": 0.5}, "University of Turin": {"Citation Count": 3.4166666666666665, "Publication Count": 0.5833333333333333}, "Carleton University": {"Citation Count": 5.5, "Publication Count": 0.5}, "University of British Columbia": {"Citation Count": 5.5, "Publication Count": 0.5}, "Toulouse Institute of Computer Science Research": {"Citation Count": 5.0, "Publication Count": 1.0}, "SRI International": {"Citation Count": 3.0, "Publication Count": 1.0}, "Link\u00f6ping University": {"Citation Count": 4.666666666666667, "Publication Count": 1.6666666666666665}, "York University": {"Citation Count": 10.333333333333332, "Publication Count": 0.3333333333333333}, "University of Warsaw": {"Citation Count": 0.3333333333333333, "Publication Count": 0.3333333333333333}, "Australian National University": {"Citation Count": 28.666666666666664, "Publication Count": 4.333333333333334}, "Universit\u00e9 Toulouse III - Paul Sabatier": {"Citation Count": 4.666666666666666, "Publication Count": 0.6666666666666666}, "Cardiff University": {"Citation Count": 2.333333333333333, "Publication Count": 0.3333333333333333}, "University of Bristol": {"Citation Count": 2.0, "Publication Count": 0.5}, "Queen's University Belfast": {"Citation Count": 1.0, "Publication Count": 0.25}, "Argumentation, D\u00e9cision, Raisonnement, Incertitude et Apprentissage": {"Citation Count": 1.0, "Publication Count": 0.25}, "DLVSystem s.r.l., P.zza Vermicelli, Polo Tecnologico, Rende, Italy#TAB#": {"Citation Count": 1.75, "Publication Count": 0.25}, "Science Oxford": {"Citation Count": 1.75, "Publication Count": 0.25}, "New York University": {"Citation Count": 171.0, "Publication Count": 0.3333333333333333},