{"brigham and women s hospital": {"Citation Count": 76.49285714285715, "Publication Count": 5.823809523809523}, "university of western ontario": {"Citation Count": 49.67857142857143, "Publication Count": 2.4642857142857144}, "siemens": {"Citation Count": 242.16428571428568, "Publication Count": 9.56904761904762}, "princeton university": {"Citation Count": 218.30476190476193, "Publication Count": 9.373015873015873}, "stanford university": {"Citation Count": 22.0, "Publication Count": 1.2888888888888888}, "technische universitat munchen": {"Citation Count": 110.60952380952381, "Publication Count": 4.016666666666667}, "ucl institute of child health": {"Citation Count": 5.0, "Publication Count": 0.3333333333333333}, "boston children s hospital": {"Citation Count": 72.7, "Publication Count": 1.5333333333333332}, "harvard university": {"Citation Count": 34.8, "Publication Count": 2.8666666666666667}, "massachusetts institute of technology": {"Citation Count": 37.56666666666666, "Publication Count": 3.8666666666666667}, "imperial college london": {"Citation Count": 68.03571428571429, "Publication Count": 2.9285714285714284}, "university college london": {"Citation Count": 85.83333333333333, "Publication Count": 5.166666666666666}, "st mary s hospital": {"Citation Count": 2.875, "Publication Count": 0.125}, "king s college london": {"Citation Count": 4.208333333333333, "Publication Count": 0.29166666666666663}, "university of medicine and dentistry of new jersey": {"Citation Count": 19.166666666666668, "Publication Count": 0.8333333333333334}, "rutgers university": {"Citation Count": 11.147619047619049, "Publication Count": 0.7095238095238096}, "national research council": {"Citation Count": 8.0, "Publication Count": 1.0}, "johns hopkins university": {"Citation Count": 393.25714285714287, "Publication Count": 9.823809523809524}, "philips": {"Citation Count": 17.5, "Publication Count": 0.5}, "queen s university": {"Citation Count": 26.6, "Publication Count": 2.641666666666667}, "centre national de la recherche scientifique": {"Citation Count": 65.0, "Publication Count": 4.166666666666667}, "ontario veterinary college": {"Citation Count": 0.5, "Publication Count": 0.125}, "university of tokyo": {"Citation Count": 8.0, "Publication Count": 3.0}, "university of adelaide": {"Citation Count": 5.6000000000000005, "Publication Count": 0.2}, "university of pittsburgh": {"Citation Count": 33.6, "Publication Count": 0.6}, "duke university": {"Citation Count": 11.200000000000001, "Publication Count": 0.2}, "intel": {"Citation Count": 11.200000000000001, "Publication Count": 0.2}, "temple university": {"Citation Count": 2.1666666666666665, "Publication Count": 0.16666666666666666}, "indian institute of technology kanpur": {"Citation Count": 9.0, "Publication Count": 1.0}, "pompeu fabra university": {"Citation Count": 14.266666666666667, "Publication Count": 1.4666666666666668}, "ciber": {"Citation Count": 2.4000000000000004, "Publication Count": 0.2}, "claude bernard university lyon 1": {"Citation Count": 2.0, "Publication Count": 0.25}, "university of montpellier": {"Citation Count": 6.0, "Publication Count": 0.75}, "university of valladolid": {"Citation Count": 30.666666666666664, "Publication Count": 4.333333333333333}, "national university of singapore": {"Citation Count": 20.666666666666668, "Publication Count": 1.8333333333333333}, "ludwig maximilian university of munich": {"Citation Count": 6.0, "Publication Count": 0.5}, "ohio state university": {"Citation Count": 0.6000000000000001, "Publication Count": 0.2}, "national institutes of health": {"Citation Count": 72.15, "Publication Count": 3.05}, "university of florida": {"Citation Count": 45.4, "Publication Count": 2.4}, "helsinki university of technology": {"Citation Count": 10.05, "Publication Count": 0.65}, "mauna kea technologies": {"Citation Count": 5.0, "Publication Count": 0.2}, "carestream health": {"Citation Count": 14.666666666666666, "Publication Count": 0.3333333333333333}, "university of oxford": {"Citation Count": 42.33333333333333, "Publication Count": 4.666666666666666}, "university of washington": {"Citation Count": 1.1428571428571428, "Publication Count": 0.14285714285714285}, "university of jena": {"Citation Count": 18.0, "Publication Count": 2.1666666666666665}, "heidelberg university": {"Citation Count": 20.2, "Publication Count": 1.3142857142857143}, "university hospital heidelberg": {"Citation Count": 3.4000000000000004, "Publication Count": 0.2}, "rwth aachen university": {"Citation Count": 5.066666666666666, "Publication Count": 0.3666666666666667}, "cardiff university": {"Citation Count": 14.0, "Publication Count": 1.0}, "university of pennsylvania": {"Citation Count": 122.69285714285714, "Publication Count": 7.128571428571429}, "ibm": {"Citation Count": 130.0, "Publication Count": 4.0}, "university of north carolina at chapel hill": {"Citation Count": 51.333333333333336, "Publication Count": 4.333333333333334}, "ecole centrale paris": {"Citation Count": 21.5, "Publication Count": 1.25}, "university of crete": {"Citation Count": 5.0, "Publication Count": 0.25}, "yale university": {"Citation Count": 30.0, "Publication Count": 3.0}, "hong kong university of science and technology": {"Citation Count": 20.0, "Publication Count": 2.0}, "simon fraser university": {"Citation Count": 95.0, "Publication Count": 2.9166666666666665}, "pierre and marie curie university": {"Citation Count": 7.5, "Publication Count": 0.75}, "university of paris": {"Citation Count": 9.5, "Publication Count": 0.75}, "university of iowa": {"Citation Count": 74.2, "Publication Count": 2.2}, "leibniz university of hanover": {"Citation Count": 8.5, "Publication Count": 0.16666666666666666}, "utrecht university": {"Citation Count": 57.375, "Publication Count": 2.625}, "university of hamburg": {"Citation Count": 25.0, "Publication Count": 1.0}, "university of oslo": {"Citation Count": 2.0, "Publication Count": 0.3333333333333333}, "kongsberg sim": {"Citation Count": 2.0, "Publication Count": 0.3333333333333333}, "university college hospital": {"Citation Count": 8.25, "Publication Count": 0.25}, "dartmouth college": {"Citation Count": 8.666666666666666, "Publication Count": 1.4166666666666665}, "dartmouth hitchcock medical center": {"Citation Count": 3.333333333333333, "Publication Count": 0.5833333333333333}, "sunnybrook health sciences centre": {"Citation Count": 29.0, "Publication Count": 2.0}, "university of bern": {"Citation Count": 28.75, "Publication Count": 1.25}, "ecole centrale de lyon": {"Citation Count": 1.25, "Publication Count": 0.25}, "french institute for research in computer science and automation": {"Citation Count": 182.16666666666666, "Publication Count": 7.3}, "necker enfants malades hospital": {"Citation Count": 3.333333333333333, "Publication Count": 0.16666666666666666}, "montreal neurological institute and hospital": {"Citation Count": 34.13333333333333, "Publication Count": 2.4}, "university of erlangen nuremberg": {"Citation Count": 15.866666666666667, "Publication Count": 1.4833333333333334}, "telecom paristech": {"Citation Count": 34.0, "Publication Count": 1.75}, "quest diagnostics": {"Citation Count": 1.7142857142857142, "Publication Count": 0.14285714285714285}, "indian institute of technology bombay": {"Citation Count": 3.4285714285714284, "Publication Count": 0.2857142857142857}, "general electric": {"Citation Count": 5.3999999999999995, "Publication Count": 0.6}, "ge healthcare": {"Citation Count": 41.85, "Publication Count": 1.9}, "medical university of vienna": {"Citation Count": 12.833333333333332, "Publication Count": 1.0833333333333333}, "university of salzburg": {"Citation Count": 5.0, "Publication Count": 0.3333333333333333}, "university of auckland": {"Citation Count": 15.833333333333334, "Publication Count": 1.9000000000000001}, "university of louisville": {"Citation Count": 13.3, "Publication Count": 1.7666666666666666},