{"university of pittsburgh": {"Citation Count": 5.0, "Publication Count": 0.5}, "georgia institute of technology": {"Citation Count": 9.904761904761905, "Publication Count": 1.119047619047619}, "intel": {"Citation Count": 14.416666666666666, "Publication Count": 0.41666666666666663}, "university of louisville": {"Citation Count": 45.6, "Publication Count": 1.4666666666666668}, "university of auckland": {"Citation Count": 17.25, "Publication Count": 1.5833333333333333}, "johns hopkins university": {"Citation Count": 194.6190476190476, "Publication Count": 6.85952380952381}, "princeton university": {"Citation Count": 141.275, "Publication Count": 8.119047619047619}, "florida state university": {"Citation Count": 5.666666666666666, "Publication Count": 0.16666666666666666}, "delft university of technology": {"Citation Count": 26.381818181818183, "Publication Count": 1.6818181818181819}, "university of copenhagen": {"Citation Count": 52.41818181818182, "Publication Count": 1.9575757575757575}, "medical university of graz": {"Citation Count": 4.444444444444445, "Publication Count": 0.4444444444444444}, "university of graz": {"Citation Count": 2.2222222222222223, "Publication Count": 0.2222222222222222}, "aalto university": {"Citation Count": 3.333333333333333, "Publication Count": 0.3333333333333333}, "yale university": {"Citation Count": 73.0, "Publication Count": 5.0}, "university of bern": {"Citation Count": 19.0, "Publication Count": 1.0}, "imperial college london": {"Citation Count": 354.9015151515151, "Publication Count": 9.477272727272727}, "the royal marsden nhs foundation trust": {"Citation Count": 4.666666666666666, "Publication Count": 0.3333333333333333}, "lehigh university": {"Citation Count": 11.0, "Publication Count": 1.0}, "university of erlangen nuremberg": {"Citation Count": 2.8000000000000003, "Publication Count": 0.4}, "siemens": {"Citation Count": 67.30833333333334, "Publication Count": 3.429761904761905}, "hebrew university of jerusalem": {"Citation Count": 63.400000000000006, "Publication Count": 2.4}, "microsoft": {"Citation Count": 53.75, "Publication Count": 0.75}, "french institute for research in computer science and automation": {"Citation Count": 240.0904761904762, "Publication Count": 10.36190476190476}, "university of pennsylvania": {"Citation Count": 111.46666666666667, "Publication Count": 7.716666666666667}, "boston college": {"Citation Count": 1.0, "Publication Count": 0.5}, "mcgill university": {"Citation Count": 21.9, "Publication Count": 3.4}, "ecole de technologie superieure": {"Citation Count": 2.0, "Publication Count": 0.5}, "rutgers university": {"Citation Count": 67.0, "Publication Count": 4.5}, "university of california san diego": {"Citation Count": 46.6, "Publication Count": 1.8}, "university of california los angeles": {"Citation Count": 50.58333333333333, "Publication Count": 4.483333333333333}, "rochester institute of technology": {"Citation Count": 3.5, "Publication Count": 1.4166666666666665}, "eindhoven university of technology": {"Citation Count": 3.0, "Publication Count": 0.9166666666666666}, "maastricht university": {"Citation Count": 0.5, "Publication Count": 0.25}, "harvard university": {"Citation Count": 56.57857142857142, "Publication Count": 2.9626984126984124}, "massachusetts institute of technology": {"Citation Count": 93.88571428571429, "Publication Count": 1.3523809523809525}, "french institute of health and medical research": {"Citation Count": 33.77142857142857, "Publication Count": 1.3523809523809525}, "carnegie mellon university": {"Citation Count": 25.5, "Publication Count": 0.5}, "technische universitat munchen": {"Citation Count": 188.5, "Publication Count": 5.741666666666667}, "zuse institute berlin": {"Citation Count": 2.0, "Publication Count": 1.0}, "university of strasbourg": {"Citation Count": 44.025, "Publication Count": 2.9250000000000003}, "german cancer research center": {"Citation Count": 26.125, "Publication Count": 1.875}, "heidelberg university": {"Citation Count": 34.535714285714285, "Publication Count": 1.3095238095238095}, "vanderbilt university": {"Citation Count": 4.125, "Publication Count": 0.875}, "stanford university": {"Citation Count": 20.285714285714285, "Publication Count": 3.142857142857143}, "centre national de la recherche scientifique": {"Citation Count": 27.0, "Publication Count": 1.0}, "university of british columbia": {"Citation Count": 52.0, "Publication Count": 5.027777777777779}, "queen s university": {"Citation Count": 67.04761904761905, "Publication Count": 4.007936507936508}, "ecole polytechnique federale de lausanne": {"Citation Count": 81.25, "Publication Count": 1.75}, "polytechnic university of catalonia": {"Citation Count": 1.75, "Publication Count": 0.25}, "university of manchester": {"Citation Count": 66.0, "Publication Count": 3.0}, "pfizer": {"Citation Count": 17.0, "Publication Count": 2.0}, "pierre and marie curie university": {"Citation Count": 19.67857142857143, "Publication Count": 1.4642857142857144}, "wayne state university": {"Citation Count": 15.916666666666666, "Publication Count": 1.9722222222222223}, "shanghai jiao tong university": {"Citation Count": 3.75, "Publication Count": 0.25}, "ge healthcare": {"Citation Count": 44.0, "Publication Count": 2.333333333333333}, "university of south carolina": {"Citation Count": 5.5, "Publication Count": 0.5}, "university of north carolina at chapel hill": {"Citation Count": 60.363095238095234, "Publication Count": 9.31547619047619}, "shandong university": {"Citation Count": 2.9, "Publication Count": 0.30000000000000004}, "university of lubeck": {"Citation Count": 5.333333333333333, "Publication Count": 0.6666666666666666}, "brigham and women s hospital": {"Citation Count": 113.67857142857142, "Publication Count": 4.2976190476190474}, "university of oslo": {"Citation Count": 13.25, "Publication Count": 0.25}, "university of geneva": {"Citation Count": 3.0, "Publication Count": 1.0}, "university of iowa": {"Citation Count": 57.0, "Publication Count": 3.25}, "university of rennes": {"Citation Count": 21.666666666666668, "Publication Count": 1.3333333333333333}, "scientific computing and imaging institute": {"Citation Count": 13.266666666666666, "Publication Count": 1.4333333333333333}, "vancouver general hospital": {"Citation Count": 3.6, "Publication Count": 0.2}, "montreal neurological institute and hospital": {"Citation Count": 41.3, "Publication Count": 2.8999999999999995}, "ecole centrale paris": {"Citation Count": 66.83333333333334, "Publication Count": 3.2333333333333334}, "leipzig university": {"Citation Count": 13.444444444444443, "Publication Count": 0.25396825396825395}, "philips": {"Citation Count": 76.28095238095239, "Publication Count": 4.223809523809523}, "king s college london": {"Citation Count": 80.4, "Publication Count": 2.6476190476190475}, "university of western ontario": {"Citation Count": 34.45238095238095, "Publication Count": 2.829761904761905}, "eth zurich": {"Citation Count": 41.2, "Publication Count": 1.2}, "university college london": {"Citation Count": 51.51190476190476, "Publication Count": 4.904761904761905}, "leiden university medical center": {"Citation Count": 2.454545454545454, "Publication Count": 1.2727272727272727}, "erasmus university rotterdam": {"Citation Count": 26.41212121212121, "Publication Count": 2.6878787878787875}, "great ormond street hospital": {"Citation Count": 0.8888888888888888, "Publication Count": 0.2222222222222222}, "pompeu fabra university": {"Citation Count": 14.5, "Publication Count": 0.5}, "national university of singapore": {"Citation Count": 37.111111111111114, "Publication Count": 1.1111111111111112}, "general electric": {"Citation Count": 18.0, "Publication Count": 2.0}, "university of valladolid": {"Citation Count": 21.0, "Publication Count": 1.0}, "ucl institute of neurology": {"Citation Count": 21.64393939393939, "Publication Count": 1.962121212121212}, "brown university": {"Citation Count": 3.0,