{"brigham and women s hospital": {"Citation Count": 164.23809523809524, "Publication Count": 6.590476190476191}, "university of north carolina at chapel hill": {"Citation Count": 15.0, "Publication Count": 1.25}, "university of utah": {"Citation Count": 3.0, "Publication Count": 0.25}, "imperial college london": {"Citation Count": 352.03333333333336, "Publication Count": 15.822222222222223}, "university of geneva": {"Citation Count": 0.5, "Publication Count": 0.16666666666666666}, "harvard university": {"Citation Count": 46.58333333333333, "Publication Count": 2.9166666666666665}, "georgia institute of technology": {"Citation Count": 26.083333333333332, "Publication Count": 1.1666666666666665}, "yale university": {"Citation Count": 24.0, "Publication Count": 2.0}, "erasmus university rotterdam": {"Citation Count": 55.99999999999999, "Publication Count": 2.0}, "princeton university": {"Citation Count": 85.71666666666667, "Publication Count": 4.933333333333334}, "siemens": {"Citation Count": 34.07380952380953, "Publication Count": 3.3285714285714283}, "university college london": {"Citation Count": 58.187878787878795, "Publication Count": 3.9878787878787882}, "centre national de la recherche scientifique": {"Citation Count": 29.43888888888889, "Publication Count": 2.2111111111111112}, "intelligence and national security alliance": {"Citation Count": 0.6000000000000001, "Publication Count": 0.2}, "osaka university": {"Citation Count": 72.97817460317461, "Publication Count": 1.8353174603174605}, "ritsumeikan university": {"Citation Count": 8.11111111111111, "Publication Count": 0.1111111111111111}, "johns hopkins university": {"Citation Count": 232.2214285714286, "Publication Count": 10.609523809523811}, "technische universitat munchen": {"Citation Count": 105.10000000000002, "Publication Count": 3.2333333333333334}, "french institute for research in computer science and automation": {"Citation Count": 211.81111111111113, "Publication Count": 5.76111111111111}, "weizmann institute of science": {"Citation Count": 35.2, "Publication Count": 1.1333333333333333}, "hebrew university of jerusalem": {"Citation Count": 12.0, "Publication Count": 0.3333333333333333}, "massachusetts institute of technology": {"Citation Count": 77.72857142857143, "Publication Count": 3.1857142857142855}, "university of illinois at urbana champaign": {"Citation Count": 2.0, "Publication Count": 0.125}, "philips": {"Citation Count": 109.27380952380952, "Publication Count": 3.0738095238095235}, "national institutes of health": {"Citation Count": 35.958333333333336, "Publication Count": 0.9583333333333333}, "ecole polytechnique de montreal": {"Citation Count": 4.090909090909092, "Publication Count": 0.8181818181818183}, "university of oxford": {"Citation Count": 19.583333333333332, "Publication Count": 2.0833333333333335}, "delft university of technology": {"Citation Count": 2.8571428571428568, "Publication Count": 0.7142857142857142}, "university of amsterdam": {"Citation Count": 11.142857142857142, "Publication Count": 0.7857142857142857}, "university of lubeck": {"Citation Count": 40.0, "Publication Count": 2.0}, "national university of singapore": {"Citation Count": 12.0, "Publication Count": 0.5}, "queensland university of technology": {"Citation Count": 4.0, "Publication Count": 0.6666666666666666}, "commonwealth scientific and industrial research organisation": {"Citation Count": 21.166666666666664, "Publication Count": 1.25}, "university of houston": {"Citation Count": 42.416666666666664, "Publication Count": 1.4166666666666665}, "linkoping university": {"Citation Count": 56.00000000000001, "Publication Count": 3.0}, "french institute of health and medical research": {"Citation Count": 52.416666666666664, "Publication Count": 2.0833333333333335}, "university of grenoble": {"Citation Count": 3.25, "Publication Count": 0.25}, "university of warwick": {"Citation Count": 8.5, "Publication Count": 0.5}, "university of iowa": {"Citation Count": 24.142857142857142, "Publication Count": 1.5714285714285714}, "ibm": {"Citation Count": 27.6, "Publication Count": 1.4000000000000001}, "university of california san francisco": {"Citation Count": 11.6, "Publication Count": 1.2}, "hong kong university of science and technology": {"Citation Count": 75.8, "Publication Count": 3.8}, "zhejiang university": {"Citation Count": 1.2000000000000002, "Publication Count": 0.2}, "simon fraser university": {"Citation Count": 65.0, "Publication Count": 3.333333333333333}, "university of girona": {"Citation Count": 75.0, "Publication Count": 1.0}, "university of pennsylvania": {"Citation Count": 211.25714285714287, "Publication Count": 9.923809523809524}, "new york university": {"Citation Count": 8.45, "Publication Count": 1.45}, "lehigh university": {"Citation Count": 1.25, "Publication Count": 0.25}, "rutgers university": {"Citation Count": 48.23333333333333, "Publication Count": 4.566666666666666}, "university of valladolid": {"Citation Count": 8.0, "Publication Count": 1.3333333333333333}, "king s college london": {"Citation Count": 11.295454545454547, "Publication Count": 0.7954545454545455}, "wayne state university": {"Citation Count": 25.0, "Publication Count": 1.0}, "vision sciences inc": {"Citation Count": 1.4285714285714284, "Publication Count": 0.2857142857142857}, "australian national university": {"Citation Count": 2.4285714285714284, "Publication Count": 0.7857142857142857}, "centre for mental health": {"Citation Count": 1.4285714285714284, "Publication Count": 0.2857142857142857}, "university of louisville": {"Citation Count": 70.4, "Publication Count": 2.1333333333333333}, "university of british columbia": {"Citation Count": 63.4, "Publication Count": 4.266666666666667}, "aalborg university": {"Citation Count": 10.0, "Publication Count": 1.0}, "ludwig maximilian university of munich": {"Citation Count": 7.083333333333332, "Publication Count": 0.5833333333333333}, "university of western ontario": {"Citation Count": 52.666666666666664, "Publication Count": 4.333333333333333}, "university of ljubljana": {"Citation Count": 8.0, "Publication Count": 1.0}, "katholieke universiteit leuven": {"Citation Count": 12.0, "Publication Count": 1.0}, "tehran university of medical sciences": {"Citation Count": 3.2, "Publication Count": 0.2}, "london health sciences centre": {"Citation Count": 5.333333333333333, "Publication Count": 0.3333333333333333}, "university of south carolina": {"Citation Count": 2.0, "Publication Count": 1.0}, "hammersmith hospital": {"Citation Count": 8.100000000000001, "Publication Count": 0.30000000000000004}, "university of western australia": {"Citation Count": 12.0, "Publication Count": 1.0}, "university of leeds": {"Citation Count": 19.214285714285715, "Publication Count": 1.7857142857142856}, "leeds teaching hospitals nhs trust": {"Citation Count": 3.25, "Publication Count": 0.25}, "eindhoven university of technology": {"Citation Count": 25.428571428571427, "Publication Count": 0.9285714285714286}, "maastricht university": {"Citation Count": 5.142857142857142, "Publication Count": 0.14285714285714285}, "university of mannheim": {"Citation Count": 2.3000000000000003, "Publication Count": 0.1}, "telecom paristech": {"Citation Count": 3.75, "Publication Count": 0.625}, "university of central florida": {"Citation Count": 2.0, "Publication Count": 0.5}, "university of texas md anderson cancer center": {"Citation Count": 0.75, "Publication Count": 0.125}, "university of auckland": {"Citation Count": 20.17142857142857, "Publication Count": 1.2476190476190474}, "eth zurich": {"Citation Count": 53.5, "Publication Count": 4.416666666666666}, "university of zaragoza": {"Citation Count": 36.0, "Publication Count": 1.0}, "boston university": {"Citation Count": 2.2, "Publication Count": 0.2}, "university of southern california": {"Citation Count": 13.600000000000001, "Publication Count": 0.8}, "california institute of technology": {"Citation Count": 3.4000000000000004,