{"french institute for research in computer science and automation": {"Citation Count": 5.0, "Publication Count": 2.0}, "texas a m university": {"Citation Count": 4.666666666666666, "Publication Count": 0.6666666666666666}, "intel": {"Citation Count": 17.308333333333334, "Publication Count": 1.3916666666666666}, "indian institutes of technology": {"Citation Count": 4.0, "Publication Count": 1.0}, "nvidia": {"Citation Count": 34.961111111111116, "Publication Count": 3.1444444444444444}, "ecole polytechnique federale de lausanne": {"Citation Count": 2.5, "Publication Count": 0.8333333333333333}, "university of edinburgh": {"Citation Count": 0.5, "Publication Count": 0.16666666666666666}, "microsoft": {"Citation Count": 62.000000000000014, "Publication Count": 1.0000000000000002}, "university of florida": {"Citation Count": 7.666666666666666, "Publication Count": 1.3333333333333333}, "hong kong polytechnic university": {"Citation Count": 3.333333333333333, "Publication Count": 0.6666666666666666}, "technion israel institute of technology": {"Citation Count": 0.9, "Publication Count": 1.3666666666666667}, "university of british columbia": {"Citation Count": 11.0, "Publication Count": 1.4}, "university of illinois at urbana champaign": {"Citation Count": 31.322222222222223, "Publication Count": 4.322222222222222}, "university of cordoba": {"Citation Count": 2.8666666666666667, "Publication Count": 0.3666666666666667}, "huawei": {"Citation Count": 1.6285714285714288, "Publication Count": 0.34285714285714286}, "hewlett packard": {"Citation Count": 2.5238095238095237, "Publication Count": 0.45238095238095233}, "shanghai jiao tong university": {"Citation Count": 3.999999999999999, "Publication Count": 0.9999999999999998}, "carnegie mellon university": {"Citation Count": 8.555555555555557, "Publication Count": 0.7777777777777779}, "college of william mary": {"Citation Count": 1.222222222222222, "Publication Count": 0.1111111111111111}, "university of virginia": {"Citation Count": 1.222222222222222, "Publication Count": 0.1111111111111111}, "university of chicago": {"Citation Count": 4.0, "Publication Count": 1.0}, "georgia institute of technology": {"Citation Count": 31.625, "Publication Count": 2.5416666666666665}, "university of toronto": {"Citation Count": 21.75, "Publication Count": 1.35}, "chinese academy of sciences": {"Citation Count": 34.66666666666667, "Publication Count": 0.8888888888888891}, "tsinghua university": {"Citation Count": 8.125, "Publication Count": 0.625}, "university of california santa barbara": {"Citation Count": 8.160714285714285, "Publication Count": 1.2035714285714285}, "stony brook university": {"Citation Count": 34.0, "Publication Count": 1.0}, "university of michigan": {"Citation Count": 26.011111111111113, "Publication Count": 4.188888888888889}, "virginia tech": {"Citation Count": 0.75, "Publication Count": 0.75}, "oak ridge national laboratory": {"Citation Count": 0.25, "Publication Count": 0.25}, "university of wisconsin madison": {"Citation Count": 4.6, "Publication Count": 0.7}, "advanced micro devices": {"Citation Count": 3.5, "Publication Count": 0.65}, "stanford university": {"Citation Count": 4.1, "Publication Count": 1.6333333333333333}, "pennsylvania state university": {"Citation Count": 10.75, "Publication Count": 0.95}, "university of california santa cruz": {"Citation Count": 0.42857142857142855, "Publication Count": 0.14285714285714285}, "kaist": {"Citation Count": 2.4000000000000004, "Publication Count": 0.8}, "george washington university": {"Citation Count": 0.0, "Publication Count": 0.25}, "ohio university": {"Citation Count": 0.0, "Publication Count": 0.75}, "university of rochester": {"Citation Count": 2.0, "Publication Count": 1.0}, "uppsala university": {"Citation Count": 1.8888888888888888, "Publication Count": 0.6111111111111112}, "university of murcia": {"Citation Count": 1.0, "Publication Count": 0.5}, "massachusetts institute of technology": {"Citation Count": 0.0, "Publication Count": 1.0}, "university of texas at austin": {"Citation Count": 14.0, "Publication Count": 1.6666666666666665}, "duke university": {"Citation Count": 7.0, "Publication Count": 2.0}, "binghamton university": {"Citation Count": 19.333333333333332, "Publication Count": 0.6666666666666666}, "university of california riverside": {"Citation Count": 9.666666666666666, "Publication Count": 0.3333333333333333}, "cornell university": {"Citation Count": 5.0, "Publication Count": 1.0}, "polytechnic university of catalonia": {"Citation Count": 10.0, "Publication Count": 1.0}, "harvard university": {"Citation Count": 6.000000000000001, "Publication Count": 0.6000000000000001}, "ibm": {"Citation Count": 2.0, "Publication Count": 0.2}, "simon fraser university": {"Citation Count": 3.0, "Publication Count": 1.0}, "seoul national university": {"Citation Count": 4.0, "Publication Count": 0.5}, "qualcomm": {"Citation Count": 0.8, "Publication Count": 0.2}, "university of houston": {"Citation Count": 1.0, "Publication Count": 1.0}, "ohio state university": {"Citation Count": 0.2222222222222222, "Publication Count": 0.2222222222222222}, "university of minnesota": {"Citation Count": 0.1111111111111111, "Publication Count": 0.1111111111111111}, "university of california berkeley": {"Citation Count": 4.0, "Publication Count": 0.2}, "princeton university": {"Citation Count": 8.0, "Publication Count": 0.4}, "vmware": {"Citation Count": 3.25, "Publication Count": 0.25}, "eth zurich": {"Citation Count": 5.0, "Publication Count": 0.3333333333333333}}