{"dartmouth college": {"Citation Count": 146.66666666666666, "Publication Count": 0.8333333333333333}, "nokia": {"Citation Count": 105.45833333333333, "Publication Count": 0.5416666666666666}, "university of virginia": {"Citation Count": 45.42857142857142, "Publication Count": 0.857142857142857}, "harvard university": {"Citation Count": 43.0, "Publication Count": 1.0}, "microsoft": {"Citation Count": 1699.75, "Publication Count": 4.571428571428571}, "university of california los angeles": {"Citation Count": 399.3333333333333, "Publication Count": 0.47619047619047616}, "university of massachusetts amherst": {"Citation Count": 737.5, "Publication Count": 2.3095238095238093}, "duke university": {"Citation Count": 294.0, "Publication Count": 1.1428571428571428}, "university of california berkeley": {"Citation Count": 51.75, "Publication Count": 0.25}, "university of texas at austin": {"Citation Count": 38.33333333333333, "Publication Count": 0.3333333333333333}, "university of wisconsin madison": {"Citation Count": 38.33333333333333, "Publication Count": 0.3333333333333333}, "carnegie mellon university": {"Citation Count": 100.66666666666666, "Publication Count": 0.6666666666666666}, "intel": {"Citation Count": 70.73333333333333, "Publication Count": 0.7333333333333334}, "rutgers university": {"Citation Count": 246.99999999999994, "Publication Count": 0.9999999999999998}, "indian institute of technology bombay": {"Citation Count": 38.0, "Publication Count": 1.0}, "university of illinois at urbana champaign": {"Citation Count": 214.0, "Publication Count": 1.0}, "university of michigan": {"Citation Count": 155.33333333333331, "Publication Count": 0.6666666666666666}, "university of southern california": {"Citation Count": 636.6666666666666, "Publication Count": 2.1666666666666665}, "university of waterloo": {"Citation Count": 13.0, "Publication Count": 1.0}, "charles university in prague": {"Citation Count": 1.5, "Publication Count": 0.16666666666666666}, "czech technical university in prague": {"Citation Count": 6.0, "Publication Count": 0.6666666666666666}, "vodafone": {"Citation Count": 1.5, "Publication Count": 0.16666666666666666}, "massachusetts institute of technology": {"Citation Count": 126.875, "Publication Count": 0.625}, "university of california san diego": {"Citation Count": 54.5, "Publication Count": 0.25}, "deutsche telekom": {"Citation Count": 181.33333333333331, "Publication Count": 0.6666666666666666}, "georgia institute of technology": {"Citation Count": 90.66666666666666, "Publication Count": 0.3333333333333333}, "university of toronto": {"Citation Count": 30.600000000000005, "Publication Count": 0.6000000000000001}}