{"university of edinburgh": {"Citation Count": 74.25, "Publication Count": 2.583333333333333}, "carnegie mellon university": {"Citation Count": 884.3690476190476, "Publication Count": 14.192857142857143}, "baidu": {"Citation Count": 148.16666666666666, "Publication Count": 0.5833333333333333}, "purdue university": {"Citation Count": 134.16666666666666, "Publication Count": 2.1666666666666665}, "indiana university purdue university indianapolis": {"Citation Count": 10.666666666666666, "Publication Count": 0.6666666666666666}, "university of illinois at chicago": {"Citation Count": 69.66666666666667, "Publication Count": 1.3333333333333333}, "the chinese university of hong kong": {"Citation Count": 1607.2, "Publication Count": 4.15}, "ibm": {"Citation Count": 408.0976190476191, "Publication Count": 6.461904761904762}, "htc": {"Citation Count": 0.5, "Publication Count": 0.25}, "university of california berkeley": {"Citation Count": 1076.2857142857142, "Publication Count": 14.571428571428571}, "university of los andes": {"Citation Count": 13.75, "Publication Count": 0.25}, "university of zaragoza": {"Citation Count": 13.75, "Publication Count": 0.25}, "interdisciplinary center for scientific computing": {"Citation Count": 44.0, "Publication Count": 1.0}, "brown university": {"Citation Count": 4.0, "Publication Count": 1.0}, "university of pennsylvania": {"Citation Count": 46.99999999999999, "Publication Count": 1.9166666666666665}, "yahoo": {"Citation Count": 46.0, "Publication Count": 2.2}, "stanford university": {"Citation Count": 1220.059523809524, "Publication Count": 17.392857142857142}, "ecole centrale paris": {"Citation Count": 13.333333333333332, "Publication Count": 1.3333333333333333}, "johns hopkins university": {"Citation Count": 70.33333333333333, "Publication Count": 1.2666666666666666}, "massachusetts institute of technology": {"Citation Count": 2224.683333333334, "Publication Count": 13.299999999999999}, "princeton university": {"Citation Count": 732.7690476190477, "Publication Count": 9.626190476190477}, "university of illinois at urbana champaign": {"Citation Count": 287.98333333333335, "Publication Count": 6.216666666666667}, "national university of singapore": {"Citation Count": 71.6, "Publication Count": 2.45}, "microsoft": {"Citation Count": 1519.65, "Publication Count": 10.35}, "weizmann institute of science": {"Citation Count": 140.0, "Publication Count": 1.3333333333333333}, "eth zurich": {"Citation Count": 143.22619047619048, "Publication Count": 6.869047619047619}, "technische universitat munchen": {"Citation Count": 2.75, "Publication Count": 0.25}, "university of minnesota": {"Citation Count": 252.0, "Publication Count": 4.583333333333333}, "australian national university": {"Citation Count": 257.41666666666663, "Publication Count": 2.9166666666666665}, "university of new south wales": {"Citation Count": 42.75, "Publication Count": 1.75}, "columbia university": {"Citation Count": 526.8333333333333, "Publication Count": 7.2}, "pohang university of science and technology": {"Citation Count": 180.5, "Publication Count": 1.5}, "boston college": {"Citation Count": 5.0, "Publication Count": 0.25}, "technion israel institute of technology": {"Citation Count": 260.0, "Publication Count": 6.916666666666666}, "michigan state university": {"Citation Count": 12.0, "Publication Count": 0.8333333333333333}, "university of iowa": {"Citation Count": 32.0, "Publication Count": 0.8333333333333333}, "disney research": {"Citation Count": 35.0, "Publication Count": 1.0}, "university of california los angeles": {"Citation Count": 330.0, "Publication Count": 6.0}, "university of alberta": {"Citation Count": 141.5, "Publication Count": 3.9666666666666663}, "university college london": {"Citation Count": 139.86666666666667, "Publication Count": 4.816666666666666}, "university of oxford": {"Citation Count": 3568.033333333333, "Publication Count": 3.966666666666667}, "university of california san diego": {"Citation Count": 130.16666666666666, "Publication Count": 4.166666666666666}, "florida state university": {"Citation Count": 14.5, "Publication Count": 0.5}, "exxonmobil": {"Citation Count": 13.0, "Publication Count": 1.0}, "universite de montreal": {"Citation Count": 21953.083333333332, "Publication Count": 3.7916666666666665}, "aalto university": {"Citation Count": 6.25, "Publication Count": 0.25}, "max planck society": {"Citation Count": 474.4833333333333, "Publication Count": 3.65}, "mcgovern institute for brain research": {"Citation Count": 3.25, "Publication Count": 0.5}, "beijing normal university": {"Citation Count": 4.25, "Publication Count": 1.0}, "university of texas at austin": {"Citation Count": 712.9000000000001, "Publication Count": 16.28333333333333}, "ariel university": {"Citation Count": 5.333333333333333, "Publication Count": 0.6666666666666666}, "ben gurion university of the negev": {"Citation Count": 30.166666666666664, "Publication Count": 1.8333333333333333}, "tsinghua university": {"Citation Count": 90.81666666666666, "Publication Count": 2.2583333333333333}, "istituto italiano di tecnologia": {"Citation Count": 47.0, "Publication Count": 1.0}, "indian institute of science": {"Citation Count": 143.66666666666666, "Publication Count": 5.199999999999999}, "ecole normale superieure": {"Citation Count": 511.0, "Publication Count": 5.333333333333333}, "centre national de la recherche scientifique": {"Citation Count": 61.66666666666666, "Publication Count": 2.333333333333333}, "university of michigan": {"Citation Count": 435.64285714285717, "Publication Count": 4.726190476190476}, "google": {"Citation Count": 10586.25, "Publication Count": 7.25}, "university of maryland college park": {"Citation Count": 131.16666666666666, "Publication Count": 4.0}, "french institute for research in computer science and automation": {"Citation Count": 284.5, "Publication Count": 8.0}, "university of california san francisco": {"Citation Count": 3.0, "Publication Count": 1.0}, "northrop grumman": {"Citation Count": 16.0, "Publication Count": 1.0}, "hong kong university of science and technology": {"Citation Count": 5.5, "Publication Count": 0.5}, "harbin institute of technology": {"Citation Count": 69.4, "Publication Count": 0.65}, "sun yat sen university": {"Citation Count": 29.6, "Publication Count": 0.8}, "duke university": {"Citation Count": 88.91666666666666, "Publication Count": 6.166666666666667}, "university of wisconsin madison": {"Citation Count": 40.892857142857146, "Publication Count": 2.142857142857143}, "university of chicago": {"Citation Count": 11.75, "Publication Count": 2.5}, "university of southern california": {"Citation Count": 441.25, "Publication Count": 4.666666666666666}, "university of washington": {"Citation Count": 360.25, "Publication Count": 4.75}, "university of texas at dallas": {"Citation Count": 26.0, "Publication Count": 3.0}, "ceremade": {"Citation Count": 2.75, "Publication Count": 0.25}, "hec paris": {"Citation Count": 2.75, "Publication Count": 0.25}, "ensae paristech": {"Citation Count": 2.75, "Publication Count": 0.25}, "university of florida": {"Citation Count": 3.0, "Publication Count": 0.25}, "lawrence berkeley national laboratory": {"Citation Count": 3.0, "Publication Count": 0.25}, "university of tokyo": {"Citation Count": 151.4, "Publication Count": 2.4}, "university at buffalo": {"Citation Count": 17.57142857142857, "Publication Count": 1.5714285714285714}, "ecole polytechnique federale de lausanne": {"Citation Count": 35.25, "Publication Count": 2.25}, "technical university of berlin": {"Citation Count": 14.7, "Publication Count": 2.3666666666666667}, "university of cambridge": {"Citation Count": 566.3333333333333, "Publication Count": 9.333333333333334}, "university of geneva": {"Citation Count": 8.0, "Publication Count": 0.6666666666666666}, "university of barcelona": {"Citation Count": 4.0, "Publication Count": 0.3333333333333333}, "yale university": {"Citation Count": 7.0,