{"university of california san diego": {"Citation Count": 196.16666666666666, "Publication Count": 7.166666666666667}, "max planck society": {"Citation Count": 437.83333333333337, "Publication Count": 10.666666666666668}, "johns hopkins university": {"Citation Count": 127.83333333333333, "Publication Count": 3.8333333333333335}, "university of california berkeley": {"Citation Count": 430.5, "Publication Count": 10.083333333333334}, "duke university": {"Citation Count": 136.0, "Publication Count": 4.999999999999999}, "pacific northwest national laboratory": {"Citation Count": 25.333333333333332, "Publication Count": 0.6666666666666666}, "university of michigan": {"Citation Count": 100.91666666666666, "Publication Count": 2.833333333333333}, "university of southern california": {"Citation Count": 50.416666666666664, "Publication Count": 1.5833333333333333}, "university of cambridge": {"Citation Count": 198.75, "Publication Count": 5.083333333333333}, "university of oxford": {"Citation Count": 52.166666666666664, "Publication Count": 2.1666666666666665}, "carnegie mellon university": {"Citation Count": 267.5, "Publication Count": 9.333333333333332}, "massachusetts institute of technology": {"Citation Count": 485.6666666666667, "Publication Count": 10.583333333333334}, "tsinghua university": {"Citation Count": 113.15, "Publication Count": 3.0166666666666666}, "case western reserve university": {"Citation Count": 22.0, "Publication Count": 1.0}, "institute of science and technology austria": {"Citation Count": 0.0, "Publication Count": 1.0}, "boston university": {"Citation Count": 39.0, "Publication Count": 1.0}, "university of edinburgh": {"Citation Count": 89.83333333333333, "Publication Count": 2.75}, "university of texas at san antonio": {"Citation Count": 13.8, "Publication Count": 0.2}, "national university of singapore": {"Citation Count": 70.46666666666667, "Publication Count": 2.533333333333333}, "ecole polytechnique federale de lausanne": {"Citation Count": 142.0, "Publication Count": 4.0}, "university of california santa cruz": {"Citation Count": 15.583333333333332, "Publication Count": 0.5833333333333333}, "royal holloway university of london": {"Citation Count": 22.666666666666664, "Publication Count": 0.6666666666666666}, "hong kong university of science and technology": {"Citation Count": 190.66666666666666, "Publication Count": 2.6666666666666665}, "princeton university": {"Citation Count": 286.20000000000005, "Publication Count": 8.283333333333333}, "pierre and marie curie university": {"Citation Count": 32.0, "Publication Count": 1.0}, "free university of berlin": {"Citation Count": 47.0, "Publication Count": 0.5}, "french institute for research in computer science and automation": {"Citation Count": 414.6666666666667, "Publication Count": 9.083333333333332}, "indian institute of technology kanpur": {"Citation Count": 4.0, "Publication Count": 0.5}, "microsoft": {"Citation Count": 594.6666666666667, "Publication Count": 8.666666666666664}, "ohio state university": {"Citation Count": 67.33333333333333, "Publication Count": 1.6666666666666665}, "ibm": {"Citation Count": 211.58333333333331, "Publication Count": 4.583333333333334}, "sun yat sen university": {"Citation Count": 20.666666666666664, "Publication Count": 1.3333333333333333}, "national institutes of health": {"Citation Count": 0.0, "Publication Count": 0.3333333333333333}, "northeastern university": {"Citation Count": 0.0, "Publication Count": 0.3333333333333333}, "george mason university": {"Citation Count": 0.0, "Publication Count": 0.3333333333333333}, "zhejiang university": {"Citation Count": 14.6, "Publication Count": 1.6}, "arizona state university": {"Citation Count": 36.4, "Publication Count": 1.4}, "kaist": {"Citation Count": 71.06666666666668, "Publication Count": 2.1333333333333333}, "georgia institute of technology": {"Citation Count": 116.0, "Publication Count": 3.9166666666666665}, "rutgers university": {"Citation Count": 66.08333333333333, "Publication Count": 2.9166666666666665}, "university of texas at arlington": {"Citation Count": 117.5, "Publication Count": 2.625}, "university of illinois at urbana champaign": {"Citation Count": 126.41666666666667, "Publication Count": 2.583333333333333}, "weizmann institute of science": {"Citation Count": 1.5, "Publication Count": 0.5}, "technion israel institute of technology": {"Citation Count": 42.5, "Publication Count": 5.5}, "university of science and technology of china": {"Citation Count": 863.0, "Publication Count": 1.0}, "nanyang technological university": {"Citation Count": 58.0, "Publication Count": 1.0}, "huawei": {"Citation Count": 7.666666666666666, "Publication Count": 0.3333333333333333}, "heidelberg university": {"Citation Count": 9.0, "Publication Count": 1.0}, "columbia university": {"Citation Count": 139.81666666666666, "Publication Count": 3.966666666666667}, "texas instruments": {"Citation Count": 24.333333333333332, "Publication Count": 0.3333333333333333}, "graz university of technology": {"Citation Count": 33.0, "Publication Count": 1.3333333333333333}, "ca foscari university of venice": {"Citation Count": 8.0, "Publication Count": 0.3333333333333333}, "argonne national laboratory": {"Citation Count": 6.571428571428571, "Publication Count": 0.14285714285714285}, "technical university of berlin": {"Citation Count": 26.285714285714285, "Publication Count": 0.5714285714285714}, "eth zurich": {"Citation Count": 49.57142857142857, "Publication Count": 1.4761904761904763}, "korea university": {"Citation Count": 6.571428571428571, "Publication Count": 0.14285714285714285}, "university of wisconsin madison": {"Citation Count": 118.75, "Publication Count": 3.75}, "wake forest university": {"Citation Count": 6.666666666666666, "Publication Count": 0.3333333333333333}, "hebrew university of jerusalem": {"Citation Count": 103.16666666666666, "Publication Count": 4.333333333333333}, "michigan state university": {"Citation Count": 60.0, "Publication Count": 1.35}, "general electric": {"Citation Count": 31.5, "Publication Count": 1.0333333333333332}, "howard hughes medical institute": {"Citation Count": 7.366666666666667, "Publication Count": 1.0333333333333332}, "university of california irvine": {"Citation Count": 319.0, "Publication Count": 5.166666666666666}, "deakin university": {"Citation Count": 7.0, "Publication Count": 1.0}, "stanford university": {"Citation Count": 2086.75, "Publication Count": 11.083333333333336}, "oregon state university": {"Citation Count": 124.0, "Publication Count": 2.0}, "intel": {"Citation Count": 220.25, "Publication Count": 1.25}, "university of toronto": {"Citation Count": 40593.51666666667, "Publication Count": 9.55}, "university of washington": {"Citation Count": 304.51666666666665, "Publication Count": 5.516666666666667}, "exxonmobil": {"Citation Count": 1.2, "Publication Count": 0.6}, "harvard university": {"Citation Count": 603.0333333333332, "Publication Count": 2.1}, "tokyo institute of technology": {"Citation Count": 27.25, "Publication Count": 0.75}, "nagoya university": {"Citation Count": 7.666666666666666, "Publication Count": 0.16666666666666666}, "nagoya institute of technology": {"Citation Count": 7.666666666666666, "Publication Count": 0.16666666666666666}, "university of tokyo": {"Citation Count": 32.58333333333333, "Publication Count": 2.75}, "university college london": {"Citation Count": 314.66666666666663, "Publication Count": 10.333333333333332}, "ghent university": {"Citation Count": 56.333333333333336, "Publication Count": 1.4166666666666667}, "interdisciplinary center for neural computation": {"Citation Count": 57.5, "Publication Count": 1.0}, "northwestern university": {"Citation Count": 21.75, "Publication Count": 0.25}, "sabanci university": {"Citation Count": 21.75, "Publication Count": 0.25}, "university of massachusetts amherst": {"Citation Count": 189.58333333333334, "Publication Count": 3.1666666666666665},