{"university of edinburgh": {"Citation Count": 53.58333333333333, "Publication Count": 2.583333333333333}, "carnegie mellon university": {"Citation Count": 711.2619047619048, "Publication Count": 14.192857142857143}, "baidu": {"Citation Count": 106.83333333333333, "Publication Count": 0.5833333333333333}, "indiana university purdue university indianapolis": {"Citation Count": 10.0, "Publication Count": 0.6666666666666666}, "purdue university": {"Citation Count": 111.66666666666666, "Publication Count": 2.1666666666666665}, "university of illinois at chicago": {"Citation Count": 58.33333333333333, "Publication Count": 1.3333333333333333}, "htc": {"Citation Count": 0.5, "Publication Count": 0.25}, "the chinese university of hong kong": {"Citation Count": 1367.85, "Publication Count": 4.15}, "ibm": {"Citation Count": 341.09761904761905, "Publication Count": 6.461904761904762}, "university of california berkeley": {"Citation Count": 887.1904761904761, "Publication Count": 14.738095238095239}, "university of los andes": {"Citation Count": 11.5, "Publication Count": 0.25}, "university of zaragoza": {"Citation Count": 11.5, "Publication Count": 0.25}, "interdisciplinary center for scientific computing": {"Citation Count": 40.0, "Publication Count": 1.0}, "brown university": {"Citation Count": 3.0, "Publication Count": 1.0}, "university of pennsylvania": {"Citation Count": 39.666666666666664, "Publication Count": 1.9166666666666665}, "yahoo": {"Citation Count": 40.9, "Publication Count": 2.2}, "stanford university": {"Citation Count": 915.1071428571428, "Publication Count": 16.392857142857142}, "ecole centrale paris": {"Citation Count": 11.333333333333332, "Publication Count": 1.3333333333333333}, "massachusetts institute of technology": {"Citation Count": 1900.1833333333334, "Publication Count": 13.549999999999999}, "princeton university": {"Citation Count": 635.5619047619048, "Publication Count": 9.959523809523809}, "johns hopkins university": {"Citation Count": 52.53333333333333, "Publication Count": 1.2666666666666666}, "university of illinois at urbana champaign": {"Citation Count": 231.35, "Publication Count": 6.216666666666667}, "national university of singapore": {"Citation Count": 53.733333333333334, "Publication Count": 2.45}, "microsoft": {"Citation Count": 1186.4500000000003, "Publication Count": 10.35}, "weizmann institute of science": {"Citation Count": 113.66666666666666, "Publication Count": 1.3333333333333333}, "eth zurich": {"Citation Count": 119.51190476190476, "Publication Count": 6.869047619047619}, "technische universitat munchen": {"Citation Count": 2.75, "Publication Count": 0.25}, "university of minnesota": {"Citation Count": 227.5, "Publication Count": 4.583333333333333}, "australian national university": {"Citation Count": 218.66666666666666, "Publication Count": 2.9166666666666665}, "university of new south wales": {"Citation Count": 35.5, "Publication Count": 1.75}, "columbia university": {"Citation Count": 424.56666666666666, "Publication Count": 7.2}, "pohang university of science and technology": {"Citation Count": 159.0, "Publication Count": 1.5}, "boston college": {"Citation Count": 4.0, "Publication Count": 0.25}, "technion israel institute of technology": {"Citation Count": 199.75, "Publication Count": 6.916666666666666}, "michigan state university": {"Citation Count": 11.333333333333332, "Publication Count": 0.8333333333333333}, "university of iowa": {"Citation Count": 26.666666666666664, "Publication Count": 0.8333333333333333}, "disney research": {"Citation Count": 29.0, "Publication Count": 1.0}, "university of california los angeles": {"Citation Count": 280.0, "Publication Count": 6.0}, "university of alberta": {"Citation Count": 93.96666666666667, "Publication Count": 3.9666666666666663}, "university college london": {"Citation Count": 115.51666666666668, "Publication Count": 4.816666666666666}, "university of oxford": {"Citation Count": 2632.1666666666665, "Publication Count": 3.966666666666667}, "university of california san diego": {"Citation Count": 134.33333333333331, "Publication Count": 4.916666666666666}, "florida state university": {"Citation Count": 11.5, "Publication Count": 0.5}, "exxonmobil": {"Citation Count": 11.0, "Publication Count": 1.0}, "universite de montreal": {"Citation Count": 15376.333333333334, "Publication Count": 3.7916666666666665}, "aalto university": {"Citation Count": 5.75, "Publication Count": 0.25}, "max planck society": {"Citation Count": 371.8666666666666, "Publication Count": 3.65}, "beijing normal university": {"Citation Count": 4.0, "Publication Count": 1.0}, "mcgovern institute for brain research": {"Citation Count": 3.0, "Publication Count": 0.5}, "university of texas at austin": {"Citation Count": 591.05, "Publication Count": 16.28333333333333}, "ariel university": {"Citation Count": 4.0, "Publication Count": 0.6666666666666666}, "ben gurion university of the negev": {"Citation Count": 25.0, "Publication Count": 1.8333333333333333}, "tsinghua university": {"Citation Count": 73.85000000000001, "Publication Count": 2.2583333333333333}, "istituto italiano di tecnologia": {"Citation Count": 37.0, "Publication Count": 1.0}, "indian institute of science": {"Citation Count": 112.86666666666667, "Publication Count": 5.199999999999999}, "ecole normale superieure": {"Citation Count": 425.16666666666663, "Publication Count": 5.333333333333333}, "centre national de la recherche scientifique": {"Citation Count": 115.53333333333333, "Publication Count": 3.533333333333333}, "university of michigan": {"Citation Count": 309.69047619047615, "Publication Count": 4.726190476190476}, "google": {"Citation Count": 8027.416666666667, "Publication Count": 7.25}, "university of maryland college park": {"Citation Count": 103.5, "Publication Count": 4.0}, "french institute for research in computer science and automation": {"Citation Count": 368.5, "Publication Count": 9.0}, "university of california san francisco": {"Citation Count": 3.0, "Publication Count": 1.0}, "northrop grumman": {"Citation Count": 14.0, "Publication Count": 1.0}, "hong kong university of science and technology": {"Citation Count": 5.0, "Publication Count": 0.5}, "harbin institute of technology": {"Citation Count": 60.949999999999996, "Publication Count": 0.65}, "sun yat sen university": {"Citation Count": 27.200000000000003, "Publication Count": 0.8}, "duke university": {"Citation Count": 81.58333333333333, "Publication Count": 6.166666666666667}, "university of wisconsin madison": {"Citation Count": 31.607142857142858, "Publication Count": 2.142857142857143}, "university of chicago": {"Citation Count": 7.75, "Publication Count": 2.5}, "university of southern california": {"Citation Count": 352.16666666666663, "Publication Count": 4.666666666666666}, "university of washington": {"Citation Count": 284.75, "Publication Count": 4.75}, "university of texas at dallas": {"Citation Count": 26.0, "Publication Count": 3.0}, "hec paris": {"Citation Count": 1.75, "Publication Count": 0.25}, "ensae paristech": {"Citation Count": 1.75, "Publication Count": 0.25}, "ceremade": {"Citation Count": 1.75, "Publication Count": 0.25}, "university of florida": {"Citation Count": 2.25, "Publication Count": 0.25}, "lawrence berkeley national laboratory": {"Citation Count": 2.25, "Publication Count": 0.25}, "university of tokyo": {"Citation Count": 106.99999999999999, "Publication Count": 2.4}, "university at buffalo": {"Citation Count": 16.428571428571427, "Publication Count": 1.5714285714285714}, "ecole polytechnique federale de lausanne": {"Citation Count": 31.25, "Publication Count": 2.25}, "technical university of berlin": {"Citation Count": 14.0, "Publication Count": 2.3666666666666667}, "university of cambridge": {"Citation Count": 451.99999999999994, "Publication Count": 9.333333333333334}, "university of geneva": {"Citation Count": 5.333333333333333, "Publication Count": 0.6666666666666666},