{"nokia": {"Citation Count": 14.75, "Publication Count": 0.25}, "university of wisconsin madison": {"Citation Count": 62.166666666666664, "Publication Count": 0.8333333333333333}, "intel": {"Citation Count": 44.416666666666664, "Publication Count": 0.5833333333333333}, "northwestern university": {"Citation Count": 94.4, "Publication Count": 0.8}, "microsoft": {"Citation Count": 676.4412698412699, "Publication Count": 4.580952380952381}, "university of california berkeley": {"Citation Count": 2010.4444444444443, "Publication Count": 2.5555555555555554}, "cornell university": {"Citation Count": 103.33333333333333, "Publication Count": 0.3333333333333333}, "massachusetts institute of technology": {"Citation Count": 298.0, "Publication Count": 2.0}, "ecole polytechnique federale de lausanne": {"Citation Count": 15.0, "Publication Count": 1.0}, "facebook": {"Citation Count": 10.888888888888888, "Publication Count": 0.1111111111111111}, "rwth aachen university": {"Citation Count": 55.0, "Publication Count": 1.0}, "university of washington": {"Citation Count": 138.73333333333332, "Publication Count": 1.8666666666666665}, "princeton university": {"Citation Count": 142.71428571428572, "Publication Count": 1.2857142857142856}, "duke university": {"Citation Count": 22.0, "Publication Count": 1.0}, "northeastern university": {"Citation Count": 38.0, "Publication Count": 0.6666666666666666}, "rice university": {"Citation Count": 19.0, "Publication Count": 0.3333333333333333}, "university of cambridge": {"Citation Count": 213.0, "Publication Count": 1.0}, "information sciences institute": {"Citation Count": 13.600000000000001, "Publication Count": 0.8}, "sparta inc": {"Citation Count": 3.4000000000000004, "Publication Count": 0.2}, "cisco systems inc": {"Citation Count": 6.666666666666666, "Publication Count": 0.3333333333333333}, "university of california santa barbara": {"Citation Count": 13.333333333333332, "Publication Count": 0.6666666666666666}, "university college london": {"Citation Count": 464.0, "Publication Count": 1.0}, "carnegie mellon university": {"Citation Count": 104.22222222222223, "Publication Count": 0.7777777777777778}, "google": {"Citation Count": 14.888888888888888, "Publication Count": 0.1111111111111111}, "kaist": {"Citation Count": 117.60000000000001, "Publication Count": 0.8}, "tsinghua university": {"Citation Count": 14.0, "Publication Count": 0.1111111111111111}, "university of california san diego": {"Citation Count": 42.85714285714286, "Publication Count": 0.7142857142857143}, "vienna university of technology": {"Citation Count": 8.571428571428571, "Publication Count": 0.14285714285714285}, "university of california riverside": {"Citation Count": 8.571428571428571, "Publication Count": 0.14285714285714285}}