{"microsoft": {"Citation Count": 377.93809523809523, "Publication Count": 5.497619047619047}, "university of california san diego": {"Citation Count": 9.833333333333332, "Publication Count": 0.16666666666666666}, "university of california berkeley": {"Citation Count": 2063.92380952381, "Publication Count": 2.2476190476190476}, "imperial college london": {"Citation Count": 24.5, "Publication Count": 0.25}, "university of southern california": {"Citation Count": 14.0, "Publication Count": 0.3333333333333333}, "university of washington": {"Citation Count": 181.0, "Publication Count": 1.1666666666666667}, "university of wisconsin madison": {"Citation Count": 55.80769230769231, "Publication Count": 1.7307692307692308}, "carnegie mellon university": {"Citation Count": 71.65384615384616, "Publication Count": 1.1153846153846154}, "princeton university": {"Citation Count": 162.65714285714287, "Publication Count": 1.3428571428571427}, "akamai technologies": {"Citation Count": 9.0, "Publication Count": 0.42857142857142855}, "university of pennsylvania": {"Citation Count": 6.0, "Publication Count": 0.2857142857142857}, "max planck society": {"Citation Count": 120.25, "Publication Count": 2.0357142857142856}, "stanford university": {"Citation Count": 324.0, "Publication Count": 1.0}, "yahoo": {"Citation Count": 125.33333333333333, "Publication Count": 0.3333333333333333}, "ecole polytechnique federale de lausanne": {"Citation Count": 272.53333333333336, "Publication Count": 1.4666666666666668}, "cornell university": {"Citation Count": 16.75, "Publication Count": 0.25}, "duke university": {"Citation Count": 104.5, "Publication Count": 0.5}, "telefonica": {"Citation Count": 104.5, "Publication Count": 0.5}, "universidade federal do rio grande do sul": {"Citation Count": 0.8571428571428571, "Publication Count": 0.14285714285714285}, "university of illinois at urbana champaign": {"Citation Count": 180.125, "Publication Count": 0.875}, "hewlett packard": {"Citation Count": 57.25, "Publication Count": 0.25}, "northwestern university": {"Citation Count": 25.125, "Publication Count": 0.375}, "google": {"Citation Count": 73.33333333333333, "Publication Count": 0.3333333333333333}, "nec": {"Citation Count": 36.666666666666664, "Publication Count": 0.16666666666666666}, "cisco systems inc": {"Citation Count": 36.666666666666664, "Publication Count": 0.16666666666666666}, "facebook": {"Citation Count": 24.57142857142857, "Publication Count": 0.14285714285714285}, "georgia institute of technology": {"Citation Count": 4.1000000000000005, "Publication Count": 0.1}, "huazhong university of science and technology": {"Citation Count": 8.200000000000001, "Publication Count": 0.2}, "boston university": {"Citation Count": 15.53846153846154, "Publication Count": 0.15384615384615385}, "huawei": {"Citation Count": 108.80000000000001, "Publication Count": 0.4}, "university of north carolina at chapel hill": {"Citation Count": 54.400000000000006, "Publication Count": 0.2}, "intel": {"Citation Count": 54.400000000000006, "Publication Count": 0.2}, "ibm": {"Citation Count": 20.285714285714285, "Publication Count": 0.14285714285714285}, "purdue university": {"Citation Count": 138.0, "Publication Count": 2.0}, "franklin marshall college": {"Citation Count": 9.200000000000001, "Publication Count": 0.4}, "yale university": {"Citation Count": 13.800000000000002, "Publication Count": 0.6000000000000001}, "keio university": {"Citation Count": 36.125, "Publication Count": 0.125}, "university college london": {"Citation Count": 36.125, "Publication Count": 0.125}, "politehnica university of bucharest": {"Citation Count": 36.125, "Publication Count": 0.125}, "universite catholique de louvain": {"Citation Count": 180.625, "Publication Count": 0.625}}