{"university of washington": {"Citation Count": 167.0, "Publication Count": 3.0}, "university of michigan": {"Citation Count": 126.2, "Publication Count": 3.0666666666666664}, "sandia national laboratories": {"Citation Count": 44.5, "Publication Count": 0.5}, "eth zurich": {"Citation Count": 22.142857142857142, "Publication Count": 1.1428571428571428}, "max planck society": {"Citation Count": 50.0, "Publication Count": 0.8333333333333334}, "university of maryland college park": {"Citation Count": 10.0, "Publication Count": 0.16666666666666666}, "university of wisconsin madison": {"Citation Count": 164.5, "Publication Count": 2.5666666666666664}, "microsoft": {"Citation Count": 342.7689393939394, "Publication Count": 4.944696969696969}, "university of cambridge": {"Citation Count": 74.39999999999999, "Publication Count": 0.6}, "google": {"Citation Count": 6033.733333333334, "Publication Count": 2.3}, "massachusetts institute of technology": {"Citation Count": 61.8, "Publication Count": 1.2}, "technion israel institute of technology": {"Citation Count": 14.884848484848485, "Publication Count": 0.1575757575757576}, "university of illinois at urbana champaign": {"Citation Count": 12.818181818181818, "Publication Count": 0.09090909090909091}, "carnegie mellon university": {"Citation Count": 190.65151515151513, "Publication Count": 1.2575757575757576}, "university of fribourg": {"Citation Count": 12.818181818181818, "Publication Count": 0.09090909090909091}, "new york university": {"Citation Count": 34.0, "Publication Count": 0.95}, "university of southern california": {"Citation Count": 44.666666666666664, "Publication Count": 1.2166666666666668}, "ecole polytechnique federale de lausanne": {"Citation Count": 28.0, "Publication Count": 1.0}, "intel": {"Citation Count": 55.666666666666664, "Publication Count": 0.3333333333333333}, "university of california berkeley": {"Citation Count": 351.8, "Publication Count": 2.3083333333333336}, "university of california los angeles": {"Citation Count": 50.95833333333333, "Publication Count": 0.4583333333333333}, "cornell university": {"Citation Count": 39.33333333333333, "Publication Count": 0.4583333333333333}, "university of edinburgh": {"Citation Count": 38.666666666666664, "Publication Count": 0.6666666666666666}, "tsinghua university": {"Citation Count": 194.33333333333334, "Publication Count": 1.5833333333333335}, "qatar computing research institute": {"Citation Count": 52.0, "Publication Count": 0.25}, "shanghai jiao tong university": {"Citation Count": 57.6, "Publication Count": 0.8}, "university of utah": {"Citation Count": 14.4, "Publication Count": 0.2}, "lancaster university": {"Citation Count": 18.0, "Publication Count": 1.0}, "university of california irvine": {"Citation Count": 40.714285714285715, "Publication Count": 0.7142857142857143}, "university of chicago": {"Citation Count": 17.714285714285715, "Publication Count": 0.2857142857142857}, "brown university": {"Citation Count": 5.5, "Publication Count": 0.1}, "university of british columbia": {"Citation Count": 16.5, "Publication Count": 0.3}, "columbia university": {"Citation Count": 33.0, "Publication Count": 0.6}, "university of toronto": {"Citation Count": 87.2, "Publication Count": 1.8}, "beihang university": {"Citation Count": 7.800000000000001, "Publication Count": 0.2}, "netapp": {"Citation Count": 21.57142857142857, "Publication Count": 1.1428571428571428}, "ibm": {"Citation Count": 44.0, "Publication Count": 0.5}, "institut eurecom": {"Citation Count": 22.0, "Publication Count": 0.25}, "grenoble institute of technology": {"Citation Count": 22.0, "Publication Count": 0.25}, "university of texas at austin": {"Citation Count": 278.5, "Publication Count": 2.5}, "university of pennsylvania": {"Citation Count": 13.25, "Publication Count": 0.25}, "university of california san diego": {"Citation Count": 47.85714285714286, "Publication Count": 0.7142857142857143}, "facebook": {"Citation Count": 26.75, "Publication Count": 1.25}, "yale university": {"Citation Count": 115.0, "Publication Count": 1.0}, "boston university": {"Citation Count": 24.0, "Publication Count": 1.0}, "dresden university of technology": {"Citation Count": 149.20000000000002, "Publication Count": 0.4}, "imperial college london": {"Citation Count": 149.20000000000002, "Publication Count": 0.4}, "university of otago": {"Citation Count": 24.866666666666667, "Publication Count": 0.06666666666666667}, "braunschweig university of technology": {"Citation Count": 49.733333333333334, "Publication Count": 0.13333333333333333}}