{"university of marne la vallee": {"Citation Count": 21.0, "Publication Count": 0.5}, "french institute for research in computer science and automation": {"Citation Count": 268.5, "Publication Count": 3.9166666666666665}, "ben gurion university of the negev": {"Citation Count": 70.0, "Publication Count": 0.6666666666666666}, "bar ilan university": {"Citation Count": 35.0, "Publication Count": 0.3333333333333333}, "temple university": {"Citation Count": 160.93333333333334, "Publication Count": 0.8666666666666667}, "los alamos national laboratory": {"Citation Count": 35.33333333333333, "Publication Count": 0.3333333333333333}, "general electric": {"Citation Count": 44.83333333333333, "Publication Count": 0.5833333333333333}, "nanyang technological university": {"Citation Count": 735.3666666666667, "Publication Count": 6.650000000000001}, "brown university": {"Citation Count": 10.666666666666666, "Publication Count": 0.6666666666666666}, "disney research": {"Citation Count": 5.333333333333333, "Publication Count": 0.3333333333333333}, "toyota": {"Citation Count": 57.666666666666664, "Publication Count": 0.3333333333333333}, "university of california berkeley": {"Citation Count": 930.6939393939394, "Publication Count": 2.124242424242424}, "stony brook university": {"Citation Count": 514.6666666666666, "Publication Count": 1.8333333333333333}, "indiana university": {"Citation Count": 66.5, "Publication Count": 1.0}, "university of manchester": {"Citation Count": 10.0, "Publication Count": 0.5}, "ludwig maximilian university of munich": {"Citation Count": 59.0, "Publication Count": 2.0}, "linkoping university": {"Citation Count": 7.5, "Publication Count": 0.75}, "swedish defence research agency": {"Citation Count": 2.5, "Publication Count": 0.25}, "imperial college london": {"Citation Count": 239.33333333333331, "Publication Count": 3.1666666666666665}, "kaist": {"Citation Count": 32.86666666666667, "Publication Count": 0.8222222222222223}, "university of tokyo": {"Citation Count": 154.86666666666667, "Publication Count": 2.2666666666666666}, "microsoft": {"Citation Count": 2767.745454545455, "Publication Count": 6.329292929292929}, "university of california santa cruz": {"Citation Count": 106.0, "Publication Count": 1.0}, "peking university": {"Citation Count": 372.66666666666663, "Publication Count": 1.5}, "shanghai jiao tong university": {"Citation Count": 680.6666666666666, "Publication Count": 0.8888888888888888}, "columbia university": {"Citation Count": 530.5666666666666, "Publication Count": 1.6833333333333333}, "national university of singapore": {"Citation Count": 558.1666666666666, "Publication Count": 3.277777777777778}, "university of southern california": {"Citation Count": 1377.0, "Publication Count": 2.3333333333333335}, "old dominion university": {"Citation Count": 1008.0, "Publication Count": 0.3333333333333333}, "baidu": {"Citation Count": 1027.0, "Publication Count": 0.6666666666666666}, "facebook": {"Citation Count": 1008.0, "Publication Count": 0.3333333333333333}, "university of lugano": {"Citation Count": 62.5, "Publication Count": 0.5}, "technion israel institute of technology": {"Citation Count": 303.75, "Publication Count": 3.0}, "california institute of technology": {"Citation Count": 12.25, "Publication Count": 0.75}, "dartmouth college": {"Citation Count": 24.333333333333332, "Publication Count": 0.3333333333333333}, "institute of science and technology austria": {"Citation Count": 24.333333333333332, "Publication Count": 0.3333333333333333}, "ibm": {"Citation Count": 44.666666666666664, "Publication Count": 0.6666666666666666}, "korea university": {"Citation Count": 155.0, "Publication Count": 1.0}, "yonsei university": {"Citation Count": 27.333333333333332, "Publication Count": 1.1111111111111112}, "university of macau": {"Citation Count": 5.0, "Publication Count": 0.16666666666666666}, "university of south carolina": {"Citation Count": 10.0, "Publication Count": 0.3333333333333333}, "chongqing university": {"Citation Count": 15.0, "Publication Count": 0.5}, "johns hopkins university": {"Citation Count": 916.1666666666666, "Publication Count": 3.716666666666667}, "university of california los angeles": {"Citation Count": 118.33333333333333, "Publication Count": 1.3333333333333333}, "university of illinois at urbana champaign": {"Citation Count": 585.6666666666666, "Publication Count": 3.8333333333333335}, "the chinese university of hong kong": {"Citation Count": 951.6666666666666, "Publication Count": 1.4999999999999998}, "university of toronto": {"Citation Count": 188.33333333333331, "Publication Count": 2.083333333333333}, "southwestern university of finance and economics": {"Citation Count": 18.5, "Publication Count": 0.5}, "lehigh university": {"Citation Count": 18.5, "Publication Count": 0.5}, "university of california santa barbara": {"Citation Count": 5.5, "Publication Count": 0.5}, "ecole centrale paris": {"Citation Count": 36.8, "Publication Count": 1.1}, "university of central florida": {"Citation Count": 245.0, "Publication Count": 2.0}, "polytechnic university of catalonia": {"Citation Count": 57.0, "Publication Count": 1.5}, "ecole polytechnique federale de lausanne": {"Citation Count": 15.0, "Publication Count": 0.7}, "xerox": {"Citation Count": 537.3333333333333, "Publication Count": 2.5}, "university of groningen": {"Citation Count": 96.0, "Publication Count": 1.3333333333333333}, "vienna university of technology": {"Citation Count": 376.8, "Publication Count": 0.8}, "rochester institute of technology": {"Citation Count": 6.800000000000001, "Publication Count": 0.2}, "texas a m university": {"Citation Count": 76.5, "Publication Count": 0.75}, "florida state university": {"Citation Count": 69.5, "Publication Count": 1.45}, "fondazione bruno kessler": {"Citation Count": 31.0, "Publication Count": 1.0}, "york university": {"Citation Count": 52.0, "Publication Count": 1.0}, "yahoo": {"Citation Count": 79.5, "Publication Count": 1.0}, "university of california san diego": {"Citation Count": 194.5, "Publication Count": 2.0}, "university of birmingham": {"Citation Count": 70.33333333333333, "Publication Count": 1.0}, "university of exeter": {"Citation Count": 6.0, "Publication Count": 0.3333333333333333}, "carnegie mellon university": {"Citation Count": 279.0, "Publication Count": 2.5}, "hong kong university of science and technology": {"Citation Count": 545.0, "Publication Count": 1.3333333333333333}, "university of pennsylvania": {"Citation Count": 490.65000000000003, "Publication Count": 1.8}, "istituto italiano di tecnologia": {"Citation Count": 43.0, "Publication Count": 1.0}, "university of haifa": {"Citation Count": 8.0, "Publication Count": 1.0}, "sun yat sen university": {"Citation Count": 255.66666666666666, "Publication Count": 1.4166666666666665}, "queen mary university of london": {"Citation Count": 411.99999999999994, "Publication Count": 1.0}, "paris descartes university": {"Citation Count": 27.0, "Publication Count": 0.5}, "philips": {"Citation Count": 41.0, "Publication Count": 0.8333333333333333}, "university of maryland college park": {"Citation Count": 704.3333333333333, "Publication Count": 4.083333333333333}, "harvard university": {"Citation Count": 114.0, "Publication Count": 2.0}, "michigan state university": {"Citation Count": 556.6666666666666, "Publication Count": 3.1666666666666665}, "university of pittsburgh": {"Citation Count": 65.66666666666666, "Publication Count": 0.3333333333333333}, "university of houston": {"Citation Count": 56.75, "Publication Count": 1.25}, "mcgill university": {"Citation Count": 168.5, "Publication Count": 2.45}, "university of south florida": {"Citation Count": 11.0, "Publication Count": 1.0}, "university of louisville": {"Citation Count": 10.0, "Publication Count": 1.0}, "feng chia university": {"Citation Count": 17.0, "Publication Count": 0.5}, "university of edinburgh": {"Citation Count": 68.0, "Publication Count": 0.8333333333333333},