{"french institute for research in computer science and automation": {"Citation Count": 125.82142857142856, "Publication Count": 2.952380952380952}, "university of marne la vallee": {"Citation Count": 7.75, "Publication Count": 0.25}, "bar ilan university": {"Citation Count": 19.666666666666664, "Publication Count": 0.3333333333333333}, "ben gurion university of the negev": {"Citation Count": 39.33333333333333, "Publication Count": 0.6666666666666666}, "los alamos national laboratory": {"Citation Count": 24.0, "Publication Count": 0.3333333333333333}, "temple university": {"Citation Count": 90.5, "Publication Count": 0.8333333333333333}, "general electric": {"Citation Count": 30.25, "Publication Count": 0.5833333333333333}, "nanyang technological university": {"Citation Count": 445.80952380952385, "Publication Count": 6.2023809523809526}, "brown university": {"Citation Count": 4.666666666666666, "Publication Count": 0.6666666666666666}, "disney research": {"Citation Count": 2.333333333333333, "Publication Count": 0.3333333333333333}, "university of california berkeley": {"Citation Count": 489.05151515151516, "Publication Count": 1.7909090909090906}, "toyota": {"Citation Count": 42.666666666666664, "Publication Count": 0.3333333333333333}, "stony brook university": {"Citation Count": 196.66666666666666, "Publication Count": 1.8333333333333333}, "university of manchester": {"Citation Count": 5.5, "Publication Count": 0.5}, "indiana university bloomington": {"Citation Count": 38.0, "Publication Count": 1.0}, "ludwig maximilian university of munich": {"Citation Count": 38.0, "Publication Count": 2.0}, "swedish defence research agency": {"Citation Count": 1.4000000000000001, "Publication Count": 0.2}, "linkoping university": {"Citation Count": 4.200000000000001, "Publication Count": 0.6000000000000001}, "imperial college london": {"Citation Count": 148.83333333333331, "Publication Count": 2.7916666666666665}, "university of tokyo": {"Citation Count": 76.66666666666667, "Publication Count": 1.4333333333333333}, "kaist": {"Citation Count": 20.08888888888889, "Publication Count": 0.7888888888888889}, "microsoft": {"Citation Count": 1729.0747474747475, "Publication Count": 6.329292929292929}, "university of california santa cruz": {"Citation Count": 74.0, "Publication Count": 1.0}, "shanghai jiao tong university": {"Citation Count": 362.22222222222223, "Publication Count": 0.6805555555555556}, "peking university": {"Citation Count": 204.16666666666666, "Publication Count": 1.5}, "national university of singapore": {"Citation Count": 292.11111111111114, "Publication Count": 3.277777777777778}, "columbia university": {"Citation Count": 281.45, "Publication Count": 1.6833333333333333}, "university of southern california": {"Citation Count": 937.3333333333334, "Publication Count": 2.3333333333333335}, "university of wisconsin madison": {"Citation Count": 97.5, "Publication Count": 0.25}, "arizona state university": {"Citation Count": 345.1452380952381, "Publication Count": 2.521428571428572}, "vrvis": {"Citation Count": 97.5, "Publication Count": 0.25}, "old dominion university": {"Citation Count": 290.5, "Publication Count": 0.25}, "facebook": {"Citation Count": 290.5, "Publication Count": 0.25}, "baidu": {"Citation Count": 306.8333333333333, "Publication Count": 0.5833333333333333}, "university of lugano": {"Citation Count": 30.5, "Publication Count": 0.5}, "technion israel institute of technology": {"Citation Count": 190.5, "Publication Count": 3.0}, "california institute of technology": {"Citation Count": 9.5, "Publication Count": 0.75}, "dartmouth college": {"Citation Count": 14.666666666666666, "Publication Count": 0.3333333333333333}, "institute of science and technology austria": {"Citation Count": 14.666666666666666, "Publication Count": 0.3333333333333333}, "ibm": {"Citation Count": 26.0, "Publication Count": 0.6666666666666666}, "korea university": {"Citation Count": 101.0, "Publication Count": 1.0}, "yonsei university": {"Citation Count": 18.11111111111111, "Publication Count": 1.1111111111111112}, "chongqing university": {"Citation Count": 11.5, "Publication Count": 0.5}, "university of macau": {"Citation Count": 3.833333333333333, "Publication Count": 0.16666666666666666}, "university of south carolina": {"Citation Count": 7.666666666666666, "Publication Count": 0.3333333333333333}, "johns hopkins university": {"Citation Count": 482.51666666666665, "Publication Count": 3.716666666666667}, "university of california los angeles": {"Citation Count": 77.33333333333333, "Publication Count": 1.3333333333333333}, "the chinese university of hong kong": {"Citation Count": 602.3333333333334, "Publication Count": 1.4999999999999998}, "university of illinois at urbana champaign": {"Citation Count": 243.25, "Publication Count": 3.083333333333333}, "university of toronto": {"Citation Count": 118.16666666666666, "Publication Count": 2.083333333333333}, "southwestern university of finance and economics": {"Citation Count": 10.333333333333332, "Publication Count": 0.3333333333333333}, "lehigh university": {"Citation Count": 10.333333333333332, "Publication Count": 0.3333333333333333}, "university of california santa barbara": {"Citation Count": 5.0, "Publication Count": 0.5}, "ecole centrale paris": {"Citation Count": 29.000000000000004, "Publication Count": 1.1}, "university of central florida": {"Citation Count": 150.0, "Publication Count": 2.0}, "ecole polytechnique federale de lausanne": {"Citation Count": 10.4, "Publication Count": 0.7}, "polytechnic university of catalonia": {"Citation Count": 30.0, "Publication Count": 1.5}, "xerox": {"Citation Count": 202.58333333333331, "Publication Count": 1.6666666666666665}, "university of groningen": {"Citation Count": 61.33333333333333, "Publication Count": 1.3333333333333333}, "vienna university of technology": {"Citation Count": 232.0, "Publication Count": 0.8}, "rochester institute of technology": {"Citation Count": 4.4, "Publication Count": 0.2}, "texas a m university": {"Citation Count": 47.25, "Publication Count": 0.75}, "florida state university": {"Citation Count": 48.95, "Publication Count": 1.45}, "fondazione bruno kessler": {"Citation Count": 5.75, "Publication Count": 0.25}, "york university": {"Citation Count": 46.0, "Publication Count": 1.0}, "university of california san diego": {"Citation Count": 110.75, "Publication Count": 2.0}, "yahoo": {"Citation Count": 52.0, "Publication Count": 1.0}, "university of birmingham": {"Citation Count": 45.33333333333333, "Publication Count": 1.0}, "university of exeter": {"Citation Count": 3.333333333333333, "Publication Count": 0.3333333333333333}, "carnegie mellon university": {"Citation Count": 204.0, "Publication Count": 2.5}, "hong kong university of science and technology": {"Citation Count": 309.0, "Publication Count": 1.3333333333333333}, "university of pennsylvania": {"Citation Count": 256.3333333333333, "Publication Count": 1.6666666666666665}, "istituto italiano di tecnologia": {"Citation Count": 28.0, "Publication Count": 1.0}, "university of haifa": {"Citation Count": 5.0, "Publication Count": 1.0}, "queen mary university of london": {"Citation Count": 258.6666666666667, "Publication Count": 1.0}, "sun yat sen university": {"Citation Count": 162.83333333333331, "Publication Count": 1.4166666666666665}, "philips": {"Citation Count": 16.53333333333333, "Publication Count": 0.5333333333333333}, "paris descartes university": {"Citation Count": 7.2, "Publication Count": 0.2}, "harvard university": {"Citation Count": 46.67857142857143, "Publication Count": 1.7142857142857142}, "university of maryland college park": {"Citation Count": 409.5833333333333, "Publication Count": 4.083333333333333}, "michigan state university": {"Citation Count": 276.0, "Publication Count": 2.5}, "university of pittsburgh": {"Citation Count": 48.666666666666664, "Publication Count": 0.3333333333333333}, "university of houston": {"Citation Count": 42.0, "Publication Count": 1.25},