{"Samsung (United States)": {"Citation Count": 13.714285714285714, "Publication Count": 1.9714285714285715}, "Harvard University": {"Citation Count": 1.2857142857142856, "Publication Count": 0.14285714285714285}, "Brigham and Women's Hospital": {"Citation Count": 1.2857142857142856, "Publication Count": 0.14285714285714285}, "Queensland University of Technology": {"Citation Count": 2.6666666666666665, "Publication Count": 0.3333333333333333}, "University of Queensland": {"Citation Count": 1.3333333333333333, "Publication Count": 0.16666666666666666}, "TU Dresden": {"Citation Count": 1.3333333333333333, "Publication Count": 0.16666666666666666}, "Commonwealth Scientific and Industrial Research Organisation": {"Citation Count": 1.3333333333333333, "Publication Count": 0.16666666666666666}, "Data61": {"Citation Count": 1.3333333333333333, "Publication Count": 0.16666666666666666}, "Almanara Research GmbH,Germany": {"Citation Count": 0.6666666666666666, "Publication Count": 0.3333333333333333}, "University of Passau": {"Citation Count": 1.3333333333333333, "Publication Count": 0.6666666666666666}, "Carnegie Mellon University": {"Citation Count": 5.0, "Publication Count": 0.5333333333333333}, "University of Pittsburgh": {"Citation Count": 0.0, "Publication Count": 0.2}, "University of Washington": {"Citation Count": 1.4545454545454546, "Publication Count": 0.38181818181818183}, "Indian Institute of Technology Kharagpur": {"Citation Count": 0.0, "Publication Count": 0.6666666666666666}, "National Institute of Technology Durgapur": {"Citation Count": 0.0, "Publication Count": 0.16666666666666666}, "Centrum Wiskunde & Informatica": {"Citation Count": 0.0, "Publication Count": 0.16666666666666666}, "Hong Kong University of Science and Technology": {"Citation Count": 14.75, "Publication Count": 1.0625}, "University of Helsinki": {"Citation Count": 20.416666666666668, "Publication Count": 2.0458333333333334}, "Temple University": {"Citation Count": 1.0, "Publication Count": 1.0}, "Alexandria University": {"Citation Count": 18.666666666666664, "Publication Count": 1.3333333333333333}, "University of Tartu": {"Citation Count": 0.5, "Publication Count": 0.125}, "Dartmouth College": {"Citation Count": 3.6363636363636362, "Publication Count": 0.45454545454545453}, "Cornell University": {"Citation Count": 0.7272727272727273, "Publication Count": 0.09090909090909091}, "Northwell Health": {"Citation Count": 2.1818181818181817, "Publication Count": 0.2727272727272727}, "Tanta University": {"Citation Count": 1.4444444444444444, "Publication Count": 0.1111111111111111}, "Osaka University": {"Citation Count": 4.444444444444445, "Publication Count": 0.711111111111111}, "Egypt-Japan University of Science and Technology": {"Citation Count": 1.4444444444444444, "Publication Count": 0.1111111111111111}, "University of Science and Technology of China": {"Citation Count": 13.0, "Publication Count": 1.0}, "University of Georgia,Center for Cyber-Physical Systems,Athens,USA": {"Citation Count": 8.0, "Publication Count": 0.8}, "Chongqing University": {"Citation Count": 2.0, "Publication Count": 0.2}, "Shenzhen University": {"Citation Count": 14.75, "Publication Count": 1.75}, "Beijing University of Posts and Telecommunications": {"Citation Count": 1.25, "Publication Count": 0.25}, "Trinity College Dublin": {"Citation Count": 4.0, "Publication Count": 1.0}, "Aalto University": {"Citation Count": 1.0, "Publication Count": 1.0}, "Zhejiang University College of Computer Science China": {"Citation Count": 6.0, "Publication Count": 1.0}, "Araya Inc.,Tokyo,Japan": {"Citation Count": 2.0, "Publication Count": 0.4}, "University of Oulu": {"Citation Count": 1.3333333333333333, "Publication Count": 0.16666666666666666}, "Singapore Management University": {"Citation Count": 1.0, "Publication Count": 1.0}, "The University of Texas at Austin": {"Citation Count": 1.7142857142857142, "Publication Count": 0.14285714285714285}, "Yahoo JAPAN Corporation, Tokyo, Japan": {"Citation Count": 0.75, "Publication Count": 0.75}, "Tokyo Institute of Technology": {"Citation Count": 0.25, "Publication Count": 0.25}, "Lancaster University": {"Citation Count": 3.75, "Publication Count": 0.75}, "Columbia University": {"Citation Count": 1.25, "Publication Count": 0.25}, "Gemeente Den Haag": {"Citation Count": 0.0, "Publication Count": 0.5}, "TimeTac GmbH,Graz,Austria": {"Citation Count": 0.0, "Publication Count": 0.5}, "Ericsson (Sweden)": {"Citation Count": 2.0, "Publication Count": 1.0}, "Beihang University": {"Citation Count": 6.0, "Publication Count": 0.6}, "Macquarie University": {"Citation Count": 18.666666666666664, "Publication Count": 0.3333333333333333}, "Harvard University Press": {"Citation Count": 9.333333333333332, "Publication Count": 0.16666666666666666}, "University of Sydney": {"Citation Count": 18.666666666666664, "Publication Count": 0.3333333333333333}, "University of California, Los Angeles": {"Citation Count": 9.333333333333332, "Publication Count": 0.16666666666666666}, "University of Twente": {"Citation Count": 5.0, "Publication Count": 1.0}, "French Institute for Research in Computer Science and Automation": {"Citation Count": 5.0, "Publication Count": 1.0}}