{"georgia institute of technology": {"Citation Count": 146.0, "Publication Count": 1.9999999999999998}, "oregon health science university": {"Citation Count": 36.666666666666664, "Publication Count": 0.8333333333333333}, "university of caxias do sul": {"Citation Count": 7.333333333333333, "Publication Count": 0.16666666666666666}, "aarhus university": {"Citation Count": 51.5, "Publication Count": 0.5}, "it university of copenhagen": {"Citation Count": 51.5, "Publication Count": 0.5}, "massachusetts institute of technology": {"Citation Count": 264.1352657004831, "Publication Count": 1.9915458937198067}, "trakya university": {"Citation Count": 6.588235294117647, "Publication Count": 0.23529411764705882}, "sintef": {"Citation Count": 4.941176470588235, "Publication Count": 0.1764705882352941}, "ulster university": {"Citation Count": 1.6470588235294117, "Publication Count": 0.058823529411764705}, "university of amsterdam": {"Citation Count": 3.2941176470588234, "Publication Count": 0.11764705882352941}, "the chinese university of hong kong": {"Citation Count": 52.0, "Publication Count": 1.0}, "university of cambridge": {"Citation Count": 61.666666666666664, "Publication Count": 1.6666666666666665}, "pennsylvania state university": {"Citation Count": 3.333333333333333, "Publication Count": 0.6666666666666666}, "university of toronto": {"Citation Count": 1.6666666666666665, "Publication Count": 0.3333333333333333}, "rochester institute of technology": {"Citation Count": 7.0, "Publication Count": 1.0}, "university of california los angeles": {"Citation Count": 72.34444444444445, "Publication Count": 0.3222222222222222}, "stanford university": {"Citation Count": 28.22222222222222, "Publication Count": 0.1111111111111111}, "university of washington": {"Citation Count": 96.22222222222223, "Publication Count": 1.7777777777777777}, "university of illinois at urbana champaign": {"Citation Count": 28.22222222222222, "Publication Count": 0.1111111111111111}, "nokia": {"Citation Count": 49.22222222222222, "Publication Count": 1.1111111111111112}, "microsoft": {"Citation Count": 83.52222222222223, "Publication Count": 0.6111111111111112}, "parc": {"Citation Count": 28.22222222222222, "Publication Count": 0.1111111111111111}, "intel": {"Citation Count": 55.75, "Publication Count": 0.55}, "university of maryland college park": {"Citation Count": 15.9, "Publication Count": 0.1}, "washington university in st louis": {"Citation Count": 15.9, "Publication Count": 0.1}, "johns hopkins university": {"Citation Count": 15.9, "Publication Count": 0.1}, "university of california berkeley": {"Citation Count": 15.9, "Publication Count": 0.1}, "helsinki institute for information technology": {"Citation Count": 34.0, "Publication Count": 0.5}, "new jersey institute of technology": {"Citation Count": 34.0, "Publication Count": 0.5}, "commonwealth scientific and industrial research organisation": {"Citation Count": 273.00000000000006, "Publication Count": 1.0000000000000002}, "malmo university": {"Citation Count": 8.4, "Publication Count": 0.2}, "university of zaragoza": {"Citation Count": 25.200000000000003, "Publication Count": 0.6000000000000001}, "carnegie mellon university": {"Citation Count": 29.0, "Publication Count": 1.3333333333333333}, "technical university of berlin": {"Citation Count": 15.200000000000001, "Publication Count": 0.4}, "university of stuttgart": {"Citation Count": 15.200000000000001, "Publication Count": 0.4}, "bt group": {"Citation Count": 17.0, "Publication Count": 1.0}, "washington state university": {"Citation Count": 27.0, "Publication Count": 1.0}, "university of tokyo": {"Citation Count": 82.0, "Publication Count": 0.6666666666666666}, "university college london": {"Citation Count": 81.6, "Publication Count": 0.45}, "university of california irvine": {"Citation Count": 22.50434782608696, "Publication Count": 0.4434782608695652}, "london school of economics and political science": {"Citation Count": 10.600000000000001, "Publication Count": 0.2}, "cornell university": {"Citation Count": 32.0, "Publication Count": 1.0}, "queensland university of technology": {"Citation Count": 3.9130434782608696, "Publication Count": 0.13043478260869565}, "university of salford": {"Citation Count": 1.3043478260869565, "Publication Count": 0.043478260869565216}, "polytechnic university of catalonia": {"Citation Count": 2.608695652173913, "Publication Count": 0.08695652173913043}, "columbia university": {"Citation Count": 5.217391304347826, "Publication Count": 0.17391304347826086}, "ludwig maximilian university of munich": {"Citation Count": 1.3043478260869565, "Publication Count": 0.043478260869565216}, "pompeu fabra university": {"Citation Count": 2.608695652173913, "Publication Count": 0.08695652173913043}, "ecole polytechnique federale de lausanne": {"Citation Count": 1.3043478260869565, "Publication Count": 0.043478260869565216}, "eindhoven university of technology": {"Citation Count": 5.217391304347826, "Publication Count": 0.17391304347826086}, "berlin university of the arts": {"Citation Count": 1.3043478260869565, "Publication Count": 0.043478260869565216}, "yonsei university": {"Citation Count": 39.0, "Publication Count": 1.0}, "university of essex": {"Citation Count": 40.0, "Publication Count": 1.0}, "lancaster university": {"Citation Count": 4.0, "Publication Count": 1.0}, "university of bremen": {"Citation Count": 31.5, "Publication Count": 0.5}, "university of passau": {"Citation Count": 15.75, "Publication Count": 0.25}, "google": {"Citation Count": 4.25, "Publication Count": 0.25}, "ibm": {"Citation Count": 8.5, "Publication Count": 0.5}, "rutgers university": {"Citation Count": 4.25, "Publication Count": 0.25}, "nanyang technological university": {"Citation Count": 33.0, "Publication Count": 1.0}, "dartmouth college": {"Citation Count": 80.66666666666666, "Publication Count": 0.6666666666666666}, "university of st andrews": {"Citation Count": 40.33333333333333, "Publication Count": 0.3333333333333333}, "edith cowan university": {"Citation Count": 108.0, "Publication Count": 1.0}, "delhi technological university": {"Citation Count": 5.333333333333333, "Publication Count": 0.6666666666666666}, "research triangle park": {"Citation Count": 29.25, "Publication Count": 0.25}, "philips": {"Citation Count": 29.25, "Publication Count": 0.25}, "cisco systems inc": {"Citation Count": 29.25, "Publication Count": 0.25}}