{"princeton university": {"Citation Count": 169.0, "Publication Count": 2.833333333333333}, "university of texas at austin": {"Citation Count": 314.9666666666667, "Publication Count": 3.6333333333333337}, "texas state university": {"Citation Count": 15.916666666666666, "Publication Count": 0.08333333333333333}, "purdue university": {"Citation Count": 48.11666666666667, "Publication Count": 2.283333333333333}, "tel aviv university": {"Citation Count": 19.25, "Publication Count": 0.45}, "massachusetts institute of technology": {"Citation Count": 37.33333333333333, "Publication Count": 1.3111111111111111}, "stanford university": {"Citation Count": 48.75, "Publication Count": 1.15}, "tufts university": {"Citation Count": 59.5, "Publication Count": 0.7}, "microsoft": {"Citation Count": 254.84999999999997, "Publication Count": 4.616666666666667}, "sri international": {"Citation Count": 65.08333333333333, "Publication Count": 0.5833333333333333}, "university of illinois at urbana champaign": {"Citation Count": 50.33333333333333, "Publication Count": 1.3333333333333333}, "university of california berkeley": {"Citation Count": 97.5, "Publication Count": 2.5}, "university of edinburgh": {"Citation Count": 42.0, "Publication Count": 1.0}, "georgia institute of technology": {"Citation Count": 18.6, "Publication Count": 0.6000000000000001}, "google": {"Citation Count": 50.533333333333346, "Publication Count": 0.9777777777777779}, "tsinghua university": {"Citation Count": 2.6666666666666665, "Publication Count": 0.6666666666666666}, "university of california santa barbara": {"Citation Count": 36.85714285714285, "Publication Count": 0.857142857142857}, "university of california san diego": {"Citation Count": 89.14285714285714, "Publication Count": 2.142857142857143}, "university of cambridge": {"Citation Count": 95.4, "Publication Count": 1.7333333333333334}, "university of utah": {"Citation Count": 332.4, "Publication Count": 1.4}, "northeastern university": {"Citation Count": 69.60000000000001, "Publication Count": 0.6000000000000001}, "brown university": {"Citation Count": 20.0, "Publication Count": 0.16666666666666666}, "indian institute of science": {"Citation Count": 31.0, "Publication Count": 1.0}, "university of washington": {"Citation Count": 370.99999999999994, "Publication Count": 2.0}, "ibm": {"Citation Count": 47.2, "Publication Count": 0.5333333333333333}, "university of oxford": {"Citation Count": 26.200000000000003, "Publication Count": 0.2}, "french institute for research in computer science and automation": {"Citation Count": 26.200000000000003, "Publication Count": 0.2}, "technion israel institute of technology": {"Citation Count": 42.0, "Publication Count": 0.6666666666666666}, "university of california los angeles": {"Citation Count": 87.2, "Publication Count": 0.9}, "university of michigan": {"Citation Count": 19.200000000000003, "Publication Count": 0.4}, "carnegie mellon university": {"Citation Count": 12.0, "Publication Count": 0.5}, "tohoku university": {"Citation Count": 83.0, "Publication Count": 1.0}, "harvard university": {"Citation Count": 162.0, "Publication Count": 2.0}, "ohio state university": {"Citation Count": 54.0, "Publication Count": 1.25}, "university of wisconsin madison": {"Citation Count": 162.0, "Publication Count": 1.5}, "yahoo": {"Citation Count": 5.0, "Publication Count": 0.25}, "university college london": {"Citation Count": 6.333333333333333, "Publication Count": 0.1111111111111111}, "pennsylvania state university": {"Citation Count": 31.75, "Publication Count": 1.25}, "university of san francisco": {"Citation Count": 50.5, "Publication Count": 0.5}, "max planck society": {"Citation Count": 68.0, "Publication Count": 0.5}, "singapore management university": {"Citation Count": 16.0, "Publication Count": 1.0}, "university of electro communications": {"Citation Count": 23.0, "Publication Count": 1.0}, "university of pennsylvania": {"Citation Count": 7.333333333333333, "Publication Count": 0.3333333333333333}, "university of maryland college park": {"Citation Count": 10.75, "Publication Count": 0.25}, "langley research center": {"Citation Count": 32.5, "Publication Count": 0.25}, "ames research center": {"Citation Count": 32.5, "Publication Count": 0.25}, "sapienza university of rome": {"Citation Count": 26.0, "Publication Count": 1.0}, "technische universitat munchen": {"Citation Count": 35.0, "Publication Count": 1.0}, "centre national de la recherche scientifique": {"Citation Count": 21.0, "Publication Count": 1.0}, "university of massachusetts amherst": {"Citation Count": 2.6666666666666665, "Publication Count": 0.6666666666666666}, "electronic arts": {"Citation Count": 5.166666666666666, "Publication Count": 0.16666666666666666}, "simon fraser university": {"Citation Count": 20.666666666666664, "Publication Count": 0.6666666666666666}, "university of british columbia": {"Citation Count": 5.166666666666666, "Publication Count": 0.16666666666666666}}