{"The Ohio State University": {"Citation Count": 84.16666666666667, "Publication Count": 0.8333333333333334}, "Louisiana State University": {"Citation Count": 16.833333333333332, "Publication Count": 0.16666666666666666}, "IBM (United States)": {"Citation Count": 67.0, "Publication Count": 1.5}, "Rice University": {"Citation Count": 9.0, "Publication Count": 0.25}, "University of California, Berkeley": {"Citation Count": 13.333333333333332, "Publication Count": 0.41666666666666663}, "Purdue University West Lafayette": {"Citation Count": 30.833333333333332, "Publication Count": 1.1666666666666667}, "University of Science and Technology of China": {"Citation Count": 7.5, "Publication Count": 0.75}, "Intel (United States)": {"Citation Count": 21.666666666666668, "Publication Count": 1.0833333333333335}, "University of Colorado Boulder": {"Citation Count": 112.0, "Publication Count": 1.0}, "University of Tennessee at Knoxville": {"Citation Count": 2.7500000000000004, "Publication Count": 0.12500000000000003}, "University of Manchester": {"Citation Count": 2.7500000000000004, "Publication Count": 0.12500000000000003}, "\u00c9cole Normale Sup\u00e9rieure de Lyon": {"Citation Count": 7.333333333333334, "Publication Count": 0.33333333333333337}, "University of Lyon System": {"Citation Count": 7.333333333333334, "Publication Count": 0.33333333333333337}, "French Institute for Research in Computer Science and Automation": {"Citation Count": 1.8333333333333335, "Publication Count": 0.08333333333333334}, "The University of Texas at Austin": {"Citation Count": 45.0, "Publication Count": 1.5}, "University of Illinois Urbana-Champaign": {"Citation Count": 626.6666666666667, "Publication Count": 0.8333333333333334}, "Nvidia (United States)": {"Citation Count": 125.33333333333333, "Publication Count": 0.16666666666666666}, "Instituto de Telecomunica\u00e7\u00f5es": {"Citation Count": 12.666666666666666, "Publication Count": 0.3333333333333333}, "University of Coimbra": {"Citation Count": 12.666666666666666, "Publication Count": 0.3333333333333333}, "Instituto de Engenharia de Sistemas e Computadores Investiga\u00e7\u00e3o e Desenvolvimento": {"Citation Count": 6.333333333333333, "Publication Count": 0.16666666666666666}, "University of Lisbon": {"Citation Count": 6.333333333333333, "Publication Count": 0.16666666666666666}, "Simon Fraser University": {"Citation Count": 19.0, "Publication Count": 1.0}, "Berkeley College": {"Citation Count": 4.333333333333333, "Publication Count": 0.16666666666666666}, "IBM Research - Thomas J. Watson Research Center": {"Citation Count": 17.333333333333332, "Publication Count": 0.6666666666666666}, "Urbana University": {"Citation Count": 22.8, "Publication Count": 0.6}, "IBM India , Bangalore , India": {"Citation Count": 7.6000000000000005, "Publication Count": 0.2}, "University of A Coru\u00f1a": {"Citation Count": 7.6000000000000005, "Publication Count": 0.2}, "Duke University": {"Citation Count": 11.333333333333332, "Publication Count": 0.16666666666666666}, "Jaume I University": {"Citation Count": 22.666666666666664, "Publication Count": 0.3333333333333333}, "Indiana University Bloomington": {"Citation Count": 19.0, "Publication Count": 1.0}, "Stanford University": {"Citation Count": 31.0, "Publication Count": 1.0}, "Argonne National Laboratory": {"Citation Count": 47.25, "Publication Count": 0.75}, "Netherlands Institute for Radio Astronomy": {"Citation Count": 15.75, "Publication Count": 0.25}, "Massachusetts Institute of Technology": {"Citation Count": 50.0, "Publication Count": 1.0}, "\u00c9cole Polytechnique F\u00e9d\u00e9rale de Lausanne": {"Citation Count": 405.0, "Publication Count": 1.0}, "Providence College": {"Citation Count": 155.25, "Publication Count": 0.75}, "Brown University": {"Citation Count": 155.25, "Publication Count": 0.75}, "Oracle (United States)": {"Citation Count": 38.5, "Publication Count": 1.0}, "University of Rochester": {"Citation Count": 24.0, "Publication Count": 0.5}, "University of Neuch\u00e2tel": {"Citation Count": 129.0, "Publication Count": 0.3333333333333333}, "Dresden University of Technology Dresden  Germany": {"Citation Count": 258.0, "Publication Count": 0.6666666666666666}, "University of Illinois System": {"Citation Count": 82.0, "Publication Count": 0.6666666666666666}, "Cray, Inc., Seattle, WA, USA": {"Citation Count": 41.0, "Publication Count": 0.3333333333333333}}