{"microsoft": {"Citation Count": 966.9047619047619, "Publication Count": 7.226190476190476}, "university of hasselt": {"Citation Count": 29.25, "Publication Count": 0.75}, "ibm": {"Citation Count": 296.6357142857143, "Publication Count": 10.165873015873016}, "university of wisconsin madison": {"Citation Count": 306.05, "Publication Count": 3.9611111111111112}, "massachusetts institute of technology": {"Citation Count": 214.60000000000002, "Publication Count": 1.4}, "google": {"Citation Count": 384.02619047619044, "Publication Count": 2.5928571428571425}, "brown university": {"Citation Count": 103.66666666666666, "Publication Count": 1.6666666666666665}, "eth zurich": {"Citation Count": 90.33333333333333, "Publication Count": 2.333333333333333}, "rwth aachen university": {"Citation Count": 1.5, "Publication Count": 0.5}, "cornell university": {"Citation Count": 201.6833333333333, "Publication Count": 3.3666666666666667}, "university of central florida": {"Citation Count": 53.0, "Publication Count": 1.0}, "university of massachusetts amherst": {"Citation Count": 460.0, "Publication Count": 2.0}, "university of hong kong": {"Citation Count": 170.0, "Publication Count": 0.6666666666666666}, "national university of singapore": {"Citation Count": 399.26666666666665, "Publication Count": 3.2}, "singapore management university": {"Citation Count": 66.0, "Publication Count": 1.0}, "purdue university": {"Citation Count": 114.0, "Publication Count": 1.5833333333333333}, "yahoo": {"Citation Count": 1164.2261904761904, "Publication Count": 5.642857142857142}, "ecole polytechnique": {"Citation Count": 28.0, "Publication Count": 1.0}, "kyungpook national university": {"Citation Count": 33.349999999999994, "Publication Count": 0.85}, "at t labs": {"Citation Count": 569.5666666666666, "Publication Count": 3.966666666666667}, "university of toronto": {"Citation Count": 279.75, "Publication Count": 2.583333333333333}, "york university": {"Citation Count": 39.75, "Publication Count": 0.75}, "tel aviv university": {"Citation Count": 74.5, "Publication Count": 3.5}, "university of trento": {"Citation Count": 51.733333333333334, "Publication Count": 1.0666666666666667}, "university of california santa cruz": {"Citation Count": 104.66666666666667, "Publication Count": 1.833333333333333}, "university of california san diego": {"Citation Count": 155.67142857142858, "Publication Count": 4.487301587301587}, "portland state university": {"Citation Count": 95.33333333333333, "Publication Count": 1.0}, "university of new south wales": {"Citation Count": 440.75, "Publication Count": 2.55}, "hong kong university of science and technology": {"Citation Count": 88.06666666666668, "Publication Count": 0.9666666666666667}, "the chinese university of hong kong": {"Citation Count": 174.25, "Publication Count": 2.35}, "east china university of science and technology": {"Citation Count": 26.400000000000002, "Publication Count": 0.2}, "university of oxford": {"Citation Count": 91.5, "Publication Count": 0.75}, "university of waterloo": {"Citation Count": 141.28571428571428, "Publication Count": 1.1428571428571428}, "university of california berkeley": {"Citation Count": 323.8, "Publication Count": 2.8666666666666663}, "university of edinburgh": {"Citation Count": 224.4, "Publication Count": 3.6}, "chinese academy of sciences": {"Citation Count": 7.800000000000001, "Publication Count": 0.2}, "national university of defense technology": {"Citation Count": 10.8, "Publication Count": 1.2}, "stanford university": {"Citation Count": 162.26666666666665, "Publication Count": 1.2}, "russian academy of sciences": {"Citation Count": 154.0, "Publication Count": 1.0}, "duke university": {"Citation Count": 26.0, "Publication Count": 1.0}, "nicta": {"Citation Count": 13.5, "Publication Count": 0.5}, "technische universitat munchen": {"Citation Count": 8.75, "Publication Count": 1.25}, "harbin institute of technology": {"Citation Count": 25.0, "Publication Count": 1.0}, "hebrew university of jerusalem": {"Citation Count": 18.0, "Publication Count": 1.0}, "university of washington": {"Citation Count": 235.8, "Publication Count": 2.8666666666666667}, "carnegie mellon university": {"Citation Count": 39.714285714285715, "Publication Count": 1.7142857142857144}, "polytechnic university of milan": {"Citation Count": 121.8, "Publication Count": 1.5333333333333332}, "hewlett packard": {"Citation Count": 118.0, "Publication Count": 0.8333333333333333}, "oracle corporation": {"Citation Count": 221.8, "Publication Count": 5.433333333333333}, "max planck society": {"Citation Count": 451.0, "Publication Count": 1.8571428571428572}, "university of utah": {"Citation Count": 59.0, "Publication Count": 1.0}, "university of michigan": {"Citation Count": 92.0, "Publication Count": 2.0}, "university of british columbia": {"Citation Count": 27.0, "Publication Count": 0.25}, "columbia university": {"Citation Count": 29.0, "Publication Count": 0.45}, "hong kong polytechnic university": {"Citation Count": 78.0, "Publication Count": 1.0}, "university of maryland baltimore county": {"Citation Count": 2.0, "Publication Count": 0.3333333333333333}, "florida international university": {"Citation Count": 4.0, "Publication Count": 0.6666666666666666}, "university of california los angeles": {"Citation Count": 135.6, "Publication Count": 1.0666666666666667}, "mitre corporation": {"Citation Count": 7.2, "Publication Count": 0.4}, "university of pennsylvania": {"Citation Count": 87.0, "Publication Count": 1.0}, "university of maryland college park": {"Citation Count": 78.57142857142857, "Publication Count": 1.1428571428571428}, "north carolina state university": {"Citation Count": 97.5, "Publication Count": 0.5}, "university of south australia": {"Citation Count": 12.8, "Publication Count": 0.2}, "university of melbourne": {"Citation Count": 118.0, "Publication Count": 1.25}, "university of alberta": {"Citation Count": 17.0, "Publication Count": 0.5}, "university of ontario institute of technology": {"Citation Count": 25.0, "Publication Count": 0.5}, "arizona state university": {"Citation Count": 169.8, "Publication Count": 2.4}, "intel": {"Citation Count": 210.0, "Publication Count": 1.5}, "university of zurich": {"Citation Count": 343.3333333333333, "Publication Count": 0.6666666666666666}, "university of southern california": {"Citation Count": 18.0, "Publication Count": 1.0}, "sun yat sen university": {"Citation Count": 9.666666666666666, "Publication Count": 0.16666666666666666}, "simon fraser university": {"Citation Count": 9.666666666666666, "Publication Count": 0.16666666666666666}, "university of queensland": {"Citation Count": 217.79999999999998, "Publication Count": 1.6}, "aalborg university": {"Citation Count": 167.20000000000002, "Publication Count": 1.7333333333333334}, "university of illinois at urbana champaign": {"Citation Count": 261.0, "Publication Count": 1.0}, "indian institute of technology bombay": {"Citation Count": 49.5, "Publication Count": 1.5}, "indian institute of science": {"Citation Count": 97.0, "Publication Count": 2.0}, "university of north carolina at chapel hill": {"Citation Count": 34.0, "Publication Count": 1.0}, "university of california santa barbara": {"Citation Count": 30.0, "Publication Count": 1.0}, "kaiserslautern university of technology": {"Citation Count": 6.0, "Publication Count": 1.0}, "french institute for research in computer science and automation": {"Citation Count": 2.571428571428571, "Publication Count": 0.2857142857142857}, "university of nantes": {"Citation Count": 5.142857142857142, "Publication Count": 0.5714285714285714}, "ecole polytechnique federale de lausanne": {"Citation Count": 16.0, "Publication Count": 0.8571428571428572}, "university of zagreb": {"Citation Count": 6.0, "Publication Count": 0.2857142857142857}, "conservatoire national des arts et metiers": {"Citation Count": 8.5, "Publication Count": 0.5}, "emory university": {"Citation Count": 12.0,