{"south china university of technology": {"Citation Count": 10.8, "Publication Count": 0.2}, "sun yat sen university": {"Citation Count": 32.4, "Publication Count": 0.6}, "hong kong university of science and technology": {"Citation Count": 136.00952380952378, "Publication Count": 3.971428571428571}, "university of victoria": {"Citation Count": 98.0, "Publication Count": 2.0}, "university of hong kong": {"Citation Count": 23.333333333333332, "Publication Count": 2.071428571428571}, "huawei": {"Citation Count": 27.458333333333332, "Publication Count": 0.7083333333333333}, "the chinese university of hong kong": {"Citation Count": 108.75, "Publication Count": 1.8333333333333333}, "illinois institute of technology": {"Citation Count": 15.45, "Publication Count": 0.8666666666666667}, "university of toronto": {"Citation Count": 70.88461538461539, "Publication Count": 2.41025641025641}, "university of basilicata": {"Citation Count": 10.0, "Publication Count": 0.3333333333333333}, "qatar airways": {"Citation Count": 5.0, "Publication Count": 0.16666666666666666}, "national institute of informatics": {"Citation Count": 24.666666666666664, "Publication Count": 0.6666666666666666}, "university of tokyo": {"Citation Count": 43.33333333333333, "Publication Count": 1.3333333333333333}, "university of british columbia": {"Citation Count": 117.73333333333333, "Publication Count": 1.5666666666666664}, "microsoft": {"Citation Count": 223.42380952380952, "Publication Count": 10.89047619047619}, "universidade nova de lisboa": {"Citation Count": 27.0, "Publication Count": 0.5}, "university of lisbon": {"Citation Count": 27.0, "Publication Count": 0.5}, "university of utah": {"Citation Count": 20.0, "Publication Count": 0.5}, "saarland university": {"Citation Count": 23.666666666666664, "Publication Count": 1.6666666666666665}, "braunschweig university of technology": {"Citation Count": 10.333333333333332, "Publication Count": 0.3333333333333333}, "university of oxford": {"Citation Count": 51.25, "Publication Count": 2.5}, "at t labs": {"Citation Count": 72.93333333333332, "Publication Count": 2.566666666666667}, "university of california irvine": {"Citation Count": 14.0, "Publication Count": 0.6666666666666666}, "university of michigan": {"Citation Count": 44.0, "Publication Count": 2.6666666666666665}, "duke university": {"Citation Count": 73.26666666666667, "Publication Count": 2.9}, "aalborg university": {"Citation Count": 1.5333333333333334, "Publication Count": 0.5333333333333333}, "technical university of berlin": {"Citation Count": 0.3333333333333333, "Publication Count": 0.3333333333333333}, "university of massachusetts amherst": {"Citation Count": 47.94761904761905, "Publication Count": 3.3119047619047617}, "carnegie mellon university": {"Citation Count": 122.46794871794873, "Publication Count": 3.976923076923077}, "samsung": {"Citation Count": 12.5, "Publication Count": 0.5}, "general electric": {"Citation Count": 12.5, "Publication Count": 0.5}, "centrum wiskunde informatica": {"Citation Count": 153.0, "Publication Count": 2.0}, "university of california los angeles": {"Citation Count": 70.0, "Publication Count": 1.0}, "technische universitat munchen": {"Citation Count": 67.0, "Publication Count": 3.0}, "university of california santa barbara": {"Citation Count": 10.5, "Publication Count": 0.75}, "university of california riverside": {"Citation Count": 3.5, "Publication Count": 0.25}, "ecole polytechnique federale de lausanne": {"Citation Count": 97.66666666666667, "Publication Count": 3.444444444444444}, "university of edinburgh": {"Citation Count": 45.166666666666664, "Publication Count": 1.3333333333333333}, "mcmaster university": {"Citation Count": 15.75, "Publication Count": 0.25}, "national and kapodistrian university of athens": {"Citation Count": 8.25, "Publication Count": 0.25}, "hewlett packard": {"Citation Count": 8.25, "Publication Count": 0.25}, "institute for the management of information systems": {"Citation Count": 16.5, "Publication Count": 0.5}, "brown university": {"Citation Count": 150.90641025641025, "Publication Count": 4.001282051282051}, "google": {"Citation Count": 458.9571428571428, "Publication Count": 5.50952380952381}, "qatar computing research institute": {"Citation Count": 54.538095238095245, "Publication Count": 3.3619047619047615}, "massachusetts institute of technology": {"Citation Count": 177.94475524475524, "Publication Count": 3.251981351981352}, "university of washington": {"Citation Count": 63.83333333333333, "Publication Count": 3.1666666666666665}, "tsinghua university": {"Citation Count": 232.78571428571428, "Publication Count": 3.4285714285714284}, "simon fraser university": {"Citation Count": 22.666666666666664, "Publication Count": 1.1666666666666665}, "university of california berkeley": {"Citation Count": 101.8, "Publication Count": 3.0999999999999996}, "columbia university": {"Citation Count": 13.8, "Publication Count": 0.45}, "humboldt university of berlin": {"Citation Count": 18.666666666666664, "Publication Count": 1.6666666666666665}, "university of technology sydney": {"Citation Count": 31.5, "Publication Count": 0.5833333333333333}, "shenzhen university": {"Citation Count": 55.0, "Publication Count": 0.5}, "university of illinois at urbana champaign": {"Citation Count": 47.766666666666666, "Publication Count": 2.511111111111111}, "tel aviv university": {"Citation Count": 62.33333333333333, "Publication Count": 2.916666666666667}, "university of waterloo": {"Citation Count": 121.4047619047619, "Publication Count": 2.928571428571429}, "university of new south wales": {"Citation Count": 115.0, "Publication Count": 2.65}, "technical university of crete": {"Citation Count": 17.333333333333332, "Publication Count": 0.6666666666666666}, "university of haifa": {"Citation Count": 8.666666666666666, "Publication Count": 0.3333333333333333}, "university of florida": {"Citation Count": 10.0, "Publication Count": 1.0}, "singapore management university": {"Citation Count": 19.6, "Publication Count": 1.8666666666666667}, "monash university": {"Citation Count": 8.0, "Publication Count": 0.25}, "griffith university": {"Citation Count": 74.0, "Publication Count": 1.0}, "king saud bin abdulaziz university for health sciences": {"Citation Count": 15.0, "Publication Count": 0.2}, "national university of singapore": {"Citation Count": 197.24999999999997, "Publication Count": 3.583333333333333}, "nanjing university of science and technology": {"Citation Count": 17.333333333333332, "Publication Count": 0.16666666666666666}, "university of texas at arlington": {"Citation Count": 58.08333333333333, "Publication Count": 3.8833333333333333}, "george washington university": {"Citation Count": 20.666666666666668, "Publication Count": 1.8666666666666667}, "mahidol university international college": {"Citation Count": 14.25, "Publication Count": 0.25}, "ibm": {"Citation Count": 225.0, "Publication Count": 4.678571428571429}, "worcester polytechnic institute": {"Citation Count": 7.0, "Publication Count": 1.0}, "zhejiang university": {"Citation Count": 31.200000000000003, "Publication Count": 1.6}, "boston university": {"Citation Count": 7.5, "Publication Count": 0.5}, "university of maryland college park": {"Citation Count": 54.15, "Publication Count": 1.961111111111111}, "hasso plattner institute": {"Citation Count": 20.25, "Publication Count": 0.75}, "case western reserve university": {"Citation Count": 63.75, "Publication Count": 0.75}, "kent state university": {"Citation Count": 21.25, "Publication Count": 0.25}, "twitter": {"Citation Count": 6.2, "Publication Count": 0.2}, "yahoo": {"Citation Count": 12.4, "Publication Count": 0.4}, "chinese academy of sciences": {"Citation Count": 4.666666666666666, "Publication Count": 0.3333333333333333}, "peking university": {"Citation Count": 22.2, "Publication Count": 0.6}, "mcgill university": {"Citation Count": 31.0, "Publication Count": 1.0},