{"university of michigan": {"Citation Count": 209.91666666666666, "Publication Count": 2.9166666666666665}, "massachusetts institute of technology": {"Citation Count": 255.75, "Publication Count": 1.4583333333333333}, "hong kong university of science and technology": {"Citation Count": 83.53333333333333, "Publication Count": 1.3166666666666667}, "harvard university": {"Citation Count": 13.666666666666666, "Publication Count": 0.3333333333333333}, "at t labs": {"Citation Count": 65.33333333333333, "Publication Count": 2.1666666666666665}, "king abdullah university of science and technology": {"Citation Count": 19.5, "Publication Count": 0.75}, "university of peloponnese": {"Citation Count": 6.5, "Publication Count": 0.25}, "hasso plattner institute": {"Citation Count": 59.44444444444445, "Publication Count": 0.5555555555555556}, "intel": {"Citation Count": 128.55555555555554, "Publication Count": 1.4444444444444444}, "yahoo": {"Citation Count": 513.6083333333333, "Publication Count": 6.575}, "university of british columbia": {"Citation Count": 249.33333333333331, "Publication Count": 2.9999999999999996}, "brown university": {"Citation Count": 35.666666666666664, "Publication Count": 1.0}, "university of paris sud": {"Citation Count": 67.0, "Publication Count": 1.0}, "university of utah": {"Citation Count": 50.93333333333333, "Publication Count": 1.6666666666666665}, "worcester polytechnic institute": {"Citation Count": 66.95833333333333, "Publication Count": 1.4583333333333333}, "oracle corporation": {"Citation Count": 5.333333333333333, "Publication Count": 1.3333333333333333}, "new york university": {"Citation Count": 11.2, "Publication Count": 0.8666666666666667}, "universidade federal do rio grande do sul": {"Citation Count": 5.2, "Publication Count": 0.2}, "national university of singapore": {"Citation Count": 110.0, "Publication Count": 4.25}, "french institute for research in computer science and automation": {"Citation Count": 198.73333333333332, "Publication Count": 1.3666666666666667}, "telecom paristech": {"Citation Count": 76.66666666666666, "Publication Count": 0.3333333333333333}, "university of california santa barbara": {"Citation Count": 456.18333333333334, "Publication Count": 4.241666666666667}, "university of california berkeley": {"Citation Count": 82.75, "Publication Count": 1.625}, "hewlett packard": {"Citation Count": 110.33333333333333, "Publication Count": 1.3333333333333333}, "university of illinois at urbana champaign": {"Citation Count": 441.0166666666667, "Publication Count": 2.85}, "ibm": {"Citation Count": 552.5, "Publication Count": 7.116666666666667}, "brigham young university": {"Citation Count": 5.0, "Publication Count": 1.0}, "university of hong kong": {"Citation Count": 129.8, "Publication Count": 2.9333333333333336}, "manchester metropolitan university": {"Citation Count": 14.0, "Publication Count": 0.6666666666666666}, "google": {"Citation Count": 457.0, "Publication Count": 3.5}, "tsinghua university": {"Citation Count": 193.5, "Publication Count": 2.0}, "university of melbourne": {"Citation Count": 10.666666666666666, "Publication Count": 0.3333333333333333}, "rmit university": {"Citation Count": 10.666666666666666, "Publication Count": 0.3333333333333333}, "king s college london": {"Citation Count": 10.666666666666666, "Publication Count": 0.3333333333333333}, "university of wisconsin madison": {"Citation Count": 436.3333333333333, "Publication Count": 5.166666666666666}, "yonsei university": {"Citation Count": 51.2, "Publication Count": 0.8}, "sungkyunkwan university": {"Citation Count": 16.0, "Publication Count": 0.6000000000000001}, "microsoft": {"Citation Count": 528.0166666666667, "Publication Count": 9.425}, "beihang university": {"Citation Count": 65.35, "Publication Count": 1.05}, "university of edinburgh": {"Citation Count": 28.15, "Publication Count": 0.7}, "free university of bozen bolzano": {"Citation Count": 187.0, "Publication Count": 2.0}, "tel aviv university": {"Citation Count": 31.333333333333332, "Publication Count": 0.3333333333333333}, "university of pennsylvania": {"Citation Count": 57.0, "Publication Count": 1.5}, "ben gurion university of the negev": {"Citation Count": 15.666666666666666, "Publication Count": 0.16666666666666666}, "peking university": {"Citation Count": 107.56666666666666, "Publication Count": 1.2333333333333334}, "kent state university": {"Citation Count": 38.083333333333336, "Publication Count": 0.41666666666666663}, "the chinese university of hong kong": {"Citation Count": 50.833333333333336, "Publication Count": 0.9166666666666666}, "university of victoria": {"Citation Count": 4.25, "Publication Count": 0.25}, "indian institute of technology bombay": {"Citation Count": 0.0, "Publication Count": 2.0}, "technical university of crete": {"Citation Count": 26.0, "Publication Count": 0.3333333333333333}, "ohio state university": {"Citation Count": 98.0, "Publication Count": 1.0}, "linkedin": {"Citation Count": 41.33333333333333, "Publication Count": 0.3333333333333333}, "university of california santa cruz": {"Citation Count": 58.150000000000006, "Publication Count": 1.45}, "stanford university": {"Citation Count": 228.825, "Publication Count": 2.9333333333333336}, "purdue university": {"Citation Count": 60.400000000000006, "Publication Count": 0.4}, "qatar computing research institute": {"Citation Count": 103.35, "Publication Count": 1.1}, "aarhus university": {"Citation Count": 31.0, "Publication Count": 0.75}, "nanyang technological university": {"Citation Count": 28.5, "Publication Count": 0.5}, "university of massachusetts amherst": {"Citation Count": 45.0, "Publication Count": 1.75}, "seoul national university": {"Citation Count": 18.333333333333332, "Publication Count": 0.5833333333333333}, "arizona state university": {"Citation Count": 33.0, "Publication Count": 1.0}, "ecole polytechnique federale de lausanne": {"Citation Count": 58.5, "Publication Count": 1.0}, "pennsylvania state university": {"Citation Count": 106.25, "Publication Count": 1.25}, "academia sinica": {"Citation Count": 8.25, "Publication Count": 0.25}, "national taiwan university": {"Citation Count": 16.5, "Publication Count": 0.5}, "university of sydney": {"Citation Count": 21.0, "Publication Count": 2.75}, "aalborg university": {"Citation Count": 4.666666666666666, "Publication Count": 0.3333333333333333}, "georgia institute of technology": {"Citation Count": 50.0, "Publication Count": 0.3333333333333333}, "istituto di scienza e tecnologie dell informazione": {"Citation Count": 63.0, "Publication Count": 1.0}, "max planck society": {"Citation Count": 188.29166666666666, "Publication Count": 1.625}, "imt institute for advanced studies lucca": {"Citation Count": 12.333333333333332, "Publication Count": 0.3333333333333333}, "nankai university": {"Citation Count": 59.5, "Publication Count": 0.875}, "monash university": {"Citation Count": 8.5, "Publication Count": 0.125}, "university of waterloo": {"Citation Count": 51.7, "Publication Count": 1.45}, "chinese ministry of education": {"Citation Count": 37.2, "Publication Count": 0.2}, "nec": {"Citation Count": 44.5, "Publication Count": 0.25}, "university of maryland college park": {"Citation Count": 110.0, "Publication Count": 1.8333333333333333}, "mitre corporation": {"Citation Count": 22.0, "Publication Count": 1.0}, "technische universitat munchen": {"Citation Count": 292.0, "Publication Count": 2.5}, "urbana university": {"Citation Count": 64.5, "Publication Count": 0.5}, "simon fraser university": {"Citation Count": 3.4000000000000004, "Publication Count": 0.2}, "university of alberta": {"Citation Count": 13.600000000000001, "Publication Count": 0.8}, "university of toronto": {"Citation Count": 23.0, "Publication Count": 0.85}, "university of massachusetts medical school": {"Citation Count": 17.333333333333332, "Publication Count": 0.3333333333333333}, "ludwig maximilian university of munich": {"Citation Count": 44.0,