{"carnegie mellon university": {"Citation Count": 134.36666666666667, "Publication Count": 3.966666666666667}, "renmin university of china": {"Citation Count": 21.62857142857143, "Publication Count": 0.6285714285714286}, "university of queensland": {"Citation Count": 29.252380952380953, "Publication Count": 1.6523809523809523}, "peking university": {"Citation Count": 58.84285714285715, "Publication Count": 3.042857142857143}, "nanyang technological university": {"Citation Count": 133.89285714285714, "Publication Count": 2.6595238095238094}, "university of edinburgh": {"Citation Count": 30.6, "Publication Count": 2.2}, "seoul national university": {"Citation Count": 11.333333333333332, "Publication Count": 1.375}, "korea university of technology and education": {"Citation Count": 0.3333333333333333, "Publication Count": 0.3333333333333333}, "massachusetts institute of technology": {"Citation Count": 81.66428571428571, "Publication Count": 4.792857142857143}, "university of luxembourg": {"Citation Count": 15.333333333333334, "Publication Count": 1.6666666666666665}, "worcester polytechnic institute": {"Citation Count": 3.75, "Publication Count": 0.75}, "portland state university": {"Citation Count": 1.25, "Publication Count": 0.25}, "national university of singapore": {"Citation Count": 101.06984126984126, "Publication Count": 4.231746031746032}, "ecole polytechnique federale de lausanne": {"Citation Count": 61.0, "Publication Count": 6.0}, "hanyang university": {"Citation Count": 7.333333333333333, "Publication Count": 0.6666666666666666}, "dongduk women s university": {"Citation Count": 3.6666666666666665, "Publication Count": 0.3333333333333333}, "university of bayreuth": {"Citation Count": 58.0, "Publication Count": 1.0}, "xi an jiaotong university": {"Citation Count": 12.5, "Publication Count": 0.8333333333333334}, "king abdullah university of science and technology": {"Citation Count": 69.05000000000001, "Publication Count": 1.7166666666666668}, "the chinese university of hong kong": {"Citation Count": 52.666666666666664, "Publication Count": 3.0}, "massey university": {"Citation Count": 8.666666666666666, "Publication Count": 0.3333333333333333}, "qatar computing research institute": {"Citation Count": 17.6, "Publication Count": 1.1}, "uber": {"Citation Count": 4.666666666666666, "Publication Count": 0.16666666666666666}, "institut eurecom": {"Citation Count": 4.666666666666666, "Publication Count": 0.16666666666666666}, "arizona state university": {"Citation Count": 4.666666666666666, "Publication Count": 0.16666666666666666}, "university of science and technology of china": {"Citation Count": 20.285714285714285, "Publication Count": 0.6190476190476191}, "microsoft": {"Citation Count": 129.5285714285714, "Publication Count": 6.947619047619048}, "fudan university": {"Citation Count": 47.392857142857146, "Publication Count": 0.8928571428571428}, "open university of cyprus": {"Citation Count": 2.0, "Publication Count": 1.0}, "university of technology sydney": {"Citation Count": 67.2, "Publication Count": 2.4}, "university of new south wales": {"Citation Count": 59.6, "Publication Count": 2.2}, "university of sydney": {"Citation Count": 5.2, "Publication Count": 0.4}, "university of milan": {"Citation Count": 2.0, "Publication Count": 0.6666666666666666}, "george mason university": {"Citation Count": 0.5, "Publication Count": 0.16666666666666666}, "university of bergamo": {"Citation Count": 0.5, "Publication Count": 0.16666666666666666}, "stanford university": {"Citation Count": 334.56666666666666, "Publication Count": 5.466666666666666}, "university of california san diego": {"Citation Count": 16.0, "Publication Count": 1.0}, "university of texas at austin": {"Citation Count": 3.6666666666666665, "Publication Count": 0.8333333333333333}, "sk hynix": {"Citation Count": 3.6666666666666665, "Publication Count": 0.16666666666666666}, "los alamos national laboratory": {"Citation Count": 7.333333333333333, "Publication Count": 0.3333333333333333}, "new york university": {"Citation Count": 16.15, "Publication Count": 0.85}, "university of wisconsin madison": {"Citation Count": 24.416666666666668, "Publication Count": 2.583333333333333}, "university of california": {"Citation Count": 22.25, "Publication Count": 2.25}, "hong kong university of science and technology": {"Citation Count": 58.02380952380952, "Publication Count": 2.3095238095238098}, "northeastern university": {"Citation Count": 12.333333333333332, "Publication Count": 1.3333333333333333}, "university of toronto": {"Citation Count": 21.416666666666664, "Publication Count": 2.25}, "amazon com": {"Citation Count": 31.0, "Publication Count": 1.5}, "university of waterloo": {"Citation Count": 115.8142857142857, "Publication Count": 1.8428571428571427}, "indian institute of technology bombay": {"Citation Count": 4.833333333333333, "Publication Count": 1.1666666666666667}, "university of macau": {"Citation Count": 15.350000000000001, "Publication Count": 1.55}, "hong kong polytechnic university": {"Citation Count": 3.25, "Publication Count": 0.25}, "georgia institute of technology": {"Citation Count": 2.0, "Publication Count": 0.5}, "hewlett packard": {"Citation Count": 2.0, "Publication Count": 0.5}, "university of padua": {"Citation Count": 27.0, "Publication Count": 1.75}, "university of potsdam": {"Citation Count": 13.0, "Publication Count": 1.0}, "sungkyunkwan university": {"Citation Count": 3.0, "Publication Count": 1.0}, "brown university": {"Citation Count": 72.33333333333333, "Publication Count": 2.25}, "university of illinois at urbana champaign": {"Citation Count": 154.79761904761904, "Publication Count": 4.216666666666666}, "cornell university": {"Citation Count": 21.666666666666664, "Publication Count": 1.3333333333333333}, "eth zurich": {"Citation Count": 100.95714285714287, "Publication Count": 3.6428571428571432}, "rmit university": {"Citation Count": 3.7666666666666666, "Publication Count": 0.3666666666666667}, "aalborg university": {"Citation Count": 19.033333333333335, "Publication Count": 0.5333333333333333}, "shenyang jianzhu university": {"Citation Count": 1.1666666666666665, "Publication Count": 0.16666666666666666}, "university of hong kong": {"Citation Count": 182.6, "Publication Count": 2.6}, "tsinghua university": {"Citation Count": 131.05, "Publication Count": 2.9499999999999997}, "yonsei university": {"Citation Count": 14.5, "Publication Count": 0.16666666666666666}, "facebook": {"Citation Count": 40.5, "Publication Count": 1.1666666666666667}, "tel aviv university": {"Citation Count": 18.714285714285715, "Publication Count": 1.1428571428571428}, "yale university": {"Citation Count": 19.333333333333332, "Publication Count": 0.6666666666666666}, "university of california berkeley": {"Citation Count": 13.583333333333332, "Publication Count": 0.9166666666666666}, "technische universitat munchen": {"Citation Count": 20.333333333333332, "Publication Count": 2.333333333333333}, "purdue university": {"Citation Count": 36.0, "Publication Count": 0.6666666666666666}, "ohio state university": {"Citation Count": 6.0, "Publication Count": 1.0}, "at t labs": {"Citation Count": 8.266666666666667, "Publication Count": 0.5333333333333333}, "university of ontario institute of technology": {"Citation Count": 5.8500000000000005, "Publication Count": 0.45}, "university of windsor": {"Citation Count": 4.6000000000000005, "Publication Count": 0.2}, "york university": {"Citation Count": 4.6000000000000005, "Publication Count": 0.2}, "dresden university of technology": {"Citation Count": 29.5, "Publication Count": 1.5}, "google": {"Citation Count": 26.883333333333333, "Publication Count": 0.9833333333333334}, "university of washington": {"Citation Count": 59.8, "Publication Count": 3.4}, "ludwig maximilian university of munich": {"Citation Count": 8.666666666666666, "Publication Count": 0.6666666666666666}, "duke university": {"Citation Count": 10.0, "Publication Count": 2.0},