{"massachusetts institute of technology": {"Citation Count": 52.0, "Publication Count": 2.0}, "chinese academy of sciences": {"Citation Count": 8.666666666666666, "Publication Count": 1.3333333333333333}, "university of california los angeles": {"Citation Count": 13.914285714285715, "Publication Count": 1.6857142857142857}, "university of california berkeley": {"Citation Count": 2.571428571428571, "Publication Count": 0.42857142857142855}, "tel aviv university": {"Citation Count": 21.964285714285715, "Publication Count": 0.5357142857142857}, "imperial college london": {"Citation Count": 4.0, "Publication Count": 1.0}, "city university of hong kong": {"Citation Count": 6.0, "Publication Count": 1.0}, "ibm": {"Citation Count": 7.2, "Publication Count": 0.4}, "brigham and women s hospital": {"Citation Count": 3.6, "Publication Count": 0.2}, "national university of singapore": {"Citation Count": 17.833333333333332, "Publication Count": 1.0833333333333333}, "kyoto university": {"Citation Count": 1.3333333333333333, "Publication Count": 0.3333333333333333}, "stanford university": {"Citation Count": 27.333333333333332, "Publication Count": 2.333333333333333}, "university of california san diego": {"Citation Count": 127.02777777777777, "Publication Count": 1.9722222222222223}, "pacific northwest national laboratory": {"Citation Count": 2.0, "Publication Count": 0.6666666666666666}, "indiana university purdue university indianapolis": {"Citation Count": 0.5, "Publication Count": 0.16666666666666666}, "duke university": {"Citation Count": 5.0, "Publication Count": 2.0}, "bigelow laboratory for ocean sciences": {"Citation Count": 15.777777777777777, "Publication Count": 0.05555555555555555}, "saint petersburg academic university": {"Citation Count": 173.55555555555557, "Publication Count": 0.6111111111111112}, "j craig venter institute": {"Citation Count": 31.555555555555554, "Publication Count": 0.1111111111111111}, "joint genome institute": {"Citation Count": 31.555555555555554, "Publication Count": 0.1111111111111111}, "university of south carolina": {"Citation Count": 15.777777777777777, "Publication Count": 0.05555555555555555}, "carnegie mellon university": {"Citation Count": 2.0, "Publication Count": 1.0}, "mcgill university": {"Citation Count": 0.6666666666666666, "Publication Count": 0.6666666666666666}, "ecole polytechnique": {"Citation Count": 0.3333333333333333, "Publication Count": 0.3333333333333333}, "university of regensburg": {"Citation Count": 11.0, "Publication Count": 1.0}, "university of connecticut": {"Citation Count": 22.0, "Publication Count": 1.0}, "university of michigan": {"Citation Count": 1.6666666666666665, "Publication Count": 0.3333333333333333}, "sanford burnham institute for medical research": {"Citation Count": 1.6666666666666665, "Publication Count": 0.3333333333333333}, "genome institute of singapore": {"Citation Count": 5.5, "Publication Count": 0.25}}