{"Los Alamos National Laboratory": {"Citation Count": 125.5, "Publication Count": 1.5}, "Northwestern University": {"Citation Count": 74.0, "Publication Count": 2.0}, "Lawrence Berkeley National Laboratory": {"Citation Count": 77.4188034188034, "Publication Count": 1.7706552706552707}, "National Energy Research Scientific Computing Center": {"Citation Count": 65.77777777777777, "Publication Count": 0.2962962962962963}, "University of California, Berkeley": {"Citation Count": 453.44444444444446, "Publication Count": 1.4074074074074074}, "Japan Science and Technology Agency": {"Citation Count": 25.666666666666664, "Publication Count": 0.4583333333333333}, "Tokyo Institute of Technology": {"Citation Count": 25.666666666666664, "Publication Count": 0.4583333333333333}, "National Institute of Informatics": {"Citation Count": 4.666666666666666, "Publication Count": 0.08333333333333333}, "Argonne National Laboratory": {"Citation Count": 41.826190476190476, "Publication Count": 1.6047619047619046}, "Clemson University": {"Citation Count": 6.666666666666666, "Publication Count": 0.6666666666666666}, "University of Illinois Urbana-Champaign": {"Citation Count": 83.6, "Publication Count": 1.2}, "Google (United States)": {"Citation Count": 9.333333333333332, "Publication Count": 0.5}, "The University of Tokyo": {"Citation Count": 8.333333333333334, "Publication Count": 0.8333333333333334}, "Oak Ridge National Laboratory": {"Citation Count": 9.153846153846153, "Publication Count": 1.1538461538461537}, "University of California, Santa Barbara": {"Citation Count": 7.0, "Publication Count": 1.0}, "Virginia Tech": {"Citation Count": 7.5, "Publication Count": 0.75}, "Georgia Institute of Technology": {"Citation Count": 73.8, "Publication Count": 0.9333333333333333}, "University of Pennsylvania": {"Citation Count": 7.2, "Publication Count": 0.4}, "Institute of Systems, Information Technologies and Nanotechnologies": {"Citation Count": 0.5714285714285714, "Publication Count": 0.2857142857142857}, "Fujitsu (Japan)": {"Citation Count": 0.7142857142857143, "Publication Count": 0.35714285714285715}, "Kyushu University": {"Citation Count": 0.5714285714285714, "Publication Count": 0.2857142857142857}, "RIKEN": {"Citation Count": 0.14285714285714285, "Publication Count": 0.07142857142857142}, "University of Chicago": {"Citation Count": 27.857142857142854, "Publication Count": 0.9285714285714286}, "Monash University": {"Citation Count": 16.666666666666664, "Publication Count": 0.6666666666666666}, "San Diego Supercomputer Center": {"Citation Count": 20.333333333333332, "Publication Count": 0.8333333333333333}, "Universit\u00e4t Innsbruck": {"Citation Count": 4.0, "Publication Count": 1.0}, "Pennsylvania State University": {"Citation Count": 15.5, "Publication Count": 1.5}, "Inria Saclay - \u00cele-de-France Research Centre": {"Citation Count": 13.666666666666666, "Publication Count": 0.8333333333333333}, "French Institute for Research in Computer Science and Automation": {"Citation Count": 21.166666666666664, "Publication Count": 1.1458333333333333}, "Intel (United States)": {"Citation Count": 16.333333333333332, "Publication Count": 0.9166666666666666}, "University of Utah": {"Citation Count": 2.0, "Publication Count": 0.5}, "IBM Research - Austin": {"Citation Count": 1.0, "Publication Count": 0.25}, "Fraunhofer USA": {"Citation Count": 3.0, "Publication Count": 0.5}, "Washington State University": {"Citation Count": 3.0, "Publication Count": 1.0}, "Illinois Institute of Technology": {"Citation Count": 1.7999999999999998, "Publication Count": 0.6}, "Universitat Polit\u00e8cnica de Catalunya": {"Citation Count": 8.25, "Publication Count": 0.375}, "Barcelona Supercomputing Center": {"Citation Count": 13.75, "Publication Count": 0.625}, "University of Paris-Sud": {"Citation Count": 6.666666666666666, "Publication Count": 0.3333333333333333}, "Renaissance Computing Institute": {"Citation Count": 5.2, "Publication Count": 0.4}, "Lawrence Livermore National Laboratory": {"Citation Count": 6.276923076923078, "Publication Count": 0.47692307692307695}, "Microsoft (United States)": {"Citation Count": 7.6, "Publication Count": 0.7}, "University of California, Davis": {"Citation Count": 6.256410256410256, "Publication Count": 1.0897435897435896}, "University of Oregon": {"Citation Count": 2.25, "Publication Count": 0.25}, "University of Houston": {"Citation Count": 3.375, "Publication Count": 0.375}, "Nanyang Technological University": {"Citation Count": 1.125, "Publication Count": 0.125}, "University of Kaiserslautern": {"Citation Count": 1.7948717948717952, "Publication Count": 0.12820512820512822}, "Tech-X Corporation (United States)": {"Citation Count": 1.076923076923077, "Publication Count": 0.07692307692307693}, "Duke University": {"Citation Count": 5.0, "Publication Count": 0.5}, "IBM Research - Almaden": {"Citation Count": 126.0, "Publication Count": 0.6666666666666666}, "The Ohio State University": {"Citation Count": 5.0, "Publication Count": 0.8333333333333334}, "Pacific Northwest National Laboratory": {"Citation Count": 1.0, "Publication Count": 0.16666666666666666}, "Bilkent University": {"Citation Count": 0.25, "Publication Count": 0.25}, "Imperial College London": {"Citation Count": 0.25, "Publication Count": 0.25}, "Institut Universitaire de France": {"Citation Count": 1.5, "Publication Count": 0.0625}, "California Institute of Technology": {"Citation Count": 12.0, "Publication Count": 0.375}, "The University of Texas at Austin": {"Citation Count": 22.5, "Publication Count": 0.625}, "University of Colorado Boulder": {"Citation Count": 4.5, "Publication Count": 0.125}, "Applied Physics Division, X-1-PTA Plasma Theory and Applications": {"Citation Count": 11.666666666666666, "Publication Count": 0.3333333333333333}, "Computational Physics (United States)": {"Citation Count": 5.833333333333333, "Publication Count": 0.16666666666666666}}