{"University of Michigan\u2013Ann Arbor": {"Citation Count": 3.125, "Publication Count": 0.625}, "Indian Institute of Science Bangalore": {"Citation Count": 1.25, "Publication Count": 0.25}, "Oak Ridge National Laboratory": {"Citation Count": 13.956499780412823, "Publication Count": 3.138493631971893}, "Robert Bosch (United States)": {"Citation Count": 0.875, "Publication Count": 0.125}, "Harvard University": {"Citation Count": 0.875, "Publication Count": 0.125}, "Harvard University Press": {"Citation Count": 5.25, "Publication Count": 0.75}, "Pennsylvania State University": {"Citation Count": 1.2007575757575757, "Publication Count": 0.7219696969696969}, "Argonne National Laboratory": {"Citation Count": 6.239353158918377, "Publication Count": 1.6110828784741829}, "University of Illinois Urbana-Champaign": {"Citation Count": 2.261904761904762, "Publication Count": 1.6373949579831932}, "Sandia National Laboratories": {"Citation Count": 1.0757575757575757, "Publication Count": 0.7303030303030302}, "Virginia Tech": {"Citation Count": 0.3333333333333333, "Publication Count": 0.06666666666666667}, "Advanced Micro Devices (United States)": {"Citation Count": 1.5072463768115942, "Publication Count": 1.1101449275362318}, "Zhejiang University": {"Citation Count": 1.2142857142857144, "Publication Count": 1.2142857142857144}, "National Supercomputing Center in Wuxi": {"Citation Count": 0.5165631469979296, "Publication Count": 1.3285836073559858}, "Tsinghua University": {"Citation Count": 2.2039337474120084, "Publication Count": 2.998671405321022}, "Taiyuan University of Technology": {"Citation Count": 0.09523809523809523, "Publication Count": 0.09523809523809523}, "Xi\u2019an Jiaotong-Liverpool University": {"Citation Count": 0.047619047619047616, "Publication Count": 0.047619047619047616}, "University of Cambridge": {"Citation Count": 0.047619047619047616, "Publication Count": 0.047619047619047616}, "University of Florida": {"Citation Count": 0.047619047619047616, "Publication Count": 0.047619047619047616}, "KTH Royal Institute of Technology": {"Citation Count": 2.2083333333333335, "Publication Count": 1.4583333333333335}, "Max Planck Computing and Data Facility": {"Citation Count": 0.16666666666666666, "Publication Count": 0.16666666666666666}, "Technische Universit\u00e4t Ilmenau": {"Citation Count": 0.08333333333333333, "Publication Count": 0.08333333333333333}, "Friedrich-Alexander-Universit\u00e4t Erlangen-N\u00fcrnberg": {"Citation Count": 0.041666666666666664, "Publication Count": 0.041666666666666664}, "King Abdullah University of Science and Technology": {"Citation Count": 3.5, "Publication Count": 1.5}, "Lawrence Livermore National Laboratory": {"Citation Count": 3.452777777777778, "Publication Count": 3.152777777777778}, "Lawrence Berkeley National Laboratory": {"Citation Count": 4.025685425685426, "Publication Count": 1.2607503607503607}, "Pacific Northwest National Laboratory": {"Citation Count": 0.5198412698412698, "Publication Count": 0.8234126984126984}, "Hokkaido University": {"Citation Count": 0.5714285714285714, "Publication Count": 0.14285714285714285}, "Japan Meteorological Agency": {"Citation Count": 0.5714285714285714, "Publication Count": 0.14285714285714285}, "National Institute of Informatics": {"Citation Count": 0.5714285714285714, "Publication Count": 0.14285714285714285}, "National Institute of Information and Communications Technology": {"Citation Count": 0.5714285714285714, "Publication Count": 0.14285714285714285}, "Osaka University": {"Citation Count": 0.5714285714285714, "Publication Count": 0.25396825396825395}, "Monohakobi Technology Institute (Japan)": {"Citation Count": 0.5714285714285714, "Publication Count": 0.14285714285714285}, "National Research Institute for Earth Science and Disaster Resilience": {"Citation Count": 0.5714285714285714, "Publication Count": 0.14285714285714285}, "University of Science and Technology of China": {"Citation Count": 1.2000000000000002, "Publication Count": 1.5588235294117647}, "Southern University of Science and Technology": {"Citation Count": 0.7826086956521738, "Publication Count": 0.2608695652173913}, "Shandong University": {"Citation Count": 0.7826086956521738, "Publication Count": 0.3517786561264822}, "Computer Network Information Center": {"Citation Count": 0.0, "Publication Count": 0.6515151515151515}, "University of Chinese Academy of Sciences": {"Citation Count": 13.6, "Publication Count": 2.5703185703185705}, "Chinese Academy of Sciences": {"Citation Count": 0.33333333333333337, "Publication Count": 0.858974358974359}, "Hangzhou Dianzi University": {"Citation Count": 0.0, "Publication Count": 0.17948717948717946}, "Beijing University of Posts and Telecommunications": {"Citation Count": 0.1111111111111111, "Publication Count": 0.27894327894327897}, "China Institute of Atomic Energy": {"Citation Count": 0.0, "Publication Count": 0.16783216783216784}, "University of Science and Technology Beijing": {"Citation Count": 0.0, "Publication Count": 0.18181818181818182}, "Stanford University": {"Citation Count": 1.0833333333333333, "Publication Count": 1.0833333333333333}, "Nvidia (United States)": {"Citation Count": 0.6666666666666666, "Publication Count": 1.3666666666666667}, "The University of Tokyo": {"Citation Count": 0.0, "Publication Count": 1.0}, "IIT@MIT": {"Citation Count": 0.25, "Publication Count": 0.25}, "Washington State University Vancouver": {"Citation Count": 0.16666666666666666, "Publication Count": 0.16666666666666666}, "Texas State University": {"Citation Count": 1.0, "Publication Count": 2.5}, "The University of Texas at Austin": {"Citation Count": 1.0, "Publication Count": 1.0}, "University of North Texas": {"Citation Count": 0.8333333333333333, "Publication Count": 0.6666666666666666}, "Rutgers, The State University of New Jersey": {"Citation Count": 1.1666666666666665, "Publication Count": 0.8333333333333333}, "Northeastern University": {"Citation Count": 8.0, "Publication Count": 1.833333333333333}, "MIT Lincoln Laboratory": {"Citation Count": 6.0, "Publication Count": 0.8333333333333333}, "University at Buffalo, State University of New York": {"Citation Count": 0.6666666666666666, "Publication Count": 0.6666666666666666}, "IBM Research - Thomas J. Watson Research Center": {"Citation Count": 0.3333333333333333, "Publication Count": 0.3333333333333333}, "ETH Zurich": {"Citation Count": 2.4444444444444446, "Publication Count": 3.372549019607843}, "Warsaw University of Technology": {"Citation Count": 0.2222222222222222, "Publication Count": 0.1111111111111111}, "BASF (Germany)": {"Citation Count": 0.2222222222222222, "Publication Count": 0.1111111111111111}, "Huazhong University of Science and Technology": {"Citation Count": 0.0, "Publication Count": 1.875}, "Alibaba Group (China)": {"Citation Count": 0.5, "Publication Count": 0.625}, "Micron (United States)": {"Citation Count": 0.125, "Publication Count": 0.125}, "Hanyang University": {"Citation Count": 0.25, "Publication Count": 0.25}, "University of Wisconsin\u2013Madison": {"Citation Count": 1.0, "Publication Count": 0.5}, "Boston University": {"Citation Count": 1.75, "Publication Count": 1.125}, "Sandia National Laboratories California": {"Citation Count": 0.3961352657004831, "Publication Count": 0.2657004830917874}, "University of Chicago": {"Citation Count": 2.25, "Publication Count": 2.1944444444444446}, "University of Macau": {"Citation Count": 0.6666666666666667, "Publication Count": 0.6666666666666667}, "Shenzhen Institutes of Advanced Technology": {"Citation Count": 0.16666666666666669, "Publication Count": 0.16666666666666669}, "Simula Research Laboratory": {"Citation Count": 1.0285714285714285, "Publication Count": 0.5142857142857142}, "Istanbul University-Cerrahpa\u015fa": {"Citation Count": 0.2857142857142857, "Publication Count": 0.14285714285714285}, "University of Bergen": {"Citation Count": 0.34285714285714286, "Publication Count": 0.17142857142857143},