{"technische universitat munchen": {"Citation Count": 35.45454545454545, "Publication Count": 0.45454545454545453}, "intel": {"Citation Count": 108.78661616161615, "Publication Count": 3.5921717171717167}, "ludwig maximilian university of munich": {"Citation Count": 28.18181818181818, "Publication Count": 0.8484848484848484}, "national university of defense technology": {"Citation Count": 14.146464646464645, "Publication Count": 0.45202020202020204}, "d e shaw research": {"Citation Count": 328.5333333333333, "Publication Count": 0.9777777777777777}, "columbia university": {"Citation Count": 7.466666666666667, "Publication Count": 0.022222222222222223}, "university of tsukuba": {"Citation Count": 34.0, "Publication Count": 1.0}, "university of illinois at urbana champaign": {"Citation Count": 353.0166666666667, "Publication Count": 7.65}, "university of texas at austin": {"Citation Count": 65.37777777777778, "Publication Count": 3.0222222222222226}, "university of california riverside": {"Citation Count": 5.333333333333333, "Publication Count": 0.6666666666666666}, "university of edinburgh": {"Citation Count": 2.6666666666666665, "Publication Count": 0.3333333333333333}, "duke university": {"Citation Count": 2.333333333333333, "Publication Count": 0.3333333333333333}, "cornell university": {"Citation Count": 1.1666666666666665, "Publication Count": 0.16666666666666666}, "university of utah": {"Citation Count": 73.16190476190476, "Publication Count": 2.1619047619047618}, "advanced micro devices": {"Citation Count": 156.4, "Publication Count": 1.4}, "qatar computing research institute": {"Citation Count": 3.4000000000000004, "Publication Count": 0.2}, "tsinghua university": {"Citation Count": 14.2, "Publication Count": 0.9333333333333333}, "university of california irvine": {"Citation Count": 3.4000000000000004, "Publication Count": 0.2}, "sandia national laboratories": {"Citation Count": 151.89523809523806, "Publication Count": 2.495238095238095}, "cray": {"Citation Count": 10.916666666666666, "Publication Count": 0.08333333333333333}, "university of california davis": {"Citation Count": 10.428571428571429, "Publication Count": 1.4285714285714286}, "lawrence livermore national laboratory": {"Citation Count": 82.84761904761905, "Publication Count": 2.425396825396825}, "fujitsu": {"Citation Count": 8.666666666666666, "Publication Count": 0.3333333333333333}, "zuse institute berlin": {"Citation Count": 11.0, "Publication Count": 1.0}, "oak ridge national laboratory": {"Citation Count": 57.5, "Publication Count": 1.8333333333333335}, "carnegie mellon university": {"Citation Count": 105.0, "Publication Count": 2.0}, "tokyo institute of technology": {"Citation Count": 33.666666666666664, "Publication Count": 1.6666666666666665}, "king abdullah university of science and technology": {"Citation Count": 6.222222222222221, "Publication Count": 0.4444444444444444}, "centre national de la recherche scientifique": {"Citation Count": 23.11111111111111, "Publication Count": 0.8888888888888888}, "university of colorado boulder": {"Citation Count": 15.333333333333332, "Publication Count": 0.3333333333333333}, "eth zurich": {"Citation Count": 185.5666666666667, "Publication Count": 2.3666666666666667}, "university of california los angeles": {"Citation Count": 8.333333333333332, "Publication Count": 0.3333333333333333}, "rice university": {"Citation Count": 16.666666666666664, "Publication Count": 0.6666666666666666}, "university of chicago": {"Citation Count": 11.25, "Publication Count": 0.25}, "argonne national laboratory": {"Citation Count": 104.65833333333335, "Publication Count": 4.3805555555555555}, "massachusetts institute of technology": {"Citation Count": 11.0, "Publication Count": 1.0}, "purdue university": {"Citation Count": 21.333333333333332, "Publication Count": 1.6666666666666665}, "lawrence berkeley national laboratory": {"Citation Count": 86.2, "Publication Count": 2.5333333333333337}, "ohio state university": {"Citation Count": 150.29166666666666, "Publication Count": 4.125}, "pacific northwest national laboratory": {"Citation Count": 18.166666666666664, "Publication Count": 0.75}, "huazhong university of science and technology": {"Citation Count": 48.666666666666664, "Publication Count": 1.3333333333333333}, "georgia institute of technology": {"Citation Count": 144.30555555555554, "Publication Count": 2.944444444444444}, "los alamos national laboratory": {"Citation Count": 78.53333333333333, "Publication Count": 1.4666666666666668}, "kitware": {"Citation Count": 37.666666666666664, "Publication Count": 0.3333333333333333}, "indian institute of technology bombay": {"Citation Count": 2.5, "Publication Count": 0.25}, "queen s university": {"Citation Count": 2.4000000000000004, "Publication Count": 0.4}, "chinese academy of sciences": {"Citation Count": 6.5, "Publication Count": 0.5}, "twitter": {"Citation Count": 1.625, "Publication Count": 0.125}, "vu university amsterdam": {"Citation Count": 9.0, "Publication Count": 1.0}, "hr wallingford": {"Citation Count": 3.5, "Publication Count": 0.16666666666666666}, "university of toulouse": {"Citation Count": 3.5, "Publication Count": 0.16666666666666666}, "texas a m university": {"Citation Count": 19.0, "Publication Count": 0.3333333333333333}, "university of bergen": {"Citation Count": 4.5, "Publication Count": 0.16666666666666666}, "ibm": {"Citation Count": 60.0, "Publication Count": 3.0}, "university of maryland college park": {"Citation Count": 0.8, "Publication Count": 0.2}, "french institute for research in computer science and automation": {"Citation Count": 20.666666666666664, "Publication Count": 0.6666666666666666}, "texas tech university": {"Citation Count": 7.5, "Publication Count": 0.5}, "university of southern california": {"Citation Count": 4.5, "Publication Count": 0.5}, "kumamoto university": {"Citation Count": 2.25, "Publication Count": 0.25}, "illinois institute of technology": {"Citation Count": 6.25, "Publication Count": 0.25}, "washington university in st louis": {"Citation Count": 5.5, "Publication Count": 0.25}, "northwestern university": {"Citation Count": 49.0, "Publication Count": 1.0}, "university of nebraska lincoln": {"Citation Count": 7.333333333333333, "Publication Count": 0.3333333333333333}, "colorado state university": {"Citation Count": 14.399999999999999, "Publication Count": 0.6}, "meteoswiss": {"Citation Count": 1.8333333333333333, "Publication Count": 0.16666666666666666}, "nvidia": {"Citation Count": 64.05555555555556, "Publication Count": 0.9444444444444444}, "stanford university": {"Citation Count": 19.0, "Publication Count": 1.0}, "university of new mexico": {"Citation Count": 8.8, "Publication Count": 0.4}, "rutgers university": {"Citation Count": 22.333333333333332, "Publication Count": 0.3333333333333333}, "university of tennessee": {"Citation Count": 6.0, "Publication Count": 0.3333333333333333}, "tongji university": {"Citation Count": 5.0, "Publication Count": 0.25}, "university of colorado colorado springs": {"Citation Count": 15.0, "Publication Count": 0.75}, "nanyang technological university": {"Citation Count": 41.0, "Publication Count": 1.6666666666666665}, "seoul national university": {"Citation Count": 9.5, "Publication Count": 0.5}, "pohang university of science and technology": {"Citation Count": 4.75, "Publication Count": 0.25}, "sungkyunkwan university": {"Citation Count": 2.375, "Publication Count": 0.125}, "kaist": {"Citation Count": 2.375, "Publication Count": 0.125}}