{"university of tokyo": {"Citation Count": 3.230769230769231, "Publication Count": 0.07692307692307693}, "fujitsu": {"Citation Count": 6.461538461538462, "Publication Count": 0.15384615384615385}, "university of tsukuba": {"Citation Count": 12.923076923076923, "Publication Count": 0.3076923076923077}, "purdue university": {"Citation Count": 34.25, "Publication Count": 1.75}, "university of alabama in huntsville": {"Citation Count": 1.0, "Publication Count": 0.25}, "eth zurich": {"Citation Count": 1.0, "Publication Count": 0.25}, "kyoto institute of technology": {"Citation Count": 13.75, "Publication Count": 0.125}, "tokyo institute of technology": {"Citation Count": 222.0, "Publication Count": 2.1666666666666665}, "national institute of informatics": {"Citation Count": 38.25, "Publication Count": 0.29166666666666663}, "iac": {"Citation Count": 4.0, "Publication Count": 0.16666666666666666}, "nvidia": {"Citation Count": 51.33333333333333, "Publication Count": 0.8333333333333333}, "harvard university": {"Citation Count": 13.428571428571429, "Publication Count": 0.47619047619047616}, "argonne national laboratory": {"Citation Count": 219.16190476190476, "Publication Count": 5.208608058608059}, "forschungszentrum julich": {"Citation Count": 3.8571428571428568, "Publication Count": 0.14285714285714285}, "brown university": {"Citation Count": 12.214285714285714, "Publication Count": 0.3857142857142857}, "university of tennessee": {"Citation Count": 80.66666666666666, "Publication Count": 2.583333333333333}, "university of california san diego": {"Citation Count": 9.0, "Publication Count": 0.25}, "university of colorado denver": {"Citation Count": 9.0, "Publication Count": 0.5}, "ecole normale superieure de lyon": {"Citation Count": 45.00000000000001, "Publication Count": 1.1}, "king abdullah university of science and technology": {"Citation Count": 17.666666666666664, "Publication Count": 1.3333333333333333}, "stanford university": {"Citation Count": 166.5333333333333, "Publication Count": 1.733333333333333}, "oak ridge national laboratory": {"Citation Count": 16.966666666666665, "Publication Count": 0.8102564102564102}, "google": {"Citation Count": 27.5, "Publication Count": 0.25}, "university of california berkeley": {"Citation Count": 69.0, "Publication Count": 1.5}, "university of virginia": {"Citation Count": 396.6, "Publication Count": 2.2}, "cray": {"Citation Count": 10.733333333333334, "Publication Count": 0.5333333333333333}, "lawrence berkeley national laboratory": {"Citation Count": 302.44047619047615, "Publication Count": 6.73095238095238}, "princeton plasma physics laboratory": {"Citation Count": 11.095238095238095, "Publication Count": 0.38644688644688646}, "d e shaw research": {"Citation Count": 88.0, "Publication Count": 1.0}, "illinois institute of technology": {"Citation Count": 21.6, "Publication Count": 0.6000000000000001}, "wayne state university": {"Citation Count": 22.0, "Publication Count": 0.6666666666666666}, "los alamos national laboratory": {"Citation Count": 11.0, "Publication Count": 0.3333333333333333}, "rutgers university": {"Citation Count": 281.5, "Publication Count": 1.75}, "university of illinois at urbana champaign": {"Citation Count": 185.5, "Publication Count": 4.416666666666666}, "kookmin university": {"Citation Count": 4.428571428571428, "Publication Count": 0.14285714285714285}, "college of william mary": {"Citation Count": 0.8571428571428571, "Publication Count": 0.2857142857142857}, "performance technologies incorporated": {"Citation Count": 0.42857142857142855, "Publication Count": 0.14285714285714285}, "air force research laboratory": {"Citation Count": 0.42857142857142855, "Publication Count": 0.14285714285714285}, "rogers state university": {"Citation Count": 0.42857142857142855, "Publication Count": 0.14285714285714285}, "old dominion university": {"Citation Count": 0.42857142857142855, "Publication Count": 0.14285714285714285}, "sandia national laboratories": {"Citation Count": 128.08333333333334, "Publication Count": 2.362179487179487}, "lawrence livermore national laboratory": {"Citation Count": 62.16666666666667, "Publication Count": 2.25}, "texas a m university": {"Citation Count": 171.25, "Publication Count": 1.25}, "environmental molecular sciences laboratory": {"Citation Count": 3.4000000000000004, "Publication Count": 0.2}, "pacific northwest national laboratory": {"Citation Count": 12.4, "Publication Count": 1.2}, "university of vienna": {"Citation Count": 0.0, "Publication Count": 1.0}, "ibm": {"Citation Count": 228.36666666666665, "Publication Count": 1.511111111111111}, "university of rochester": {"Citation Count": 15.3, "Publication Count": 0.1}, "facebook": {"Citation Count": 21.999999999999996, "Publication Count": 0.9999999999999998}, "university of notre dame": {"Citation Count": 36.5, "Publication Count": 1.25}, "johns hopkins university": {"Citation Count": 9.0, "Publication Count": 1.0}, "north carolina state university": {"Citation Count": 15.0, "Publication Count": 0.38461538461538464}, "new york university": {"Citation Count": 6.0, "Publication Count": 0.15384615384615385}, "japan agency for marine earth science and technology": {"Citation Count": 24.5, "Publication Count": 0.16666666666666666}, "university of toulouse": {"Citation Count": 24.5, "Publication Count": 0.16666666666666666}, "french institute for research in computer science and automation": {"Citation Count": 71.5, "Publication Count": 1.2}, "chinese academy of sciences": {"Citation Count": 47.0, "Publication Count": 1.1666666666666665}, "university of maryland college park": {"Citation Count": 27.0, "Publication Count": 1.0}, "soochow university": {"Citation Count": 1.25, "Publication Count": 0.25}, "national taiwan university": {"Citation Count": 2.5, "Publication Count": 0.5}, "pennsylvania state university": {"Citation Count": 7.0, "Publication Count": 1.0}, "university of innsbruck": {"Citation Count": 1.6, "Publication Count": 0.4}, "university of new mexico": {"Citation Count": 33.33333333333333, "Publication Count": 0.2222222222222222}, "politehnica university of bucharest": {"Citation Count": 9.833333333333332, "Publication Count": 0.16666666666666666}, "national center for supercomputing applications": {"Citation Count": 17.833333333333332, "Publication Count": 0.3333333333333333}, "urbana university": {"Citation Count": 9.833333333333332, "Publication Count": 0.16666666666666666}, "georgia institute of technology": {"Citation Count": 79.67857142857143, "Publication Count": 0.7678571428571428}, "hewlett packard": {"Citation Count": 17.0, "Publication Count": 0.5}, "george washington university": {"Citation Count": 95.0, "Publication Count": 1.0}, "ghent university": {"Citation Count": 412.0, "Publication Count": 1.0}, "university of texas at austin": {"Citation Count": 19.0, "Publication Count": 1.0}, "national center for atmospheric research": {"Citation Count": 10.0, "Publication Count": 0.5}, "auburn university": {"Citation Count": 55.20000000000001, "Publication Count": 0.6000000000000001}, "mellanox technologies": {"Citation Count": 36.800000000000004, "Publication Count": 0.4}, "university of chicago": {"Citation Count": 8.666666666666666, "Publication Count": 0.6666666666666666}, "royal institute of technology": {"Citation Count": 9.200000000000001, "Publication Count": 0.4}, "japan atomic energy agency": {"Citation Count": 2.0, "Publication Count": 0.6666666666666666}, "university of electro communications": {"Citation Count": 1.0, "Publication Count": 0.3333333333333333}, "university of california santa cruz": {"Citation Count": 95.99999999999997, "Publication Count": 0.9999999999999998}, "carnegie mellon university": {"Citation Count": 21.0, "Publication Count": 0.3333333333333333}, "brookhaven national laboratory": {"Citation Count": 21.0, "Publication Count": 1.0}, "intel": {"Citation Count": 5.7142857142857135, "Publication Count": 0.5714285714285714},