{"nagasaki university": {"Citation Count": 53.0, "Publication Count": 1.0}, "university of texas at austin": {"Citation Count": 138.42857142857144, "Publication Count": 1.7142857142857144}, "california institute of technology": {"Citation Count": 25.57142857142857, "Publication Count": 0.2857142857142857}, "rice university": {"Citation Count": 63.285714285714285, "Publication Count": 1.1428571428571428}, "san diego state university": {"Citation Count": 24.25, "Publication Count": 0.25}, "university of southern california": {"Citation Count": 89.47619047619047, "Publication Count": 0.9047619047619047}, "cray": {"Citation Count": 8.083333333333332, "Publication Count": 0.08333333333333333}, "san diego supercomputer center": {"Citation Count": 16.166666666666664, "Publication Count": 0.16666666666666666}, "ohio state university": {"Citation Count": 162.01666666666665, "Publication Count": 3.15}, "university of california san diego": {"Citation Count": 165.08333333333331, "Publication Count": 2.083333333333333}, "harvard university": {"Citation Count": 62.833333333333336, "Publication Count": 1.1666666666666667}, "ecole normale superieure": {"Citation Count": 8.166666666666666, "Publication Count": 0.16666666666666666}, "georgia institute of technology": {"Citation Count": 229.91666666666666, "Publication Count": 2.4166666666666665}, "oak ridge national laboratory": {"Citation Count": 138.20833333333334, "Publication Count": 2.4166666666666665}, "new york university": {"Citation Count": 26.999999999999996, "Publication Count": 0.5}, "eth zurich": {"Citation Count": 2.6666666666666665, "Publication Count": 0.6666666666666666}, "university of tennessee": {"Citation Count": 26.833333333333332, "Publication Count": 1.0833333333333333}, "princeton university": {"Citation Count": 5.333333333333333, "Publication Count": 0.3333333333333333}, "ibm": {"Citation Count": 303.55, "Publication Count": 3.95}, "columbia university": {"Citation Count": 46.71428571428571, "Publication Count": 1.5714285714285714}, "massachusetts institute of technology": {"Citation Count": 19.285714285714285, "Publication Count": 0.42857142857142855}, "pennsylvania state university": {"Citation Count": 111.0, "Publication Count": 1.5}, "university of tokyo": {"Citation Count": 9.333333333333332, "Publication Count": 0.6666666666666666}, "fujitsu": {"Citation Count": 4.666666666666666, "Publication Count": 0.3333333333333333}, "intel": {"Citation Count": 429.0, "Publication Count": 2.0}, "tokyo institute of technology": {"Citation Count": 106.0, "Publication Count": 1.0}, "hewlett packard": {"Citation Count": 74.5, "Publication Count": 0.625}, "purdue university": {"Citation Count": 261.57142857142856, "Publication Count": 3.142857142857143}, "lawrence berkeley national laboratory": {"Citation Count": 52.0, "Publication Count": 1.0}, "lawrence livermore national laboratory": {"Citation Count": 460.5, "Publication Count": 1.8333333333333333}, "university of illinois at urbana champaign": {"Citation Count": 112.46666666666667, "Publication Count": 1.1333333333333333}, "indiana university": {"Citation Count": 103.33333333333333, "Publication Count": 0.6666666666666666}, "texas a m university": {"Citation Count": 82.0, "Publication Count": 0.6666666666666666}, "virginia tech": {"Citation Count": 19.75, "Publication Count": 1.25}, "louisiana state university": {"Citation Count": 12.8, "Publication Count": 0.2}, "french institute for research in computer science and automation": {"Citation Count": 12.8, "Publication Count": 0.2}, "indian institute of science": {"Citation Count": 16.0, "Publication Count": 1.0}, "university of florida": {"Citation Count": 7.8, "Publication Count": 0.6}, "san antonio college": {"Citation Count": 5.2, "Publication Count": 0.4}, "argonne national laboratory": {"Citation Count": 39.0, "Publication Count": 1.0}, "wayne state university": {"Citation Count": 36.666666666666664, "Publication Count": 0.6666666666666666}, "los alamos national laboratory": {"Citation Count": 18.333333333333332, "Publication Count": 0.3333333333333333}, "university of utah": {"Citation Count": 35.5, "Publication Count": 0.5}, "johns hopkins university": {"Citation Count": 9.428571428571429, "Publication Count": 0.8571428571428571}, "norwegian university of science and technology": {"Citation Count": 1.0, "Publication Count": 1.0}, "north carolina state university": {"Citation Count": 8.375, "Publication Count": 0.125}, "carnegie mellon university": {"Citation Count": 14.0, "Publication Count": 1.0}, "university of washington": {"Citation Count": 15.200000000000001, "Publication Count": 0.2}, "university of british columbia": {"Citation Count": 35.0, "Publication Count": 1.0}, "sandia national laboratories": {"Citation Count": 5.666666666666666, "Publication Count": 0.3333333333333333}, "washington state university vancouver": {"Citation Count": 12.666666666666666, "Publication Count": 0.3333333333333333}, "information sciences institute": {"Citation Count": 14.285714285714285, "Publication Count": 0.14285714285714285}, "southern california earthquake center": {"Citation Count": 14.285714285714285, "Publication Count": 0.14285714285714285}, "thomas jefferson national accelerator facility": {"Citation Count": 22.0, "Publication Count": 0.3333333333333333}, "boston university": {"Citation Count": 22.0, "Publication Count": 0.3333333333333333}, "university of virginia": {"Citation Count": 30.0, "Publication Count": 1.0}, "uppsala university": {"Citation Count": 36.0, "Publication Count": 1.0}}