{"eth zurich": {"Citation Count": 158.7166666666667, "Publication Count": 7.783333333333333}, "oak ridge national laboratory": {"Citation Count": 17.400000000000002, "Publication Count": 1.7166666666666668}, "university of michigan": {"Citation Count": 10.0, "Publication Count": 0.75}, "los alamos national laboratory": {"Citation Count": 14.266666666666666, "Publication Count": 0.7}, "nvidia": {"Citation Count": 21.985423858841582, "Publication Count": 2.216858457997698}, "huazhong university of science and technology": {"Citation Count": 11.0, "Publication Count": 1.4642857142857144}, "national university of singapore": {"Citation Count": 1.0, "Publication Count": 0.125}, "university of warwick": {"Citation Count": 1.0, "Publication Count": 0.125}, "north carolina state university": {"Citation Count": 9.999999999999998, "Publication Count": 1.3333333333333333}, "bosch": {"Citation Count": 0.3333333333333333, "Publication Count": 0.3333333333333333}, "texas tech university": {"Citation Count": 3.5999999999999996, "Publication Count": 0.6}, "lawrence berkeley national laboratory": {"Citation Count": 32.898217468805704, "Publication Count": 3.799197860962567}, "new york university": {"Citation Count": 7.752941176470589, "Publication Count": 0.8588235294117648}, "university of colorado boulder": {"Citation Count": 1.6, "Publication Count": 0.2}, "university of california": {"Citation Count": 27.723809523809525, "Publication Count": 2.795238095238095}, "georgia institute of technology": {"Citation Count": 17.116666666666667, "Publication Count": 2.6166666666666667}, "ibm": {"Citation Count": 11.842827004219409, "Publication Count": 0.8364978902953586}, "university of california berkeley": {"Citation Count": 19.5, "Publication Count": 0.5}, "google": {"Citation Count": 31.533333333333335, "Publication Count": 1.7}, "university of california los angeles": {"Citation Count": 6.5, "Publication Count": 0.16666666666666666}, "university of illinois at urbana champaign": {"Citation Count": 18.299879445449065, "Publication Count": 1.5245629897528632}, "lawrence livermore national laboratory": {"Citation Count": 60.240400843881844, "Publication Count": 3.8745780590717303}, "microsoft": {"Citation Count": 9.200000000000001, "Publication Count": 0.2}, "institute of science and technology austria": {"Citation Count": 18.400000000000002, "Publication Count": 0.4}, "tsinghua university": {"Citation Count": 2.8571428571428568, "Publication Count": 0.5714285714285714}, "qatar computing research institute": {"Citation Count": 1.4285714285714284, "Publication Count": 0.2857142857142857}, "emory university": {"Citation Count": 2.7142857142857144, "Publication Count": 0.39285714285714285}, "university of nevada reno": {"Citation Count": 6.666666666666667, "Publication Count": 0.8333333333333334}, "university of southern california": {"Citation Count": 16.0, "Publication Count": 1.0}, "kaist": {"Citation Count": 1.2000000000000002, "Publication Count": 0.2}, "hewlett packard": {"Citation Count": 4.95, "Publication Count": 0.575}, "university of pisa": {"Citation Count": 5.0, "Publication Count": 0.3333333333333333}, "florida state university": {"Citation Count": 6.4, "Publication Count": 0.8}, "koc university": {"Citation Count": 5.0, "Publication Count": 1.0}, "college of william mary": {"Citation Count": 10.75, "Publication Count": 1.75}, "university of maryland college park": {"Citation Count": 5.0, "Publication Count": 1.0}, "university of wisconsin madison": {"Citation Count": 7.0, "Publication Count": 1.0}, "purdue university": {"Citation Count": 3.8666666666666667, "Publication Count": 1.0666666666666667}, "indian institutes of technology": {"Citation Count": 0.3333333333333333, "Publication Count": 0.3333333333333333}, "chinese academy of sciences": {"Citation Count": 10.666666666666666, "Publication Count": 1.6666666666666665}, "university of tennessee": {"Citation Count": 33.2, "Publication Count": 1.8}, "university of manchester": {"Citation Count": 4.800000000000001, "Publication Count": 0.2}, "university of chicago": {"Citation Count": 19.142857142857142, "Publication Count": 1.4285714285714286}, "university of british columbia": {"Citation Count": 27.308823529411764, "Publication Count": 0.9264705882352942}, "university of oxford": {"Citation Count": 4.058823529411765, "Publication Count": 0.17647058823529413}, "university of liege": {"Citation Count": 1.3529411764705883, "Publication Count": 0.058823529411764705}, "intel": {"Citation Count": 6.764705882352941, "Publication Count": 0.29411764705882354}, "cern": {"Citation Count": 1.3529411764705883, "Publication Count": 0.058823529411764705}, "technische universitat munchen": {"Citation Count": 24.037974683544306, "Publication Count": 2.0126582278481013}, "auburn university": {"Citation Count": 3.833333333333333, "Publication Count": 0.16666666666666666}, "pacific northwest national laboratory": {"Citation Count": 14.371308016877638, "Publication Count": 0.8459915611814346}, "argonne national laboratory": {"Citation Count": 55.98571428571428, "Publication Count": 3.0214285714285714}, "university of alabama": {"Citation Count": 2.2857142857142856, "Publication Count": 0.14285714285714285}, "duke university": {"Citation Count": 7.6, "Publication Count": 0.5666666666666667}, "universidade do estado de santa catarina": {"Citation Count": 0.8, "Publication Count": 0.2}, "university of texas at austin": {"Citation Count": 34.0, "Publication Count": 2.0833333333333335}, "boston university": {"Citation Count": 30.25, "Publication Count": 1.375}, "tokyo institute of technology": {"Citation Count": 7.05, "Publication Count": 0.825}, "columbia university": {"Citation Count": 6.545454545454545, "Publication Count": 0.5454545454545454}, "massachusetts institute of technology": {"Citation Count": 1.0909090909090908, "Publication Count": 0.09090909090909091}, "cray": {"Citation Count": 6.633333333333334, "Publication Count": 0.5166666666666667}, "rice university": {"Citation Count": 6.0, "Publication Count": 1.0}, "ohio state university": {"Citation Count": 11.857142857142858, "Publication Count": 1.7857142857142856}, "slac national accelerator laboratory": {"Citation Count": 0.75, "Publication Count": 0.25}, "stanford university": {"Citation Count": 2.25, "Publication Count": 0.75}, "tel aviv university": {"Citation Count": 0.5, "Publication Count": 0.25}, "university of tokyo": {"Citation Count": 10.0, "Publication Count": 1.0}, "national technical university of athens": {"Citation Count": 8.0, "Publication Count": 1.0}, "university of utah": {"Citation Count": 14.123809523809523, "Publication Count": 1.3523809523809525}, "bilkent university": {"Citation Count": 0.0, "Publication Count": 0.5}, "brookhaven national laboratory": {"Citation Count": 5.5, "Publication Count": 0.5}, "stony brook university": {"Citation Count": 5.5, "Publication Count": 0.5}, "facebook": {"Citation Count": 2.8000000000000003, "Publication Count": 0.2}, "national institute of advanced industrial science and technology": {"Citation Count": 6.2, "Publication Count": 1.8}, "sandia national laboratories": {"Citation Count": 15.166666666666668, "Publication Count": 1.5833333333333335}, "technical university of ostrava": {"Citation Count": 4.05, "Publication Count": 0.35}, "san jose state university": {"Citation Count": 0.9583333333333333, "Publication Count": 0.041666666666666664}, "kent state university": {"Citation Count": 0.75, "Publication Count": 0.25}, "university of erlangen nuremberg": {"Citation Count": 6.222222222222222, "Publication Count": 0.7777777777777778}, "karlsruhe institute of technology": {"Citation Count": 1.7777777777777777, "Publication Count": 0.2222222222222222}, "graz university of technology": {"Citation Count": 1.5, "Publication Count": 0.5}, "iowa state university": {"Citation Count": 4.0, "Publication Count": 0.5}, "university of oregon": {"Citation Count": 2.2222222222222223, "Publication Count": 0.1111111111111111},