{"chinese academy of sciences": {"Citation Count": 4.214285714285714, "Publication Count": 0.8095238095238095}, "anhui university": {"Citation Count": 2.0, "Publication Count": 0.5}, "arizona state university": {"Citation Count": 94.0952380952381, "Publication Count": 1.8095238095238093}, "microsoft": {"Citation Count": 6.733333333333333, "Publication Count": 0.7833333333333333}, "michigan state university": {"Citation Count": 10.0, "Publication Count": 2.0}, "royal institute of technology": {"Citation Count": 1.6666666666666665, "Publication Count": 0.3333333333333333}, "jonkoping university": {"Citation Count": 1.6666666666666665, "Publication Count": 0.3333333333333333}, "information technology university": {"Citation Count": 1.6666666666666665, "Publication Count": 0.3333333333333333}, "ibm": {"Citation Count": 2.3333333333333335, "Publication Count": 1.6333333333333333}, "university of michigan": {"Citation Count": 2.566666666666667, "Publication Count": 0.5666666666666667}, "university of texas at austin": {"Citation Count": 0.5, "Publication Count": 0.6666666666666666}, "shanghai jiao tong university": {"Citation Count": 0.16666666666666666, "Publication Count": 0.16666666666666666}, "university of rochester": {"Citation Count": 0.16666666666666666, "Publication Count": 0.16666666666666666}, "university of illinois at urbana champaign": {"Citation Count": 2.2666666666666666, "Publication Count": 1.4666666666666668}, "georgia institute of technology": {"Citation Count": 0.4, "Publication Count": 0.2}, "nanyang technological university": {"Citation Count": 8.0, "Publication Count": 1.0}, "university of minnesota": {"Citation Count": 50.2, "Publication Count": 2.75}, "kyoto university": {"Citation Count": 0.3333333333333333, "Publication Count": 0.3333333333333333}, "hokkaido university": {"Citation Count": 0.3333333333333333, "Publication Count": 0.3333333333333333}, "nara institute of science and technology": {"Citation Count": 0.3333333333333333, "Publication Count": 0.3333333333333333}, "texas southern university": {"Citation Count": 2.0, "Publication Count": 0.2}, "nec": {"Citation Count": 10.0, "Publication Count": 2.088888888888889}, "new jersey institute of technology": {"Citation Count": 4.0, "Publication Count": 0.4}, "university of houston": {"Citation Count": 2.0, "Publication Count": 0.2}, "worcester polytechnic institute": {"Citation Count": 5.428571428571429, "Publication Count": 1.2857142857142856}, "tsinghua university": {"Citation Count": 40.125, "Publication Count": 1.5416666666666667}, "george mason university": {"Citation Count": 4.5, "Publication Count": 1.1666666666666667}, "alibaba group": {"Citation Count": 2.0, "Publication Count": 0.8333333333333333}, "baidu": {"Citation Count": 12.5, "Publication Count": 2.75}, "university of florida": {"Citation Count": 1.0, "Publication Count": 1.0}, "national institute of informatics": {"Citation Count": 8.8, "Publication Count": 0.4}, "chulalongkorn university": {"Citation Count": 4.4, "Publication Count": 0.2}, "university of novi sad": {"Citation Count": 4.4, "Publication Count": 0.2}, "university of massachusetts amherst": {"Citation Count": 4.0, "Publication Count": 1.0}, "max planck society": {"Citation Count": 9.5, "Publication Count": 1.5}, "university of melbourne": {"Citation Count": 3.875, "Publication Count": 1.625}, "university of toronto": {"Citation Count": 0.0, "Publication Count": 0.5}, "beijing university of posts and telecommunications": {"Citation Count": 0.0, "Publication Count": 0.5}, "leibniz university of hanover": {"Citation Count": 0.6666666666666666, "Publication Count": 0.6666666666666666}, "wayne state university": {"Citation Count": 0.3333333333333333, "Publication Count": 0.3333333333333333}, "east china normal university": {"Citation Count": 0.0, "Publication Count": 0.75}, "united states army research laboratory": {"Citation Count": 0.3333333333333333, "Publication Count": 0.3333333333333333}, "virginia tech": {"Citation Count": 21.200000000000003, "Publication Count": 1.65}, "university of california davis": {"Citation Count": 1.25, "Publication Count": 0.25}, "university of british columbia": {"Citation Count": 2.5, "Publication Count": 0.5}, "university of california los angeles": {"Citation Count": 2.138888888888889, "Publication Count": 0.3611111111111111}, "nanjing university of aeronautics and astronautics": {"Citation Count": 0.0, "Publication Count": 0.3333333333333333}, "nanjing university": {"Citation Count": 0.0, "Publication Count": 0.6666666666666666}, "illinois institute of technology": {"Citation Count": 6.0, "Publication Count": 1.0}, "tinbergen institute": {"Citation Count": 0.25, "Publication Count": 0.25}, "university of amsterdam": {"Citation Count": 0.5, "Publication Count": 0.5}, "leiden university": {"Citation Count": 0.25, "Publication Count": 0.25}, "university at albany suny": {"Citation Count": 2.0, "Publication Count": 1.0}, "indian institute of technology madras": {"Citation Count": 0.6666666666666666, "Publication Count": 0.3333333333333333}, "indian institutes of technology": {"Citation Count": 0.6666666666666666, "Publication Count": 0.3333333333333333}, "universite de montreal": {"Citation Count": 0.6666666666666666, "Publication Count": 0.3333333333333333}, "temple university": {"Citation Count": 1.6, "Publication Count": 1.8}, "colorado school of mines": {"Citation Count": 2.25, "Publication Count": 0.75}, "victoria university australia": {"Citation Count": 0.75, "Publication Count": 0.25}, "university of washington": {"Citation Count": 3.0, "Publication Count": 1.0}, "university of maryland college park": {"Citation Count": 0.0, "Publication Count": 0.3333333333333333}, "los alamos national laboratory": {"Citation Count": 0.0, "Publication Count": 0.6666666666666666}, "penn state cancer institute": {"Citation Count": 0.4444444444444444, "Publication Count": 0.05555555555555555}, "penn state college of information sciences and technology": {"Citation Count": 0.4444444444444444, "Publication Count": 0.05555555555555555}, "pennsylvania state university": {"Citation Count": 2.2222222222222223, "Publication Count": 0.2222222222222222}, "southwest university": {"Citation Count": 6.0, "Publication Count": 0.6666666666666666}, "harbin institute of technology": {"Citation Count": 1.5, "Publication Count": 0.16666666666666666}, "northeastern university": {"Citation Count": 0.0, "Publication Count": 0.6666666666666666}, "oregon health science university": {"Citation Count": 0.0, "Publication Count": 0.3333333333333333}, "university of pittsburgh": {"Citation Count": 2.0, "Publication Count": 1.0}, "university of helsinki": {"Citation Count": 1.0, "Publication Count": 1.0}, "tokyo institute of technology": {"Citation Count": 7.0, "Publication Count": 1.0}, "verizon communications": {"Citation Count": 0.0, "Publication Count": 0.3333333333333333}, "yahoo": {"Citation Count": 0.0, "Publication Count": 0.3333333333333333}, "university at buffalo": {"Citation Count": 5.0, "Publication Count": 0.8333333333333334}, "carnegie mellon university": {"Citation Count": 14.0, "Publication Count": 2.5}, "university of georgia": {"Citation Count": 1.8, "Publication Count": 0.2}, "information sciences institute": {"Citation Count": 2.4000000000000004, "Publication Count": 0.4}, "facebook": {"Citation Count": 1.2000000000000002, "Publication Count": 0.2}, "deakin university": {"Citation Count": 4.0, "Publication Count": 1.0}, "united states geological survey": {"Citation Count": 34.800000000000004, "Publication Count": 0.4}, "xi an jiaotong university": {"Citation Count": 7.5, "Publication Count": 0.8333333333333334}, "hewlett packard": {"Citation Count": 1.5, "Publication Count": 0.16666666666666666}, "cornell university": {"Citation Count": 5.0, "Publication Count": 1.0}, "central china normal university": {"Citation Count": 1.0, "Publication Count": 0.25}, "peking university": {"Citation Count": 1.0,