{"University of Virginia": {"Citation Count": 11.666666666666666, "Publication Count": 0.3333333333333333}, "Microsoft (United States)": {"Citation Count": 112.41666666666666, "Publication Count": 5.499999999999999}, "Cornell University": {"Citation Count": 81.66666666666666, "Publication Count": 4.0}, "Stanford University": {"Citation Count": 34.666666666666664, "Publication Count": 1.3333333333333333}, "University of Hong Kong , Pokfulam, Hong Kong": {"Citation Count": 18.666666666666664, "Publication Count": 0.3333333333333333}, "Microsoft (Israel)": {"Citation Count": 9.333333333333332, "Publication Count": 0.16666666666666666}, "Tel Aviv University": {"Citation Count": 36.86666666666667, "Publication Count": 1.5666666666666664}, "CMU, pittsburgh, PA, USA#TAB#": {"Citation Count": 55.0, "Publication Count": 1.0}, "[EBay Research Laboratories, San Jose, CA, USA]": {"Citation Count": 5.333333333333333, "Publication Count": 0.6666666666666666}, "eBay Data Labs, San Jose, CA, USA#TAB#": {"Citation Count": 2.6666666666666665, "Publication Count": 0.3333333333333333}, "Group for Research in Decision Analysis": {"Citation Count": 0.8333333333333333, "Publication Count": 0.16666666666666666}, "McGill University": {"Citation Count": 2.5, "Publication Count": 0.5}, "\u00c9cole des Neurosciences de Paris": {"Citation Count": 0.8333333333333333, "Publication Count": 0.16666666666666666}, "\u00c9cole Normale Sup\u00e9rieure - PSL": {"Citation Count": 0.8333333333333333, "Publication Count": 0.16666666666666666}, "Hebrew University of Jerusalem": {"Citation Count": 0.6666666666666666, "Publication Count": 0.3333333333333333}, "Harvard University Press": {"Citation Count": 13.5, "Publication Count": 1.9166666666666665}, "Technion \u2013 Israel Institute of Technology": {"Citation Count": 0.6666666666666666, "Publication Count": 0.3333333333333333}, "Seffi": {"Citation Count": 46.0, "Publication Count": 2.0}, "Google (United States)": {"Citation Count": 20.333333333333332, "Publication Count": 1.6666666666666665}, "University of Maryland, College Park,MD,USA.": {"Citation Count": 0.6666666666666666, "Publication Count": 0.3333333333333333}, "University of Maryland, College Park": {"Citation Count": 9.0, "Publication Count": 0.3333333333333333}, "London School of Economics and Political Science": {"Citation Count": 9.333333333333332, "Publication Count": 0.8333333333333333}, "Max Planck Institute for Informatics": {"Citation Count": 12.933333333333332, "Publication Count": 1.8666666666666665}, "University of Pennsylvania": {"Citation Count": 13.0, "Publication Count": 1.75}, "Carnegie Mellon University": {"Citation Count": 58.166666666666664, "Publication Count": 2.833333333333333}, "Princeton University": {"Citation Count": 48.0, "Publication Count": 0.75}, "Nanyang Technological University": {"Citation Count": 2.0, "Publication Count": 0.3333333333333333}, "Microsoft Research Asia (China)": {"Citation Count": 6.0, "Publication Count": 0.8333333333333333}, "UC Berkeley, BERKELEY, CA, USA": {"Citation Count": 42.0, "Publication Count": 0.5}, "Shanghai Jiao Tong University": {"Citation Count": 4.0, "Publication Count": 0.5}, "RWTH Aachen University": {"Citation Count": 1.2000000000000002, "Publication Count": 0.4}, "IIT@MIT": {"Citation Count": 3.6666666666666665, "Publication Count": 0.3333333333333333}, "Princeton, Princeton, NJ, USA#TAB#": {"Citation Count": 3.6666666666666665, "Publication Count": 0.3333333333333333}, "Columbia University": {"Citation Count": 2.75, "Publication Count": 0.25}, "The University of Texas at Austin": {"Citation Count": 10.5, "Publication Count": 0.5}, "Meta (United States)": {"Citation Count": 5.25, "Publication Count": 0.25}, "Menlo School": {"Citation Count": 5.25, "Publication Count": 0.25}, "Harvard University": {"Citation Count": 4.5, "Publication Count": 0.5}, "The Edgbaston Hospital": {"Citation Count": 3.75, "Publication Count": 0.375}, "University of Birmingham": {"Citation Count": 3.75, "Publication Count": 0.375}, "University of Bonn": {"Citation Count": 2.5, "Publication Count": 0.25}, "Toyota Technological Institute at Chicago": {"Citation Count": 2.6666666666666665, "Publication Count": 0.3333333333333333}, "University of Michigan\u2013Ann Arbor": {"Citation Count": 3.75, "Publication Count": 0.25}, "Harvard, Cambridge, MA, USA#TAB#": {"Citation Count": 3.75, "Publication Count": 0.25}, "UCLA Health": {"Citation Count": 3.75, "Publication Count": 0.25}, "Harvard, Cambrdige, MA, USA#TAB#": {"Citation Count": 3.75, "Publication Count": 0.25}, "University of Washington": {"Citation Count": 6.0, "Publication Count": 0.6666666666666666}, "Rensselaer Polytechnic Institute": {"Citation Count": 10.0, "Publication Count": 1.0}, "International Computer Science Institute": {"Citation Count": 6.333333333333333, "Publication Count": 0.3333333333333333}, "University of California, Berkeley": {"Citation Count": 17.75, "Publication Count": 0.7499999999999999}, "Microsoft Research (India)": {"Citation Count": 1.0, "Publication Count": 0.5}, "Microsoft Research Herzliya Israel": {"Citation Count": 1.0, "Publication Count": 0.3333333333333333}, "Microsoft Res., Beijing, China": {"Citation Count": 8.75, "Publication Count": 0.25}, "Tsinghua University": {"Citation Count": 17.5, "Publication Count": 0.5}, "Berkeley College": {"Citation Count": 2.6666666666666665, "Publication Count": 0.16666666666666666}}