{"centre national de la recherche scientifique": {"Citation Count": 0.3333333333333333, "Publication Count": 0.6666666666666666}, "new jersey institute of technology": {"Citation Count": 0.6666666666666666, "Publication Count": 0.6666666666666666}, "massachusetts institute of technology": {"Citation Count": 36.66666666666667, "Publication Count": 7.583333333333334}, "tsinghua university": {"Citation Count": 2.3, "Publication Count": 1.95}, "hong kong polytechnic university": {"Citation Count": 0.3333333333333333, "Publication Count": 0.3333333333333333}, "university of hong kong": {"Citation Count": 1.0666666666666667, "Publication Count": 1.45}, "university of illinois at urbana champaign": {"Citation Count": 5.800000000000001, "Publication Count": 1.7333333333333334}, "university of california berkeley": {"Citation Count": 4.466666666666667, "Publication Count": 2.4444444444444446}, "university of california irvine": {"Citation Count": 0.0, "Publication Count": 0.6666666666666666}, "microsoft": {"Citation Count": 27.961904761904762, "Publication Count": 11.484126984126984}, "eth zurich": {"Citation Count": 4.142857142857142, "Publication Count": 2.142857142857143}, "university of chicago": {"Citation Count": 1.0, "Publication Count": 3.25}, "technische universitat darmstadt": {"Citation Count": 5.822222222222223, "Publication Count": 2.961111111111111}, "university of sydney": {"Citation Count": 1.2, "Publication Count": 1.0333333333333332}, "amazon com": {"Citation Count": 12.571428571428571, "Publication Count": 2.1547619047619047}, "carnegie mellon university": {"Citation Count": 3.225, "Publication Count": 1.925}, "university of british columbia": {"Citation Count": 1.0, "Publication Count": 1.6666666666666667}, "rice university": {"Citation Count": 0.0, "Publication Count": 1.0}, "university of washington": {"Citation Count": 5.7555555555555555, "Publication Count": 4.977777777777778}, "duke university": {"Citation Count": 4.166666666666666, "Publication Count": 2.75}, "university of california santa cruz": {"Citation Count": 0.5, "Publication Count": 0.16666666666666666}, "university of massachusetts amherst": {"Citation Count": 0.6666666666666666, "Publication Count": 1.4666666666666668}, "new york university abu dhabi": {"Citation Count": 0.0, "Publication Count": 0.2}, "alibaba group": {"Citation Count": 6.507936507936508, "Publication Count": 2.852380952380952}, "shanghai jiao tong university": {"Citation Count": 0.5555555555555556, "Publication Count": 0.1111111111111111}, "ibm": {"Citation Count": 7.0, "Publication Count": 2.5}, "university of california san diego": {"Citation Count": 4.0, "Publication Count": 3.0}, "tencent": {"Citation Count": 1.4285714285714286, "Publication Count": 0.7142857142857143}, "university of alberta": {"Citation Count": 0.5714285714285714, "Publication Count": 0.2857142857142857}, "tel aviv university": {"Citation Count": 3.75, "Publication Count": 3.083333333333333}, "university of pennsylvania": {"Citation Count": 6.0, "Publication Count": 2.0}, "new york university": {"Citation Count": 4.0, "Publication Count": 2.5}, "university of waterloo": {"Citation Count": 4.5, "Publication Count": 2.583333333333333}, "hanyang university": {"Citation Count": 0.0, "Publication Count": 1.0}, "brown university": {"Citation Count": 3.772222222222222, "Publication Count": 2.677777777777778}, "national university of singapore": {"Citation Count": 7.976190476190476, "Publication Count": 3.738095238095238}, "zhejiang university": {"Citation Count": 6.6190476190476195, "Publication Count": 1.4095238095238094}, "beijing institute of technology": {"Citation Count": 0.6190476190476191, "Publication Count": 0.5095238095238095}, "harvard university": {"Citation Count": 10.0, "Publication Count": 2.333333333333333}, "university of edinburgh": {"Citation Count": 1.7777777777777777, "Publication Count": 1.5277777777777777}, "university of twente": {"Citation Count": 0.0, "Publication Count": 0.3333333333333333}, "center for information technology": {"Citation Count": 0.0, "Publication Count": 0.3333333333333333}, "eindhoven university of technology": {"Citation Count": 3.6, "Publication Count": 0.4}, "purdue university": {"Citation Count": 8.399999999999999, "Publication Count": 2.6}, "university of utah": {"Citation Count": 0.8, "Publication Count": 1.4}, "renmin university of china": {"Citation Count": 0.5, "Publication Count": 1.3}, "york university": {"Citation Count": 0.0, "Publication Count": 0.42857142857142855}, "university of toronto": {"Citation Count": 2.4000000000000004, "Publication Count": 0.5428571428571429}, "wilfrid laurier university": {"Citation Count": 0.0, "Publication Count": 0.14285714285714285}, "yantai university": {"Citation Count": 0.0, "Publication Count": 0.14285714285714285}, "telecom paristech": {"Citation Count": 0.5, "Publication Count": 0.25}, "french institute for research in computer science and automation": {"Citation Count": 1.7222222222222223, "Publication Count": 0.8611111111111112}, "huazhong university of science and technology": {"Citation Count": 0.0, "Publication Count": 1.0}, "beihang university": {"Citation Count": 0.4444444444444444, "Publication Count": 0.2777777777777778}, "university of manchester": {"Citation Count": 0.0, "Publication Count": 0.4}, "oracle corporation": {"Citation Count": 0.0, "Publication Count": 0.6}, "ecole polytechnique federale de lausanne": {"Citation Count": 2.0, "Publication Count": 1.4166666666666665}, "facebook": {"Citation Count": 1.0, "Publication Count": 0.3333333333333333}, "university of auckland": {"Citation Count": 0.6666666666666666, "Publication Count": 0.8333333333333333}, "clausthal university of technology": {"Citation Count": 0.3333333333333333, "Publication Count": 0.3333333333333333}, "simon fraser university": {"Citation Count": 1.2, "Publication Count": 1.1}, "cornell university": {"Citation Count": 0.4, "Publication Count": 0.2}, "university of wisconsin madison": {"Citation Count": 3.6666666666666665, "Publication Count": 2.25}, "university of jena": {"Citation Count": 0.0, "Publication Count": 0.6666666666666666}, "technische universitat munchen": {"Citation Count": 0.0, "Publication Count": 2.1666666666666665}, "boston university": {"Citation Count": 1.0, "Publication Count": 1.0}, "fudan university": {"Citation Count": 0.0, "Publication Count": 1.0}, "centrum wiskunde informatica": {"Citation Count": 0.0, "Publication Count": 0.16666666666666666}, "georgia institute of technology": {"Citation Count": 7.25, "Publication Count": 2.8833333333333333}, "arizona state university": {"Citation Count": 5.25, "Publication Count": 0.5833333333333334}, "intel": {"Citation Count": 0.4, "Publication Count": 0.2}, "university of michigan": {"Citation Count": 9.0, "Publication Count": 2.833333333333333}, "university of texas at arlington": {"Citation Count": 10.2, "Publication Count": 1.2}, "qatar airways": {"Citation Count": 5.733333333333333, "Publication Count": 0.7333333333333334}, "university of new south wales": {"Citation Count": 1.0238095238095237, "Publication Count": 1.6619047619047622}, "singapore management university": {"Citation Count": 0.5, "Publication Count": 0.16666666666666666}, "hong kong university of science and technology": {"Citation Count": 0.39285714285714285, "Publication Count": 3.526190476190476}, "nanyang technological university": {"Citation Count": 3.2666666666666666, "Publication Count": 2.3666666666666667}, "pohang university of science and technology": {"Citation Count": 0.0, "Publication Count": 0.8333333333333334}, "lawrence livermore national laboratory": {"Citation Count": 1.0, "Publication Count": 0.5}, "northwestern polytechnical university": {"Citation Count": 3.2, "Publication Count": 0.8}, "university of warwick": {"Citation Count": 0.0, "Publication Count": 0.3333333333333333}, "bilkent university": {"Citation Count": 0.0, "Publication Count": 0.3333333333333333},