{"university of massachusetts amherst": {"Citation Count": 52.61904761904762, "Publication Count": 2.380952380952381}, "roma tre university": {"Citation Count": 5.6, "Publication Count": 0.85}, "at t labs": {"Citation Count": 52.86666666666666, "Publication Count": 2.45}, "facebook": {"Citation Count": 26.888888888888886, "Publication Count": 0.1111111111111111}, "johnson controls": {"Citation Count": 26.888888888888886, "Publication Count": 0.1111111111111111}, "walmart labs": {"Citation Count": 80.66666666666666, "Publication Count": 0.3333333333333333}, "university of wisconsin madison": {"Citation Count": 115.84126984126982, "Publication Count": 0.5873015873015872}, "microsoft": {"Citation Count": 161.41666666666666, "Publication Count": 6.666666666666667}, "university of washington": {"Citation Count": 55.0, "Publication Count": 3.0}, "renmin university of china": {"Citation Count": 26.166666666666664, "Publication Count": 0.8333333333333333}, "zhejiang university": {"Citation Count": 2.0, "Publication Count": 0.16666666666666666}, "national university of singapore": {"Citation Count": 32.76190476190476, "Publication Count": 2.892857142857143}, "university health system": {"Citation Count": 2.0, "Publication Count": 0.16666666666666666}, "beijing institute of technology": {"Citation Count": 8.428571428571427, "Publication Count": 0.30952380952380953}, "federal university of pernambuco": {"Citation Count": 0.2, "Publication Count": 0.2}, "oregon state university": {"Citation Count": 10.466666666666667, "Publication Count": 1.1333333333333333}, "university of california san diego": {"Citation Count": 2.2, "Publication Count": 0.2}, "university of pennsylvania": {"Citation Count": 9.0, "Publication Count": 0.75}, "university of padua": {"Citation Count": 3.0, "Publication Count": 0.25}, "duke university": {"Citation Count": 20.28571428571429, "Publication Count": 2.571428571428571}, "colgate university": {"Citation Count": 6.142857142857142, "Publication Count": 0.2857142857142857}, "university of warwick": {"Citation Count": 46.666666666666664, "Publication Count": 0.6666666666666666}, "hong kong baptist university": {"Citation Count": 8.9, "Publication Count": 0.7}, "hong kong polytechnic university": {"Citation Count": 7.5, "Publication Count": 0.5}, "university of waterloo": {"Citation Count": 50.99999999999999, "Publication Count": 3.6666666666666665}, "university of chicago": {"Citation Count": 5.5, "Publication Count": 1.1666666666666665}, "qatar computing research institute": {"Citation Count": 16.5, "Publication Count": 0.7}, "massachusetts institute of technology": {"Citation Count": 135.3, "Publication Count": 2.45}, "university of illinois at urbana champaign": {"Citation Count": 25.5, "Publication Count": 1.8333333333333335}, "universite du quebec": {"Citation Count": 13.333333333333332, "Publication Count": 0.3333333333333333}, "oak ridge national laboratory": {"Citation Count": 13.333333333333332, "Publication Count": 0.3333333333333333}, "saarland university": {"Citation Count": 14.0, "Publication Count": 1.0}, "university of copenhagen": {"Citation Count": 14.0, "Publication Count": 1.0}, "purdue university": {"Citation Count": 40.2, "Publication Count": 1.8}, "carnegie mellon university": {"Citation Count": 151.0, "Publication Count": 2.2857142857142856}, "technische universitat munchen": {"Citation Count": 73.27301587301588, "Publication Count": 1.9301587301587302}, "intel": {"Citation Count": 15.428571428571427, "Publication Count": 0.2857142857142857}, "hewlett packard": {"Citation Count": 9.142857142857142, "Publication Count": 0.14285714285714285}, "university of british columbia": {"Citation Count": 10.666666666666666, "Publication Count": 0.3333333333333333}, "dresden university of technology": {"Citation Count": 23.42857142857143, "Publication Count": 3.142857142857143}, "university of oxford": {"Citation Count": 29.0, "Publication Count": 1.0}, "university of edinburgh": {"Citation Count": 139.16666666666666, "Publication Count": 1.8333333333333333}, "tianjin university": {"Citation Count": 2.5, "Publication Count": 0.25}, "beihang university": {"Citation Count": 49.33333333333333, "Publication Count": 1.9166666666666665}, "pohang university of science and technology": {"Citation Count": 58.75, "Publication Count": 1.75}, "oracle corporation": {"Citation Count": 25.67857142857143, "Publication Count": 1.3928571428571428}, "harbin institute of technology": {"Citation Count": 5.5, "Publication Count": 0.25}, "king abdullah university of science and technology": {"Citation Count": 6.333333333333333, "Publication Count": 0.16666666666666666}, "university of queensland": {"Citation Count": 15.333333333333332, "Publication Count": 1.1666666666666665}, "sun yat sen university": {"Citation Count": 19.285714285714285, "Publication Count": 0.42857142857142855}, "the chinese university of hong kong": {"Citation Count": 43.76190476190476, "Publication Count": 3.142857142857143}, "university of technology sydney": {"Citation Count": 21.928571428571427, "Publication Count": 0.6428571428571428}, "google": {"Citation Count": 315.86666666666673, "Publication Count": 2.1333333333333333}, "harvard university": {"Citation Count": 134.85714285714286, "Publication Count": 3.142857142857143}, "university of innsbruck": {"Citation Count": 37.6, "Publication Count": 0.8}, "university of california riverside": {"Citation Count": 58.166666666666664, "Publication Count": 2.6666666666666665}, "rmit university": {"Citation Count": 31.033333333333328, "Publication Count": 2.35}, "nanyang technological university": {"Citation Count": 67.25, "Publication Count": 3.5}, "linkedin": {"Citation Count": 14.0, "Publication Count": 1.0}, "twitter": {"Citation Count": 4.458333333333333, "Publication Count": 0.7916666666666666}, "alibaba group": {"Citation Count": 6.0, "Publication Count": 1.0}, "technische universitat ilmenau": {"Citation Count": 4.0, "Publication Count": 1.0}, "university of sydney": {"Citation Count": 5.166666666666666, "Publication Count": 0.16666666666666666}, "university of new south wales": {"Citation Count": 5.166666666666666, "Publication Count": 0.16666666666666666}, "tsinghua university": {"Citation Count": 87.26666666666667, "Publication Count": 3.333333333333334}, "peking university": {"Citation Count": 124.70238095238093, "Publication Count": 4.130952380952381}, "queen mary university of london": {"Citation Count": 5.857142857142857, "Publication Count": 0.14285714285714285}, "stanford university": {"Citation Count": 77.71428571428571, "Publication Count": 2.107142857142857}, "hong kong university of science and technology": {"Citation Count": 43.766666666666666, "Publication Count": 1.6333333333333333}, "didi": {"Citation Count": 8.166666666666666, "Publication Count": 0.16666666666666666}, "eth zurich": {"Citation Count": 14.416666666666666, "Publication Count": 0.41666666666666663}, "amazon com": {"Citation Count": 12.0, "Publication Count": 1.0}, "university of california irvine": {"Citation Count": 8.369047619047619, "Publication Count": 1.0119047619047619}, "wuhan university": {"Citation Count": 2.25, "Publication Count": 0.75}, "rice university": {"Citation Count": 29.0, "Publication Count": 2.0}, "fudan university": {"Citation Count": 1.4000000000000001, "Publication Count": 0.2}, "queen s university belfast": {"Citation Count": 5.6000000000000005, "Publication Count": 0.2}, "denison university": {"Citation Count": 5.6000000000000005, "Publication Count": 0.2}, "university at buffalo": {"Citation Count": 14.0, "Publication Count": 0.25}, "tel aviv university": {"Citation Count": 5.0, "Publication Count": 1.0}, "university of utah": {"Citation Count": 33.599999999999994, "Publication Count": 1.0}, "east china normal university": {"Citation Count": 9.0, "Publication Count": 0.6}, "paris descartes university": {"Citation Count": 28.5, "Publication Count": 1.0}, "imperial college london": {"Citation Count": 8.0,