{"Irish Research Council": {"Citation Count": 7.166666666666666, "Publication Count": 0.25}, "Software (Spain)": {"Citation Count": 25.608974358974358, "Publication Count": 1.3384615384615386}, "Auckland University of Technology": {"Citation Count": 7.388888888888889, "Publication Count": 0.2222222222222222}, "Ithaca College": {"Citation Count": 10.166666666666666, "Publication Count": 0.3333333333333333}, "Information Technology University": {"Citation Count": 3.0, "Publication Count": 0.08333333333333333}, "Uppsala University": {"Citation Count": 3.0, "Publication Count": 0.08333333333333333}, "Northwest Missouri State University": {"Citation Count": 6.0, "Publication Count": 0.16666666666666666}, "University of East London": {"Citation Count": 8.5, "Publication Count": 0.6666666666666666}, "Faculty of Design": {"Citation Count": 1.3888888888888888, "Publication Count": 0.05555555555555555}, "Creative Technologies (United States)": {"Citation Count": 1.3888888888888888, "Publication Count": 0.05555555555555555}, "University of Victoria": {"Citation Count": 5.366666666666666, "Publication Count": 0.3666666666666667}, "University of California, Irvine": {"Citation Count": 11.166666666666666, "Publication Count": 1.1666666666666667}, "Lund University": {"Citation Count": 3.0, "Publication Count": 0.5}, "SICS Swedish ICT": {"Citation Count": 3.0, "Publication Count": 0.5}, "Tecnalia": {"Citation Count": 20.666666666666668, "Publication Count": 0.9166666666666665}, "inspearit": {"Citation Count": 15.0, "Publication Count": 0.25}, "Intecs": {"Citation Count": 36.5, "Publication Count": 0.75}, "Google (United States)": {"Citation Count": 19.384615384615387, "Publication Count": 0.3269230769230769}, "SINTEF": {"Citation Count": 66.0, "Publication Count": 1.0}, "University of Modena and Reggio Emilia": {"Citation Count": 62.0, "Publication Count": 1.0}, "M\u00e4lardalen University": {"Citation Count": 20.133333333333333, "Publication Count": 0.9666666666666667}, "Chalmers University of Technology": {"Citation Count": 15.333333333333332, "Publication Count": 0.9166666666666666}, "University of Gothenburg": {"Citation Count": 11.333333333333332, "Publication Count": 0.16666666666666666}, "University of L'Aquila": {"Citation Count": 11.333333333333332, "Publication Count": 0.16666666666666666}, "Vrije Universiteit Amsterdam": {"Citation Count": 11.333333333333332, "Publication Count": 0.16666666666666666}, "Malm\u00f6 University": {"Citation Count": 15.333333333333332, "Publication Count": 0.6666666666666666}, "Siemens (Germany)": {"Citation Count": 102.5, "Publication Count": 0.5}, "Robert Bosch (India)": {"Citation Count": 30.75, "Publication Count": 0.15}, "University of Applied Sciences Landshut": {"Citation Count": 20.5, "Publication Count": 0.1}, "Technical University of Berlin": {"Citation Count": 20.5, "Publication Count": 0.1}, "Universitat Polit\u00e8cnica de Catalunya": {"Citation Count": 42.13636363636364, "Publication Count": 0.28181818181818186}, "University of California\u2014San Diego": {"Citation Count": 17.6, "Publication Count": 0.8}, "San Diego State University": {"Citation Count": 4.4, "Publication Count": 0.2}, "Nokia (Finland)": {"Citation Count": 74.5, "Publication Count": 0.5}, "Mozilla": {"Citation Count": 83.26923076923077, "Publication Count": 0.6538461538461539}, "Harman and Technical University of Munich#TAB#": {"Citation Count": 1.75, "Publication Count": 0.25}, "Brandenburg University of Technology Cottbus-Senftenberg": {"Citation Count": 1.75, "Publication Count": 0.25}, "Lero": {"Citation Count": 3.5, "Publication Count": 0.5}, "Universit\u00e0 della Svizzera italiana": {"Citation Count": 27.25, "Publication Count": 0.5}, "Ostschweizer Fachhochschule OST": {"Citation Count": 27.25, "Publication Count": 0.5}, "API Academy": {"Citation Count": 27.25, "Publication Count": 0.5}, "ResearchWorks (United States)": {"Citation Count": 27.25, "Publication Count": 0.5}, "Pennsylvania State University": {"Citation Count": 41.0, "Publication Count": 2.0}, "Jet Propulsion Laboratory": {"Citation Count": 2.0, "Publication Count": 1.0}, "UCL Australia": {"Citation Count": 32.0, "Publication Count": 1.0}, "NASA, JPL": {"Citation Count": 1.0, "Publication Count": 1.0}, "Pontifical Catholic University of Rio Grande do Sul": {"Citation Count": 9.285714285714286, "Publication Count": 1.3571428571428572}, "Iowa State University": {"Citation Count": 1.0, "Publication Count": 0.5}, "University of Notre Dame": {"Citation Count": 12.0, "Publication Count": 1.5}, "Lero-the Irish Software Research Centre": {"Citation Count": 6.0, "Publication Count": 0.3333333333333333}, "George Mason University": {"Citation Count": 6.0, "Publication Count": 0.3333333333333333}, "Microsoft Research (United Kingdom)": {"Citation Count": 41.88461538461539, "Publication Count": 2.91025641025641}, "University of Rio Grande and Rio Grande Community College": {"Citation Count": 9.057142857142857, "Publication Count": 0.37142857142857144}, "Pontif\u00edcia Universidade Cat\u00f3lica de S\u00e3o Paulo": {"Citation Count": 7.199999999999999, "Publication Count": 0.3}, "Northern Arizona University": {"Citation Count": 4.800000000000001, "Publication Count": 0.2}, "Vale Technological Institute": {"Citation Count": 2.4000000000000004, "Publication Count": 0.1}, "Federal University of Para": {"Citation Count": 2.4000000000000004, "Publication Count": 0.1}, "Fraunhofer Institute for Experimental Software Engineering": {"Citation Count": 42.63636363636364, "Publication Count": 0.6818181818181819}, "University of Applied Sciences and Arts Northwestern Switzerland": {"Citation Count": 21.636363636363637, "Publication Count": 0.18181818181818182}, "Bournemouth University": {"Citation Count": 21.636363636363637, "Publication Count": 0.18181818181818182}, "Utrecht University": {"Citation Count": 10.818181818181818, "Publication Count": 0.09090909090909091}, "University of Zurich": {"Citation Count": 10.818181818181818, "Publication Count": 0.09090909090909091}, "Center for Information Technology": {"Citation Count": 10.818181818181818, "Publication Count": 0.09090909090909091}, "Concordia University Montr\u00e9al": {"Citation Count": 49.75, "Publication Count": 1.25}, "University of St. Gallen": {"Citation Count": 26.0, "Publication Count": 1.0}, "Sharif University of Technology": {"Citation Count": 13.0, "Publication Count": 1.0}, "Inria research centre Lille - Nord Europe": {"Citation Count": 2.6, "Publication Count": 0.2}, "Polytechnique Montr\u00e9al": {"Citation Count": 2.6, "Publication Count": 0.2}, "Universit\u00e4t Hamburg": {"Citation Count": 2.6, "Publication Count": 0.2}, "University of Lille": {"Citation Count": 5.2, "Publication Count": 0.4}, "Hacettepe University": {"Citation Count": 41.0, "Publication Count": 1.0}, "King Juan Carlos University": {"Citation Count": 6.45, "Publication Count": 0.7}, "WiLAN (Canada)": {"Citation Count": 1.0, "Publication Count": 0.125}, "Universidade de S\u00e3o Paulo": {"Citation Count": 1.0, "Publication Count": 0.125}, "University of Vienna": {"Citation Count": 2.0, "Publication Count": 0.25}, "Technical University of Madrid": {"Citation Count": 2.0, "Publication Count": 0.25}, "Vector (United States)": {"Citation Count": 27.0, "Publication Count": 1.0}, "Athens University of Economics and Business": {"Citation Count": 1.0, "Publication Count": 2.0}, "Cognizant (United States)": {"Citation Count": 6.0, "Publication Count": 1.0}, "Endava": {"Citation Count": 2.5, "Publication Count": 0.5}, "Free University of Bozen-Bolzano": {"Citation Count": 7.428571428571428, "Publication Count": 0.2857142857142857}, "Norwegian University of Science and Technology": {"Citation Count": 7.428571428571428, "Publication Count": 0.2857142857142857}, "Nimble Research": {"Citation Count": 0.0, "Publication Count": 1.0}, "BMW": {"Citation Count": 36.666666666666664, "Publication Count": 0.6666666666666666}, "BMW (Germany)": {"Citation Count": 18.333333333333332,