{"national research council": {"Citation Count": 0.0, "Publication Count": 1.0}, "university of zurich": {"Citation Count": 84.0, "Publication Count": 1.0}, "microsoft": {"Citation Count": 34.33333333333333, "Publication Count": 1.3333333333333333}, "university of southern california": {"Citation Count": 34.666666666666664, "Publication Count": 1.3333333333333333}, "university of sannio": {"Citation Count": 37.0, "Publication Count": 1.0}, "university of victoria": {"Citation Count": 65.0, "Publication Count": 1.0}, "queen s university": {"Citation Count": 3.6666666666666665, "Publication Count": 0.1111111111111111}, "carnegie mellon university": {"Citation Count": 41.33333333333333, "Publication Count": 2.2444444444444445}, "university of washington": {"Citation Count": 3.6666666666666665, "Publication Count": 0.1111111111111111}, "university of california davis": {"Citation Count": 3.6666666666666665, "Publication Count": 0.1111111111111111}, "mcgill university": {"Citation Count": 159.66666666666666, "Publication Count": 1.1111111111111112}, "university of british columbia": {"Citation Count": 38.33333333333333, "Publication Count": 0.4444444444444444}, "avaya": {"Citation Count": 3.6666666666666665, "Publication Count": 0.1111111111111111}, "university of waterloo": {"Citation Count": 3.6666666666666665, "Publication Count": 0.1111111111111111}, "university of texas at austin": {"Citation Count": 3.6666666666666665, "Publication Count": 0.1111111111111111}, "university of manchester": {"Citation Count": 59.49999999999999, "Publication Count": 1.4999999999999998}, "university of southampton": {"Citation Count": 31.5, "Publication Count": 0.5}, "university of dundee": {"Citation Count": 19.999999999999996, "Publication Count": 0.9999999999999998}, "simula research laboratory": {"Citation Count": 26.666666666666664, "Publication Count": 0.3333333333333333}, "fraunhofer society": {"Citation Count": 37.0, "Publication Count": 1.0}, "accenture": {"Citation Count": 36.0, "Publication Count": 1.0}, "king juan carlos university": {"Citation Count": 34.666666666666664, "Publication Count": 0.3333333333333333}, "swinburne university of technology": {"Citation Count": 42.0, "Publication Count": 1.0}, "universidade federal de santa catarina": {"Citation Count": 8.666666666666666, "Publication Count": 0.6666666666666666}, "georgia state university": {"Citation Count": 22.5, "Publication Count": 1.5}, "pennsylvania state university": {"Citation Count": 13.5, "Publication Count": 0.5}, "norwegian university of science and technology": {"Citation Count": 46.83333333333333, "Publication Count": 0.8333333333333333}, "kaiserslautern university of technology": {"Citation Count": 34.0, "Publication Count": 0.5}, "university of malaga": {"Citation Count": 2.25, "Publication Count": 0.75}, "imec": {"Citation Count": 5.0, "Publication Count": 1.0}, "konkuk university": {"Citation Count": 10.333333333333332, "Publication Count": 0.3333333333333333}, "kaist": {"Citation Count": 10.333333333333332, "Publication Count": 0.3333333333333333}, "korea university": {"Citation Count": 10.333333333333332, "Publication Count": 0.3333333333333333}, "university of calgary": {"Citation Count": 2.25, "Publication Count": 0.25}, "university of alberta": {"Citation Count": 2.25, "Publication Count": 0.25}, "jet propulsion laboratory": {"Citation Count": 11.0, "Publication Count": 1.0}, "blekinge institute of technology": {"Citation Count": 18.0, "Publication Count": 1.0}, "middle east technical university": {"Citation Count": 11.0, "Publication Count": 0.5}, "weizmann institute of science": {"Citation Count": 8.0, "Publication Count": 1.0}, "coverity": {"Citation Count": 4.0, "Publication Count": 0.5}, "university of maryland college park": {"Citation Count": 12.333333333333332, "Publication Count": 0.3333333333333333}, "sintef": {"Citation Count": 205.33333333333334, "Publication Count": 2.333333333333333}, "university of cartagena": {"Citation Count": 37.0, "Publication Count": 1.0}, "open university of israel": {"Citation Count": 4.5, "Publication Count": 0.25}, "vanderbilt university": {"Citation Count": 70.33333333333334, "Publication Count": 1.6111111111111112}, "university of alabama at birmingham": {"Citation Count": 8.0, "Publication Count": 0.16666666666666666}, "vanderbilt university medical center": {"Citation Count": 8.666666666666666, "Publication Count": 0.2222222222222222}, "university of pennsylvania": {"Citation Count": 21.666666666666664, "Publication Count": 0.3333333333333333}, "ibm": {"Citation Count": 21.666666666666664, "Publication Count": 0.3333333333333333}, "vector informatik": {"Citation Count": 7.0, "Publication Count": 1.0}, "university of skovde": {"Citation Count": 19.666666666666664, "Publication Count": 0.3333333333333333}, "philips": {"Citation Count": 19.666666666666664, "Publication Count": 0.3333333333333333}, "nokia networks": {"Citation Count": 19.666666666666664, "Publication Count": 0.3333333333333333}, "university of new south wales": {"Citation Count": 7.0, "Publication Count": 0.5}, "oregon state university": {"Citation Count": 25.0, "Publication Count": 1.0}, "dundalk institute of technology": {"Citation Count": 4.0, "Publication Count": 1.0}, "university of tokyo": {"Citation Count": 12.666666666666666, "Publication Count": 0.3333333333333333}, "university of colorado boulder": {"Citation Count": 12.666666666666666, "Publication Count": 0.3333333333333333}, "university of siegen": {"Citation Count": 18.0, "Publication Count": 1.0}, "city university of hong kong": {"Citation Count": 5.0, "Publication Count": 1.0}, "united states department of defense": {"Citation Count": 1.0, "Publication Count": 0.5}, "noblis": {"Citation Count": 1.0, "Publication Count": 0.5}, "hewlett packard": {"Citation Count": 3.5, "Publication Count": 0.25}, "massachusetts institute of technology": {"Citation Count": 7.0, "Publication Count": 0.5}, "university of pittsburgh": {"Citation Count": 4.5, "Publication Count": 0.45}, "stevens institute of technology": {"Citation Count": 25.0, "Publication Count": 1.0}, "university of california irvine": {"Citation Count": 18.0, "Publication Count": 1.0}, "it university of copenhagen": {"Citation Count": 34.666666666666664, "Publication Count": 0.6666666666666666}, "old dominion university": {"Citation Count": 19.0, "Publication Count": 1.0}, "karlsruhe institute of technology": {"Citation Count": 35.0, "Publication Count": 1.0}, "university of chile": {"Citation Count": 48.0, "Publication Count": 1.0}}