{"carnegie mellon university": {"Citation Count": 378.3333333333333, "Publication Count": 0.8333333333333333}, "intel": {"Citation Count": 75.66666666666666, "Publication Count": 0.16666666666666666}, "lancaster university": {"Citation Count": 48.22222222222222, "Publication Count": 0.1111111111111111}, "university of california berkeley": {"Citation Count": 862.3333333333334, "Publication Count": 2.666666666666667}, "ecole polytechnique federale de lausanne": {"Citation Count": 96.44444444444444, "Publication Count": 0.2222222222222222}, "microsoft": {"Citation Count": 1653.4952380952377, "Publication Count": 6.9904761904761905}, "eth zurich": {"Citation Count": 319.44444444444446, "Publication Count": 0.5555555555555556}, "ecole normale superieure de cachan": {"Citation Count": 63.888888888888886, "Publication Count": 0.1111111111111111}, "university of wisconsin madison": {"Citation Count": 113.0, "Publication Count": 1.1428571428571428}, "open kernel labs": {"Citation Count": 77.06153846153848, "Publication Count": 0.27692307692307694}, "nicta": {"Citation Count": 815.9384615384614, "Publication Count": 1.723076923076923}, "massachusetts institute of technology": {"Citation Count": 264.0, "Publication Count": 1.5}, "university of washington": {"Citation Count": 18.285714285714285, "Publication Count": 0.07142857142857142}, "hong kong university of science and technology": {"Citation Count": 18.285714285714285, "Publication Count": 0.07142857142857142}, "vmware": {"Citation Count": 18.285714285714285, "Publication Count": 0.07142857142857142}, "university of california los angeles": {"Citation Count": 95.57142857142857, "Publication Count": 1.1428571428571428}, "university of california san diego": {"Citation Count": 58.0, "Publication Count": 0.2857142857142857}, "university of illinois at urbana champaign": {"Citation Count": 87.0, "Publication Count": 0.42857142857142855}, "purdue university": {"Citation Count": 29.0, "Publication Count": 0.14285714285714285}, "university of glasgow": {"Citation Count": 27.6, "Publication Count": 0.2}, "stanford university": {"Citation Count": 20.0, "Publication Count": 0.4}, "university of utah": {"Citation Count": 20.0, "Publication Count": 0.4}, "university of southern california": {"Citation Count": 10.0, "Publication Count": 0.2}, "university of texas at austin": {"Citation Count": 113.99999999999997, "Publication Count": 0.9999999999999998}, "cornell university": {"Citation Count": 100.99999999999999, "Publication Count": 0.9999999999999999}}