{"cornell university": {"Citation Count": 53.55, "Publication Count": 1.9833333333333332}, "french institute for research in computer science and automation": {"Citation Count": 25.65, "Publication Count": 1.35}, "yahoo": {"Citation Count": 23.5, "Publication Count": 0.5}, "university of maryland college park": {"Citation Count": 34.180952380952384, "Publication Count": 1.5523809523809524}, "university of california berkeley": {"Citation Count": 291.3178571428572, "Publication Count": 2.2964285714285717}, "university of california santa cruz": {"Citation Count": 2.333333333333333, "Publication Count": 0.3333333333333333}, "pennsylvania state university": {"Citation Count": 11.666666666666664, "Publication Count": 1.0}, "columbia university": {"Citation Count": 11.6, "Publication Count": 2.6}, "microsoft": {"Citation Count": 11.0, "Publication Count": 1.4}, "carleton university": {"Citation Count": 4.5, "Publication Count": 0.5}, "leibniz university of hanover": {"Citation Count": 2.0, "Publication Count": 0.14285714285714285}, "saarland university": {"Citation Count": 20.285714285714285, "Publication Count": 1.5714285714285714}, "fraunhofer society": {"Citation Count": 2.0, "Publication Count": 0.14285714285714285}, "university college london": {"Citation Count": 10.833333333333332, "Publication Count": 0.8333333333333333}, "stanford university": {"Citation Count": 4.166666666666666, "Publication Count": 0.6666666666666666}, "naval postgraduate school": {"Citation Count": 2.8571428571428568, "Publication Count": 0.14285714285714285}, "carnegie mellon university": {"Citation Count": 11.61111111111111, "Publication Count": 2.1944444444444446}, "massachusetts institute of technology": {"Citation Count": 12.222222222222221, "Publication Count": 1.5555555555555556}, "university of connecticut": {"Citation Count": 1.4444444444444444, "Publication Count": 0.1111111111111111}, "northeastern university": {"Citation Count": 2.515873015873016, "Publication Count": 0.753968253968254}, "dalhousie university": {"Citation Count": 13.25, "Publication Count": 0.25}, "weizmann institute of science": {"Citation Count": 39.75, "Publication Count": 0.75}, "ruhr university bochum": {"Citation Count": 4.142857142857142, "Publication Count": 1.4285714285714286}, "university of california san diego": {"Citation Count": 4.892857142857142, "Publication Count": 1.1785714285714286}, "university of sydney": {"Citation Count": 0.8333333333333333, "Publication Count": 0.16666666666666666}, "purdue university": {"Citation Count": 4.999999999999999, "Publication Count": 1.4285714285714284}, "samsung": {"Citation Count": 1.5, "Publication Count": 0.375}, "stony brook university": {"Citation Count": 13.5, "Publication Count": 2.125}, "university of washington": {"Citation Count": 7.0, "Publication Count": 1.0}, "sungkyunkwan university": {"Citation Count": 3.333333333333333, "Publication Count": 0.8333333333333333}, "university of oxford": {"Citation Count": 0.6666666666666666, "Publication Count": 0.16666666666666666}, "xi an jiaotong university": {"Citation Count": 2.0, "Publication Count": 0.6666666666666666}, "university of minnesota": {"Citation Count": 1.0, "Publication Count": 0.3333333333333333}, "eth zurich": {"Citation Count": 6.666666666666667, "Publication Count": 0.9999999999999999}, "princeton university": {"Citation Count": 6.2, "Publication Count": 1.4}, "ecole normale superieure": {"Citation Count": 8.125, "Publication Count": 0.625}, "university of bonn": {"Citation Count": 1.625, "Publication Count": 0.125}, "yale university": {"Citation Count": 1.625, "Publication Count": 0.125}, "trinity college": {"Citation Count": 1.625, "Publication Count": 0.125}, "ecole des ponts paristech": {"Citation Count": 0.9, "Publication Count": 0.1}, "university of iowa": {"Citation Count": 0.5714285714285714, "Publication Count": 0.14285714285714285}, "duke university": {"Citation Count": 0.16666666666666666, "Publication Count": 0.16666666666666666}, "nanyang technological university": {"Citation Count": 16.0, "Publication Count": 1.0}, "korea university": {"Citation Count": 9.0, "Publication Count": 1.0}, "university of lorraine": {"Citation Count": 2.0, "Publication Count": 0.3333333333333333}, "universite paris saclay": {"Citation Count": 4.0, "Publication Count": 0.6666666666666666}, "university of illinois at urbana champaign": {"Citation Count": 5.4, "Publication Count": 0.3666666666666667}, "university of southern california": {"Citation Count": 5.4, "Publication Count": 0.2}, "university of wisconsin madison": {"Citation Count": 0.0, "Publication Count": 0.16666666666666666}, "shanghai jiao tong university": {"Citation Count": 0.0, "Publication Count": 0.16666666666666666}, "rutgers university": {"Citation Count": 0.0, "Publication Count": 0.16666666666666666}, "middlesex university": {"Citation Count": 3.5, "Publication Count": 0.5}, "the chinese university of hong kong": {"Citation Count": 0.0, "Publication Count": 0.1111111111111111}, "tsinghua university": {"Citation Count": 0.0, "Publication Count": 0.4444444444444444}, "max planck society": {"Citation Count": 0.375, "Publication Count": 0.125}, "george mason university": {"Citation Count": 1.125, "Publication Count": 0.375}, "georgia institute of technology": {"Citation Count": 12.5, "Publication Count": 1.15}, "technical university of madrid": {"Citation Count": 2.0, "Publication Count": 0.2}, "imdea": {"Citation Count": 2.1666666666666665, "Publication Count": 0.3666666666666667}, "institut eurecom": {"Citation Count": 2.0, "Publication Count": 0.2}, "indiana university bloomington": {"Citation Count": 3.75, "Publication Count": 0.625}, "new york university": {"Citation Count": 0.75, "Publication Count": 0.125}, "university of california santa barbara": {"Citation Count": 6.0, "Publication Count": 0.75}, "nec": {"Citation Count": 3.0, "Publication Count": 0.3333333333333333}, "bar ilan university": {"Citation Count": 4.0, "Publication Count": 0.4444444444444444}, "queens college": {"Citation Count": 1.0, "Publication Count": 0.1111111111111111}, "university of pennsylvania": {"Citation Count": 1.6, "Publication Count": 0.2}, "hong kong university of science and technology": {"Citation Count": 1.6, "Publication Count": 0.2}, "university of stuttgart": {"Citation Count": 0.0, "Publication Count": 1.0}, "ibm": {"Citation Count": 1.3333333333333333, "Publication Count": 0.3333333333333333}, "university of surrey": {"Citation Count": 0.8333333333333333, "Publication Count": 0.3333333333333333}, "university of texas at arlington": {"Citation Count": 4.666666666666666, "Publication Count": 0.3333333333333333}, "german cancer research center": {"Citation Count": 0.5714285714285714, "Publication Count": 0.2857142857142857}, "centre national de la recherche scientifique": {"Citation Count": 0.16666666666666666, "Publication Count": 0.16666666666666666}, "ecole polytechnique": {"Citation Count": 0.16666666666666666, "Publication Count": 0.16666666666666666}, "technische universitat darmstadt": {"Citation Count": 0.6000000000000001, "Publication Count": 0.6000000000000001}, "university of paderborn": {"Citation Count": 0.2, "Publication Count": 0.2}, "georgia tech research institute": {"Citation Count": 3.5, "Publication Count": 0.25}, "ecole polytechnique federale de lausanne": {"Citation Count": 1.5, "Publication Count": 0.5}, "raytheon": {"Citation Count": 0.5, "Publication Count": 0.16666666666666666}, "university of lausanne": {"Citation Count": 0.5, "Publication Count": 0.16666666666666666}, "university of british columbia": {"Citation Count": 2.571428571428571, "Publication Count": 0.2857142857142857}, "international computer science institute": {"Citation Count": 1.2857142857142856, "Publication Count": 0.14285714285714285}}