{"Purdue University System": {"Citation Count": 17.830555555555556, "Publication Count": 2.3249999999999997}, "Virginia Tech": {"Citation Count": 2.75, "Publication Count": 0.5833333333333333}, "Stony Brook University": {"Citation Count": 15.0, "Publication Count": 2.083333333333333}, "Harvard University Press": {"Citation Count": 1.0, "Publication Count": 1.0}, "Singapore Management University": {"Citation Count": 17.0, "Publication Count": 3.0}, "NortonLifeLock (United States)": {"Citation Count": 9.761904761904761, "Publication Count": 0.8095238095238095}, "IMDEA Software": {"Citation Count": 17.619047619047617, "Publication Count": 1.3630952380952381}, "State Key Laboratory of Cryptology": {"Citation Count": 20.700000000000003, "Publication Count": 1.05}, "Shandong University": {"Citation Count": 2.8000000000000003, "Publication Count": 0.4}, "University of California, Irvine": {"Citation Count": 2.6500000000000004, "Publication Count": 0.45}, "Blood Cancer UK": {"Citation Count": 0.375, "Publication Count": 0.125}, "EURECOM": {"Citation Count": 2.25, "Publication Count": 0.75}, "Cisco Systems (China)": {"Citation Count": 0.375, "Publication Count": 0.125}, "University of Illinois Urbana-Champaign": {"Citation Count": 39.42857142857142, "Publication Count": 1.5714285714285714}, "Helmholtz Center for Information Security": {"Citation Count": 27.26190476190476, "Publication Count": 3.369047619047619}, "University of Toronto": {"Citation Count": 26.271428571428572, "Publication Count": 1.1285714285714286}, "Vector Institute": {"Citation Count": 17.19642857142857, "Publication Count": 0.8035714285714286}, "University of Wisconsin\u2013Madison": {"Citation Count": 12.232142857142858, "Publication Count": 1.7678571428571428}, "Ubiquitous Energy (United States)": {"Citation Count": 1.2857142857142856, "Publication Count": 0.42857142857142855}, "Zhejiang University": {"Citation Count": 2.2857142857142856, "Publication Count": 0.5535714285714286}, "University of Michigan\u2013Ann Arbor": {"Citation Count": 41.528571428571425, "Publication Count": 2.442857142857143}, "Carnegie Mellon University": {"Citation Count": 16.42857142857143, "Publication Count": 3.154761904761905}, "Robert Bosch (United States)": {"Citation Count": 1.0, "Publication Count": 0.5}, "Universit\u00e4t Innsbruck": {"Citation Count": 15.0, "Publication Count": 1.0}, "University of Massachusetts Amherst": {"Citation Count": 4.685714285714286, "Publication Count": 0.34285714285714286}, "Google (United States)": {"Citation Count": 20.635714285714286, "Publication Count": 1.3714285714285714}, "Figma, Inc": {"Citation Count": 1.2857142857142856, "Publication Count": 0.07142857142857142}, "Stanford Medicine": {"Citation Count": 6.4714285714285715, "Publication Count": 0.44285714285714284}, "Cornell Tech": {"Citation Count": 6.771428571428571, "Publication Count": 0.34285714285714286}, "New York University": {"Citation Count": 1.2857142857142856, "Publication Count": 0.07142857142857142}, "UCL Australia": {"Citation Count": 0.6428571428571428, "Publication Count": 0.03571428571428571}, "Boston University": {"Citation Count": 20.80238095238095, "Publication Count": 1.8797619047619047}, "Institute of Science and Technology Austria": {"Citation Count": 1.4, "Publication Count": 0.7}, "National University of Rosario": {"Citation Count": 0.2, "Publication Count": 0.1}, "Wickr Inc.": {"Citation Count": 0.4, "Publication Count": 0.2}, "University of California, Berkeley": {"Citation Count": 3.2916666666666665, "Publication Count": 1.2916666666666667}, "Eindhoven University of Technology": {"Citation Count": 3.8000000000000003, "Publication Count": 1.4}, "KPN (Netherlands)": {"Citation Count": 1.4000000000000001, "Publication Count": 0.2}, "Max Planck Institute for Security and Privacy": {"Citation Count": 7.749206349206349, "Publication Count": 0.9873015873015873}, "Delft University of Technology": {"Citation Count": 5.233333333333333, "Publication Count": 0.6583333333333333}, "Fudan University": {"Citation Count": 3.75, "Publication Count": 0.75}, "Data61": {"Citation Count": 2.2, "Publication Count": 0.1}, "University of Adelaide": {"Citation Count": 2.2, "Publication Count": 0.1}, "Graz University of Technology": {"Citation Count": 33.785714285714285, "Publication Count": 1.2142857142857144}, "University of Birmingham": {"Citation Count": 4.857142857142857, "Publication Count": 0.14285714285714285}, "University of Kansas": {"Citation Count": 3.0, "Publication Count": 0.5}, "University of Washington": {"Citation Count": 5.0, "Publication Count": 0.75}, "ETH Zurich": {"Citation Count": 42.8, "Publication Count": 3.575}, "Columbia University": {"Citation Count": 15.625, "Publication Count": 2.125}, "University of Wisconsin": {"Citation Count": 0.625, "Publication Count": 0.125}, "Princeton University": {"Citation Count": 0.625, "Publication Count": 0.125}, "University of Virginia": {"Citation Count": 13.75, "Publication Count": 1.0}, "Stanford University": {"Citation Count": 9.625, "Publication Count": 1.125}, "Imperial College London": {"Citation Count": 43.2, "Publication Count": 1.6}, "University of Luxembourg": {"Citation Count": 6.4, "Publication Count": 0.2}, "University of Sydney": {"Citation Count": 21.666666666666668, "Publication Count": 0.8333333333333334}, "Commonwealth Scientific and Industrial Research Organisation": {"Citation Count": 4.333333333333333, "Publication Count": 0.16666666666666666}, "University of California, Santa Barbara": {"Citation Count": 9.333333333333332, "Publication Count": 0.6666666666666666}, "University of Twente": {"Citation Count": 1.5555555555555554, "Publication Count": 0.1111111111111111}, "Chalmers University of Technology": {"Citation Count": 7.166666666666666, "Publication Count": 0.8333333333333333}, "University of Paris-Saclay": {"Citation Count": 0.6000000000000001, "Publication Count": 0.2}, "Institut de Recherche en Informatique et Syst\u00e8mes Al\u00e9atoires": {"Citation Count": 1.2000000000000002, "Publication Count": 0.4}, "French Institute for Research in Computer Science and Automation": {"Citation Count": 9.298412698412697, "Publication Count": 0.819047619047619}, "The University of Texas at Austin": {"Citation Count": 8.0, "Publication Count": 0.8}, "Microsoft Research (United Kingdom)": {"Citation Count": 13.166666666666666, "Publication Count": 1.8944444444444444}, "[Northeastern U. & Ligero Inc.]": {"Citation Count": 1.5555555555555554, "Publication Count": 0.2222222222222222}, "Bar-Ilan U. & Ligero Inc.": {"Citation Count": 0.7777777777777777, "Publication Count": 0.1111111111111111}, "Technion \u2013 Israel Institute of Technology": {"Citation Count": 12.827777777777778, "Publication Count": 1.0611111111111111}, "Ligero Inc.": {"Citation Count": 2.333333333333333, "Publication Count": 0.3333333333333333}, "University of California, San Diego": {"Citation Count": 1.222222222222222, "Publication Count": 0.2222222222222222}, "[U. of Rochester & Ligero Inc.]": {"Citation Count": 0.7777777777777777, "Publication Count": 0.1111111111111111}, "Universidad del Noreste": {"Citation Count": 0.75, "Publication Count": 0.25}, "Aarhus University": {"Citation Count": 3.833333333333333, "Publication Count": 0.8333333333333333}, "KZen Research": {"Citation Count": 0.75, "Publication Count": 0.25}, "Algorand": {"Citation Count": 0.6, "Publication Count": 0.6}, "University of Waterloo": {"Citation Count": 1.3083333333333331, "Publication Count": 0.39166666666666666}, "Axela (Canada)": {"Citation Count": 0.1, "Publication Count": 0.1}, "Georgia Institute of Technology": {"Citation Count": 4.333333333333333, "Publication Count": 1.6666666666666665}, "Pennsylvania State University": {"Citation Count": 3.5, "Publication Count": 0.5}, "University of Electronic Science and Technology of China": {"Citation Count": 1.0, "Publication Count": 0.33333333333333337}, "Renmin University of China": {"Citation Count": 1.2083333333333333,