{"university of girona": {"Citation Count": 150.0, "Publication Count": 1.0}, "rochester institute of technology": {"Citation Count": 57.666666666666664, "Publication Count": 3.3333333333333335}, "rice university": {"Citation Count": 34.666666666666664, "Publication Count": 0.6666666666666666}, "sabanci university": {"Citation Count": 17.333333333333332, "Publication Count": 0.3333333333333333}, "purdue university": {"Citation Count": 4.333333333333333, "Publication Count": 0.3333333333333333}, "arizona state university": {"Citation Count": 8.666666666666666, "Publication Count": 0.6666666666666666}, "ames research center": {"Citation Count": 6.0, "Publication Count": 0.6666666666666666}, "university of hong kong": {"Citation Count": 3.0, "Publication Count": 0.3333333333333333}, "curtin university": {"Citation Count": 23.666666666666664, "Publication Count": 0.3333333333333333}, "university of huddersfield": {"Citation Count": 47.33333333333333, "Publication Count": 0.6666666666666666}, "max planck society": {"Citation Count": 52.0, "Publication Count": 0.6666666666666666}, "chalmers university of technology": {"Citation Count": 26.0, "Publication Count": 0.3333333333333333}, "university of utah": {"Citation Count": 212.0, "Publication Count": 2.0}, "clemson university": {"Citation Count": 20.0, "Publication Count": 1.0}, "university of manchester": {"Citation Count": 73.0, "Publication Count": 1.0}, "trinity college": {"Citation Count": 119.66666666666666, "Publication Count": 4.333333333333334}, "texas a m university": {"Citation Count": 7.666666666666666, "Publication Count": 0.3333333333333333}, "washington university in st louis": {"Citation Count": 7.666666666666666, "Publication Count": 0.3333333333333333}, "heriot watt university": {"Citation Count": 10.0, "Publication Count": 1.0}, "vanderbilt university": {"Citation Count": 29.0, "Publication Count": 1.0}, "university of zaragoza": {"Citation Count": 41.33333333333333, "Publication Count": 0.6666666666666666}, "university of stuttgart": {"Citation Count": 5.6000000000000005, "Publication Count": 0.2}, "university college london": {"Citation Count": 22.400000000000002, "Publication Count": 0.8}}