{"university of girona": {"Citation Count": 121.0, "Publication Count": 1.0}, "rochester institute of technology": {"Citation Count": 49.666666666666664, "Publication Count": 3.3333333333333335}, "sabanci university": {"Citation Count": 12.666666666666666, "Publication Count": 0.3333333333333333}, "rice university": {"Citation Count": 25.333333333333332, "Publication Count": 0.6666666666666666}, "arizona state university": {"Citation Count": 7.333333333333333, "Publication Count": 0.6666666666666666}, "purdue university": {"Citation Count": 3.6666666666666665, "Publication Count": 0.3333333333333333}, "ames research center": {"Citation Count": 4.666666666666666, "Publication Count": 0.6666666666666666}, "university of hong kong": {"Citation Count": 2.333333333333333, "Publication Count": 0.3333333333333333}, "curtin university": {"Citation Count": 19.0, "Publication Count": 0.3333333333333333}, "university of huddersfield": {"Citation Count": 38.0, "Publication Count": 0.6666666666666666}, "chalmers university of technology": {"Citation Count": 21.0, "Publication Count": 0.3333333333333333}, "max planck society": {"Citation Count": 42.0, "Publication Count": 0.6666666666666666}, "university of utah": {"Citation Count": 159.0, "Publication Count": 2.0}, "clemson university": {"Citation Count": 10.999999999999998, "Publication Count": 0.9999999999999999}, "university of manchester": {"Citation Count": 40.0, "Publication Count": 1.0}, "trinity college": {"Citation Count": 91.0, "Publication Count": 4.333333333333334}, "texas a m university": {"Citation Count": 4.666666666666666, "Publication Count": 0.3333333333333333}, "washington university in st louis": {"Citation Count": 4.666666666666666, "Publication Count": 0.3333333333333333}, "heriot watt university": {"Citation Count": 6.0, "Publication Count": 0.6666666666666666}, "vanderbilt university": {"Citation Count": 19.0, "Publication Count": 1.0}, "university of zaragoza": {"Citation Count": 28.0, "Publication Count": 0.6666666666666666}, "university college london": {"Citation Count": 15.428571428571427, "Publication Count": 0.5714285714285714}, "university of stuttgart": {"Citation Count": 3.8571428571428568, "Publication Count": 0.14285714285714285}}