{"zhejiang university": {"Citation Count": 3.3333333333333335, "Publication Count": 1.3333333333333335}, "xiamen university": {"Citation Count": 0.16666666666666666, "Publication Count": 0.16666666666666666}, "university of minnesota": {"Citation Count": 0.0, "Publication Count": 0.6666666666666666}, "university of iowa": {"Citation Count": 0.5714285714285714, "Publication Count": 0.47619047619047616}, "holon institute of technology": {"Citation Count": 0.3333333333333333, "Publication Count": 0.3333333333333333}, "ben gurion university of the negev": {"Citation Count": 0.3333333333333333, "Publication Count": 0.7333333333333334}, "google": {"Citation Count": 0.3333333333333333, "Publication Count": 0.5333333333333333}, "hong kong university of science and technology": {"Citation Count": 1.6666666666666665, "Publication Count": 0.16666666666666666}, "nanyang technological university": {"Citation Count": 2.9166666666666665, "Publication Count": 0.8166666666666667}, "chinese academy of sciences": {"Citation Count": 3.533333333333333, "Publication Count": 1.5333333333333332}, "microsoft": {"Citation Count": 1.6666666666666665, "Publication Count": 0.16666666666666666}, "china academy of space technology": {"Citation Count": 1.6666666666666665, "Publication Count": 0.16666666666666666}, "worcester polytechnic institute": {"Citation Count": 1.7142857142857142, "Publication Count": 0.42857142857142855}, "north carolina state university": {"Citation Count": 0.5714285714285714, "Publication Count": 0.14285714285714285}, "guangzhou university": {"Citation Count": 1.1428571428571428, "Publication Count": 0.2857142857142857}, "xidian university": {"Citation Count": 0.0, "Publication Count": 0.6}, "xi an polytechnic university": {"Citation Count": 0.0, "Publication Count": 0.2}, "pennsylvania state university": {"Citation Count": 2.0, "Publication Count": 1.0}, "arizona state university": {"Citation Count": 4.2, "Publication Count": 1.2}, "michigan state university": {"Citation Count": 2.5, "Publication Count": 0.6666666666666666}, "beihang university": {"Citation Count": 0.34285714285714286, "Publication Count": 1.092857142857143}, "university of washington": {"Citation Count": 0.2, "Publication Count": 0.2}, "chongqing university": {"Citation Count": 0.2, "Publication Count": 0.2}, "university of stavanger": {"Citation Count": 13.0, "Publication Count": 1.0}, "shandong normal university": {"Citation Count": 4.2, "Publication Count": 0.6}, "university of electronic science and technology of china": {"Citation Count": 3.2, "Publication Count": 0.8}, "qilu university of technology": {"Citation Count": 1.4000000000000001, "Publication Count": 0.2}, "universidade federal de minas gerais": {"Citation Count": 0.0, "Publication Count": 1.0}, "university of st andrews": {"Citation Count": 1.0, "Publication Count": 1.0}, "sun yat sen university": {"Citation Count": 1.5, "Publication Count": 0.5}, "national taiwan university": {"Citation Count": 1.5, "Publication Count": 1.5}, "national taipei university of technology": {"Citation Count": 0.25, "Publication Count": 0.25}, "yuan ze university": {"Citation Count": 0.25, "Publication Count": 0.25}, "carnegie mellon university": {"Citation Count": 0.5714285714285714, "Publication Count": 0.4857142857142857}, "wenzhou university": {"Citation Count": 0.2857142857142857, "Publication Count": 0.14285714285714285}, "monash university": {"Citation Count": 0.5714285714285714, "Publication Count": 0.2857142857142857}, "university of technology sydney": {"Citation Count": 0.5714285714285714, "Publication Count": 1.2523809523809526}, "nanjing university of finance and economics": {"Citation Count": 0.4, "Publication Count": 0.4}, "university of arizona": {"Citation Count": 0.4, "Publication Count": 0.4}, "nanjing university of science and technology": {"Citation Count": 0.4, "Publication Count": 0.4}, "pontificia universidade catolica do rio grande do sul": {"Citation Count": 0.6666666666666666, "Publication Count": 0.6666666666666666}, "university of aberdeen": {"Citation Count": 0.3333333333333333, "Publication Count": 0.3333333333333333}, "tel aviv university": {"Citation Count": 0.0, "Publication Count": 0.5}, "open university": {"Citation Count": 0.0, "Publication Count": 0.5}, "dalian university of technology": {"Citation Count": 2.5, "Publication Count": 0.8333333333333334}, "stony brook university": {"Citation Count": 0.5, "Publication Count": 0.16666666666666666}, "george mason university": {"Citation Count": 0.0, "Publication Count": 0.4}, "university of south florida": {"Citation Count": 0.0, "Publication Count": 0.2}, "united states army research laboratory": {"Citation Count": 0.0, "Publication Count": 0.2}, "singapore management university": {"Citation Count": 0.25, "Publication Count": 0.65}, "beijing institute of technology": {"Citation Count": 0.0, "Publication Count": 1.0}, "beijing jiaotong university": {"Citation Count": 0.6666666666666666, "Publication Count": 2.25}, "hangzhou dianzi university": {"Citation Count": 0.0, "Publication Count": 0.16666666666666666}, "university of adelaide": {"Citation Count": 15.0, "Publication Count": 0.41666666666666663}, "macquarie university": {"Citation Count": 30.0, "Publication Count": 0.8333333333333333}, "wuhan university": {"Citation Count": 15.0, "Publication Count": 0.25}, "budapest university of technology and economics": {"Citation Count": 0.0, "Publication Count": 0.75}, "bell labs": {"Citation Count": 0.0, "Publication Count": 0.25}, "washington university in st louis": {"Citation Count": 0.3333333333333333, "Publication Count": 0.16666666666666666}, "tianjin university": {"Citation Count": 1.6666666666666667, "Publication Count": 1.5}, "xinjiang university": {"Citation Count": 0.16666666666666666, "Publication Count": 0.16666666666666666}, "national university of defense technology": {"Citation Count": 0.5, "Publication Count": 0.5}, "dongguan university of technology": {"Citation Count": 0.16666666666666666, "Publication Count": 0.16666666666666666}, "hefei university of technology": {"Citation Count": 1.55, "Publication Count": 1.55}, "national university of singapore": {"Citation Count": 1.4500000000000002, "Publication Count": 0.8500000000000001}, "honda": {"Citation Count": 1.3333333333333333, "Publication Count": 0.6666666666666666}, "university of british columbia": {"Citation Count": 0.6666666666666666, "Publication Count": 0.3333333333333333}, "beijing university of posts and telecommunications": {"Citation Count": 0.0, "Publication Count": 0.3333333333333333}, "indraprastha institute of information technology": {"Citation Count": 3.0, "Publication Count": 1.0}, "china university of mining and technology": {"Citation Count": 3.0, "Publication Count": 0.6}, "chinese ministry of education": {"Citation Count": 1.0, "Publication Count": 0.2}, "uber": {"Citation Count": 0.0, "Publication Count": 0.5}, "lawrence berkeley national laboratory": {"Citation Count": 0.0, "Publication Count": 0.25}, "university of california berkeley": {"Citation Count": 0.0, "Publication Count": 0.25}, "stanford university": {"Citation Count": 0.5, "Publication Count": 0.5}, "shandong university of finance and economics": {"Citation Count": 0.5, "Publication Count": 0.5}, "jaypee institute of information technology": {"Citation Count": 2.0, "Publication Count": 0.5}, "ashoka university": {"Citation Count": 1.0, "Publication Count": 0.25}, "indian institutes of technology": {"Citation Count": 1.0, "Publication Count": 0.25}, "shenzhen university": {"Citation Count": 0.0, "Publication Count": 1.0}, "hong kong baptist university": {"Citation Count": 0.25, "Publication Count": 0.25}, "the chinese university of hong kong": {"Citation Count": 0.25, "Publication Count": 0.25}, "national chiao tung university": {"Citation Count": 0.0, "Publication Count": 0.8333333333333334}, "national central university": {"Citation Count": 0.0, "Publication Count": 0.16666666666666666},