{"IBM Research - Haifa": {"Citation Count": 1.3333333333333333, "Publication Count": 0.3333333333333333}, "Technion \u2013 Israel Institute of Technology": {"Citation Count": 1.3333333333333333, "Publication Count": 0.3333333333333333}, "University of Maryland, College Park": {"Citation Count": 1.3333333333333333, "Publication Count": 0.3333333333333333}, "Kuwait University": {"Citation Count": 33.666666666666664, "Publication Count": 0.3333333333333333}, "Queen's University": {"Citation Count": 44.888888888888886, "Publication Count": 0.4444444444444444}, "IBM (Canada)": {"Citation Count": 11.222222222222221, "Publication Count": 0.1111111111111111}, "CA Canada, Kingston, Canada": {"Citation Count": 11.222222222222221, "Publication Count": 0.1111111111111111}, "Inst. of Electron., Comput. & Telecommun. Eng., Italian Nat. Res. Council, Genoa, Italy": {"Citation Count": 36.0, "Publication Count": 1.0}, "Stanford University": {"Citation Count": 270.16666666666663, "Publication Count": 2.833333333333333}, "[Department of Computer Science, University of Hong Kong, Hong Kong, China]": {"Citation Count": 164.1, "Publication Count": 1.3833333333333333}, "Yale University": {"Citation Count": 55.4, "Publication Count": 0.95}, "University of Calgary": {"Citation Count": 87.5, "Publication Count": 0.8333333333333334}, "Global University": {"Citation Count": 17.5, "Publication Count": 0.16666666666666666}, "National Chung Hsing University": {"Citation Count": 13.666666666666666, "Publication Count": 0.6666666666666666}, "Research Center for Information Technology Innovation, Academia Sinica": {"Citation Count": 58.58333333333333, "Publication Count": 1.5833333333333333}, "Sch. of Inf. Tech. & Electr. Eng., Univ. of Queensland, Brisbane, QLD, Australia": {"Citation Count": 44.800000000000004, "Publication Count": 0.2}, "Zhejiang Normal University": {"Citation Count": 44.800000000000004, "Publication Count": 0.2}, "Peking University": {"Citation Count": 89.13333333333334, "Publication Count": 1.3666666666666667}, "Southwest University": {"Citation Count": 44.800000000000004, "Publication Count": 0.2}, "Hohai University": {"Citation Count": 44.800000000000004, "Publication Count": 0.2}, "George Washington University": {"Citation Count": 4.0, "Publication Count": 0.5}, "City University of Macau": {"Citation Count": 4.0, "Publication Count": 0.5}, "Hong Kong University of Science and Technology": {"Citation Count": 103.07857142857142, "Publication Count": 5.776190476190476}, "Florida State University": {"Citation Count": 43.0, "Publication Count": 1.25}, "Purdue University West Lafayette": {"Citation Count": 26.0, "Publication Count": 0.3333333333333333}, "King Abdullah University of Science and Technology": {"Citation Count": 26.0, "Publication Count": 0.3333333333333333}, "Chinese University of Hong Kong": {"Citation Count": 68.08333333333333, "Publication Count": 1.9166666666666665}, "University of Miami": {"Citation Count": 32.0, "Publication Count": 1.0}, "University of Bologna": {"Citation Count": 71.33333333333333, "Publication Count": 1.3333333333333333}, "Advanced Digital Sciences Center": {"Citation Count": 14.333333333333332, "Publication Count": 0.3333333333333333}, "Aalborg University": {"Citation Count": 41.33333333333333, "Publication Count": 1.4166666666666665}, "Universitat Polit\u00e8cnica de Val\u00e8ncia": {"Citation Count": 14.0, "Publication Count": 0.5}, "Politecnico di Milano": {"Citation Count": 14.0, "Publication Count": 0.5}, "Ames Research Center": {"Citation Count": 7.19047619047619, "Publication Count": 0.30952380952380953}, "Carnegie Mellon University": {"Citation Count": 4.333333333333333, "Publication Count": 0.16666666666666666}, "University of Illinois Urbana-Champaign": {"Citation Count": 301.90238095238095, "Publication Count": 2.230952380952381}, "IBM Research - Thomas J. Watson Research Center": {"Citation Count": 1.0, "Publication Count": 0.5}, "Georgia Institute of Technology": {"Citation Count": 47.5, "Publication Count": 1.25}, "University of Illinois at Chicago": {"Citation Count": 78.5, "Publication Count": 1.1666666666666665}, "Institute of Information Science, Academia Sinica": {"Citation Count": 12.0, "Publication Count": 0.3333333333333333}, "Singapore Management University": {"Citation Count": 56.5, "Publication Count": 1.5}, "Nanyang Technological University": {"Citation Count": 100.33333333333333, "Publication Count": 0.6666666666666666}, "National University of Singapore": {"Citation Count": 171.61190476190478, "Publication Count": 3.0928571428571425}, "University of California, Irvine": {"Citation Count": 59.0, "Publication Count": 2.0}, "University of Manchester": {"Citation Count": 175.0, "Publication Count": 2.0}, "University of Missouri": {"Citation Count": 56.0, "Publication Count": 1.0}, "National Sun Yat-sen University": {"Citation Count": 146.0, "Publication Count": 1.0}, "BT Group (United Kingdom)": {"Citation Count": 10.0, "Publication Count": 0.3333333333333333}, "Bournemouth University": {"Citation Count": 20.0, "Publication Count": 0.6666666666666666}, "National Cheng Kung University": {"Citation Count": 178.0, "Publication Count": 1.4166666666666665}, "University of Washington": {"Citation Count": 12.666666666666666, "Publication Count": 0.3333333333333333}, "The University of Texas at Dallas": {"Citation Count": 343.66666666666663, "Publication Count": 1.7333333333333334}, "University of Alabama in Huntsville": {"Citation Count": 12.666666666666666, "Publication Count": 0.3333333333333333}, "NEC Laboratories America Inc, Princeton, NJ, USA#TAB#": {"Citation Count": 10.666666666666666, "Publication Count": 0.6666666666666666}, "Rutgers, The State University of New Jersey": {"Citation Count": 28.333333333333332, "Publication Count": 0.8333333333333333}, "Renmin University of China": {"Citation Count": 16.125, "Publication Count": 0.2916666666666667}, "IBM Research - China": {"Citation Count": 14.5, "Publication Count": 0.25}, "Technical University of Crete": {"Citation Count": 17.25, "Publication Count": 0.75}, "National Technical University of Athens": {"Citation Count": 88.25, "Publication Count": 0.75}, "Hong Kong Polytechnic University": {"Citation Count": 32.25, "Publication Count": 0.875}, "University of the Aegean": {"Citation Count": 21.833333333333332, "Publication Count": 0.5833333333333333}, "University of Wisconsin\u2013Milwaukee": {"Citation Count": 74.0, "Publication Count": 0.5}, "University of Arizona": {"Citation Count": 74.0, "Publication Count": 0.5}, "[Dept. of Computer Science, University of Georgia, Athens, GA, USA]": {"Citation Count": 5.0, "Publication Count": 1.0}, "Universit\u00e9 Catholique de Louvain": {"Citation Count": 14.666666666666666, "Publication Count": 0.6666666666666666}, "University of Mons": {"Citation Count": 7.333333333333333, "Publication Count": 0.3333333333333333}, "Queensland University of Technology": {"Citation Count": 72.95833333333333, "Publication Count": 0.7083333333333333}, "Maebashi Institute of Technology": {"Citation Count": 35.666666666666664, "Publication Count": 0.3333333333333333}, "Washington State University": {"Citation Count": 401.0, "Publication Count": 1.0}, "University at Buffalo, State University of New York": {"Citation Count": 83.0, "Publication Count": 0.8333333333333333}, "Florida International University": {"Citation Count": 6.333333333333333, "Publication Count": 0.5833333333333333}, "Binghamton University": {"Citation Count": 9.0, "Publication Count": 1.0}, "Sun Yat-sen University": {"Citation Count": 50.666666666666664, "Publication Count": 0.6666666666666666}, "City University of Hong Kong": {"Citation Count": 12.666666666666666, "Publication Count": 0.16666666666666666}, "University of Sydney": {"Citation Count": 12.666666666666666, "Publication Count": 0.16666666666666666}, "Pennsylvania State University": {"Citation Count": 70.66666666666666, "Publication Count": 0.6666666666666666},