{"Carnegie Mellon University": {"Citation Count": 8.566666666666666, "Publication Count": 1.7000000000000002}, "Microsoft (United States)": {"Citation Count": 12.19047619047619, "Publication Count": 1.0952380952380951}, "RWTH Aachen University": {"Citation Count": 6.4, "Publication Count": 0.8}, "Lancaster University": {"Citation Count": 26.6, "Publication Count": 2.2}, "Google (United States)": {"Citation Count": 3.0, "Publication Count": 0.8999999999999999}, "Keio University": {"Citation Count": 8.181818181818182, "Publication Count": 0.8181818181818182}, "Leibniz University Hannover": {"Citation Count": 0.9090909090909092, "Publication Count": 0.09090909090909091}, "Goldsmiths University of London": {"Citation Count": 0.9090909090909092, "Publication Count": 0.09090909090909091}, "International Computer Science Institute": {"Citation Count": 4.166666666666667, "Publication Count": 0.8333333333333334}, "University of California, Berkeley": {"Citation Count": 9.833333333333332, "Publication Count": 1.0}, "University of Washington": {"Citation Count": 37.70833333333333, "Publication Count": 4.041666666666667}, "University of Illinois Urbana-Champaign": {"Citation Count": 13.083333333333332, "Publication Count": 1.9166666666666665}, "Twin Cities Orthopedics": {"Citation Count": 2.0, "Publication Count": 0.5}, "University of Minnesota": {"Citation Count": 2.0, "Publication Count": 0.5}, "Northumbria University": {"Citation Count": 1.8333333333333333, "Publication Count": 0.5}, "Newcastle University": {"Citation Count": 1.3333333333333333, "Publication Count": 0.41666666666666663}, "De Montfort University": {"Citation Count": 0.3333333333333333, "Publication Count": 0.08333333333333333}, "University College West Flanders": {"Citation Count": 0.3333333333333333, "Publication Count": 0.08333333333333333}, "University of Bath": {"Citation Count": 0.6666666666666666, "Publication Count": 0.16666666666666666}, "Iscte \u2013 Instituto Universit\u00e1rio de Lisboa": {"Citation Count": 0.3333333333333333, "Publication Count": 0.08333333333333333}, "Loughborough University": {"Citation Count": 0.3333333333333333, "Publication Count": 0.08333333333333333}, "University of Edinburgh": {"Citation Count": 0.3333333333333333, "Publication Count": 0.08333333333333333}, "Imperial College London": {"Citation Count": 1.6666666666666665, "Publication Count": 0.3333333333333333}, "Max Planck Institute for Intelligent Systems": {"Citation Count": 3.333333333333333, "Publication Count": 0.6666666666666666}, "King's College London": {"Citation Count": 13.5, "Publication Count": 0.5}, "Simon Fraser University": {"Citation Count": 4.5, "Publication Count": 0.16666666666666666}, "Stanford University": {"Citation Count": 4.5, "Publication Count": 0.16666666666666666}, "University of California, Santa Cruz": {"Citation Count": 4.833333333333333, "Publication Count": 0.5}, "Georgia Institute of Technology": {"Citation Count": 0.5, "Publication Count": 0.41666666666666663}, "Xiamen University": {"Citation Count": 10.0, "Publication Count": 0.7142857142857143}, "Hong Kong University of Science and Technology": {"Citation Count": 1.6666666666666665, "Publication Count": 0.40476190476190477}, "University of Hong Kong": {"Citation Count": 1.6666666666666665, "Publication Count": 0.40476190476190477}, "National Cheng Kung University": {"Citation Count": 2.0, "Publication Count": 0.14285714285714285}, "University of Colorado Boulder": {"Citation Count": 24.25, "Publication Count": 1.75}, "Tsinghua University": {"Citation Count": 2.0, "Publication Count": 0.5}, "Beijing University of Posts and Telecommunications": {"Citation Count": 1.0, "Publication Count": 0.25}, "Shanghai International Studies University": {"Citation Count": 1.0, "Publication Count": 0.25}, "Kyushu Institute of Technology": {"Citation Count": 0.5714285714285714, "Publication Count": 0.2857142857142857}, "University of Michigan\u2013Ann Arbor": {"Citation Count": 17.875, "Publication Count": 3.267857142857143}, "Aarhus University": {"Citation Count": 30.9, "Publication Count": 2.2}, "University of Nebraska at Omaha": {"Citation Count": 5.3999999999999995, "Publication Count": 0.5333333333333333}, "Michigan State University": {"Citation Count": 1.4000000000000001, "Publication Count": 0.2}, "University of Toronto": {"Citation Count": 34.4, "Publication Count": 2.95}, "Aalborg University": {"Citation Count": 5.5, "Publication Count": 0.5}, "University College London": {"Citation Count": 5.5, "Publication Count": 0.5}, "Turing Institute": {"Citation Count": 2.6666666666666665, "Publication Count": 0.16666666666666666}, "University of Warwick": {"Citation Count": 2.6666666666666665, "Publication Count": 0.16666666666666666}, "University of Siegen": {"Citation Count": 16.666666666666664, "Publication Count": 1.6666666666666665}, "Technical University of Munich": {"Citation Count": 15.0, "Publication Count": 1.0}, "University of California, Irvine": {"Citation Count": 11.85, "Publication Count": 1.45}, "Toronto Metropolitan University": {"Citation Count": 8.25, "Publication Count": 0.5}, "City, University of London": {"Citation Count": 5.916666666666666, "Publication Count": 0.41666666666666663}, "Indiana University Bloomington": {"Citation Count": 0.6666666666666666, "Publication Count": 0.6666666666666666}, "Microsoft Research (United Kingdom)": {"Citation Count": 39.01785714285714, "Publication Count": 2.9702380952380953}, "SilverCloud (Ireland)": {"Citation Count": 17.142857142857142, "Publication Count": 0.42857142857142855}, "Trinity College Dublin": {"Citation Count": 5.7142857142857135, "Publication Count": 0.14285714285714285}, "Macquarie University": {"Citation Count": 6.75, "Publication Count": 0.75}, "University of Technology Sydney": {"Citation Count": 2.25, "Publication Count": 0.25}, "University of Maryland, College Park": {"Citation Count": 8.666666666666666, "Publication Count": 0.3333333333333333}, "Florida State University": {"Citation Count": 8.666666666666666, "Publication Count": 0.3333333333333333}, "Auburn University": {"Citation Count": 8.666666666666666, "Publication Count": 0.3333333333333333}, "Arizona State University": {"Citation Count": 9.5, "Publication Count": 0.5}, "University of Copenhagen": {"Citation Count": 44.916666666666664, "Publication Count": 2.9166666666666665}, "Copenhagen University Hospital": {"Citation Count": 6.333333333333333, "Publication Count": 0.3333333333333333}, "University of California, Los Angeles": {"Citation Count": 11.642857142857142, "Publication Count": 0.9095238095238096}, "University of Southern California": {"Citation Count": 0.5, "Publication Count": 0.03333333333333333}, "The University of Texas Health Science Center at Houston": {"Citation Count": 1.0, "Publication Count": 0.06666666666666667}, "University of Kansas Medical Center": {"Citation Count": 1.0, "Publication Count": 0.06666666666666667}, "Syracuse University": {"Citation Count": 3.5, "Publication Count": 0.5}, "Universidad del Noreste": {"Citation Count": 1.75, "Publication Count": 0.25}, "City University of Hong Kong": {"Citation Count": 1.75, "Publication Count": 0.25}, "Middle East Technical University": {"Citation Count": 2.0, "Publication Count": 1.0}, "University of M\u00fcnster": {"Citation Count": 0.6, "Publication Count": 0.6}, "TH K\u00f6ln - University of Applied Sciences": {"Citation Count": 0.4, "Publication Count": 0.4}, "Saarland University": {"Citation Count": 5.25, "Publication Count": 0.75}, "Charit\u00e9 - Universit\u00e4tsmedizin Berlin": {"Citation Count": 0.4375, "Publication Count": 0.0625}, "Technische Universit\u00e4t Berlin": {"Citation Count": 1.3125, "Publication Count": 0.1875}, "University of Central Florida": {"Citation Count": 7.0, "Publication Count": 1.0}, "Indiana University": {"Citation Count": 0.8333333333333333, "Publication Count": 0.16666666666666666}, "Drexel University": {"Citation Count": 1.2857142857142856, "Publication Count": 0.42857142857142855},