{"university of maryland college park": {"Citation Count": 22.0, "Publication Count": 1.0}, "pennsylvania state university": {"Citation Count": 13.5, "Publication Count": 0.75}, "microsoft": {"Citation Count": 29.499999999999996, "Publication Count": 1.0833333333333333}, "university of california san diego": {"Citation Count": 12.142857142857142, "Publication Count": 0.8809523809523808}, "vienna university of technology": {"Citation Count": 1.4285714285714284, "Publication Count": 0.14285714285714285}, "university of california riverside": {"Citation Count": 1.4285714285714284, "Publication Count": 0.14285714285714285}, "purdue university": {"Citation Count": 26.25, "Publication Count": 1.75}, "carnegie mellon university": {"Citation Count": 1.2000000000000002, "Publication Count": 0.6000000000000001}, "rutgers university": {"Citation Count": 0.8, "Publication Count": 0.4}, "cornell university": {"Citation Count": 1.7142857142857142, "Publication Count": 0.2857142857142857}, "university of california berkeley": {"Citation Count": 3.4285714285714284, "Publication Count": 0.5714285714285714}, "stanford university": {"Citation Count": 34.857142857142854, "Publication Count": 1.1428571428571428}, "netapp": {"Citation Count": 1.75, "Publication Count": 0.25}, "google": {"Citation Count": 575.9999999999998, "Publication Count": 0.9999999999999996}, "university of rochester": {"Citation Count": 3.0, "Publication Count": 1.0}}