{"university of wyoming": {"Citation Count": 1.3333333333333333, "Publication Count": 0.3333333333333333}, "university of nebraska lincoln": {"Citation Count": 1.3333333333333333, "Publication Count": 0.3333333333333333}, "iowa state university": {"Citation Count": 1.3333333333333333, "Publication Count": 0.3333333333333333}, "university of north carolina at greensboro": {"Citation Count": 0.0, "Publication Count": 1.0}}