{"Institut de Recherche en Informatique et Syst\u00e8mes Al\u00e9atoires": {"Citation Count": 1.5555555555555554, "Publication Count": 0.2222222222222222}, "University of Rennes": {"Citation Count": 1.5555555555555554, "Publication Count": 0.2222222222222222}, "French Institute for Research in Computer Science and Automation": {"Citation Count": 1.5555555555555554, "Publication Count": 0.2222222222222222}, "Universit\u00e9 de Toulouse": {"Citation Count": 2.333333333333333, "Publication Count": 0.3333333333333333}, "Hong Kong Polytechnic University": {"Citation Count": 30.5, "Publication Count": 0.8333333333333333}, "University of Western Brittany": {"Citation Count": 14.75, "Publication Count": 0.25}, "Tianjin University": {"Citation Count": 14.75, "Publication Count": 0.25}, "Chongqing University": {"Citation Count": 8.571428571428571, "Publication Count": 0.8571428571428571}, "City University of Hong Kong": {"Citation Count": 3.4285714285714284, "Publication Count": 0.30952380952380953}, "University of Auckland": {"Citation Count": 1.0, "Publication Count": 0.3333333333333333}, "Tsinghua University": {"Citation Count": 6.666666666666666, "Publication Count": 1.8333333333333333}, "National Tsing Hua University": {"Citation Count": 6.485714285714286, "Publication Count": 0.7428571428571429}, "MediaTek (Taiwan)": {"Citation Count": 1.4000000000000001, "Publication Count": 0.2}, "National Taiwan University of Science and Technology": {"Citation Count": 1.4000000000000001, "Publication Count": 0.2}, "Federal Institute of Rio Grande do Sul": {"Citation Count": 0.16666666666666666, "Publication Count": 0.16666666666666666}, "Federal University of Rio Grande do Sul": {"Citation Count": 0.8333333333333334, "Publication Count": 0.8333333333333334}, "University of Illinois Urbana-Champaign": {"Citation Count": 0.6666666666666666, "Publication Count": 1.6666666666666665}, "Cadence Design Systems (United States)": {"Citation Count": 0.3333333333333333, "Publication Count": 0.3333333333333333}, "Royal Institute of Technology": {"Citation Count": 6.0, "Publication Count": 1.0}, "Masdar Institute, Khalifa University of Science and Technology#TAB#": {"Citation Count": 1.6666666666666665, "Publication Count": 0.3333333333333333}, "TU Dresden": {"Citation Count": 1.6666666666666665, "Publication Count": 0.3333333333333333}, "Khalifa University of Science and Technology": {"Citation Count": 1.6666666666666665, "Publication Count": 0.3333333333333333}, "University of Florida": {"Citation Count": 23.0, "Publication Count": 3.0}, "KU Leuven": {"Citation Count": 0.3, "Publication Count": 0.3}, "Imec": {"Citation Count": 0.3, "Publication Count": 0.3}, "National Technical University of Athens": {"Citation Count": 0.4, "Publication Count": 0.4}, "Arizona State University": {"Citation Count": 13.942857142857143, "Publication Count": 3.314285714285714}, "Intel (United States)": {"Citation Count": 0.8571428571428571, "Publication Count": 0.2857142857142857}, "University of Patras": {"Citation Count": 2.0, "Publication Count": 0.5}, "Technological Educational Institute of Western Greece": {"Citation Count": 2.0, "Publication Count": 0.5}, "National Institute of Astrophysics, Optics and Electronics": {"Citation Count": 8.142857142857142, "Publication Count": 1.1428571428571428}, "National Yang Ming Chiao Tung University": {"Citation Count": 22.392857142857142, "Publication Count": 2.821428571428571}, "The University of Texas at Austin": {"Citation Count": 18.0, "Publication Count": 2.0}, "Sharif University of Technology": {"Citation Count": 1.5, "Publication Count": 1.5}, "Institute for Research in Fundamental Sciences": {"Citation Count": 0.5, "Publication Count": 0.5}, "University of Tehran": {"Citation Count": 0.75, "Publication Count": 0.75}, "University of Southern California": {"Citation Count": 0.25, "Publication Count": 0.25}, "Chung Hua University": {"Citation Count": 1.0, "Publication Count": 1.0}, "Karlsruhe Institute of Technology": {"Citation Count": 0.5, "Publication Count": 0.5}, "Duke University": {"Citation Count": 7.280952380952382, "Publication Count": 1.176190476190476}, "Fudan University": {"Citation Count": 1.0, "Publication Count": 0.5}, "University of North Carolina at Charlotte": {"Citation Count": 0.3333333333333333, "Publication Count": 0.16666666666666666}, "The University of Texas at Dallas": {"Citation Count": 0.3333333333333333, "Publication Count": 0.16666666666666666}, "Fudan University and Northwestern University, Evanston, IL": {"Citation Count": 0.3333333333333333, "Publication Count": 0.16666666666666666}, "Indian Statistical Institute": {"Citation Count": 5.285714285714286, "Publication Count": 0.42857142857142855}, "University of Pittsburgh": {"Citation Count": 6.0, "Publication Count": 0.5}, "ShanDong University, Qingdao, China": {"Citation Count": 2.0, "Publication Count": 0.16666666666666666}, "Universidade Federal de Santa Catarina": {"Citation Count": 7.0, "Publication Count": 1.0}, "Technical University of Munich": {"Citation Count": 4.0, "Publication Count": 1.0}, "University of Calgary": {"Citation Count": 4.2, "Publication Count": 0.6}, "Xilinx (United States)": {"Citation Count": 1.4000000000000001, "Publication Count": 0.2}, "University of Waterloo": {"Citation Count": 1.4000000000000001, "Publication Count": 0.2}, "Shanghai Jiao Tong University": {"Citation Count": 10.22857142857143, "Publication Count": 1.2285714285714286}, "Michigan Technological University": {"Citation Count": 0.2, "Publication Count": 0.2}, "Yuan Ze University": {"Citation Count": 9.65, "Publication Count": 1.45}, "Henan University of Science and Technology": {"Citation Count": 1.75, "Publication Count": 0.25}, "Chengdu University of Information Technology": {"Citation Count": 1.75, "Publication Count": 0.25}, "Synopsys (United States)": {"Citation Count": 1.75, "Publication Count": 0.25}, "The University of Kitakyushu": {"Citation Count": 1.75, "Publication Count": 0.25}, "National Taiwan University": {"Citation Count": 0.5, "Publication Count": 0.5}, "University of Utah": {"Citation Count": 0.3333333333333333, "Publication Count": 0.3333333333333333}, "SUNY Brockport": {"Citation Count": 0.3333333333333333, "Publication Count": 0.3333333333333333}, "University of South Florida": {"Citation Count": 0.3333333333333333, "Publication Count": 0.3333333333333333}, "Princeton University": {"Citation Count": 7.0, "Publication Count": 1.0}, "Oldenburger Institut f\u00fcr Informatik": {"Citation Count": 1.3333333333333333, "Publication Count": 0.6666666666666666}, "Carl von Ossietzky University of Oldenburg": {"Citation Count": 0.6666666666666666, "Publication Count": 0.3333333333333333}, "Purdue University West Lafayette": {"Citation Count": 3.0, "Publication Count": 1.5}, "University of California, Riverside": {"Citation Count": 6.285714285714286, "Publication Count": 0.2857142857142857}, "University of Electronic Science and Technology of China": {"Citation Count": 3.142857142857143, "Publication Count": 0.14285714285714285}, "Indian Institute of Technology Roorkee": {"Citation Count": 2.142857142857143, "Publication Count": 0.42857142857142855}, "Stanford University": {"Citation Count": 0.7142857142857142, "Publication Count": 0.14285714285714285}, "Indian Institute of Technology Kharagpur": {"Citation Count": 0.7142857142857142, "Publication Count": 0.47619047619047616}, "Nanyang Technological University": {"Citation Count": 7.8, "Publication Count": 0.6}, "Xiamen Institute of Standardization, China": {"Citation Count": 2.6, "Publication Count": 0.2}, "Southern University of Science and Technology": {"Citation Count": 2.6, "Publication Count": 0.2}, "Politecnico di Milano": {"Citation Count": 11.8, "Publication Count": 1.2}, "University of Arizona": {"Citation Count": 8.0, "Publication Count": 1.0}, "Purdue University Northwest": {"Citation Count": 0.0, "Publication Count": 0.5}, "Washington State University": {"Citation Count": 20.6,