{"university of toronto": {"Citation Count": 305.08333333333337, "Publication Count": 3.5}, "universite de montreal": {"Citation Count": 101.83333333333333, "Publication Count": 1.2833333333333332}, "massachusetts institute of technology": {"Citation Count": 852.1714285714286, "Publication Count": 8.052380952380952}, "princeton university": {"Citation Count": 250.13809523809522, "Publication Count": 4.802380952380952}, "college of william mary": {"Citation Count": 10.285714285714285, "Publication Count": 0.14285714285714285}, "columbia university": {"Citation Count": 122.96904761904761, "Publication Count": 3.5595238095238098}, "ecole polytechnique federale de lausanne": {"Citation Count": 16.535714285714285, "Publication Count": 0.39285714285714285}, "university of zaragoza": {"Citation Count": 16.285714285714285, "Publication Count": 0.42857142857142855}, "university of california san diego": {"Citation Count": 83.53571428571428, "Publication Count": 2.511904761904762}, "dartmouth college": {"Citation Count": 34.5, "Publication Count": 0.5}, "university of california berkeley": {"Citation Count": 337.2, "Publication Count": 6.733333333333333}, "ewha womans university": {"Citation Count": 32.0, "Publication Count": 1.0}, "university of erlangen nuremberg": {"Citation Count": 14.25, "Publication Count": 0.25}, "microsoft": {"Citation Count": 356.9416666666666, "Publication Count": 6.991666666666667}, "university of north carolina at chapel hill": {"Citation Count": 77.83333333333333, "Publication Count": 2.1666666666666665}, "aalto university": {"Citation Count": 5.25, "Publication Count": 0.25}, "carnegie mellon university": {"Citation Count": 254.8666666666667, "Publication Count": 3.8666666666666667}, "linkoping university": {"Citation Count": 47.0, "Publication Count": 1.0}, "cornell university": {"Citation Count": 265.40714285714284, "Publication Count": 7.992857142857143}, "max planck society": {"Citation Count": 136.36666666666665, "Publication Count": 2.2333333333333334}, "purdue university": {"Citation Count": 192.45000000000005, "Publication Count": 2.4250000000000003}, "university of california irvine": {"Citation Count": 39.400000000000006, "Publication Count": 1.4}, "kaist": {"Citation Count": 6.666666666666666, "Publication Count": 0.16666666666666666}, "hebrew university of jerusalem": {"Citation Count": 81.0, "Publication Count": 2.0}, "university of british columbia": {"Citation Count": 351.5, "Publication Count": 7.5}, "disney research": {"Citation Count": 449.2428571428571, "Publication Count": 8.657142857142858}, "lahore university of management sciences": {"Citation Count": 11.200000000000001, "Publication Count": 0.2}, "yuan ze university": {"Citation Count": 6.0, "Publication Count": 0.5}, "national chiao tung university": {"Citation Count": 6.0, "Publication Count": 0.5}, "hewlett packard": {"Citation Count": 10.666666666666666, "Publication Count": 0.3333333333333333}, "university of california santa cruz": {"Citation Count": 16.0, "Publication Count": 0.5}, "nanyang technological university": {"Citation Count": 65.91666666666666, "Publication Count": 1.4166666666666665}, "national university of singapore": {"Citation Count": 38.0, "Publication Count": 0.75}, "autodesk": {"Citation Count": 2.333333333333333, "Publication Count": 0.3333333333333333}, "technical university of denmark": {"Citation Count": 24.0, "Publication Count": 1.0}, "stanford university": {"Citation Count": 807.9666666666667, "Publication Count": 7.316666666666666}, "georgia institute of technology": {"Citation Count": 122.0, "Publication Count": 4.0}, "brown university": {"Citation Count": 150.96666666666667, "Publication Count": 1.4333333333333333}, "university of washington": {"Citation Count": 148.0, "Publication Count": 1.2}, "ecole polytechnique": {"Citation Count": 40.0, "Publication Count": 0.2}, "technical university of berlin": {"Citation Count": 346.98333333333335, "Publication Count": 2.716666666666667}, "telecom paristech": {"Citation Count": 41.6, "Publication Count": 0.5333333333333333}, "adobe systems": {"Citation Count": 403.8333333333333, "Publication Count": 4.175000000000001}, "universidade federal do rio grande do sul": {"Citation Count": 153.0, "Publication Count": 1.5}, "university of grenoble": {"Citation Count": 23.5, "Publication Count": 0.5}, "french institute for research in computer science and automation": {"Citation Count": 100.77857142857144, "Publication Count": 3.242857142857143}, "university of utah": {"Citation Count": 39.666666666666664, "Publication Count": 0.9999999999999999}, "american museum of natural history": {"Citation Count": 6.571428571428571, "Publication Count": 0.14285714285714285}, "yale university": {"Citation Count": 51.035714285714285, "Publication Count": 1.3214285714285714}, "duke university": {"Citation Count": 13.142857142857142, "Publication Count": 0.2857142857142857}, "sapienza university of rome": {"Citation Count": 1.75, "Publication Count": 0.25}, "harvard university": {"Citation Count": 48.5, "Publication Count": 0.5}, "university of tokyo": {"Citation Count": 92.66666666666664, "Publication Count": 1.6666666666666665}, "university of konstanz": {"Citation Count": 45.75, "Publication Count": 1.25}, "nvidia": {"Citation Count": 118.75, "Publication Count": 3.3333333333333335}, "institute of science and technology austria": {"Citation Count": 24.0, "Publication Count": 0.6666666666666666}, "university college london": {"Citation Count": 226.9333333333333, "Publication Count": 2.4499999999999997}, "national university of defense technology": {"Citation Count": 33.107142857142854, "Publication Count": 0.5357142857142857}, "tel aviv university": {"Citation Count": 86.91666666666666, "Publication Count": 1.4166666666666665}, "simon fraser university": {"Citation Count": 67.14523809523808, "Publication Count": 1.0928571428571427}, "karlsruhe institute of technology": {"Citation Count": 24.5, "Publication Count": 0.5}, "university of freiburg": {"Citation Count": 97.60000000000001, "Publication Count": 0.8}, "eth zurich": {"Citation Count": 256.1333333333333, "Publication Count": 5.133333333333334}, "zhejiang university": {"Citation Count": 121.91666666666666, "Publication Count": 2.1666666666666665}, "ohio state university": {"Citation Count": 23.25, "Publication Count": 0.75}, "pohang university of science and technology": {"Citation Count": 32.0, "Publication Count": 0.3333333333333333}, "university of southern california": {"Citation Count": 24.666666666666664, "Publication Count": 0.6666666666666666}, "free university of berlin": {"Citation Count": 30.875, "Publication Count": 1.125}, "katholieke universiteit leuven": {"Citation Count": 6.75, "Publication Count": 0.25}, "paris descartes university": {"Citation Count": 6.75, "Publication Count": 0.25}, "university of hong kong": {"Citation Count": 64.1, "Publication Count": 1.9833333333333334}, "university of massachusetts amherst": {"Citation Count": 25.5, "Publication Count": 0.75}, "pacific northwest national laboratory": {"Citation Count": 10.0, "Publication Count": 0.3333333333333333}, "pennsylvania state university": {"Citation Count": 2.875, "Publication Count": 0.125}, "shandong university": {"Citation Count": 15.875, "Publication Count": 0.625}, "king abdullah university of science and technology": {"Citation Count": 61.4, "Publication Count": 1.2666666666666666}, "vienna university of technology": {"Citation Count": 17.0, "Publication Count": 0.25}, "graz university of technology": {"Citation Count": 49.99999999999999, "Publication Count": 1.25}, "trinity college": {"Citation Count": 43.666666666666664, "Publication Count": 1.3333333333333333}, "korea university": {"Citation Count": 25.666666666666664, "Publication Count": 0.3333333333333333}, "the chinese university of hong kong": {"Citation Count": 246.0, "Publication Count": 2.0}, "university of giessen": {"Citation Count": 5.5, "Publication Count": 0.5},