{"Stanford University": {"Citation Count": 1442.4166666666667, "Publication Count": 7.191666666666666}, "University of Toronto": {"Citation Count": 183.22222222222223, "Publication Count": 3.444444444444444}, "Universit\u00e9 de Montr\u00e9al": {"Citation Count": 29.22222222222222, "Publication Count": 0.6694444444444444}, "Walt Disney (United States)": {"Citation Count": 624.7186507936507, "Publication Count": 9.180158730158732}, "Autodesk (United States)": {"Citation Count": 15.916666666666666, "Publication Count": 0.4583333333333333}, "ETH Zurich": {"Citation Count": 362.8297619047619, "Publication Count": 5.344047619047619}, "Columbia University": {"Citation Count": 184.01190476190476, "Publication Count": 3.338095238095238}, "Princeton University": {"Citation Count": 346.72261904761905, "Publication Count": 4.677380952380952}, "Massachusetts Institute of Technology": {"Citation Count": 69.14285714285714, "Publication Count": 1.1904761904761905}, "Creative Technologies (United States)": {"Citation Count": 6.42857142857143, "Publication Count": 0.07142857142857144}, "University of Southern California": {"Citation Count": 24.761904761904763, "Publication Count": 0.40476190476190477}, "Adobe Systems (United States)": {"Citation Count": 720.2940476190475, "Publication Count": 4.305952380952381}, "University of Washington": {"Citation Count": 386.6857142857143, "Publication Count": 1.2476190476190476}, "Computer Science Laboratory of Lille": {"Citation Count": 12.85714285714286, "Publication Count": 0.14285714285714288}, "University of California, San Diego": {"Citation Count": 87.64285714285714, "Publication Count": 1.4821428571428572}, "Universidad de Zaragoza": {"Citation Count": 23.57142857142857, "Publication Count": 0.42857142857142855}, "Horsley Medical Practice": {"Citation Count": 7.857142857142857, "Publication Count": 0.14285714285714285}, "University of California, Berkeley": {"Citation Count": 493.175, "Publication Count": 6.508333333333333}, "Dartmouth Hospital": {"Citation Count": 20.25, "Publication Count": 0.25}, "Dartmouth College": {"Citation Count": 21.125, "Publication Count": 0.375}, "Sogang University": {"Citation Count": 2.3000000000000003, "Publication Count": 0.1}, "Ewha Womans University": {"Citation Count": 20.7, "Publication Count": 0.9}, "University of Erlangen-Nuremberg": {"Citation Count": 13.25, "Publication Count": 0.25}, "Microsoft Research (United Kingdom)": {"Citation Count": 400.65, "Publication Count": 3.5166666666666666}, "Pixar Animation Studios": {"Citation Count": 46.0, "Publication Count": 1.0}, "University of North Carolina at Chapel Hill": {"Citation Count": 95.75, "Publication Count": 1.9166666666666665}, "Aalto University": {"Citation Count": 5.75, "Publication Count": 0.25}, "Carnegie Mellon University": {"Citation Count": 461.8666666666667, "Publication Count": 3.15}, "Link\u00f6ping University": {"Citation Count": 68.0, "Publication Count": 1.0}, "Cornell University": {"Citation Count": 450.6142857142857, "Publication Count": 8.67142857142857}, "Max Planck Institute for Informatics": {"Citation Count": 109.92500000000001, "Publication Count": 2.175}, "Saarland University": {"Citation Count": 143.125, "Publication Count": 1.375}, "Purdue University System": {"Citation Count": 267.375, "Publication Count": 2.525}, "University of California, Irvine": {"Citation Count": 49.400000000000006, "Publication Count": 1.4}, "Korea Advanced Institute of Science and Technology": {"Citation Count": 21.66666666666666, "Publication Count": 0.33333333333333326}, "Weta Digital": {"Citation Count": 21.66666666666666, "Publication Count": 0.33333333333333326}, "Center for Research in Economics and Statistics": {"Citation Count": 8.305555555555554, "Publication Count": 0.15277777777777776}, "Centre for Research in Engineering Surface Technology": {"Citation Count": 8.305555555555554, "Publication Count": 0.15277777777777776}, "Center for Responsible Travel": {"Citation Count": 8.305555555555554, "Publication Count": 0.15277777777777776}, "Hebrew University of Jerusalem": {"Citation Count": 140.0, "Publication Count": 1.5}, "University of British Columbia": {"Citation Count": 511.5833333333333, "Publication Count": 7.166666666666667}, "Lahore University of Management Sciences": {"Citation Count": 20.6, "Publication Count": 0.2}, "UNM Advanced Graphics Lab": {"Citation Count": 332.8666666666667, "Publication Count": 1.7333333333333332}, "Yuan Ze University": {"Citation Count": 8.5, "Publication Count": 0.5}, "National Yang Ming Chiao Tung University": {"Citation Count": 8.5, "Publication Count": 0.5}, "Hewlett-Packard (United States)": {"Citation Count": 12.333333333333332, "Publication Count": 0.3333333333333333}, "University of California, Santa Cruz": {"Citation Count": 18.5, "Publication Count": 0.5}, "3M": {"Citation Count": 6.166666666666666, "Publication Count": 0.16666666666666666}, "Nanyang Technological University": {"Citation Count": 99.16666666666666, "Publication Count": 1.4166666666666665}, "National University of Singapore": {"Citation Count": 58.75, "Publication Count": 0.75}, "Technical University of Denmark": {"Citation Count": 43.0, "Publication Count": 1.0}, "Georgia Institute of Technology": {"Citation Count": 188.0, "Publication Count": 4.0}, "John Brown University": {"Citation Count": 218.5, "Publication Count": 0.8333333333333333}, "Computer Science Laboratory of the \u00c9cole Polytechnique": {"Citation Count": 106.4, "Publication Count": 0.2}, "Technical University of Berlin": {"Citation Count": 578.55, "Publication Count": 2.716666666666667}, "T\u00e9l\u00e9com Paris": {"Citation Count": 44.53333333333333, "Publication Count": 0.5333333333333333}, "MIT - CSAIL": {"Citation Count": 994.7, "Publication Count": 4.116666666666666}, "Informatica (South Korea)": {"Citation Count": 93.25, "Publication Count": 0.75}, "Federal University of Rio Grande do Sul": {"Citation Count": 93.25, "Publication Count": 0.75}, "Brown University": {"Citation Count": 88.80000000000001, "Publication Count": 0.4}, "Providence College": {"Citation Count": 66.6, "Publication Count": 0.3}, "Max Planck Institute for Intelligent Systems": {"Citation Count": 66.6, "Publication Count": 0.3}, "French Institute for Research in Computer Science and Automation": {"Citation Count": 285.64761904761906, "Publication Count": 3.9095238095238094}, "University of Utah": {"Citation Count": 52.08333333333333, "Publication Count": 0.7499999999999999}, "Yale University": {"Citation Count": 100.92857142857143, "Publication Count": 1.1785714285714286}, "Yale Unversity ,": {"Citation Count": 9.142857142857142, "Publication Count": 0.14285714285714285}, "Duke University": {"Citation Count": 18.285714285714285, "Publication Count": 0.2857142857142857}, "American Museum of Natural History": {"Citation Count": 9.142857142857142, "Publication Count": 0.14285714285714285}, "Human Media": {"Citation Count": 27.916666666666664, "Publication Count": 0.5833333333333333}, "Microsoft Research Asia (China)": {"Citation Count": 266.1, "Publication Count": 3.6416666666666666}, "Sapienza University of Rome": {"Citation Count": 0.875, "Publication Count": 0.125}, "Harvard University Press": {"Citation Count": 55.5, "Publication Count": 0.5}, "University of Tsukuba": {"Citation Count": 16.0, "Publication Count": 0.6666666666666666}, "The University of Tokyo": {"Citation Count": 116.0, "Publication Count": 1.6666666666666665}, "University of Konstanz": {"Citation Count": 60.75, "Publication Count": 1.25}, "Nvidia (United Kingdom)": {"Citation Count": 74.5, "Publication Count": 1.3333333333333333}, "Institute of Science and Technology Austria": {"Citation Count": 30.0, "Publication Count": 0.6666666666666666}, "University College Lahore": {"Citation Count": 26.8, "Publication Count": 0.2}, "National University of Defense Technology": {"Citation Count": 45.87857142857143, "Publication Count": 0.6357142857142857},