{"adobe systems": {"Citation Count": 299.6896103896104, "Publication Count": 5.66038961038961}, "microsoft": {"Citation Count": 573.7869047619048, "Publication Count": 6.076785714285714}, "university of illinois at urbana champaign": {"Citation Count": 91.45, "Publication Count": 0.65}, "carnegie mellon university": {"Citation Count": 108.13333333333334, "Publication Count": 1.9666666666666668}, "vienna university of technology": {"Citation Count": 39.25, "Publication Count": 1.0833333333333335}, "harbin institute of technology": {"Citation Count": 16.75, "Publication Count": 0.25}, "graz university of technology": {"Citation Count": 18.75, "Publication Count": 0.75}, "king abdullah university of science and technology": {"Citation Count": 84.48333333333332, "Publication Count": 4.316666666666666}, "massachusetts institute of technology": {"Citation Count": 355.04545454545456, "Publication Count": 6.904545454545454}, "university of texas at austin": {"Citation Count": 44.14242424242424, "Publication Count": 0.5575757575757575}, "university of science and technology of china": {"Citation Count": 100.96428571428572, "Publication Count": 3.178571428571429}, "university of tokyo": {"Citation Count": 30.166666666666664, "Publication Count": 1.6666666666666667}, "nagoya institute of technology": {"Citation Count": 9.666666666666666, "Publication Count": 0.16666666666666666}, "university of tsukuba": {"Citation Count": 13.666666666666666, "Publication Count": 1.1666666666666667}, "utsunomiya university": {"Citation Count": 29.0, "Publication Count": 0.5}, "purdue university": {"Citation Count": 96.77777777777777, "Publication Count": 1.8888888888888888}, "old dominion university": {"Citation Count": 3.6666666666666665, "Publication Count": 0.3333333333333333}, "ecole polytechnique federale de lausanne": {"Citation Count": 132.26666666666665, "Publication Count": 2.466666666666667}, "disney research": {"Citation Count": 328.826948051948, "Publication Count": 9.794480519480521}, "california polytechnic state university": {"Citation Count": 2.909090909090909, "Publication Count": 0.09090909090909091}, "stanford university": {"Citation Count": 485.4090909090909, "Publication Count": 7.932575757575757}, "eth zurich": {"Citation Count": 75.46428571428571, "Publication Count": 3.1428571428571423}, "michigan state university": {"Citation Count": 13.75, "Publication Count": 1.0}, "california institute of technology": {"Citation Count": 48.25, "Publication Count": 3.0}, "university of british columbia": {"Citation Count": 314.04999999999995, "Publication Count": 6.0928571428571425}, "ningbo university": {"Citation Count": 6.6000000000000005, "Publication Count": 0.8}, "university of hong kong": {"Citation Count": 61.33333333333333, "Publication Count": 2.1999999999999997}, "ningbo institute of technology zhejiang university": {"Citation Count": 0.6000000000000001, "Publication Count": 0.2}, "university college london": {"Citation Count": 164.26666666666668, "Publication Count": 6.2666666666666675}, "university of utah": {"Citation Count": 9.600000000000001, "Publication Count": 0.7}, "middle east technical university": {"Citation Count": 3.0, "Publication Count": 0.5}, "max planck society": {"Citation Count": 297.8095238095238, "Publication Count": 5.261904761904762}, "national university of singapore": {"Citation Count": 30.2, "Publication Count": 0.5333333333333333}, "universite paris saclay": {"Citation Count": 9.5, "Publication Count": 0.5}, "delft university of technology": {"Citation Count": 9.5, "Publication Count": 0.5}, "university of central florida": {"Citation Count": 16.0, "Publication Count": 1.0}, "university of california riverside": {"Citation Count": 3.0, "Publication Count": 0.25}, "university of denver": {"Citation Count": 3.0, "Publication Count": 0.25}, "university of maryland baltimore county": {"Citation Count": 3.0, "Publication Count": 0.25}, "technische universitat munchen": {"Citation Count": 10.0, "Publication Count": 0.7833333333333332}, "university of southern california": {"Citation Count": 85.72222222222223, "Publication Count": 1.8611111111111112}, "tokai university": {"Citation Count": 9.0, "Publication Count": 0.5}, "toyohashi university of technology": {"Citation Count": 9.0, "Publication Count": 0.5}, "washington university in st louis": {"Citation Count": 10.4, "Publication Count": 0.4}, "saint louis university": {"Citation Count": 15.6, "Publication Count": 0.6}, "new york university": {"Citation Count": 55.083333333333336, "Publication Count": 1.9166666666666667}, "columbia university": {"Citation Count": 107.69999999999999, "Publication Count": 4.233333333333333}, "edinburgh napier university": {"Citation Count": 7.25, "Publication Count": 0.25}, "unity technologies": {"Citation Count": 33.0, "Publication Count": 1.0}, "charles university in prague": {"Citation Count": 44.7, "Publication Count": 1.9}, "university of lorraine": {"Citation Count": 78.0, "Publication Count": 1.0}, "the chinese university of hong kong": {"Citation Count": 44.285714285714285, "Publication Count": 4.142857142857142}, "university of hull": {"Citation Count": 21.285714285714285, "Publication Count": 0.34285714285714286}, "shenzhen university": {"Citation Count": 31.28333333333333, "Publication Count": 0.9916666666666666}, "simon fraser university": {"Citation Count": 38.72222222222222, "Publication Count": 1.4325396825396826}, "carleton university": {"Citation Count": 14.0, "Publication Count": 0.5}, "university of california santa cruz": {"Citation Count": 7.666666666666666, "Publication Count": 0.16666666666666666}, "cornell university": {"Citation Count": 89.58333333333334, "Publication Count": 2.95}, "university of california irvine": {"Citation Count": 9.0, "Publication Count": 0.3333333333333333}, "yale university": {"Citation Count": 26.099999999999998, "Publication Count": 1.1}, "lancaster university": {"Citation Count": 12.4, "Publication Count": 0.4}, "university of rennes": {"Citation Count": 12.0, "Publication Count": 1.0}, "university of texas at dallas": {"Citation Count": 19.0, "Publication Count": 0.5}, "harvard university": {"Citation Count": 2.75, "Publication Count": 0.25}, "saarland university": {"Citation Count": 17.708333333333332, "Publication Count": 1.9083333333333332}, "comenius university in bratislava": {"Citation Count": 2.75, "Publication Count": 0.25}, "university of california berkeley": {"Citation Count": 15.083333333333332, "Publication Count": 0.5833333333333333}, "university of california san diego": {"Citation Count": 6.75, "Publication Count": 0.25}, "autodesk": {"Citation Count": 31.75, "Publication Count": 2.25}, "french institute for research in computer science and automation": {"Citation Count": 22.333333333333332, "Publication Count": 1.6666666666666665}, "karlsruhe institute of technology": {"Citation Count": 46.0, "Publication Count": 1.0}, "weizmann institute of science": {"Citation Count": 156.0, "Publication Count": 3.4}, "seoul national university": {"Citation Count": 58.0, "Publication Count": 2.0}, "university of bath": {"Citation Count": 14.533333333333331, "Publication Count": 0.5333333333333333}, "kaist": {"Citation Count": 89.2, "Publication Count": 3.2666666666666666}, "stony brook university": {"Citation Count": 40.666666666666664, "Publication Count": 0.6666666666666666}, "aalto university": {"Citation Count": 61.06666666666666, "Publication Count": 1.0666666666666667}, "nvidia": {"Citation Count": 178.83333333333331, "Publication Count": 2.6666666666666665}, "qatar computing research institute": {"Citation Count": 44.0, "Publication Count": 0.5833333333333333}, "centre national de la recherche scientifique": {"Citation Count": 19.333333333333332, "Publication Count": 0.3333333333333333}, "kyoto university": {"Citation Count": 19.333333333333332, "Publication Count": 0.3333333333333333}, "paris dauphine university": {"Citation Count": 40.58333333333333,