{"university of verona": {"Citation Count": 10.2, "Publication Count": 0.6}, "university of glasgow": {"Citation Count": 3.4000000000000004, "Publication Count": 0.2}, "ecole polytechnique": {"Citation Count": 88.9, "Publication Count": 1.7}, "university of electronic science and technology of china": {"Citation Count": 3.2, "Publication Count": 0.2}, "tongji university": {"Citation Count": 6.4, "Publication Count": 0.4}, "centre national de la recherche scientifique": {"Citation Count": 19.2, "Publication Count": 1.0}, "university of south australia": {"Citation Count": 3.2, "Publication Count": 0.2}, "cardiff university": {"Citation Count": 28.5, "Publication Count": 0.6190476190476191}, "tsinghua university": {"Citation Count": 79.02380952380952, "Publication Count": 2.9761904761904763}, "university of utah": {"Citation Count": 42.31428571428572, "Publication Count": 1.952380952380952}, "university of pennsylvania": {"Citation Count": 76.73333333333333, "Publication Count": 1.8666666666666667}, "hebrew university of jerusalem": {"Citation Count": 72.39087301587301, "Publication Count": 0.7123015873015872}, "shenzhen university": {"Citation Count": 117.09880952380952, "Publication Count": 4.067857142857143}, "microsoft": {"Citation Count": 465.47142857142853, "Publication Count": 7.009523809523809}, "tel aviv university": {"Citation Count": 87.36111111111111, "Publication Count": 2.1718253968253967}, "memorial university of newfoundland": {"Citation Count": 10.882539682539683, "Publication Count": 0.45396825396825397}, "waseda university": {"Citation Count": 96.57142857142857, "Publication Count": 2.142857142857143}, "university of wisconsin madison": {"Citation Count": 51.00714285714285, "Publication Count": 1.7928571428571427}, "columbia university": {"Citation Count": 99.21666666666665, "Publication Count": 3.966666666666667}, "university of freiburg": {"Citation Count": 27.0, "Publication Count": 1.0}, "eth zurich": {"Citation Count": 164.1, "Publication Count": 6.050000000000001}, "technische universitat munchen": {"Citation Count": 310.1333333333333, "Publication Count": 2.716666666666667}, "university of tokyo": {"Citation Count": 34.46666666666667, "Publication Count": 2.583333333333333}, "japan advanced institute of science and technology": {"Citation Count": 3.333333333333333, "Publication Count": 0.3333333333333333}, "delft university of technology": {"Citation Count": 95.7, "Publication Count": 3.0333333333333337}, "mcgill university": {"Citation Count": 6.85, "Publication Count": 0.65}, "universite de montreal": {"Citation Count": 48.199999999999996, "Publication Count": 3.15}, "dartmouth college": {"Citation Count": 24.7, "Publication Count": 1.2}, "university of zaragoza": {"Citation Count": 96.75, "Publication Count": 3.75}, "nanjing university": {"Citation Count": 2.0, "Publication Count": 0.4}, "national university of defense technology": {"Citation Count": 30.21944444444444, "Publication Count": 1.2027777777777777}, "simon fraser university": {"Citation Count": 75.43333333333334, "Publication Count": 2.958333333333333}, "sandia national laboratories": {"Citation Count": 4.0, "Publication Count": 0.3333333333333333}, "university of california davis": {"Citation Count": 2.6666666666666665, "Publication Count": 0.2222222222222222}, "university of north carolina at chapel hill": {"Citation Count": 100.73333333333332, "Publication Count": 2.755555555555556}, "university of hong kong": {"Citation Count": 38.03333333333333, "Publication Count": 2.936111111111111}, "nvidia": {"Citation Count": 48.866666666666674, "Publication Count": 1.5111111111111108}, "university of gottingen": {"Citation Count": 6.5, "Publication Count": 0.25}, "university of toronto": {"Citation Count": 121.74999999999999, "Publication Count": 3.3333333333333335}, "stanford university": {"Citation Count": 351.2833333333333, "Publication Count": 9.183333333333334}, "university of erlangen nuremberg": {"Citation Count": 28.4, "Publication Count": 0.4}, "max planck society": {"Citation Count": 369.947619047619, "Publication Count": 2.9238095238095236}, "ecole polytechnique federale de lausanne": {"Citation Count": 98.03571428571428, "Publication Count": 3.392857142857143}, "walt disney animation studios": {"Citation Count": 45.666666666666664, "Publication Count": 1.3333333333333335}, "french institute for research in computer science and automation": {"Citation Count": 120.96666666666667, "Publication Count": 2.7}, "carnegie mellon university": {"Citation Count": 243.63333333333333, "Publication Count": 6.699999999999999}, "disney research": {"Citation Count": 163.50000000000003, "Publication Count": 6.133333333333334}, "kaist": {"Citation Count": 21.333333333333332, "Publication Count": 1.3333333333333333}, "mcmaster university": {"Citation Count": 2.5, "Publication Count": 0.5}, "shanghai jiao tong university": {"Citation Count": 2.5, "Publication Count": 0.5}, "university of copenhagen": {"Citation Count": 9.0, "Publication Count": 1.0}, "adobe systems": {"Citation Count": 256.73333333333335, "Publication Count": 5.342857142857143}, "university of british columbia": {"Citation Count": 215.59999999999997, "Publication Count": 5.703571428571429}, "university of science and technology of china": {"Citation Count": 141.02380952380952, "Publication Count": 2.8095238095238098}, "washington university in st louis": {"Citation Count": 18.0, "Publication Count": 1.0}, "saint louis university": {"Citation Count": 6.333333333333333, "Publication Count": 0.3333333333333333}, "university of southern california": {"Citation Count": 115.6, "Publication Count": 2.4}, "weizmann institute of science": {"Citation Count": 319.66666666666663, "Publication Count": 2.6666666666666665}, "sejong university": {"Citation Count": 7.5, "Publication Count": 0.5}, "intel": {"Citation Count": 7.5, "Publication Count": 0.5}, "huazhong university of science and technology": {"Citation Count": 51.2, "Publication Count": 0.7}, "texas a m university": {"Citation Count": 8.5, "Publication Count": 0.5}, "california polytechnic state university": {"Citation Count": 4.25, "Publication Count": 0.25}, "university of minnesota": {"Citation Count": 30.535714285714285, "Publication Count": 1.9285714285714286}, "university of grenoble": {"Citation Count": 34.285714285714285, "Publication Count": 2.0952380952380953}, "indian institute of technology delhi": {"Citation Count": 12.095238095238095, "Publication Count": 0.47619047619047616}, "ohio state university": {"Citation Count": 25.0, "Publication Count": 1.5}, "university of california": {"Citation Count": 570.5, "Publication Count": 8.6}, "university college london": {"Citation Count": 157.5, "Publication Count": 3.833333333333333}, "seoul national university": {"Citation Count": 144.66666666666666, "Publication Count": 3.6666666666666665}, "rutgers university": {"Citation Count": 4.166666666666666, "Publication Count": 0.16666666666666666}, "new york university": {"Citation Count": 117.6, "Publication Count": 3.6}, "ecole des ponts paristech": {"Citation Count": 4.4, "Publication Count": 0.2}, "california institute of technology": {"Citation Count": 17.1, "Publication Count": 0.8500000000000001}, "wayne state university": {"Citation Count": 2.4000000000000004, "Publication Count": 0.4}, "university of texas at dallas": {"Citation Count": 1.2000000000000002, "Publication Count": 0.2}, "technical university of berlin": {"Citation Count": 35.75, "Publication Count": 2.5}, "google": {"Citation Count": 840.125, "Publication Count": 8.208333333333334}, "university of hamburg": {"Citation Count": 20.8, "Publication Count": 0.4}, "university of munster": {"Citation Count": 10.4, "Publication Count": 0.2}, "university of central florida": {"Citation Count": 20.8, "Publication Count": 0.4}, "stony brook university": {"Citation Count": 26.4, "Publication Count": 0.3}, "facebook": {"Citation Count": 318.91111111111115, "Publication Count": 6.088888888888889},