{"microsoft": {"Citation Count": 718.6053571428571, "Publication Count": 6.076785714285714}, "university of illinois at urbana champaign": {"Citation Count": 112.15, "Publication Count": 0.65}, "adobe systems": {"Citation Count": 390.1025974025974, "Publication Count": 5.66038961038961}, "carnegie mellon university": {"Citation Count": 137.4, "Publication Count": 1.9666666666666668}, "vienna university of technology": {"Citation Count": 44.833333333333336, "Publication Count": 1.0833333333333335}, "harbin institute of technology": {"Citation Count": 19.0, "Publication Count": 0.25}, "graz university of technology": {"Citation Count": 21.5, "Publication Count": 0.75}, "king abdullah university of science and technology": {"Citation Count": 99.73333333333333, "Publication Count": 4.316666666666666}, "massachusetts institute of technology": {"Citation Count": 452.81363636363636, "Publication Count": 6.654545454545454}, "university of texas at austin": {"Citation Count": 63.906060606060606, "Publication Count": 0.5575757575757575}, "university of science and technology of china": {"Citation Count": 129.14285714285714, "Publication Count": 3.178571428571429}, "singapore university of technology and design": {"Citation Count": 43.0, "Publication Count": 0.9833333333333334}, "university of tokyo": {"Citation Count": 37.83333333333333, "Publication Count": 1.6666666666666667}, "utsunomiya university": {"Citation Count": 32.5, "Publication Count": 0.5}, "university of tsukuba": {"Citation Count": 16.833333333333332, "Publication Count": 1.1666666666666667}, "nagoya institute of technology": {"Citation Count": 10.833333333333332, "Publication Count": 0.16666666666666666}, "purdue university": {"Citation Count": 123.55555555555556, "Publication Count": 1.8888888888888888}, "old dominion university": {"Citation Count": 3.6666666666666665, "Publication Count": 0.3333333333333333}, "ecole polytechnique federale de lausanne": {"Citation Count": 166.6, "Publication Count": 2.466666666666667}, "disney research": {"Citation Count": 412.3762987012987, "Publication Count": 10.544480519480521}, "california polytechnic state university": {"Citation Count": 3.272727272727273, "Publication Count": 0.09090909090909091}, "stanford university": {"Citation Count": 657.2310606060605, "Publication Count": 7.932575757575757}, "eth zurich": {"Citation Count": 89.89285714285714, "Publication Count": 3.3928571428571423}, "california institute of technology": {"Citation Count": 56.25, "Publication Count": 3.0}, "michigan state university": {"Citation Count": 15.75, "Publication Count": 1.0}, "university of british columbia": {"Citation Count": 412.49523809523816, "Publication Count": 6.0928571428571425}, "ningbo university": {"Citation Count": 7.8, "Publication Count": 0.8}, "university of hong kong": {"Citation Count": 81.13333333333334, "Publication Count": 2.1999999999999997}, "ningbo institute of technology zhejiang university": {"Citation Count": 0.6000000000000001, "Publication Count": 0.2}, "university college london": {"Citation Count": 210.9, "Publication Count": 6.2666666666666675}, "university of utah": {"Citation Count": 12.8, "Publication Count": 0.7}, "middle east technical university": {"Citation Count": 4.0, "Publication Count": 0.5}, "max planck society": {"Citation Count": 378.92857142857144, "Publication Count": 5.261904761904762}, "national university of singapore": {"Citation Count": 36.33333333333333, "Publication Count": 0.5333333333333333}, "universite paris saclay": {"Citation Count": 10.5, "Publication Count": 0.5}, "delft university of technology": {"Citation Count": 10.5, "Publication Count": 0.5}, "institute for creative technologies": {"Citation Count": 37.42857142857143, "Publication Count": 1.1071428571428572}, "university of central florida": {"Citation Count": 2.571428571428571, "Publication Count": 0.14285714285714285}, "university of maryland baltimore county": {"Citation Count": 3.5, "Publication Count": 0.25}, "technische universitat munchen": {"Citation Count": 11.033333333333331, "Publication Count": 0.7833333333333332}, "university of california riverside": {"Citation Count": 3.5, "Publication Count": 0.25}, "university of denver": {"Citation Count": 3.5, "Publication Count": 0.25}, "university of southern california": {"Citation Count": 88.11111111111111, "Publication Count": 1.6111111111111112}, "toyohashi university of technology": {"Citation Count": 11.0, "Publication Count": 0.5}, "tokai university": {"Citation Count": 11.0, "Publication Count": 0.5}, "saint louis university": {"Citation Count": 16.2, "Publication Count": 0.6}, "washington university in st louis": {"Citation Count": 10.8, "Publication Count": 0.4}, "new york university": {"Citation Count": 67.83333333333334, "Publication Count": 1.9166666666666667}, "columbia university": {"Citation Count": 130.03333333333333, "Publication Count": 4.233333333333333}, "edinburgh napier university": {"Citation Count": 8.25, "Publication Count": 0.25}, "unity technologies": {"Citation Count": 49.0, "Publication Count": 1.0}, "charles university in prague": {"Citation Count": 55.6, "Publication Count": 1.9}, "university of lorraine": {"Citation Count": 110.0, "Publication Count": 1.25}, "the chinese university of hong kong": {"Citation Count": 56.0, "Publication Count": 4.142857142857142}, "university of hull": {"Citation Count": 27.6, "Publication Count": 0.34285714285714286}, "shenzhen university": {"Citation Count": 35.725, "Publication Count": 0.9916666666666666}, "carleton university": {"Citation Count": 16.0, "Publication Count": 0.5}, "simon fraser university": {"Citation Count": 48.32539682539682, "Publication Count": 1.4325396825396826}, "university of california santa cruz": {"Citation Count": 11.0, "Publication Count": 0.16666666666666666}, "cornell university": {"Citation Count": 110.16666666666666, "Publication Count": 2.95}, "university of california irvine": {"Citation Count": 11.0, "Publication Count": 0.3333333333333333}, "lancaster university": {"Citation Count": 16.400000000000002, "Publication Count": 0.4}, "yale university": {"Citation Count": 32.599999999999994, "Publication Count": 1.1}, "university of rennes": {"Citation Count": 16.0, "Publication Count": 1.0}, "university of texas at dallas": {"Citation Count": 25.5, "Publication Count": 0.5}, "saarland university": {"Citation Count": 23.05, "Publication Count": 2.033333333333333}, "harvard university": {"Citation Count": 3.75, "Publication Count": 0.25}, "comenius university in bratislava": {"Citation Count": 1.875, "Publication Count": 0.125}, "university of california berkeley": {"Citation Count": 16.666666666666664, "Publication Count": 0.5833333333333333}, "university of california san diego": {"Citation Count": 8.0, "Publication Count": 0.25}, "autodesk": {"Citation Count": 42.5, "Publication Count": 2.75}, "french institute for research in computer science and automation": {"Citation Count": 43.0, "Publication Count": 1.75}, "karlsruhe institute of technology": {"Citation Count": 52.0, "Publication Count": 1.0}, "weizmann institute of science": {"Citation Count": 204.6, "Publication Count": 3.4}, "seoul national university": {"Citation Count": 77.0, "Publication Count": 2.0}, "university of bath": {"Citation Count": 17.53333333333333, "Publication Count": 0.5333333333333333}, "kaist": {"Citation Count": 103.6, "Publication Count": 3.2666666666666666}, "stony brook university": {"Citation Count": 48.0, "Publication Count": 0.6666666666666666}, "aalto university": {"Citation Count": 76.13333333333333, "Publication Count": 1.0666666666666667}, "nvidia": {"Citation Count": 252.25, "Publication Count": 2.6666666666666665}, "qatar computing research institute": {"Citation Count": 49.5, "Publication Count": 0.5833333333333333}, "centre national de la recherche scientifique": {"Citation Count": 27.0, "Publication Count": 0.3333333333333333}, "kyoto university": {"Citation Count": 27.0,