{"university of minnesota": {"Citation Count": 0.0, "Publication Count": 1.0}, "university of north carolina at chapel hill": {"Citation Count": 0.0, "Publication Count": 1.0}, "kyoto university": {"Citation Count": 1.0, "Publication Count": 1.0}, "yahoo": {"Citation Count": 5.333333333333333, "Publication Count": 0.6666666666666666}, "ibm": {"Citation Count": 2.333333333333333, "Publication Count": 0.9047619047619047}, "simon fraser university": {"Citation Count": 7.0, "Publication Count": 1.0}, "king saud university": {"Citation Count": 1.0, "Publication Count": 1.0}, "cairo university": {"Citation Count": 0.6666666666666666, "Publication Count": 0.16666666666666666}, "qatar university": {"Citation Count": 0.6666666666666666, "Publication Count": 0.16666666666666666}, "american university of beirut": {"Citation Count": 2.6666666666666665, "Publication Count": 0.6666666666666666}, "renmin university of china": {"Citation Count": 4.166666666666666, "Publication Count": 0.976190476190476}, "htc": {"Citation Count": 0.8333333333333333, "Publication Count": 0.16666666666666666}, "beihang university": {"Citation Count": 1.3333333333333333, "Publication Count": 0.6666666666666666}, "baidu": {"Citation Count": 0.6666666666666666, "Publication Count": 0.3333333333333333}, "shandong university": {"Citation Count": 2.5, "Publication Count": 0.5}, "university of jyvaskyla": {"Citation Count": 1.6666666666666665, "Publication Count": 0.3333333333333333}, "microsoft": {"Citation Count": 0.8333333333333333, "Publication Count": 0.16666666666666666}, "peking university": {"Citation Count": 9.333333333333332, "Publication Count": 0.16666666666666666}, "university of queensland": {"Citation Count": 46.666666666666664, "Publication Count": 0.8333333333333333}, "shanghai jiao tong university": {"Citation Count": 0.8333333333333333, "Publication Count": 0.45238095238095233}, "university of technology sydney": {"Citation Count": 6.25, "Publication Count": 1.25}, "university of warwick": {"Citation Count": 3.111111111111111, "Publication Count": 1.1111111111111112}, "istituto di scienza e tecnologie dell informazione": {"Citation Count": 7.428571428571428, "Publication Count": 0.5714285714285714}, "ca foscari university of venice": {"Citation Count": 1.857142857142857, "Publication Count": 0.14285714285714285}, "university of pisa": {"Citation Count": 1.857142857142857, "Publication Count": 0.14285714285714285}, "tsinghua university": {"Citation Count": 9.75, "Publication Count": 0.75}, "cornell university": {"Citation Count": 3.25, "Publication Count": 0.25}, "university of copenhagen": {"Citation Count": 10.0, "Publication Count": 1.0}, "georgia institute of technology": {"Citation Count": 11.400000000000002, "Publication Count": 0.6000000000000001}, "max planck society": {"Citation Count": 3.8000000000000003, "Publication Count": 0.2}, "digipen institute of technology": {"Citation Count": 6.800000000000001, "Publication Count": 0.4}, "national university of singapore": {"Citation Count": 10.200000000000001, "Publication Count": 0.6000000000000001}, "southwestern university of finance and economics": {"Citation Count": 6.600000000000001, "Publication Count": 0.6000000000000001}, "memorial university of newfoundland": {"Citation Count": 2.2, "Publication Count": 0.2}, "university of arizona": {"Citation Count": 2.2, "Publication Count": 0.2}, "chungbuk national university": {"Citation Count": 1.5, "Publication Count": 0.5}, "dongguk university": {"Citation Count": 1.5, "Publication Count": 0.5}, "singapore management university": {"Citation Count": 28.0, "Publication Count": 2.0}, "cardiff university": {"Citation Count": 5.555555555555555, "Publication Count": 0.5555555555555556}, "university of oxford": {"Citation Count": 2.2222222222222223, "Publication Count": 0.2222222222222222}, "de montfort university": {"Citation Count": 1.1111111111111112, "Publication Count": 0.1111111111111111}, "university of southampton": {"Citation Count": 13.0, "Publication Count": 1.0}, "tunis university": {"Citation Count": 3.0, "Publication Count": 0.5}, "universite paris saclay": {"Citation Count": 3.0, "Publication Count": 0.5}, "ton duc thang university": {"Citation Count": 1.6, "Publication Count": 0.2}, "university of florida": {"Citation Count": 6.4, "Publication Count": 0.8}, "technion israel institute of technology": {"Citation Count": 6.0, "Publication Count": 0.6666666666666666}, "monash university": {"Citation Count": 5.0, "Publication Count": 1.0}, "york university": {"Citation Count": 9.0, "Publication Count": 1.0}, "google": {"Citation Count": 2.5, "Publication Count": 0.25}, "rmit university": {"Citation Count": 7.5, "Publication Count": 0.75}, "shanghai university": {"Citation Count": 1.25, "Publication Count": 0.25}, "university of amsterdam": {"Citation Count": 6.0, "Publication Count": 0.6666666666666666}, "national university of defense technology": {"Citation Count": 3.0, "Publication Count": 0.3333333333333333}}