{"french institute for research in computer science and automation": {"Citation Count": 56.666666666666664, "Publication Count": 1.3333333333333333}, "polytechnic university of turin": {"Citation Count": 86.83333333333333, "Publication Count": 3.0833333333333335}, "university of connecticut": {"Citation Count": 81.75, "Publication Count": 1.25}, "the chinese university of hong kong": {"Citation Count": 115.0, "Publication Count": 2.0666666666666664}, "university of michigan": {"Citation Count": 32.333333333333336, "Publication Count": 0.8333333333333333}, "ibm": {"Citation Count": 4.333333333333333, "Publication Count": 0.3333333333333333}, "bell labs": {"Citation Count": 120.33333333333331, "Publication Count": 4.5}, "technion israel institute of technology": {"Citation Count": 57.6, "Publication Count": 1.2}, "institut eurecom": {"Citation Count": 10.333333333333332, "Publication Count": 0.3333333333333333}, "cisco systems inc": {"Citation Count": 68.93333333333334, "Publication Count": 1.45}, "verizon communications": {"Citation Count": 10.0, "Publication Count": 1.0}, "university of california los angeles": {"Citation Count": 9.714285714285714, "Publication Count": 0.14285714285714285}, "microsoft": {"Citation Count": 65.20714285714286, "Publication Count": 1.8547619047619046}, "tsinghua university": {"Citation Count": 32.4, "Publication Count": 1.4285714285714286}, "university of california davis": {"Citation Count": 161.66666666666666, "Publication Count": 3.0}, "ohio state university": {"Citation Count": 153.91666666666666, "Publication Count": 2.583333333333333}, "university of illinois at urbana champaign": {"Citation Count": 273.81666666666666, "Publication Count": 7.3500000000000005}, "maynooth university": {"Citation Count": 42.0, "Publication Count": 1.0}, "georgia institute of technology": {"Citation Count": 136.16666666666666, "Publication Count": 2.9166666666666665}, "istanbul technical university": {"Citation Count": 22.333333333333332, "Publication Count": 0.3333333333333333}, "university of washington": {"Citation Count": 55.0, "Publication Count": 1.0}, "imperial college london": {"Citation Count": 69.0, "Publication Count": 1.0}, "north carolina state university": {"Citation Count": 427.6666666666667, "Publication Count": 1.8333333333333333}, "iowa state university": {"Citation Count": 170.58333333333331, "Publication Count": 2.9166666666666665}, "michigan state university": {"Citation Count": 34.0, "Publication Count": 1.0}, "telcordia technologies": {"Citation Count": 2.6666666666666665, "Publication Count": 0.3333333333333333}, "university of arizona": {"Citation Count": 42.333333333333336, "Publication Count": 1.6666666666666665}, "hong kong university of science and technology": {"Citation Count": 44.0, "Publication Count": 1.5333333333333332}, "university of waterloo": {"Citation Count": 39.666666666666664, "Publication Count": 1.0}, "hungarian academy of sciences": {"Citation Count": 14.333333333333332, "Publication Count": 0.3333333333333333}, "university of delaware": {"Citation Count": 5.5, "Publication Count": 0.5}, "air force research laboratory": {"Citation Count": 5.5, "Publication Count": 0.5}, "university of florida": {"Citation Count": 89.5, "Publication Count": 4.166666666666667}, "arizona state university": {"Citation Count": 38.08333333333333, "Publication Count": 1.4166666666666665}, "ecole polytechnique federale de lausanne": {"Citation Count": 109.0, "Publication Count": 1.9999999999999998}, "california institute of technology": {"Citation Count": 14.600000000000001, "Publication Count": 0.2}, "lamar university": {"Citation Count": 58.400000000000006, "Publication Count": 0.8}, "temple university": {"Citation Count": 16.5, "Publication Count": 0.5}, "sun yat sen university": {"Citation Count": 16.5, "Publication Count": 0.5}, "aristotle university of thessaloniki": {"Citation Count": 27.0, "Publication Count": 1.0}, "deutsche telekom": {"Citation Count": 37.0, "Publication Count": 0.8333333333333333}, "university of texas at austin": {"Citation Count": 177.0, "Publication Count": 2.5}, "korea university": {"Citation Count": 33.904761904761905, "Publication Count": 0.47619047619047616}, "polytechnic university of milan": {"Citation Count": 8.4, "Publication Count": 0.4}, "telecom paristech": {"Citation Count": 4.2, "Publication Count": 0.2}, "pierre and marie curie university": {"Citation Count": 4.2, "Publication Count": 0.2}, "university of genoa": {"Citation Count": 4.2, "Publication Count": 0.2}, "university of massachusetts amherst": {"Citation Count": 25.0, "Publication Count": 1.25}, "university of pennsylvania": {"Citation Count": 75.33333333333334, "Publication Count": 1.8333333333333333}, "purdue university": {"Citation Count": 98.66666666666666, "Publication Count": 2.333333333333333}, "sapienza university of rome": {"Citation Count": 10.600000000000001, "Publication Count": 0.2}, "university of chieti pescara": {"Citation Count": 10.600000000000001, "Publication Count": 0.2}, "university of l aquila": {"Citation Count": 21.200000000000003, "Publication Count": 0.4}, "university of southern california": {"Citation Count": 223.3, "Publication Count": 3.35}, "national cheng kung university": {"Citation Count": 6.0, "Publication Count": 1.0}, "national university of defense technology": {"Citation Count": 58.0, "Publication Count": 1.2000000000000002}, "university of california berkeley": {"Citation Count": 147.0, "Publication Count": 2.333333333333333}, "cornell university": {"Citation Count": 107.9, "Publication Count": 2.55}, "qualcomm": {"Citation Count": 9.25, "Publication Count": 0.5833333333333333}, "heinrich hertz institute": {"Citation Count": 11.0, "Publication Count": 1.0}, "national university of singapore": {"Citation Count": 20.25, "Publication Count": 1.25}, "samsung": {"Citation Count": 277.66666666666663, "Publication Count": 0.6666666666666666}, "kaist": {"Citation Count": 137.66666666666666, "Publication Count": 0.16666666666666666}, "texas a m university": {"Citation Count": 22.0, "Publication Count": 0.6666666666666666}, "intel": {"Citation Count": 26.833333333333332, "Publication Count": 0.8333333333333333}, "university of california san diego": {"Citation Count": 53.5, "Publication Count": 0.75}, "university of pisa": {"Citation Count": 28.0, "Publication Count": 1.0}, "imdea networks": {"Citation Count": 33.0, "Publication Count": 1.25}, "university of alaska anchorage": {"Citation Count": 0.6666666666666666, "Publication Count": 0.3333333333333333}, "university of wisconsin madison": {"Citation Count": 1.25, "Publication Count": 0.25}, "polytechnic university of catalonia": {"Citation Count": 9.75, "Publication Count": 0.75}, "columbia university": {"Citation Count": 84.0, "Publication Count": 0.65}, "centre national de la recherche scientifique": {"Citation Count": 66.0, "Publication Count": 1.0}, "at t labs": {"Citation Count": 0.6, "Publication Count": 0.6}, "university of toronto": {"Citation Count": 75.0, "Publication Count": 2.1666666666666665}, "virginia tech": {"Citation Count": 107.0, "Publication Count": 1.0}, "united states naval research laboratory": {"Citation Count": 32.0, "Publication Count": 0.25}, "institute for infocomm research singapore": {"Citation Count": 24.0, "Publication Count": 0.8333333333333333}, "budapest university of technology and economics": {"Citation Count": 22.0, "Publication Count": 0.6666666666666666}, "national institute of information and communications technology": {"Citation Count": 8.5, "Publication Count": 0.25}, "university of new south wales": {"Citation Count": 15.333333333333332, "Publication Count": 0.6666666666666666}, "university of louisiana at lafayette": {"Citation Count": 12.0, "Publication Count": 1.0}, "leipzig university": {"Citation Count": 30.0, "Publication Count": 1.0}, "massachusetts institute of technology": {"Citation Count": 193.5, "Publication Count": 2.75},