{"university of luxembourg": {"Citation Count": 64.0, "Publication Count": 2.0}, "southern university of science and technology": {"Citation Count": 6.0, "Publication Count": 0.6666666666666666}, "university of birmingham": {"Citation Count": 3.0, "Publication Count": 0.3333333333333333}, "iowa state university": {"Citation Count": 4.166666666666667, "Publication Count": 0.8333333333333334}, "carleton college": {"Citation Count": 0.8333333333333333, "Publication Count": 0.16666666666666666}, "university of new south wales": {"Citation Count": 10.0, "Publication Count": 1.0}, "technical university of denmark": {"Citation Count": 7.0, "Publication Count": 1.0}, "university of twente": {"Citation Count": 2.4736842105263155, "Publication Count": 0.05263157894736842}, "blekinge institute of technology": {"Citation Count": 2.4736842105263155, "Publication Count": 0.05263157894736842}, "polytechnic university of turin": {"Citation Count": 2.4736842105263155, "Publication Count": 0.05263157894736842}, "university of stuttgart": {"Citation Count": 2.4736842105263155, "Publication Count": 0.05263157894736842}, "california state university long beach": {"Citation Count": 2.4736842105263155, "Publication Count": 0.05263157894736842}, "charles iii university of madrid": {"Citation Count": 2.4736842105263155, "Publication Count": 0.05263157894736842}, "university of oulu": {"Citation Count": 2.4736842105263155, "Publication Count": 0.05263157894736842}, "university of calgary": {"Citation Count": 4.947368421052631, "Publication Count": 0.10526315789473684}, "university of helsinki": {"Citation Count": 2.4736842105263155, "Publication Count": 0.05263157894736842}, "vienna university of technology": {"Citation Count": 2.4736842105263155, "Publication Count": 0.05263157894736842}, "federal university of amazonas": {"Citation Count": 2.4736842105263155, "Publication Count": 0.05263157894736842}, "technische universitat munchen": {"Citation Count": 2.4736842105263155, "Publication Count": 0.05263157894736842}, "queen s university": {"Citation Count": 2.4736842105263155, "Publication Count": 0.05263157894736842}, "karlstad university": {"Citation Count": 2.4736842105263155, "Publication Count": 0.05263157894736842}, "pontifical catholic university of rio de janeiro": {"Citation Count": 2.4736842105263155, "Publication Count": 0.05263157894736842}, "university of tartu": {"Citation Count": 2.4736842105263155, "Publication Count": 0.05263157894736842}, "aalto university": {"Citation Count": 2.4736842105263155, "Publication Count": 0.05263157894736842}, "pontificia universidade catolica do rio grande do sul": {"Citation Count": 2.4736842105263155, "Publication Count": 0.05263157894736842}, "fujian normal university": {"Citation Count": 0.42857142857142855, "Publication Count": 0.42857142857142855}, "chengdu university of information technology": {"Citation Count": 0.14285714285714285, "Publication Count": 0.14285714285714285}, "east china normal university": {"Citation Count": 2.8285714285714287, "Publication Count": 1.2285714285714286}, "university of vienna": {"Citation Count": 4.0, "Publication Count": 1.0}, "university of siegen": {"Citation Count": 3.0, "Publication Count": 0.5}, "technische universitat darmstadt": {"Citation Count": 3.0, "Publication Count": 0.5}, "london south bank university": {"Citation Count": 0.6000000000000001, "Publication Count": 0.2}, "shanghaitech university": {"Citation Count": 7.5, "Publication Count": 0.75}, "university of southern california": {"Citation Count": 2.5, "Publication Count": 0.25}, "university of naples federico ii": {"Citation Count": 3.2, "Publication Count": 0.8}, "university of maryland college park": {"Citation Count": 0.8, "Publication Count": 0.2}, "university of oxford": {"Citation Count": 3.0, "Publication Count": 1.0}, "college of william mary": {"Citation Count": 43.33333333333333, "Publication Count": 0.6666666666666666}, "university of lugano": {"Citation Count": 10.833333333333332, "Publication Count": 0.16666666666666666}, "university of sannio": {"Citation Count": 10.833333333333332, "Publication Count": 0.16666666666666666}, "polytechnic university of milan": {"Citation Count": 4.0, "Publication Count": 1.0}, "autonomous university of madrid": {"Citation Count": 0.6666666666666666, "Publication Count": 0.3333333333333333}, "university of l aquila": {"Citation Count": 1.0, "Publication Count": 0.5}, "university of murcia": {"Citation Count": 0.3333333333333333, "Publication Count": 0.16666666666666666}, "dalian university of technology": {"Citation Count": 5.142857142857142, "Publication Count": 0.5714285714285714}, "nanjing university of aeronautics and astronautics": {"Citation Count": 1.2857142857142856, "Publication Count": 0.14285714285714285}, "hefei university of technology": {"Citation Count": 1.2857142857142856, "Publication Count": 0.14285714285714285}, "singapore management university": {"Citation Count": 1.2857142857142856, "Publication Count": 0.14285714285714285}, "kaist": {"Citation Count": 9.0, "Publication Count": 1.0}, "xidian university": {"Citation Count": 3.75, "Publication Count": 0.75}, "qufu normal university": {"Citation Count": 1.25, "Publication Count": 0.25}}