{"michigan state university": {"Citation Count": 9.944444444444445, "Publication Count": 1.9444444444444444}, "stony brook university": {"Citation Count": 3.0444444444444443, "Publication Count": 0.5111111111111111}, "university of minnesota": {"Citation Count": 5.53015873015873, "Publication Count": 0.7396825396825397}, "university of virginia": {"Citation Count": 5.933333333333334, "Publication Count": 0.7333333333333334}, "kent state university": {"Citation Count": 0.0, "Publication Count": 0.5}, "louisiana state university": {"Citation Count": 0.0, "Publication Count": 0.5}, "vu university amsterdam": {"Citation Count": 1.0, "Publication Count": 0.3333333333333333}, "university of patras": {"Citation Count": 1.0, "Publication Count": 0.3333333333333333}, "university of twente": {"Citation Count": 1.0, "Publication Count": 0.3333333333333333}, "university of pennsylvania": {"Citation Count": 2.888888888888889, "Publication Count": 0.2222222222222222}, "college of william mary": {"Citation Count": 1.4444444444444444, "Publication Count": 0.1111111111111111}, "university of erlangen nuremberg": {"Citation Count": 2.6666666666666665, "Publication Count": 0.4444444444444444}, "university of paderborn": {"Citation Count": 0.6666666666666666, "Publication Count": 0.1111111111111111}, "braunschweig university of technology": {"Citation Count": 6.333333333333333, "Publication Count": 1.2222222222222223}, "university of innsbruck": {"Citation Count": 0.6666666666666666, "Publication Count": 0.1111111111111111}, "museum fur naturkunde": {"Citation Count": 0.6666666666666666, "Publication Count": 0.1111111111111111}, "purdue university": {"Citation Count": 6.0, "Publication Count": 1.0}, "university of glasgow": {"Citation Count": 1.3333333333333333, "Publication Count": 0.3333333333333333}, "university of thessaly": {"Citation Count": 1.3333333333333333, "Publication Count": 0.3333333333333333}, "national and kapodistrian university of athens": {"Citation Count": 1.3333333333333333, "Publication Count": 0.3333333333333333}, "polytechnic university of catalonia": {"Citation Count": 1.3333333333333333, "Publication Count": 0.3333333333333333}, "university of technology of compiegne": {"Citation Count": 0.6666666666666666, "Publication Count": 0.16666666666666666}, "university of science and technology houari boumediene": {"Citation Count": 0.6666666666666666, "Publication Count": 0.16666666666666666}, "zhejiang university": {"Citation Count": 3.0, "Publication Count": 0.5}, "university of south carolina": {"Citation Count": 3.0, "Publication Count": 0.5}, "missouri university of science and technology": {"Citation Count": 30.0, "Publication Count": 0.6666666666666666}, "university of north carolina at charlotte": {"Citation Count": 15.0, "Publication Count": 0.3333333333333333}, "australian national university": {"Citation Count": 13.466666666666667, "Publication Count": 2.0666666666666664}, "sun yat sen university": {"Citation Count": 3.4000000000000004, "Publication Count": 0.2}, "sichuan university": {"Citation Count": 3.4000000000000004, "Publication Count": 0.2}, "city university of hong kong": {"Citation Count": 3.4000000000000004, "Publication Count": 0.2}, "national chiao tung university": {"Citation Count": 1.0, "Publication Count": 0.5}, "agency for science technology and research": {"Citation Count": 0.8333333333333333, "Publication Count": 0.5833333333333333}, "university of delaware": {"Citation Count": 0.5, "Publication Count": 0.25}, "arizona state university": {"Citation Count": 0.5, "Publication Count": 0.25}, "rmit university": {"Citation Count": 0.5, "Publication Count": 0.25}, "northwestern polytechnical university": {"Citation Count": 0.25, "Publication Count": 0.125}, "university of rochester": {"Citation Count": 0.25, "Publication Count": 0.125}, "university of melbourne": {"Citation Count": 0.25, "Publication Count": 0.125}, "kaist": {"Citation Count": 0.5555555555555556, "Publication Count": 0.5555555555555556}, "ibm": {"Citation Count": 0.1111111111111111, "Publication Count": 0.1111111111111111}, "microsoft": {"Citation Count": 0.1111111111111111, "Publication Count": 0.1111111111111111}, "sk telecom": {"Citation Count": 0.1111111111111111, "Publication Count": 0.1111111111111111}, "daegu gyeongbuk institute of science and technology": {"Citation Count": 1.4285714285714284, "Publication Count": 0.2857142857142857}, "chinese ministry of public security": {"Citation Count": 2.571428571428571, "Publication Count": 0.2857142857142857}, "university of warwick": {"Citation Count": 0.0, "Publication Count": 0.5}, "polytechnic university of milan": {"Citation Count": 12.5, "Publication Count": 1.0}, "university of trento": {"Citation Count": 3.5, "Publication Count": 0.5}, "indian institute of technology jodhpur": {"Citation Count": 3.0, "Publication Count": 1.0}, "huazhong university of science and technology": {"Citation Count": 2.8, "Publication Count": 1.8}, "university college cork": {"Citation Count": 1.0, "Publication Count": 0.3333333333333333}, "university of greenwich": {"Citation Count": 1.0, "Publication Count": 0.3333333333333333}, "lahore university of management sciences": {"Citation Count": 6.25, "Publication Count": 0.25}, "national university of computer and emerging sciences": {"Citation Count": 6.25, "Publication Count": 0.25}, "nanyang technological university": {"Citation Count": 0.16666666666666666, "Publication Count": 0.16666666666666666}, "university of pisa": {"Citation Count": 4.0, "Publication Count": 1.0}, "chinese academy of sciences": {"Citation Count": 5.571428571428571, "Publication Count": 0.42857142857142855}, "temple university": {"Citation Count": 1.857142857142857, "Publication Count": 0.14285714285714285}, "central south university": {"Citation Count": 1.857142857142857, "Publication Count": 0.14285714285714285}, "guangxi university": {"Citation Count": 3.714285714285714, "Publication Count": 0.47619047619047616}, "national university of defense technology": {"Citation Count": 2.0, "Publication Count": 0.6666666666666666}, "the chinese university of hong kong": {"Citation Count": 0.2, "Publication Count": 0.2}, "fordham university": {"Citation Count": 2.714285714285714, "Publication Count": 0.14285714285714285}, "huaqiao university": {"Citation Count": 8.142857142857142, "Publication Count": 0.42857142857142855}, "hong kong polytechnic university": {"Citation Count": 2.714285714285714, "Publication Count": 0.39285714285714285}, "deakin university": {"Citation Count": 2.714285714285714, "Publication Count": 0.14285714285714285}, "seoul national university": {"Citation Count": 1.8000000000000003, "Publication Count": 0.6000000000000001}, "ajou university": {"Citation Count": 1.2000000000000002, "Publication Count": 0.4}, "stanford university": {"Citation Count": 0.0, "Publication Count": 0.25}, "curtin university": {"Citation Count": 0.0, "Publication Count": 0.25}, "south china normal university": {"Citation Count": 0.0, "Publication Count": 0.25}, "indiana university purdue university indianapolis": {"Citation Count": 2.0, "Publication Count": 1.0}}