{"University of Toronto": {"Citation Count": 25.058823529411764, "Publication Count": 3.0588235294117645}, "Maxeler Technologies (United Kingdom)": {"Citation Count": 0.0, "Publication Count": 0.25}, "Imperial College London": {"Citation Count": 2.8588235294117648, "Publication Count": 2.0088235294117647}, "Massachusetts Institute of Technology": {"Citation Count": 1.6, "Publication Count": 0.4}, "Intel (United States)": {"Citation Count": 1.6, "Publication Count": 0.4}, "University of Waterloo": {"Citation Count": 11.5, "Publication Count": 0.5}, "Bellevue Hospital Center": {"Citation Count": 11.5, "Publication Count": 0.5}, "University of Sydney": {"Citation Count": 4.117647058823529, "Publication Count": 1.1176470588235294}, "Keio University": {"Citation Count": 0.058823529411764705, "Publication Count": 0.058823529411764705}, "Delft University of Technology": {"Citation Count": 0.058823529411764705, "Publication Count": 0.058823529411764705}, "University of Porto": {"Citation Count": 0.058823529411764705, "Publication Count": 0.058823529411764705}, "UNSW Sydney": {"Citation Count": 0.058823529411764705, "Publication Count": 0.058823529411764705}, "University of Southern Brittany": {"Citation Count": 0.058823529411764705, "Publication Count": 0.058823529411764705}, "Altera (United States)": {"Citation Count": 0.058823529411764705, "Publication Count": 0.058823529411764705}, "Xilinx (United States)": {"Citation Count": 0.058823529411764705, "Publication Count": 0.058823529411764705}, "Paderborn University": {"Citation Count": 1.0588235294117647, "Publication Count": 1.0588235294117647}, "University of Southern California": {"Citation Count": 0.058823529411764705, "Publication Count": 0.058823529411764705}, "Nokia (Finland)": {"Citation Count": 0.058823529411764705, "Publication Count": 0.058823529411764705}, "Politecnico di Milano": {"Citation Count": 0.058823529411764705, "Publication Count": 0.058823529411764705}, "University of Hong Kong, Hong kong": {"Citation Count": 0.058823529411764705, "Publication Count": 0.058823529411764705}, "Tsinghua University": {"Citation Count": 0.058823529411764705, "Publication Count": 0.058823529411764705}, "National University of Defense Technology": {"Citation Count": 70.0, "Publication Count": 1.0}, "Tohoku University": {"Citation Count": 12.0, "Publication Count": 1.0}, "Queen's University Belfast": {"Citation Count": 42.0, "Publication Count": 1.0}, "Techniques of Informatics and Microelectronics for Integrated Systems Architecture": {"Citation Count": 1.0, "Publication Count": 0.25}, "Grenoble Alpes University": {"Citation Count": 3.0, "Publication Count": 0.75}, "NSF Center for High-Performance Reconfigurable Computing (CHREC), University of Florida": {"Citation Count": 2.0, "Publication Count": 1.0}, "Pontificia Universidad Javeriana": {"Citation Count": 0.5, "Publication Count": 0.25}, "University of Ulster": {"Citation Count": 0.6666666666666666, "Publication Count": 0.3333333333333333}, "Nottingham Trent University": {"Citation Count": 0.16666666666666666, "Publication Count": 0.08333333333333333}, "Intelligent Systems Research (United States)": {"Citation Count": 0.16666666666666666, "Publication Count": 0.08333333333333333}, "Northumbria University": {"Citation Count": 0.5, "Publication Count": 0.25}, "Tokyo Institute of Technology": {"Citation Count": 5.0, "Publication Count": 1.0}, "University of Electro-Communications": {"Citation Count": 4.0, "Publication Count": 1.0}}