{"Sun Yat-sen University": {"Citation Count": 143.0, "Publication Count": 1.0}, "Simula Research Laboratory": {"Citation Count": 353.0, "Publication Count": 2.0}, "The University of Texas at Austin": {"Citation Count": 28.0, "Publication Count": 0.5}, "University of Washington": {"Citation Count": 59.0, "Publication Count": 1.0}, "University of Passau": {"Citation Count": 51.33333333333333, "Publication Count": 0.6666666666666666}, "Carnegie Mellon University": {"Citation Count": 80.16666666666666, "Publication Count": 0.8333333333333333}, "University of Naples Federico II": {"Citation Count": 149.0, "Publication Count": 1.5}, "Polytechnic Institute of Coimbra": {"Citation Count": 36.0, "Publication Count": 0.25}, "University of Coimbra": {"Citation Count": 36.0, "Publication Count": 0.25}, "Imperial College London": {"Citation Count": 54.58333333333333, "Publication Count": 2.2916666666666665}, "University of Edinburgh": {"Citation Count": 6.666666666666666, "Publication Count": 0.3333333333333333}, "Rio de Janeiro State University": {"Citation Count": 9.333333333333332, "Publication Count": 0.3333333333333333}, "University College London": {"Citation Count": 19.833333333333332, "Publication Count": 0.8333333333333333}, "National University of Singapore": {"Citation Count": 15.999999999999998, "Publication Count": 0.6666666666666666}, "Department of Computing and Systems (DSC), Federal University of Campina Grande, Campina Grande, Paraiba, Brazil": {"Citation Count": 33.666666666666664, "Publication Count": 0.3333333333333333}, "Universidade Federal de Campina Grande": {"Citation Count": 80.33333333333333, "Publication Count": 1.6666666666666665}, "University of Alberta": {"Citation Count": 36.666666666666664, "Publication Count": 0.6666666666666666}, "King's University College": {"Citation Count": 18.333333333333332, "Publication Count": 0.3333333333333333}, "\u00c9cole Polytechnique F\u00e9d\u00e9rale de Lausanne": {"Citation Count": 8.666666666666666, "Publication Count": 0.6666666666666666}, "ABB (Switzerland)": {"Citation Count": 4.333333333333333, "Publication Count": 0.3333333333333333}, "Wentworth Institute of Technology": {"Citation Count": 5.944444444444444, "Publication Count": 0.05555555555555555}, "IBM Research - Thomas J. Watson Research Center": {"Citation Count": 32.69444444444444, "Publication Count": 0.3055555555555555}, "Oregon State University": {"Citation Count": 68.3611111111111, "Publication Count": 0.6388888888888888}, "University of Konstanz": {"Citation Count": 1.5, "Publication Count": 0.5}, "SAP Res. Center, Darmstadt SAP AG, Darmstadt, Germany": {"Citation Count": 1.5, "Publication Count": 0.5}, "KU Leuven": {"Citation Count": 124.16666666666667, "Publication Count": 0.8333333333333334}, "University of Southampton": {"Citation Count": 24.833333333333332, "Publication Count": 0.16666666666666666}, "University of Melbourne": {"Citation Count": 66.0, "Publication Count": 1.25}, "University of Sheffield": {"Citation Count": 210.0, "Publication Count": 0.5}, "University of Florence": {"Citation Count": 40.0, "Publication Count": 2.0}, "University of Minho": {"Citation Count": 2.25, "Publication Count": 0.25}, "Institute for Systems and Computer Engineering of Porto": {"Citation Count": 2.25, "Publication Count": 0.25}, "Scientific Computing & Modelling (Netherlands)": {"Citation Count": 4.5, "Publication Count": 0.5}, "Robert Bosch (United States)": {"Citation Count": 54.5, "Publication Count": 0.5}, "University of Buenos Aires": {"Citation Count": 30.75, "Publication Count": 0.875}, "Loyola University Maryland": {"Citation Count": 11.5, "Publication Count": 0.5}, "University of Massachusetts Amherst": {"Citation Count": 27.0, "Publication Count": 0.75}, "Instituto de Engenharia de Sistemas e Computadores Investiga\u00e7\u00e3o e Desenvolvimento": {"Citation Count": 12.8, "Publication Count": 0.4}, "University of Lisbon": {"Citation Count": 6.4, "Publication Count": 0.2}, "AT&T (United States)": {"Citation Count": 12.8, "Publication Count": 0.4}, "University of Auckland": {"Citation Count": 70.5, "Publication Count": 0.5}, "Victoria University of Wellington": {"Citation Count": 132.0, "Publication Count": 0.6666666666666666}, "Fondazione Bruno Kessler": {"Citation Count": 129.0, "Publication Count": 1.0}, "University of Rijeka": {"Citation Count": 25.0, "Publication Count": 0.3333333333333333}, "Lund University": {"Citation Count": 28.714285714285715, "Publication Count": 0.6190476190476191}, "Ericsson (Croatia)": {"Citation Count": 25.0, "Publication Count": 0.3333333333333333}, "NEC (Japan)": {"Citation Count": 0.6666666666666666, "Publication Count": 0.3333333333333333}, "National Institute of Information and Communications Technology": {"Citation Count": 0.6666666666666666, "Publication Count": 0.3333333333333333}, "University of Tsukuba": {"Citation Count": 0.6666666666666666, "Publication Count": 0.3333333333333333}, "Swinburne University of Technology": {"Citation Count": 96.96666666666668, "Publication Count": 0.8999999999999999}, "Australian National University": {"Citation Count": 9.166666666666666, "Publication Count": 0.5}, "SolNet Solutions Ltd., Wellington, New Zealand": {"Citation Count": 4.5, "Publication Count": 0.16666666666666666}, "Universiti Putra Malaysia": {"Citation Count": 9.166666666666666, "Publication Count": 0.5}, "Vegetables New Zealand": {"Citation Count": 4.5, "Publication Count": 0.16666666666666666}, "Peking University": {"Citation Count": 17.666666666666664, "Publication Count": 0.7333333333333334}, "Institute of Software": {"Citation Count": 4.0, "Publication Count": 0.4}, "North Carolina State University": {"Citation Count": 2.0, "Publication Count": 0.2}, "Aristotle University of Thessaloniki": {"Citation Count": 180.0, "Publication Count": 1.0}, "University of California, Santa Cruz": {"Citation Count": 141.0, "Publication Count": 0.75}, "Hong Kong University of Science and Technology": {"Citation Count": 147.5, "Publication Count": 1.0}, "University of Castilla-La Mancha": {"Citation Count": 18.666666666666664, "Publication Count": 0.6666666666666666}, "University of Murcia": {"Citation Count": 9.333333333333332, "Publication Count": 0.3333333333333333}, "School of Computer Science, University of Binningham, Birmingham, UK": {"Citation Count": 84.0, "Publication Count": 1.0}, "McGill University": {"Citation Count": 133.3, "Publication Count": 0.9}, "Center for Research in Security and Privacy": {"Citation Count": 10.8, "Publication Count": 0.06666666666666667}, "Software (Germany)": {"Citation Count": 10.8, "Publication Count": 0.06666666666666667}, "Technical University of Darmstadt": {"Citation Count": 43.2, "Publication Count": 0.26666666666666666}, "Cambridge Scientific (United States)": {"Citation Count": 32.4, "Publication Count": 0.2}, "Monash University": {"Citation Count": 44.800000000000004, "Publication Count": 0.2}, "Masaryk University": {"Citation Count": 44.800000000000004, "Publication Count": 0.2}, "University of Kaiserslautern": {"Citation Count": 44.800000000000004, "Publication Count": 0.2}, "University of Zurich": {"Citation Count": 44.800000000000004, "Publication Count": 0.2}, "Sabanc\u0131 University": {"Citation Count": 31.0, "Publication Count": 1.0}, "Aalto University": {"Citation Count": 94.0, "Publication Count": 1.0}, "Polytechnique Montr\u00e9al": {"Citation Count": 160.0, "Publication Count": 1.9428571428571428}, "Kyushu University": {"Citation Count": 122.0, "Publication Count": 0.2857142857142857}, "Rochester Institute of Technology": {"Citation Count": 61.0, "Publication Count": 0.14285714285714285}, "Queen's University": {"Citation Count": 140.33333333333334, "Publication Count": 1.4761904761904763}, "Avaya (United States)": {"Citation Count": 107.2, "Publication Count": 0.34285714285714286}, "Mabel's Labels, Dundas, ON, Canada": {"Citation Count": 61.0, "Publication Count": 0.14285714285714285}, "IMDEA Software": {"Citation Count": 13.0,