{"university of california irvine": {"Citation Count": 37.5, "Publication Count": 1.5}, "de montfort university": {"Citation Count": 12.0, "Publication Count": 1.0}, "utah state university": {"Citation Count": 30.666666666666664, "Publication Count": 0.3333333333333333}, "university of maryland baltimore": {"Citation Count": 30.666666666666664, "Publication Count": 0.3333333333333333}, "university of maryland college park": {"Citation Count": 112.0, "Publication Count": 1.0}, "university of messina": {"Citation Count": 38.0, "Publication Count": 1.0}, "university of western ontario": {"Citation Count": 39.33333333333333, "Publication Count": 0.6666666666666666}, "west virginia university": {"Citation Count": 19.666666666666664, "Publication Count": 0.3333333333333333}, "university of hong kong": {"Citation Count": 19.416666666666664, "Publication Count": 0.5833333333333333}, "university of wollongong": {"Citation Count": 16.666666666666664, "Publication Count": 0.3333333333333333}, "swinburne university of technology": {"Citation Count": 119.93333333333334, "Publication Count": 1.1166666666666667}, "university of illinois at urbana champaign": {"Citation Count": 6.0, "Publication Count": 0.5}, "microsoft": {"Citation Count": 11.4, "Publication Count": 0.7}, "kaist": {"Citation Count": 17.333333333333332, "Publication Count": 0.6666666666666666}, "samsung": {"Citation Count": 8.666666666666666, "Publication Count": 0.3333333333333333}, "carleton university": {"Citation Count": 23.0, "Publication Count": 0.5}, "university of sannio": {"Citation Count": 27.833333333333332, "Publication Count": 0.5833333333333333}, "johannes kepler university of linz": {"Citation Count": 74.0, "Publication Count": 1.0}, "university of molise": {"Citation Count": 16.333333333333332, "Publication Count": 0.3333333333333333}, "university of salerno": {"Citation Count": 16.333333333333332, "Publication Count": 0.3333333333333333}, "swedish institute of computer science": {"Citation Count": 3.6666666666666665, "Publication Count": 0.3333333333333333}, "university college london": {"Citation Count": 796.6666666666666, "Publication Count": 1.3333333333333333}, "university of birmingham": {"Citation Count": 121.33333333333333, "Publication Count": 0.6666666666666666}, "university of victoria": {"Citation Count": 66.0, "Publication Count": 1.0}, "ibm": {"Citation Count": 30.5, "Publication Count": 0.5}, "delft university of technology": {"Citation Count": 53.33333333333333, "Publication Count": 0.6666666666666666}, "xi an jiaotong university": {"Citation Count": 60.400000000000006, "Publication Count": 0.4}, "wuhan university": {"Citation Count": 60.400000000000006, "Publication Count": 0.4}, "brunel university london": {"Citation Count": 30.200000000000003, "Publication Count": 0.2}, "carnegie mellon university": {"Citation Count": 173.0, "Publication Count": 0.5}, "symantec": {"Citation Count": 173.0, "Publication Count": 0.5}, "university of oxford": {"Citation Count": 45.6, "Publication Count": 0.2}, "aston university": {"Citation Count": 45.6, "Publication Count": 0.2}, "hasso plattner institute": {"Citation Count": 79.33333333333333, "Publication Count": 0.6666666666666666}, "humboldt state university": {"Citation Count": 39.666666666666664, "Publication Count": 0.3333333333333333}, "saarland university": {"Citation Count": 8.333333333333332, "Publication Count": 0.16666666666666666}, "hong kong university of science and technology": {"Citation Count": 25.0, "Publication Count": 0.5}, "sogang university": {"Citation Count": 16.666666666666664, "Publication Count": 0.3333333333333333}, "rmit university": {"Citation Count": 34.0, "Publication Count": 1.0}, "university of technology sydney": {"Citation Count": 23.0, "Publication Count": 1.25}, "university of lugano": {"Citation Count": 34.666666666666664, "Publication Count": 0.6666666666666666}, "university of milano bicocca": {"Citation Count": 17.333333333333332, "Publication Count": 0.3333333333333333}, "university of auckland": {"Citation Count": 47.666666666666664, "Publication Count": 0.3333333333333333}, "international islamic university malaysia": {"Citation Count": 47.666666666666664, "Publication Count": 0.3333333333333333}, "trinity college": {"Citation Count": 1.5, "Publication Count": 0.75}, "university of chile": {"Citation Count": 0.5, "Publication Count": 0.25}, "telefonica": {"Citation Count": 6.0, "Publication Count": 0.5}, "university of nebraska lincoln": {"Citation Count": 40.666666666666664, "Publication Count": 0.3333333333333333}, "university of bordeaux": {"Citation Count": 3.25, "Publication Count": 0.25}, "french institute for research in computer science and automation": {"Citation Count": 3.25, "Publication Count": 0.25}, "university of copenhagen": {"Citation Count": 3.25, "Publication Count": 0.25}, "princeton university": {"Citation Count": 3.25, "Publication Count": 0.25}, "malardalen university college": {"Citation Count": 114.75, "Publication Count": 0.75}, "university of limerick": {"Citation Count": 5.5, "Publication Count": 0.5}, "fudan university": {"Citation Count": 10.8, "Publication Count": 0.4}, "university of michigan": {"Citation Count": 5.4, "Publication Count": 0.2}, "university of minnesota": {"Citation Count": 5.4, "Publication Count": 0.2}, "university of oslo": {"Citation Count": 29.0, "Publication Count": 1.0}, "city university london": {"Citation Count": 20.0, "Publication Count": 1.0}, "university of calgary": {"Citation Count": 12.0, "Publication Count": 0.6666666666666666}, "hewlett packard": {"Citation Count": 6.0, "Publication Count": 0.3333333333333333}, "indian institute of technology kharagpur": {"Citation Count": 24.0, "Publication Count": 1.0}, "north carolina state university": {"Citation Count": 132.75, "Publication Count": 0.75}, "depaul university": {"Citation Count": 44.25, "Publication Count": 0.25}, "kuwait university": {"Citation Count": 46.0, "Publication Count": 1.0}, "hefei university of technology": {"Citation Count": 10.0, "Publication Count": 0.25}, "anhui university": {"Citation Count": 10.0, "Publication Count": 0.25}, "california institute of technology": {"Citation Count": 33.33333333333333, "Publication Count": 0.6666666666666666}, "oregon state university": {"Citation Count": 16.666666666666664, "Publication Count": 0.3333333333333333}, "ecole centrale de nantes": {"Citation Count": 7.0, "Publication Count": 1.0}, "university of cagliari": {"Citation Count": 28.0, "Publication Count": 1.0}}