{"eindhoven university of technology": {"Citation Count": 39.7, "Publication Count": 1.9}, "technische universitat darmstadt": {"Citation Count": 27.0, "Publication Count": 1.5}, "purdue university": {"Citation Count": 22.666666666666664, "Publication Count": 2.5}, "university of maryland college park": {"Citation Count": 7.666666666666666, "Publication Count": 1.3333333333333333}, "university of maryland baltimore county": {"Citation Count": 11.678571428571429, "Publication Count": 0.5595238095238095}, "texas a m university": {"Citation Count": 9.25, "Publication Count": 0.25}, "oak ridge national laboratory": {"Citation Count": 9.25, "Publication Count": 0.25}, "georgia institute of technology": {"Citation Count": 29.5, "Publication Count": 1.0}, "middlesex university": {"Citation Count": 10.999999999999998, "Publication Count": 0.9999999999999999}, "brown university": {"Citation Count": 14.75, "Publication Count": 0.9166666666666666}, "university of british columbia": {"Citation Count": 25.749999999999996, "Publication Count": 1.625}, "korea university": {"Citation Count": 9.916666666666666, "Publication Count": 0.41666666666666663}, "university of konstanz": {"Citation Count": 27.650000000000002, "Publication Count": 2.283333333333333}, "michigan state university": {"Citation Count": 3.1666666666666665, "Publication Count": 0.16666666666666666}, "otto von guericke university magdeburg": {"Citation Count": 5.7142857142857135, "Publication Count": 0.7142857142857142}, "ibm": {"Citation Count": 74.41666666666666, "Publication Count": 3.6166666666666667}, "new york university": {"Citation Count": 18.333333333333332, "Publication Count": 1.3333333333333333}, "autodesk": {"Citation Count": 8.619047619047619, "Publication Count": 0.5952380952380952}, "university of toronto": {"Citation Count": 4.285714285714286, "Publication Count": 0.42857142857142855}, "stony brook university": {"Citation Count": 41.8, "Publication Count": 5.4}, "graz university of technology": {"Citation Count": 12.350000000000001, "Publication Count": 0.8500000000000001}, "university of north carolina at charlotte": {"Citation Count": 18.8, "Publication Count": 0.7333333333333334}, "kent state university": {"Citation Count": 24.0, "Publication Count": 0.6666666666666666}, "university of stuttgart": {"Citation Count": 55.0, "Publication Count": 3.5}, "arizona state university": {"Citation Count": 12.000000000000004, "Publication Count": 1.0000000000000002}, "tsinghua university": {"Citation Count": 33.95, "Publication Count": 4.016666666666666}, "microsoft": {"Citation Count": 19.21666666666667, "Publication Count": 1.9416666666666667}, "huawei": {"Citation Count": 10.095238095238095, "Publication Count": 0.47619047619047616}, "hong kong university of science and technology": {"Citation Count": 50.67738095238095, "Publication Count": 4.970238095238096}, "penn state college of information sciences and technology": {"Citation Count": 4.375, "Publication Count": 0.125}, "peking university": {"Citation Count": 26.25, "Publication Count": 0.75}, "tianjin university": {"Citation Count": 8.375, "Publication Count": 1.125}, "vrvis": {"Citation Count": 7.499999999999999, "Publication Count": 0.8333333333333333}, "vienna university of technology": {"Citation Count": 26.3, "Publication Count": 3.1095238095238096}, "ludwig maximilian university of munich": {"Citation Count": 5.0, "Publication Count": 0.3333333333333333}, "university of wisconsin madison": {"Citation Count": 17.0, "Publication Count": 2.0}, "telecom paristech": {"Citation Count": 7.5, "Publication Count": 1.25}, "university of melbourne": {"Citation Count": 1.5, "Publication Count": 0.16666666666666666}, "monash university": {"Citation Count": 35.25, "Publication Count": 2.458333333333333}, "zhejiang university of finance and economics": {"Citation Count": 1.4285714285714284, "Publication Count": 0.14285714285714285}, "sichuan university": {"Citation Count": 1.4285714285714284, "Publication Count": 0.14285714285714285}, "swansea university": {"Citation Count": 14.803571428571429, "Publication Count": 1.2678571428571428}, "university of calgary": {"Citation Count": 31.25, "Publication Count": 2.7916666666666665}, "ecole nationale de l aviation civile": {"Citation Count": 6.0, "Publication Count": 0.25}, "university of utah": {"Citation Count": 28.0, "Publication Count": 2.3333333333333335}, "harvard university": {"Citation Count": 23.55, "Publication Count": 1.3464285714285715}, "bangor university": {"Citation Count": 8.0, "Publication Count": 0.6666666666666666}, "university of chester": {"Citation Count": 4.0, "Publication Count": 0.3333333333333333}, "university of st andrews": {"Citation Count": 5.333333333333333, "Publication Count": 0.6666666666666666}, "iowa state university": {"Citation Count": 7.0, "Publication Count": 1.0}, "university of washington": {"Citation Count": 107.5, "Publication Count": 2.75}, "university of copenhagen": {"Citation Count": 9.0, "Publication Count": 1.0}, "siemens": {"Citation Count": 3.4000000000000004, "Publication Count": 0.2}, "google": {"Citation Count": 3.333333333333333, "Publication Count": 0.16666666666666666}, "university of queensland": {"Citation Count": 5.0, "Publication Count": 1.0}, "massachusetts institute of technology": {"Citation Count": 12.75, "Publication Count": 0.375}, "university of michigan": {"Citation Count": 4.25, "Publication Count": 0.125}, "tufts university": {"Citation Count": 10.5, "Publication Count": 0.75}, "bucknell university": {"Citation Count": 1.75, "Publication Count": 0.125}, "maine medical center": {"Citation Count": 1.75, "Publication Count": 0.125}, "university of haifa": {"Citation Count": 12.75, "Publication Count": 0.75}, "linkoping university": {"Citation Count": 34.0, "Publication Count": 2.0}, "delft university of technology": {"Citation Count": 16.800000000000004, "Publication Count": 1.4000000000000001}, "city university london": {"Citation Count": 15.25, "Publication Count": 0.875}, "king juan carlos university": {"Citation Count": 11.0, "Publication Count": 0.5}, "universiti putra malaysia": {"Citation Count": 5.5, "Publication Count": 0.25}, "university of potsdam": {"Citation Count": 30.0, "Publication Count": 1.0}, "stanford university": {"Citation Count": 8.5, "Publication Count": 0.25}, "university of arizona": {"Citation Count": 14.0, "Publication Count": 3.0}, "max planck society": {"Citation Count": 1.75, "Publication Count": 0.25}, "barcelona supercomputing center": {"Citation Count": 1.75, "Publication Count": 0.25}, "french institute for research in computer science and automation": {"Citation Count": 31.75, "Publication Count": 1.2833333333333332}, "king abdullah university of science and technology": {"Citation Count": 17.457142857142856, "Publication Count": 2.1357142857142857}, "masaryk university": {"Citation Count": 3.4000000000000004, "Publication Count": 0.9}, "george mason university": {"Citation Count": 3.5, "Publication Count": 0.25}, "university of florida": {"Citation Count": 15.482142857142858, "Publication Count": 1.4107142857142856}, "north carolina state university": {"Citation Count": 6.0, "Publication Count": 0.6666666666666666}, "duke university": {"Citation Count": 3.0, "Publication Count": 0.3333333333333333}, "university of bonn": {"Citation Count": 10.375, "Publication Count": 1.325}, "royal institute of technology": {"Citation Count": 1.3333333333333333, "Publication Count": 0.3333333333333333}, "argonne national laboratory": {"Citation Count": 13.025, "Publication Count": 2.4416666666666664}, "ohio state university": {"Citation Count": 23.2, "Publication Count": 3.0333333333333337}, "los alamos national laboratory": {"Citation Count": 9.333333333333332, "Publication Count": 0.6666666666666666}, "university of chicago": {"Citation Count": 6.0, "Publication Count": 1.0}, "university of minnesota": {"Citation Count": 6.0, "Publication Count": 1.0},