{"stony brook university": {"Citation Count": 176.18571428571428, "Publication Count": 7.664285714285715}, "university of north carolina at chapel hill": {"Citation Count": 39.1, "Publication Count": 3.6500000000000004}, "the chinese university of hong kong": {"Citation Count": 42.6, "Publication Count": 1.2}, "eindhoven university of technology": {"Citation Count": 3.0, "Publication Count": 0.3333333333333333}, "university of groningen": {"Citation Count": 10.0, "Publication Count": 1.1666666666666665}, "durham university": {"Citation Count": 12.0, "Publication Count": 1.0}, "university of washington": {"Citation Count": 11.600000000000001, "Publication Count": 0.4}, "university of toronto": {"Citation Count": 113.55, "Publication Count": 2.1166666666666667}, "adobe systems": {"Citation Count": 27.8, "Publication Count": 1.2}, "microsoft": {"Citation Count": 284.7238095238095, "Publication Count": 4.523809523809523}, "korea university": {"Citation Count": 1.2222222222222223, "Publication Count": 0.2777777777777778}, "stanford university": {"Citation Count": 37.666666666666664, "Publication Count": 3.1666666666666665}, "seoul national university": {"Citation Count": 18.333333333333336, "Publication Count": 2.333333333333333}, "heidelberg university": {"Citation Count": 2.6666666666666665, "Publication Count": 0.16666666666666666}, "purdue university": {"Citation Count": 93.33333333333333, "Publication Count": 4.333333333333333}, "university of texas at austin": {"Citation Count": 2.6666666666666665, "Publication Count": 0.16666666666666666}, "sejong university": {"Citation Count": 11.033333333333333, "Publication Count": 0.5333333333333333}, "arizona state university": {"Citation Count": 9.0, "Publication Count": 0.5}, "intel": {"Citation Count": 41.0, "Publication Count": 1.0}, "massachusetts institute of technology": {"Citation Count": 122.23809523809524, "Publication Count": 1.7619047619047619}, "university of california irvine": {"Citation Count": 19.333333333333332, "Publication Count": 0.6666666666666666}, "pacific northwest national laboratory": {"Citation Count": 10.738095238095237, "Publication Count": 0.5952380952380952}, "university of canterbury": {"Citation Count": 30.0, "Publication Count": 2.0}, "university of calabria": {"Citation Count": 25.0, "Publication Count": 1.0}, "tsinghua university": {"Citation Count": 234.67380952380952, "Publication Count": 7.226190476190477}, "swansea university": {"Citation Count": 113.31150793650795, "Publication Count": 2.567063492063492}, "french institute for research in computer science and automation": {"Citation Count": 409.4666666666666, "Publication Count": 7.8500000000000005}, "nanyang technological university": {"Citation Count": 55.542857142857144, "Publication Count": 2.742857142857143}, "national cheng kung university": {"Citation Count": 55.5, "Publication Count": 2.0}, "volkswagen": {"Citation Count": 19.0, "Publication Count": 1.0}, "indian institute of science": {"Citation Count": 64.0, "Publication Count": 2.6666666666666665}, "university of leeds": {"Citation Count": 7.0, "Publication Count": 0.3333333333333333}, "university of oxford": {"Citation Count": 32.698412698412696, "Publication Count": 1.5873015873015872}, "simon fraser university": {"Citation Count": 45.0, "Publication Count": 1.3333333333333333}, "ohio state university": {"Citation Count": 66.0, "Publication Count": 2.0}, "university of california davis": {"Citation Count": 137.77380952380952, "Publication Count": 7.083333333333333}, "cgg": {"Citation Count": 2.8000000000000003, "Publication Count": 0.2}, "university of bergen": {"Citation Count": 247.55, "Publication Count": 2.9499999999999997}, "technion israel institute of technology": {"Citation Count": 8.0, "Publication Count": 1.0}, "philips": {"Citation Count": 23.0, "Publication Count": 1.0}, "sandia national laboratories": {"Citation Count": 49.0, "Publication Count": 1.0}, "university of stuttgart": {"Citation Count": 233.0, "Publication Count": 5.0}, "michigan technological university": {"Citation Count": 46.0, "Publication Count": 1.0}, "guangzhou higher education mega center": {"Citation Count": 9.0, "Publication Count": 1.0}, "cardiff university": {"Citation Count": 348.15, "Publication Count": 3.835714285714286}, "university of illinois at chicago": {"Citation Count": 34.0, "Publication Count": 1.0}, "zhejiang university": {"Citation Count": 68.42857142857143, "Publication Count": 4.428571428571429}, "michigan state university": {"Citation Count": 7.142857142857142, "Publication Count": 1.1428571428571428}, "eth zurich": {"Citation Count": 51.83333333333334, "Publication Count": 3.233333333333334}, "lawrence berkeley national laboratory": {"Citation Count": 5.5, "Publication Count": 0.5}, "university of central florida": {"Citation Count": 0.0, "Publication Count": 0.3333333333333333}, "graz university of technology": {"Citation Count": 68.5, "Publication Count": 4.458333333333333}, "virginia tech": {"Citation Count": 104.56666666666666, "Publication Count": 2.8666666666666667}, "university of missouri": {"Citation Count": 8.0, "Publication Count": 0.5}, "university of florida": {"Citation Count": 62.61904761904762, "Publication Count": 2.761904761904762}, "university of california santa barbara": {"Citation Count": 60.93333333333334, "Publication Count": 1.3333333333333333}, "carnegie mellon university": {"Citation Count": 12.5, "Publication Count": 1.25}, "vienna university of technology": {"Citation Count": 148.33333333333331, "Publication Count": 6.083333333333333}, "vrvis": {"Citation Count": 135.21666666666667, "Publication Count": 3.0666666666666664}, "university of barcelona": {"Citation Count": 35.0, "Publication Count": 0.6666666666666666}, "university college london": {"Citation Count": 67.6, "Publication Count": 1.2}, "renaissance computing institute": {"Citation Count": 3.0, "Publication Count": 0.3333333333333333}, "university of tokyo": {"Citation Count": 68.0, "Publication Count": 2.0}, "bauhaus university weimar": {"Citation Count": 129.0, "Publication Count": 1.0}, "miami university": {"Citation Count": 97.0, "Publication Count": 2.0}, "rwth aachen university": {"Citation Count": 31.0, "Publication Count": 1.0}, "intelligence and national security alliance": {"Citation Count": 3.6, "Publication Count": 0.4}, "university of rennes": {"Citation Count": 1.8, "Publication Count": 0.2}, "drexel university": {"Citation Count": 7.285714285714286, "Publication Count": 0.42857142857142855}, "duke university": {"Citation Count": 2.4285714285714284, "Publication Count": 0.14285714285714285}, "university of salford": {"Citation Count": 12.8, "Publication Count": 0.8}, "university of roehampton": {"Citation Count": 3.2, "Publication Count": 0.2}, "university of wisconsin madison": {"Citation Count": 281.25, "Publication Count": 4.25}, "ajou university": {"Citation Count": 8.25, "Publication Count": 0.25}, "university of southern california": {"Citation Count": 36.0, "Publication Count": 0.6666666666666666}, "mississippi state university": {"Citation Count": 18.0, "Publication Count": 0.3333333333333333}, "vanderbilt university": {"Citation Count": 65.0, "Publication Count": 1.0}, "national university of singapore": {"Citation Count": 79.93333333333334, "Publication Count": 2.5333333333333337}, "universite de montreal": {"Citation Count": 0.6000000000000001, "Publication Count": 0.2}, "university of surrey": {"Citation Count": 119.0, "Publication Count": 1.5}, "university of california merced": {"Citation Count": 8.0, "Publication Count": 1.0}, "louisiana state university": {"Citation Count": 40.5, "Publication Count": 1.25}, "colorado school of mines": {"Citation Count": 16.0, "Publication Count": 2.0}, "university of texas at dallas": {"Citation Count": 25.6, "Publication Count": 1.0}, "case western reserve university": {"Citation Count": 3.6, "Publication Count": 0.2}, "university of marburg": {"Citation Count": 4.2, "Publication Count": 0.2},