{"georgia institute of technology": {"Citation Count": 109.16666666666666, "Publication Count": 5.833333333333333}, "texas instruments": {"Citation Count": 26.333333333333332, "Publication Count": 1.3333333333333333}, "rensselaer polytechnic institute": {"Citation Count": 29.366666666666667, "Publication Count": 0.7666666666666667}, "xi an jiaotong university": {"Citation Count": 16.666666666666664, "Publication Count": 0.6666666666666666}, "marvell technology group": {"Citation Count": 19.166666666666664, "Publication Count": 0.41666666666666663}, "concordia university": {"Citation Count": 27.0, "Publication Count": 1.6666666666666665}, "ecole normale superieure": {"Citation Count": 14.0, "Publication Count": 2.333333333333333}, "nxp semiconductors": {"Citation Count": 18.0, "Publication Count": 1.0}, "bogazici university": {"Citation Count": 10.0, "Publication Count": 0.4}, "ibm": {"Citation Count": 29.666666666666668, "Publication Count": 2.033333333333333}, "imperial college london": {"Citation Count": 30.0, "Publication Count": 2.0}, "university of massachusetts amherst": {"Citation Count": 26.833333333333332, "Publication Count": 1.8333333333333333}, "intel": {"Citation Count": 66.71904761904761, "Publication Count": 3.811904761904762}, "national taiwan university": {"Citation Count": 50.83333333333333, "Publication Count": 3.166666666666667}, "university of california los angeles": {"Citation Count": 94.58333333333333, "Publication Count": 3.9166666666666665}, "missouri university of science and technology": {"Citation Count": 0.25, "Publication Count": 0.25}, "university of colorado boulder": {"Citation Count": 30.000000000000004, "Publication Count": 0.5454545454545455}, "tsinghua university": {"Citation Count": 53.93333333333334, "Publication Count": 2.7151515151515153}, "northwestern university": {"Citation Count": 14.5, "Publication Count": 0.6818181818181819}, "university of connecticut": {"Citation Count": 135.2, "Publication Count": 3.0666666666666664}, "university of new mexico": {"Citation Count": 42.0, "Publication Count": 0.3333333333333333}, "university of glasgow": {"Citation Count": 8.0, "Publication Count": 1.0}, "numonyx": {"Citation Count": 0.0, "Publication Count": 0.2857142857142857}, "university of naples federico ii": {"Citation Count": 0.0, "Publication Count": 0.5714285714285714}, "delft university of technology": {"Citation Count": 0.0, "Publication Count": 0.14285714285714285}, "national chung hsing university": {"Citation Count": 27.0, "Publication Count": 1.8333333333333333}, "university of iowa": {"Citation Count": 0.5, "Publication Count": 0.5}, "purdue university": {"Citation Count": 94.0, "Publication Count": 7.333333333333334}, "waseda university": {"Citation Count": 18.0, "Publication Count": 1.0}, "yonsei university": {"Citation Count": 68.25, "Publication Count": 1.9166666666666665}, "qualcomm": {"Citation Count": 53.588888888888896, "Publication Count": 1.9222222222222223}, "pennsylvania state university": {"Citation Count": 3.1111111111111107, "Publication Count": 0.1111111111111111}, "university of california san diego": {"Citation Count": 104.5, "Publication Count": 3.1666666666666665}, "princeton university": {"Citation Count": 52.083333333333336, "Publication Count": 0.9166666666666666}, "massachusetts institute of technology": {"Citation Count": 49.75, "Publication Count": 0.5}, "broadcom": {"Citation Count": 8.966666666666667, "Publication Count": 0.5666666666666667}, "texas a m university": {"Citation Count": 9.6, "Publication Count": 1.0}, "fudan university": {"Citation Count": 2.4642857142857144, "Publication Count": 1.3928571428571428}, "university of california riverside": {"Citation Count": 6.057142857142857, "Publication Count": 0.9714285714285714}, "university of wisconsin madison": {"Citation Count": 22.5, "Publication Count": 2.5}, "karlsruhe institute of technology": {"Citation Count": 22.0, "Publication Count": 1.0}, "korea university": {"Citation Count": 50.42857142857143, "Publication Count": 3.6476190476190475}, "university of catania": {"Citation Count": 8.0, "Publication Count": 1.0}, "air force research laboratory": {"Citation Count": 23.866666666666667, "Publication Count": 0.7833333333333333}, "queen mary university of london": {"Citation Count": 2.2, "Publication Count": 0.2}, "lehigh university": {"Citation Count": 2.2, "Publication Count": 0.2}, "kaist": {"Citation Count": 76.08333333333333, "Publication Count": 7.749999999999999}, "osaka university": {"Citation Count": 31.5, "Publication Count": 0.75}, "university of tokyo": {"Citation Count": 15.166666666666666, "Publication Count": 1.4166666666666667}, "oregon state university": {"Citation Count": 18.6, "Publication Count": 1.9}, "national and kapodistrian university of athens": {"Citation Count": 11.333333333333332, "Publication Count": 1.3333333333333333}, "university of piraeus": {"Citation Count": 3.333333333333333, "Publication Count": 0.3333333333333333}, "national yunlin university of science and technology": {"Citation Count": 16.0, "Publication Count": 0.3333333333333333}, "chaoyang university of technology": {"Citation Count": 24.0, "Publication Count": 0.8333333333333333}, "illinois institute of technology": {"Citation Count": 37.0, "Publication Count": 1.0}, "vit university": {"Citation Count": 201.0, "Publication Count": 1.0}, "nanyang technological university": {"Citation Count": 102.41666666666667, "Publication Count": 4.083333333333333}, "university of southern california": {"Citation Count": 58.5, "Publication Count": 1.5}, "national tsing hua university": {"Citation Count": 131.8, "Publication Count": 5.6}, "university of memphis": {"Citation Count": 8.6, "Publication Count": 0.2}, "ewha womans university": {"Citation Count": 3.6666666666666665, "Publication Count": 0.3333333333333333}, "university of nicosia": {"Citation Count": 0.5, "Publication Count": 0.5}, "university of cyprus": {"Citation Count": 0.5, "Publication Count": 0.5}, "synopsys": {"Citation Count": 2.333333333333333, "Publication Count": 0.3333333333333333}, "university of bristol": {"Citation Count": 11.25, "Publication Count": 0.75}, "university of british columbia": {"Citation Count": 11.035714285714285, "Publication Count": 1.1642857142857141}, "university of waterloo": {"Citation Count": 37.166666666666664, "Publication Count": 3.5833333333333335}, "national chiao tung university": {"Citation Count": 147.3, "Publication Count": 9.522222222222222}, "national cheng kung university": {"Citation Count": 47.06666666666666, "Publication Count": 2.0666666666666664}, "utah state university": {"Citation Count": 3.0, "Publication Count": 1.0}, "mcgill university": {"Citation Count": 3.0, "Publication Count": 1.0}, "university of toronto": {"Citation Count": 26.523809523809526, "Publication Count": 1.8095238095238093}, "huawei": {"Citation Count": 0.6666666666666666, "Publication Count": 0.3333333333333333}, "multimedia university": {"Citation Count": 3.75, "Publication Count": 0.75}, "university of virginia": {"Citation Count": 33.5, "Publication Count": 2.5}, "university of california irvine": {"Citation Count": 4.0, "Publication Count": 1.0}, "new jersey institute of technology": {"Citation Count": 9.333333333333332, "Publication Count": 0.6666666666666666}, "nanjing university": {"Citation Count": 10.5, "Publication Count": 1.1666666666666665}, "national dong hwa university": {"Citation Count": 6.0, "Publication Count": 1.0}, "national central university": {"Citation Count": 23.866666666666667, "Publication Count": 2.8666666666666667}, "xidian university": {"Citation Count": 10.0, "Publication Count": 0.6666666666666666}, "duke university": {"Citation Count": 14.05, "Publication Count": 1.65}, "cisco systems inc": {"Citation Count": 3.0, "Publication Count": 0.5}, "hong kong university of science and technology": {"Citation Count": 17.0, "Publication Count": 1.0}, "university of windsor": {"Citation Count": 21.0, "Publication Count": 1.0},