{"poznan university of technology": {"Citation Count": 15.0, "Publication Count": 1.0}, "wayne state university": {"Citation Count": 1.4000000000000001, "Publication Count": 0.2}, "paris descartes university": {"Citation Count": 4.2, "Publication Count": 0.6}, "university of michigan": {"Citation Count": 1.4000000000000001, "Publication Count": 0.2}, "baidu": {"Citation Count": 0.18181818181818182, "Publication Count": 0.18181818181818182}, "hewlett packard": {"Citation Count": 0.09090909090909091, "Publication Count": 0.09090909090909091}, "south china university of technology": {"Citation Count": 0.36363636363636365, "Publication Count": 0.36363636363636365}, "hong kong university of science and technology": {"Citation Count": 0.09090909090909091, "Publication Count": 0.09090909090909091}, "huazhong university of science and technology": {"Citation Count": 0.09090909090909091, "Publication Count": 0.09090909090909091}, "nanyang technological university": {"Citation Count": 11.424242424242424, "Publication Count": 0.7575757575757576}, "kyoto university": {"Citation Count": 0.09090909090909091, "Publication Count": 0.09090909090909091}, "dalian university of technology": {"Citation Count": 14.0, "Publication Count": 0.6666666666666666}, "chinese academy of sciences": {"Citation Count": 7.0, "Publication Count": 0.3333333333333333}, "eindhoven university of technology": {"Citation Count": 3.6666666666666665, "Publication Count": 0.3333333333333333}, "ibm": {"Citation Count": 3.6666666666666665, "Publication Count": 0.3333333333333333}, "university of manchester": {"Citation Count": 13.666666666666666, "Publication Count": 0.6666666666666666}, "sun yat sen university": {"Citation Count": 6.666666666666666, "Publication Count": 0.16666666666666666}, "the chinese university of hong kong": {"Citation Count": 6.666666666666666, "Publication Count": 0.16666666666666666}, "zhejiang university": {"Citation Count": 26.666666666666664, "Publication Count": 0.6666666666666666}, "american university of beirut": {"Citation Count": 5.666666666666666, "Publication Count": 0.3333333333333333}, "university of sannio": {"Citation Count": 5.0, "Publication Count": 1.0}, "university of southern california": {"Citation Count": 0.4, "Publication Count": 0.4}, "binghamton university": {"Citation Count": 0.2, "Publication Count": 0.2}, "central china normal university": {"Citation Count": 0.2, "Publication Count": 0.2}, "united international college": {"Citation Count": 0.2, "Publication Count": 0.2}, "graz university of technology": {"Citation Count": 9.75, "Publication Count": 0.75}, "university of koblenz and landau": {"Citation Count": 3.25, "Publication Count": 0.25}, "macquarie university": {"Citation Count": 14.0, "Publication Count": 1.0}, "johns hopkins university": {"Citation Count": 5.0, "Publication Count": 0.3333333333333333}, "microsoft": {"Citation Count": 12.4, "Publication Count": 1.0666666666666667}, "university of kassel": {"Citation Count": 1.0, "Publication Count": 0.25}, "university of wurzburg": {"Citation Count": 3.0, "Publication Count": 0.75}, "middle east technical university": {"Citation Count": 13.0, "Publication Count": 1.0}, "slovak university of technology in bratislava": {"Citation Count": 61.0, "Publication Count": 1.0}, "yonsei university": {"Citation Count": 1.2000000000000002, "Publication Count": 0.2}, "pohang university of science and technology": {"Citation Count": 2.4000000000000004, "Publication Count": 0.4}, "middle east technical university northern cyprus campus": {"Citation Count": 20.0, "Publication Count": 0.6666666666666666}, "polish japanese academy of information technology": {"Citation Count": 2.4000000000000004, "Publication Count": 0.8}, "wroclaw university of technology": {"Citation Count": 0.6000000000000001, "Publication Count": 0.2}, "university of science and technology of china": {"Citation Count": 4.666666666666666, "Publication Count": 0.6666666666666666}, "hefei university of technology": {"Citation Count": 1.1666666666666665, "Publication Count": 0.16666666666666666}, "singapore management university": {"Citation Count": 1.1666666666666665, "Publication Count": 0.16666666666666666}, "university of insubria": {"Citation Count": 6.0, "Publication Count": 1.0}, "rensselaer polytechnic institute": {"Citation Count": 2.333333333333333, "Publication Count": 0.3333333333333333}, "washington university in st louis": {"Citation Count": 4.666666666666666, "Publication Count": 0.6666666666666666}}