{"microsoft": {"Citation Count": 11.598809523809523, "Publication Count": 3.4797619047619044}, "university of waterloo": {"Citation Count": 6.133333333333334, "Publication Count": 1.0666666666666667}, "ohio state university": {"Citation Count": 0.13333333333333333, "Publication Count": 0.06666666666666667}, "georgia institute of technology": {"Citation Count": 3.8, "Publication Count": 0.5666666666666667}, "university college london": {"Citation Count": 0.13333333333333333, "Publication Count": 0.06666666666666667}, "university of calgary": {"Citation Count": 0.13333333333333333, "Publication Count": 0.06666666666666667}, "universite paris saclay": {"Citation Count": 3.0, "Publication Count": 1.0}, "stanford university": {"Citation Count": 24.98095238095238, "Publication Count": 4.1761904761904765}, "carnegie mellon university": {"Citation Count": 30.033333333333335, "Publication Count": 6.933333333333334}, "university of tokyo": {"Citation Count": 10.666666666666666, "Publication Count": 3.8333333333333335}, "kaist": {"Citation Count": 14.685714285714285, "Publication Count": 4.885714285714285}, "tokyo institute of technology": {"Citation Count": 3.8, "Publication Count": 0.9333333333333333}, "cornell university": {"Citation Count": 7.0, "Publication Count": 1.0}, "university of toronto": {"Citation Count": 11.0, "Publication Count": 2.8333333333333335}, "apple inc": {"Citation Count": 20.0, "Publication Count": 1.6666666666666665}, "massachusetts institute of technology": {"Citation Count": 24.46666666666667, "Publication Count": 4.866666666666666}, "university of california berkeley": {"Citation Count": 9.333333333333332, "Publication Count": 2.1666666666666665}, "adobe systems": {"Citation Count": 17.599999999999998, "Publication Count": 3.183333333333333}, "university of colorado boulder": {"Citation Count": 3.0, "Publication Count": 0.3333333333333333}, "lancaster university": {"Citation Count": 0.0, "Publication Count": 0.5}, "university of paris": {"Citation Count": 2.0, "Publication Count": 1.0}, "tohoku university": {"Citation Count": 5.0, "Publication Count": 0.8333333333333334}, "google": {"Citation Count": 43.99999999999999, "Publication Count": 5.333333333333333}, "hasso plattner institute": {"Citation Count": 5.428571428571429, "Publication Count": 1.2857142857142856}, "university of hasselt": {"Citation Count": 3.333333333333333, "Publication Count": 0.6666666666666666}, "university of washington": {"Citation Count": 7.333333333333333, "Publication Count": 1.3333333333333333}, "purdue university": {"Citation Count": 6.0, "Publication Count": 1.0}, "university of michigan": {"Citation Count": 6.25, "Publication Count": 1.25}, "university of jena": {"Citation Count": 0.0, "Publication Count": 1.0}, "dartmouth college": {"Citation Count": 4.40952380952381, "Publication Count": 1.0761904761904761}, "facebook": {"Citation Count": 4.333333333333333, "Publication Count": 1.6666666666666665}, "university of massachusetts amherst": {"Citation Count": 2.4000000000000004, "Publication Count": 0.8}, "university of maryland college park": {"Citation Count": 0.6000000000000001, "Publication Count": 0.2}, "university of ulm": {"Citation Count": 3.2, "Publication Count": 0.8}, "university of saskatchewan": {"Citation Count": 0.8, "Publication Count": 0.2}, "national taiwan university": {"Citation Count": 5.023809523809524, "Publication Count": 1.1547619047619047}, "national chiao tung university": {"Citation Count": 5.833333333333333, "Publication Count": 1.4166666666666665}, "stony brook university": {"Citation Count": 5.333333333333334, "Publication Count": 1.5}, "university of ontario institute of technology": {"Citation Count": 0.125, "Publication Count": 0.125}, "university of lille": {"Citation Count": 0.6666666666666666, "Publication Count": 1.0833333333333333}, "university of canterbury": {"Citation Count": 0.0, "Publication Count": 0.25}, "ruhr university bochum": {"Citation Count": 0.2857142857142857, "Publication Count": 0.14285714285714285}, "university of tsukuba": {"Citation Count": 0.5714285714285714, "Publication Count": 0.2857142857142857}, "university of chicago": {"Citation Count": 1.1428571428571428, "Publication Count": 0.5714285714285714}, "saarland university": {"Citation Count": 8.0, "Publication Count": 1.0}, "eth zurich": {"Citation Count": 6.5, "Publication Count": 1.8333333333333335}, "university of california san diego": {"Citation Count": 22.633333333333333, "Publication Count": 4.833333333333334}, "harvard university": {"Citation Count": 3.75, "Publication Count": 0.75}, "southeast university": {"Citation Count": 1.2000000000000002, "Publication Count": 0.2}, "the chinese university of hong kong": {"Citation Count": 3.75, "Publication Count": 0.75}, "tel aviv university": {"Citation Count": 1.25, "Publication Count": 0.25}, "university of copenhagen": {"Citation Count": 0.0, "Publication Count": 1.0}, "university of california santa barbara": {"Citation Count": 2.0, "Publication Count": 0.3333333333333333}, "university of hong kong": {"Citation Count": 1.0, "Publication Count": 0.25}, "city university of hong kong": {"Citation Count": 2.5, "Publication Count": 0.5}, "hong kong university of science and technology": {"Citation Count": 2.5, "Publication Count": 0.5}, "meiji university": {"Citation Count": 3.833333333333333, "Publication Count": 2.0833333333333335}, "yahoo": {"Citation Count": 0.5, "Publication Count": 0.25}, "institut universitaire de france": {"Citation Count": 0.3333333333333333, "Publication Count": 0.16666666666666666}, "university of california los angeles": {"Citation Count": 4.083333333333333, "Publication Count": 1.4166666666666665}, "texas a m university": {"Citation Count": 1.5833333333333333, "Publication Count": 0.5833333333333333}, "pohang university of science and technology": {"Citation Count": 2.0, "Publication Count": 1.0}, "new york university": {"Citation Count": 0.5, "Publication Count": 0.16666666666666666}, "york university": {"Citation Count": 1.3333333333333333, "Publication Count": 0.3333333333333333}, "simon fraser university": {"Citation Count": 1.3333333333333333, "Publication Count": 0.3333333333333333}, "national chengchi university": {"Citation Count": 2.142857142857143, "Publication Count": 0.42857142857142855}, "university of helsinki": {"Citation Count": 1.0, "Publication Count": 1.0}, "max planck society": {"Citation Count": 1.0, "Publication Count": 1.0}, "imperial college london": {"Citation Count": 0.8, "Publication Count": 0.2}, "university of st andrews": {"Citation Count": 2.0, "Publication Count": 0.3333333333333333}, "university of wisconsin madison": {"Citation Count": 4.0, "Publication Count": 1.0}, "osaka university": {"Citation Count": 1.3333333333333333, "Publication Count": 0.3333333333333333}, "university of grenoble": {"Citation Count": 1.0, "Publication Count": 1.0}, "chinese academy of sciences": {"Citation Count": 0.5714285714285714, "Publication Count": 0.5714285714285714}}