{"carnegie mellon university": {"Citation Count": 82.01190476190477, "Publication Count": 5.430952380952381}, "university of california berkeley": {"Citation Count": 3.6, "Publication Count": 0.2}, "samsung": {"Citation Count": 1.5, "Publication Count": 0.5357142857142857}, "daegu gyeongbuk institute of science and technology": {"Citation Count": 1.5, "Publication Count": 0.25}, "seoul national university": {"Citation Count": 6.333333333333333, "Publication Count": 1.5952380952380953}, "intel": {"Citation Count": 12.883333333333335, "Publication Count": 0.8833333333333333}, "university of illinois at urbana champaign": {"Citation Count": 2.2857142857142856, "Publication Count": 0.14285714285714285}, "purdue university": {"Citation Count": 13.82857142857143, "Publication Count": 1.1142857142857143}, "adobe systems": {"Citation Count": 2.2857142857142856, "Publication Count": 0.14285714285714285}, "university of wisconsin madison": {"Citation Count": 109.94285714285714, "Publication Count": 2.2071428571428573}, "microsoft": {"Citation Count": 93.17380952380952, "Publication Count": 5.809523809523809}, "pohang university of science and technology": {"Citation Count": 0.0, "Publication Count": 0.2857142857142857}, "ecole polytechnique federale de lausanne": {"Citation Count": 13.666666666666666, "Publication Count": 1.9333333333333336}, "vmware": {"Citation Count": 26.0, "Publication Count": 3.0}, "princeton university": {"Citation Count": 8.4, "Publication Count": 0.6}, "case western reserve university": {"Citation Count": 2.8000000000000003, "Publication Count": 0.2}, "nanjing university": {"Citation Count": 3.4000000000000004, "Publication Count": 0.30000000000000004}, "northwestern university": {"Citation Count": 0.0, "Publication Count": 0.16666666666666666}, "dartmouth college": {"Citation Count": 0.0, "Publication Count": 0.5}, "clemson university": {"Citation Count": 0.0, "Publication Count": 0.3333333333333333}, "ohio state university": {"Citation Count": 43.400000000000006, "Publication Count": 1.4}, "cornell university": {"Citation Count": 21.200000000000003, "Publication Count": 0.2}, "pennsylvania state university": {"Citation Count": 36.0, "Publication Count": 1.0}, "georgia institute of technology": {"Citation Count": 15.866666666666667, "Publication Count": 1.0666666666666667}, "virginia tech": {"Citation Count": 1.3333333333333333, "Publication Count": 0.3333333333333333}, "tencent": {"Citation Count": 1.4000000000000001, "Publication Count": 0.2}, "shanghai jiao tong university": {"Citation Count": 18.066666666666666, "Publication Count": 2.8666666666666667}, "university of cambridge": {"Citation Count": 1.4000000000000001, "Publication Count": 0.2}, "alibaba group": {"Citation Count": 1.4000000000000001, "Publication Count": 0.2}, "industrial technology research institute": {"Citation Count": 2.0, "Publication Count": 1.0}, "university of michigan": {"Citation Count": 3.75, "Publication Count": 0.25}, "university of edinburgh": {"Citation Count": 7.5, "Publication Count": 0.5}, "university of washington": {"Citation Count": 9.5, "Publication Count": 1.4}, "university of cyprus": {"Citation Count": 8.333333333333332, "Publication Count": 0.16666666666666666}, "vu university amsterdam": {"Citation Count": 41.66666666666667, "Publication Count": 0.8333333333333334}, "dresden university of technology": {"Citation Count": 40.0, "Publication Count": 0.8333333333333334}, "technion israel institute of technology": {"Citation Count": 9.066666666666666, "Publication Count": 0.7}, "sri international": {"Citation Count": 1.7999999999999998, "Publication Count": 0.3}, "university of georgia": {"Citation Count": 0.6000000000000001, "Publication Count": 0.1}, "facebook": {"Citation Count": 0.18181818181818182, "Publication Count": 0.09090909090909091}, "university of hong kong": {"Citation Count": 0.9090909090909091, "Publication Count": 0.45454545454545453}, "huawei": {"Citation Count": 5.038961038961038, "Publication Count": 0.37662337662337664}, "new jersey institute of technology": {"Citation Count": 0.7272727272727273, "Publication Count": 0.36363636363636365}, "university of british columbia": {"Citation Count": 1.5, "Publication Count": 0.5}, "oracle corporation": {"Citation Count": 4.5, "Publication Count": 0.8333333333333333}, "institute of science and technology austria": {"Citation Count": 0.6666666666666666, "Publication Count": 0.3333333333333333}, "tel aviv university": {"Citation Count": 1.8666666666666667, "Publication Count": 0.9333333333333333}, "university of toronto": {"Citation Count": 6.0, "Publication Count": 1.25}, "johns hopkins university": {"Citation Count": 2.0, "Publication Count": 0.25}, "stanford university": {"Citation Count": 45.26190476190476, "Publication Count": 3.0238095238095237}, "instituto superior tecnico": {"Citation Count": 2.0, "Publication Count": 0.5}, "university of science and technology of china": {"Citation Count": 10.5, "Publication Count": 1.0}, "ibm": {"Citation Count": 21.0, "Publication Count": 2.0}, "eth zurich": {"Citation Count": 0.0, "Publication Count": 0.3333333333333333}, "nanyang technological university": {"Citation Count": 0.0, "Publication Count": 0.3333333333333333}, "rutgers university": {"Citation Count": 1.6, "Publication Count": 0.8}, "university of pittsburgh": {"Citation Count": 0.4, "Publication Count": 0.2}, "united states army research laboratory": {"Citation Count": 3.6666666666666665, "Publication Count": 0.3333333333333333}, "university of southern california": {"Citation Count": 7.333333333333333, "Publication Count": 0.6666666666666666}, "huazhong university of science and technology": {"Citation Count": 4.904761904761905, "Publication Count": 1.380952380952381}, "university of warwick": {"Citation Count": 0.7142857142857142, "Publication Count": 0.14285714285714285}, "national university of singapore": {"Citation Count": 0.7142857142857142, "Publication Count": 0.14285714285714285}, "university of newcastle": {"Citation Count": 1.9166666666666665, "Publication Count": 0.08333333333333333}, "nankai university": {"Citation Count": 1.9166666666666665, "Publication Count": 0.08333333333333333}, "temple university": {"Citation Count": 0.6666666666666666, "Publication Count": 0.3333333333333333}, "cyprus university of technology": {"Citation Count": 1.0, "Publication Count": 0.1}, "brown university": {"Citation Count": 1.0, "Publication Count": 0.1}, "los alamos national laboratory": {"Citation Count": 10.666666666666666, "Publication Count": 0.3333333333333333}, "tsinghua university": {"Citation Count": 15.285714285714285, "Publication Count": 2.3571428571428568}, "qatar computing research institute": {"Citation Count": 2.0, "Publication Count": 0.5}, "east china normal university": {"Citation Count": 3.5, "Publication Count": 1.5}, "university of paris": {"Citation Count": 12.0, "Publication Count": 1.0}, "beihang university": {"Citation Count": 2.6, "Publication Count": 0.2}, "hongik university": {"Citation Count": 1.6666666666666665, "Publication Count": 0.3333333333333333}, "stony brook university": {"Citation Count": 11.428571428571429, "Publication Count": 0.8928571428571428}, "massachusetts institute of technology": {"Citation Count": 3.571428571428571, "Publication Count": 0.14285714285714285}, "bell labs": {"Citation Count": 84.0, "Publication Count": 2.0}, "university of california santa cruz": {"Citation Count": 5.666666666666666, "Publication Count": 0.3333333333333333}, "university of utah": {"Citation Count": 4.5, "Publication Count": 1.0}, "university of chicago": {"Citation Count": 1.0, "Publication Count": 1.75}, "university of pennsylvania": {"Citation Count": 6.800000000000001, "Publication Count": 0.4}, "university of colorado boulder": {"Citation Count": 6.800000000000001, "Publication Count": 0.4}, "united states naval academy": {"Citation Count": 3.4000000000000004, "Publication Count": 0.2}, "barcelona supercomputing center": {"Citation Count": 2.0,