{"university of utah": {"Citation Count": 58.48484848484849, "Publication Count": 1.0101010101010102}, "clemson university": {"Citation Count": 17.0, "Publication Count": 0.16666666666666666}, "university of wisconsin madison": {"Citation Count": 21.5, "Publication Count": 0.2777777777777778}, "raytheon": {"Citation Count": 5.666666666666666, "Publication Count": 0.05555555555555555}, "university of massachusetts amherst": {"Citation Count": 43.33333333333333, "Publication Count": 1.1111111111111112}, "oracle corporation": {"Citation Count": 3.0, "Publication Count": 1.0}, "google": {"Citation Count": 32.57142857142857, "Publication Count": 2.7857142857142856}, "university of chicago": {"Citation Count": 4.25, "Publication Count": 1.25}, "university of california santa cruz": {"Citation Count": 1.6666666666666665, "Publication Count": 0.4583333333333333}, "carnegie mellon university": {"Citation Count": 5.333333333333333, "Publication Count": 1.6666666666666665}, "fudan university": {"Citation Count": 5.0, "Publication Count": 1.0}, "samsung": {"Citation Count": 5.303571428571429, "Publication Count": 1.0178571428571428}, "georgia institute of technology": {"Citation Count": 27.8, "Publication Count": 1.6}, "huawei": {"Citation Count": 0.0, "Publication Count": 0.6666666666666666}, "shanghai jiao tong university": {"Citation Count": 24.1, "Publication Count": 3.3833333333333333}, "intel": {"Citation Count": 0.4, "Publication Count": 0.2}, "seoul national university": {"Citation Count": 15.559523809523808, "Publication Count": 1.7976190476190477}, "naver corporation": {"Citation Count": 0.42857142857142855, "Publication Count": 0.14285714285714285}, "the chinese university of hong kong": {"Citation Count": 6.0, "Publication Count": 1.0}, "purdue university": {"Citation Count": 27.57142857142857, "Publication Count": 3.321428571428571}, "johns hopkins university": {"Citation Count": 2.142857142857143, "Publication Count": 0.14285714285714285}, "argonne national laboratory": {"Citation Count": 2.142857142857143, "Publication Count": 0.14285714285714285}, "adobe systems": {"Citation Count": 2.142857142857143, "Publication Count": 0.14285714285714285}, "ulsan national institute of science and technology": {"Citation Count": 14.933333333333334, "Publication Count": 1.0333333333333334}, "microsoft": {"Citation Count": 107.31428571428573, "Publication Count": 3.2436507936507937}, "tsinghua university": {"Citation Count": 12.983333333333333, "Publication Count": 1.6833333333333331}, "university of paris": {"Citation Count": 2.75, "Publication Count": 0.25}, "university of california irvine": {"Citation Count": 2.1818181818181817, "Publication Count": 0.5454545454545454}, "vmware": {"Citation Count": 4.0, "Publication Count": 1.0}, "university of rochester": {"Citation Count": 43.42857142857143, "Publication Count": 1.2142857142857144}, "huazhong university of science and technology": {"Citation Count": 6.0, "Publication Count": 1.625}, "technion israel institute of technology": {"Citation Count": 44.0, "Publication Count": 2.6666666666666665}, "university of washington": {"Citation Count": 6.5, "Publication Count": 0.5}, "university of california berkeley": {"Citation Count": 3.25, "Publication Count": 0.25}, "university of texas at austin": {"Citation Count": 3.25, "Publication Count": 0.25}, "university of california los angeles": {"Citation Count": 25.0, "Publication Count": 1.0}, "chinese academy of sciences": {"Citation Count": 4.666666666666666, "Publication Count": 0.6666666666666666}, "simon fraser university": {"Citation Count": 14.0, "Publication Count": 1.0}, "peking university": {"Citation Count": 28.285714285714285, "Publication Count": 0.42857142857142855}, "hanyang university": {"Citation Count": 3.0, "Publication Count": 0.3333333333333333}, "stanford university": {"Citation Count": 68.16666666666667, "Publication Count": 1.1666666666666667}, "university of edinburgh": {"Citation Count": 4.5, "Publication Count": 1.25}, "technical university of berlin": {"Citation Count": 2.0, "Publication Count": 0.6666666666666666}, "university of vienna": {"Citation Count": 1.0, "Publication Count": 0.3333333333333333}, "northeastern university": {"Citation Count": 7.777777777777778, "Publication Count": 1.1944444444444444}, "dresden university of technology": {"Citation Count": 7.5, "Publication Count": 1.0833333333333333}, "ecole polytechnique federale de lausanne": {"Citation Count": 34.0, "Publication Count": 2.9166666666666665}, "boston university": {"Citation Count": 1.3333333333333333, "Publication Count": 0.3333333333333333}, "massachusetts institute of technology": {"Citation Count": 0.8888888888888888, "Publication Count": 0.2222222222222222}, "sungkyunkwan university": {"Citation Count": 14.458333333333332, "Publication Count": 0.7916666666666666}, "arizona state university": {"Citation Count": 5.0, "Publication Count": 1.0}, "university of pennsylvania": {"Citation Count": 3.0, "Publication Count": 1.0}, "university of science and technology of china": {"Citation Count": 18.0, "Publication Count": 1.0}, "university of sydney": {"Citation Count": 17.0, "Publication Count": 1.0833333333333333}, "ibm": {"Citation Count": 4.666666666666666, "Publication Count": 0.6666666666666666}, "vu university amsterdam": {"Citation Count": 1.1666666666666665, "Publication Count": 0.16666666666666666}, "university of toronto": {"Citation Count": 10.0, "Publication Count": 1.0}, "virginia tech": {"Citation Count": 22.666666666666664, "Publication Count": 1.3333333333333333}, "daegu gyeongbuk institute of science and technology": {"Citation Count": 4.666666666666666, "Publication Count": 0.3333333333333333}, "cornell university": {"Citation Count": 2.333333333333333, "Publication Count": 0.16666666666666666}, "seagate technology": {"Citation Count": 1.0, "Publication Count": 0.5}, "ohio state university": {"Citation Count": 8.8, "Publication Count": 0.8500000000000001}, "university of california san diego": {"Citation Count": 17.0, "Publication Count": 1.0}, "iowa state university": {"Citation Count": 3.0, "Publication Count": 0.2}, "alibaba group": {"Citation Count": 6.8, "Publication Count": 0.6000000000000001}, "princeton university": {"Citation Count": 1.3333333333333333, "Publication Count": 0.3333333333333333}, "facebook": {"Citation Count": 1.3333333333333333, "Publication Count": 0.3333333333333333}, "columbia university": {"Citation Count": 0.6666666666666666, "Publication Count": 0.16666666666666666}, "center for information technology": {"Citation Count": 0.6666666666666666, "Publication Count": 0.16666666666666666}, "national tsing hua university": {"Citation Count": 4.0, "Publication Count": 1.0}, "amazon com": {"Citation Count": 57.0, "Publication Count": 1.0}, "university of nevada reno": {"Citation Count": 12.75, "Publication Count": 0.25}, "hong kong university of science and technology": {"Citation Count": 38.25, "Publication Count": 0.75}, "nanjing university": {"Citation Count": 0.6666666666666666, "Publication Count": 0.05555555555555555}, "university of newcastle": {"Citation Count": 0.6666666666666666, "Publication Count": 0.05555555555555555}}