{"aarhus university": {"Citation Count": 11.5, "Publication Count": 1.25}, "carleton university": {"Citation Count": 53.5, "Publication Count": 3.5}, "ben gurion university of the negev": {"Citation Count": 6.5, "Publication Count": 1.25}, "free university of berlin": {"Citation Count": 0.5714285714285714, "Publication Count": 0.6428571428571428}, "graz university of technology": {"Citation Count": 2.2857142857142856, "Publication Count": 0.5714285714285714}, "eindhoven university of technology": {"Citation Count": 5.071428571428571, "Publication Count": 0.8928571428571428}, "eth zurich": {"Citation Count": 0.5714285714285714, "Publication Count": 0.14285714285714285}, "roma tre university": {"Citation Count": 1.3333333333333333, "Publication Count": 0.6666666666666666}, "university of tubingen": {"Citation Count": 0.6666666666666666, "Publication Count": 0.3333333333333333}, "max planck society": {"Citation Count": 2.0, "Publication Count": 1.0}, "national tsing hua university": {"Citation Count": 1.1428571428571428, "Publication Count": 0.2857142857142857}, "massachusetts institute of technology": {"Citation Count": 14.14285714285714, "Publication Count": 1.619047619047619}, "new york university": {"Citation Count": 0.5714285714285714, "Publication Count": 0.14285714285714285}, "boston university": {"Citation Count": 0.5714285714285714, "Publication Count": 0.14285714285714285}, "pennsylvania state university": {"Citation Count": 3.333333333333333, "Publication Count": 0.6666666666666666}, "university of illinois at chicago": {"Citation Count": 2.0, "Publication Count": 0.3333333333333333}, "university of bonn": {"Citation Count": 9.333333333333332, "Publication Count": 2.6666666666666665}, "georgia state university": {"Citation Count": 1.3333333333333333, "Publication Count": 0.3333333333333333}, "university of waterloo": {"Citation Count": 27.25, "Publication Count": 2.125}, "university of southern denmark": {"Citation Count": 12.666666666666666, "Publication Count": 0.6666666666666666}, "university of california irvine": {"Citation Count": 42.08333333333333, "Publication Count": 2.583333333333333}, "utrecht university": {"Citation Count": 1.0, "Publication Count": 0.25}, "princeton university": {"Citation Count": 6.333333333333333, "Publication Count": 0.9166666666666666}, "texas a m university": {"Citation Count": 0.0, "Publication Count": 1.0}, "university of texas at san antonio": {"Citation Count": 18.0, "Publication Count": 1.0}, "university of liverpool": {"Citation Count": 0.3333333333333333, "Publication Count": 0.16666666666666666}, "university of gdansk": {"Citation Count": 0.3333333333333333, "Publication Count": 0.16666666666666666}, "ochanomizu university": {"Citation Count": 0.3333333333333333, "Publication Count": 0.16666666666666666}, "university of warwick": {"Citation Count": 0.3333333333333333, "Publication Count": 0.16666666666666666}, "lund university": {"Citation Count": 0.3333333333333333, "Publication Count": 0.16666666666666666}, "universite du quebec en outaouais": {"Citation Count": 0.3333333333333333, "Publication Count": 0.16666666666666666}, "clemson university": {"Citation Count": 1.0, "Publication Count": 1.0}, "carnegie mellon university": {"Citation Count": 9.0, "Publication Count": 1.0}, "university of perugia": {"Citation Count": 63.33333333333333, "Publication Count": 0.6666666666666666}, "information technology university": {"Citation Count": 31.666666666666664, "Publication Count": 0.3333333333333333}, "university of manitoba": {"Citation Count": 0.25, "Publication Count": 0.125}, "syracuse university": {"Citation Count": 0.75, "Publication Count": 0.25}, "utah state university": {"Citation Count": 0.0, "Publication Count": 0.5}, "university of wisconsin milwaukee": {"Citation Count": 0.0, "Publication Count": 0.5}, "braunschweig university of technology": {"Citation Count": 10.5, "Publication Count": 1.5}, "karlsruhe institute of technology": {"Citation Count": 24.0, "Publication Count": 1.0}, "queen s university": {"Citation Count": 10.0, "Publication Count": 1.0}, "universite libre de bruxelles": {"Citation Count": 7.666666666666666, "Publication Count": 0.3333333333333333}, "tohoku university": {"Citation Count": 7.666666666666666, "Publication Count": 0.3333333333333333}, "university of kiel": {"Citation Count": 13.0, "Publication Count": 1.0}, "university of warsaw": {"Citation Count": 0.0, "Publication Count": 1.0}, "technical university of dortmund": {"Citation Count": 1.3333333333333333, "Publication Count": 0.6666666666666666}, "university of toronto": {"Citation Count": 0.6666666666666666, "Publication Count": 0.3333333333333333}, "university of north carolina at chapel hill": {"Citation Count": 3.0, "Publication Count": 1.0}, "paris dauphine university": {"Citation Count": 18.0, "Publication Count": 1.0}, "simon fraser university": {"Citation Count": 1.3333333333333333, "Publication Count": 0.3333333333333333}, "smith college": {"Citation Count": 0.0, "Publication Count": 0.5}, "university of jena": {"Citation Count": 2.0, "Publication Count": 1.0}, "shinshu university": {"Citation Count": 1.0, "Publication Count": 0.5}, "kent state university": {"Citation Count": 4.0, "Publication Count": 1.0}}