{"university of southern california": {"Citation Count": 21.5, "Publication Count": 2.083333333333333}, "google": {"Citation Count": 202.31190476190477, "Publication Count": 9.62857142857143}, "duke university": {"Citation Count": 8.5, "Publication Count": 0.7}, "stanford university": {"Citation Count": 175.66666666666669, "Publication Count": 5.700000000000001}, "yahoo": {"Citation Count": 68.58333333333333, "Publication Count": 5.083333333333333}, "cornell university": {"Citation Count": 198.91666666666666, "Publication Count": 5.866666666666666}, "yandex": {"Citation Count": 15.0, "Publication Count": 2.0}, "tsinghua university": {"Citation Count": 68.39999999999999, "Publication Count": 2.1333333333333333}, "california institute of technology": {"Citation Count": 12.333333333333332, "Publication Count": 0.3333333333333333}, "hebrew university of jerusalem": {"Citation Count": 4.0, "Publication Count": 1.0}, "microsoft": {"Citation Count": 275.42499999999995, "Publication Count": 6.941666666666666}, "uber": {"Citation Count": 4.25, "Publication Count": 0.25}, "arizona state university": {"Citation Count": 108.54166666666667, "Publication Count": 1.875}, "michigan state university": {"Citation Count": 30.291666666666664, "Publication Count": 0.45833333333333326}, "huawei": {"Citation Count": 10.291666666666666, "Publication Count": 0.29166666666666663}, "university of washington": {"Citation Count": 13.625, "Publication Count": 1.125}, "university of cambridge": {"Citation Count": 65.38095238095238, "Publication Count": 1.8095238095238095}, "samsung": {"Citation Count": 8.166666666666666, "Publication Count": 0.16666666666666666}, "university of essex": {"Citation Count": 8.166666666666666, "Publication Count": 0.16666666666666666}, "shanghai jiao tong university": {"Citation Count": 3.0, "Publication Count": 0.5}, "columbia university": {"Citation Count": 224.0, "Publication Count": 0.6666666666666666}, "seoul national university": {"Citation Count": 10.0, "Publication Count": 1.0}, "peking university": {"Citation Count": 32.714285714285715, "Publication Count": 1.1952380952380952}, "purdue university": {"Citation Count": 28.285714285714285, "Publication Count": 1.723809523809524}, "foundation for research technology hellas": {"Citation Count": 25.833333333333336, "Publication Count": 0.8333333333333334}, "university of crete": {"Citation Count": 5.166666666666666, "Publication Count": 0.16666666666666666}, "beijing university of posts and telecommunications": {"Citation Count": 10.714285714285714, "Publication Count": 0.42857142857142855}, "carnegie mellon university": {"Citation Count": 154.17142857142855, "Publication Count": 3.526190476190476}, "texas a m university": {"Citation Count": 221.0, "Publication Count": 0.16666666666666666}, "national university of singapore": {"Citation Count": 691.75, "Publication Count": 0.75}, "shandong university": {"Citation Count": 236.2, "Publication Count": 0.5666666666666667}, "rutgers university": {"Citation Count": 26.6, "Publication Count": 2.4000000000000004}, "ohio state university": {"Citation Count": 15.850000000000001, "Publication Count": 0.95}, "university of manchester": {"Citation Count": 7.6000000000000005, "Publication Count": 0.2}, "university of california los angeles": {"Citation Count": 30.928571428571427, "Publication Count": 0.30952380952380953}, "nec": {"Citation Count": 3.6666666666666665, "Publication Count": 0.3333333333333333}, "fudan university": {"Citation Count": 2.6666666666666665, "Publication Count": 0.6666666666666666}, "university of hong kong": {"Citation Count": 23.9, "Publication Count": 1.0333333333333332}, "universite paris saclay": {"Citation Count": 14.0, "Publication Count": 0.6666666666666666}, "university of turin": {"Citation Count": 0.3333333333333333, "Publication Count": 0.3333333333333333}, "tufts university": {"Citation Count": 14.0, "Publication Count": 1.0}, "universidade nova de lisboa": {"Citation Count": 13.600000000000001, "Publication Count": 1.0666666666666667}, "university of lisbon": {"Citation Count": 2.8000000000000003, "Publication Count": 0.2}, "university of waterloo": {"Citation Count": 0.0, "Publication Count": 1.0}, "kaiserslautern university of technology": {"Citation Count": 4.0, "Publication Count": 0.3333333333333333}, "georgetown university": {"Citation Count": 8.0, "Publication Count": 0.5}, "institute for scientific interchange": {"Citation Count": 36.5, "Publication Count": 1.75}, "northeastern university": {"Citation Count": 40.52380952380952, "Publication Count": 0.8690476190476191}, "university of greenwich": {"Citation Count": 6.333333333333333, "Publication Count": 0.16666666666666666}, "rice university": {"Citation Count": 2.0, "Publication Count": 1.0}, "university of illinois at urbana champaign": {"Citation Count": 388.20238095238096, "Publication Count": 3.930952380952381}, "ibm": {"Citation Count": 70.31428571428572, "Publication Count": 0.9928571428571429}, "united states army research laboratory": {"Citation Count": 24.75, "Publication Count": 0.25}, "university of ioannina": {"Citation Count": 21.6, "Publication Count": 0.8}, "harbin institute of technology": {"Citation Count": 5.0, "Publication Count": 0.3333333333333333}, "nanyang technological university": {"Citation Count": 10.0, "Publication Count": 0.6666666666666666}, "twitter": {"Citation Count": 3.333333333333333, "Publication Count": 0.8333333333333333}, "university of california santa cruz": {"Citation Count": 36.93333333333333, "Publication Count": 1.4333333333333331}, "sapienza university of rome": {"Citation Count": 1.7142857142857142, "Publication Count": 0.14285714285714285}, "queen mary university of london": {"Citation Count": 8.571428571428571, "Publication Count": 0.7142857142857143}, "university of michigan": {"Citation Count": 110.08095238095238, "Publication Count": 2.102380952380952}, "at t labs": {"Citation Count": 7.2, "Publication Count": 0.4}, "indiana university": {"Citation Count": 3.6, "Publication Count": 0.2}, "university of california santa barbara": {"Citation Count": 51.8, "Publication Count": 2.933333333333333}, "university of regensburg": {"Citation Count": 19.5, "Publication Count": 0.5}, "modul university vienna": {"Citation Count": 19.5, "Publication Count": 0.5}, "newcastle university": {"Citation Count": 7.0, "Publication Count": 0.5}, "post graduate institute of medical education and research": {"Citation Count": 2.8000000000000003, "Publication Count": 0.2}, "indraprastha institute of information technology": {"Citation Count": 4.2, "Publication Count": 0.3}, "massachusetts institute of technology": {"Citation Count": 79.725, "Publication Count": 2.025}, "khalifa university": {"Citation Count": 20.4, "Publication Count": 0.6}, "university of otago": {"Citation Count": 0.3333333333333333, "Publication Count": 0.3333333333333333}, "ebay": {"Citation Count": 0.6666666666666666, "Publication Count": 0.6666666666666666}, "east china normal university": {"Citation Count": 14.0, "Publication Count": 0.6666666666666666}, "georgia institute of technology": {"Citation Count": 9.5, "Publication Count": 0.5}, "beijing institute of technology": {"Citation Count": 25.0, "Publication Count": 1.0}, "university of warsaw": {"Citation Count": 3.0, "Publication Count": 1.0}, "facebook": {"Citation Count": 19.5, "Publication Count": 1.1666666666666665}, "virginia tech": {"Citation Count": 7.0, "Publication Count": 0.3333333333333333}, "university of california berkeley": {"Citation Count": 26.75, "Publication Count": 0.95}, "university of fribourg": {"Citation Count": 11.4, "Publication Count": 0.3666666666666667}, "hong kong university of science and technology": {"Citation Count": 68.0, "Publication Count": 0.8333333333333333}, "shanghai university of finance and economics": {"Citation Count": 10.0, "Publication Count": 0.16666666666666666}, "northwestern polytechnical university": {"Citation Count": 10.0,