{"university of pittsburgh": {"Citation Count": 90.625, "Publication Count": 1.125}, "university of manchester": {"Citation Count": 52.666666666666664, "Publication Count": 1.3333333333333333}, "microsoft": {"Citation Count": 1361.8416666666665, "Publication Count": 9.408333333333331}, "university of victoria": {"Citation Count": 15.0, "Publication Count": 1.0}, "yahoo": {"Citation Count": 2534.7428571428572, "Publication Count": 12.426190476190474}, "ibm": {"Citation Count": 591.725, "Publication Count": 6.358333333333333}, "peking university": {"Citation Count": 76.70833333333333, "Publication Count": 1.7083333333333333}, "shanghai jiao tong university": {"Citation Count": 292.26666666666665, "Publication Count": 2.4333333333333336}, "tohoku university": {"Citation Count": 276.66666666666663, "Publication Count": 0.6666666666666666}, "japan advanced institute of science and technology": {"Citation Count": 138.33333333333331, "Publication Count": 0.3333333333333333}, "university of illinois at urbana champaign": {"Citation Count": 754.0, "Publication Count": 3.0}, "google": {"Citation Count": 642.7678571428571, "Publication Count": 2.267857142857143}, "the chinese university of hong kong": {"Citation Count": 94.75, "Publication Count": 0.25}, "university of new south wales": {"Citation Count": 284.25, "Publication Count": 0.75}, "facebook": {"Citation Count": 45.34285714285714, "Publication Count": 0.34285714285714286}, "georgia institute of technology": {"Citation Count": 608.9178571428571, "Publication Count": 2.6678571428571427}, "pennsylvania state university": {"Citation Count": 101.54285714285714, "Publication Count": 1.542857142857143}, "university of texas at austin": {"Citation Count": 12.0, "Publication Count": 0.5}, "stanford university": {"Citation Count": 191.16666666666666, "Publication Count": 2.25}, "centrum wiskunde informatica": {"Citation Count": 7.5, "Publication Count": 0.25}, "weizmann institute of science": {"Citation Count": 32.875, "Publication Count": 0.375}, "northwestern university": {"Citation Count": 93.66666666666666, "Publication Count": 0.6666666666666666}, "technion israel institute of technology": {"Citation Count": 25.375, "Publication Count": 0.125}, "university of california berkeley": {"Citation Count": 133.33333333333331, "Publication Count": 1.6666666666666665}, "carnegie mellon university": {"Citation Count": 461.66666666666663, "Publication Count": 1.5833333333333333}, "new york university": {"Citation Count": 144.33333333333331, "Publication Count": 1.6666666666666665}, "tsinghua university": {"Citation Count": 159.0, "Publication Count": 2.9000000000000004}, "vu university amsterdam": {"Citation Count": 7.2, "Publication Count": 0.4}, "at t labs": {"Citation Count": 23.400000000000002, "Publication Count": 0.6000000000000001}, "case western reserve university": {"Citation Count": 15.600000000000001, "Publication Count": 0.4}, "university of calgary": {"Citation Count": 87.2, "Publication Count": 0.8}, "indian institute of technology delhi": {"Citation Count": 21.8, "Publication Count": 0.2}, "columbia university": {"Citation Count": 171.5, "Publication Count": 0.5}, "wayne state university": {"Citation Count": 44.0, "Publication Count": 1.0}, "university of tsukuba": {"Citation Count": 44.0, "Publication Count": 1.0}, "cornell university": {"Citation Count": 91.0, "Publication Count": 0.5}, "universidade federal de minas gerais": {"Citation Count": 14.0, "Publication Count": 0.6666666666666666}, "michigan state university": {"Citation Count": 18.666666666666664, "Publication Count": 0.6666666666666666}, "texas a m university": {"Citation Count": 86.0, "Publication Count": 1.0}, "emory university": {"Citation Count": 106.0, "Publication Count": 0.5}, "university of california santa cruz": {"Citation Count": 66.66666666666666, "Publication Count": 0.6666666666666666}, "mcgill university": {"Citation Count": 33.33333333333333, "Publication Count": 0.3333333333333333}, "carleton university": {"Citation Count": 39.0, "Publication Count": 1.0}, "indian institute of technology guwahati": {"Citation Count": 33.5, "Publication Count": 0.5}, "ntt docomo": {"Citation Count": 12.0, "Publication Count": 1.0}, "harvard university": {"Citation Count": 45.0, "Publication Count": 1.0}, "beihang university": {"Citation Count": 6.4, "Publication Count": 0.4}, "university of oxford": {"Citation Count": 37.33333333333333, "Publication Count": 0.6666666666666666}, "chinese academy of sciences": {"Citation Count": 15.0, "Publication Count": 1.0}, "university of aberdeen": {"Citation Count": 34.800000000000004, "Publication Count": 0.6000000000000001}, "university of koblenz and landau": {"Citation Count": 104.0, "Publication Count": 1.75}, "hewlett packard": {"Citation Count": 134.40000000000003, "Publication Count": 0.6000000000000001}, "university of zurich": {"Citation Count": 89.60000000000001, "Publication Count": 0.4}, "university of maryland college park": {"Citation Count": 36.666666666666664, "Publication Count": 0.6666666666666666}, "university of calabria": {"Citation Count": 18.333333333333332, "Publication Count": 0.3333333333333333}, "university of bologna": {"Citation Count": 19.0, "Publication Count": 1.0}, "karlsruhe institute of technology": {"Citation Count": 5.0, "Publication Count": 0.25}, "university of washington": {"Citation Count": 413.5, "Publication Count": 2.5}, "pompeu fabra university": {"Citation Count": 144.66666666666666, "Publication Count": 0.6666666666666666}, "university of michigan": {"Citation Count": 576.0, "Publication Count": 1.0}, "arizona state university": {"Citation Count": 99.2, "Publication Count": 0.4}, "fudan university": {"Citation Count": 12.499999999999998, "Publication Count": 0.8333333333333333}, "university college london": {"Citation Count": 6.0, "Publication Count": 0.3333333333333333}, "polytechnic university of milan": {"Citation Count": 12.0, "Publication Count": 0.6666666666666666}, "rmit university": {"Citation Count": 28.0, "Publication Count": 1.0}, "humboldt university of berlin": {"Citation Count": 9.8, "Publication Count": 0.2}, "university of guelph": {"Citation Count": 413.0, "Publication Count": 1.0}, "university of stuttgart": {"Citation Count": 228.33333333333331, "Publication Count": 0.3333333333333333}, "university of lugano": {"Citation Count": 228.33333333333331, "Publication Count": 0.3333333333333333}, "university of hasselt": {"Citation Count": 54.0, "Publication Count": 1.0}, "new jersey institute of technology": {"Citation Count": 5.2, "Publication Count": 0.4}, "nanyang technological university": {"Citation Count": 30.0, "Publication Count": 1.0}, "worcester polytechnic institute": {"Citation Count": 11.0, "Publication Count": 1.0}, "national and kapodistrian university of athens": {"Citation Count": 15.0, "Publication Count": 1.0}, "nokia": {"Citation Count": 147.0, "Publication Count": 1.0}, "ebay": {"Citation Count": 17.0, "Publication Count": 1.0}, "chung yuan christian university": {"Citation Count": 0.0, "Publication Count": 0.6666666666666666}, "hong kong university of science and technology": {"Citation Count": 26.0, "Publication Count": 0.8333333333333333}, "city university of hong kong": {"Citation Count": 34.4, "Publication Count": 0.8}, "wright state university": {"Citation Count": 8.6, "Publication Count": 0.2}, "huazhong university of science and technology": {"Citation Count": 7.333333333333333, "Publication Count": 0.3333333333333333}}