{"google": {"Citation Count": 5.5476190476190474, "Publication Count": 8.928571428571427}}