{"stanford university": {"Citation Count": 2.0, "Publication Count": 5.7}, "university at buffalo": {"Citation Count": 1.0333333333333332, "Publication Count": 1.0333333333333332}, "university of illinois at urbana champaign": {"Citation Count": 1.880952380952381, "Publication Count": 2.895238095238095}, "amazon com": {"Citation Count": 3.0, "Publication Count": 2.25}, "delft university of technology": {"Citation Count": 0.0, "Publication Count": 0.25}, "cornell university": {"Citation Count": 1.0, "Publication Count": 2.1166666666666667}, "at t": {"Citation Count": 0.14285714285714285, "Publication Count": 0.14285714285714285}, "telefonica": {"Citation Count": 2.4285714285714284, "Publication Count": 1.0952380952380951}, "universite catholique de louvain": {"Citation Count": 0.14285714285714285, "Publication Count": 0.14285714285714285}, "polytechnic university of catalonia": {"Citation Count": 0.14285714285714285, "Publication Count": 0.14285714285714285}, "university of alabama at birmingham": {"Citation Count": 0.14285714285714285, "Publication Count": 0.14285714285714285}, "university of trento": {"Citation Count": 1.0, "Publication Count": 0.6666666666666666}, "tomsk polytechnic university": {"Citation Count": 1.0, "Publication Count": 0.3333333333333333}, "university of new south wales": {"Citation Count": 1.0, "Publication Count": 0.7333333333333334}, "peking university": {"Citation Count": 3.333333333333333, "Publication Count": 1.2666666666666666}, "google": {"Citation Count": 4.502380952380952, "Publication Count": 8.742857142857142}, "university college london": {"Citation Count": 1.0, "Publication Count": 1.0}, "george mason university": {"Citation Count": 1.0, "Publication Count": 1.0}, "university of illinois at chicago": {"Citation Count": 0.75, "Publication Count": 2.1833333333333336}, "emory university": {"Citation Count": 2.1666666666666665, "Publication Count": 1.1666666666666667}, "yahoo": {"Citation Count": 0.8, "Publication Count": 1.8}, "university of hong kong": {"Citation Count": 0.75, "Publication Count": 1.0833333333333333}, "simon fraser university": {"Citation Count": 0.39285714285714285, "Publication Count": 0.6428571428571428}, "microsoft": {"Citation Count": 7.826190476190476, "Publication Count": 5.530952380952382}, "pennsylvania state university": {"Citation Count": 1.0571428571428572, "Publication Count": 1.723809523809524}, "national university of defense technology": {"Citation Count": 0.0, "Publication Count": 0.2}, "commonwealth scientific and industrial research organisation": {"Citation Count": 0.0, "Publication Count": 1.15}, "tsinghua university": {"Citation Count": 17.71849816849817, "Publication Count": 9.444688644688645}, "alibaba group": {"Citation Count": 1.3315018315018314, "Publication Count": 2.1886446886446884}, "at t labs": {"Citation Count": 0.3333333333333333, "Publication Count": 0.3333333333333333}, "university of oxford": {"Citation Count": 4.833333333333333, "Publication Count": 3.9166666666666665}, "university of chicago": {"Citation Count": 0.0, "Publication Count": 0.6666666666666666}, "stony brook university": {"Citation Count": 0.0, "Publication Count": 1.8857142857142857}, "syracuse university": {"Citation Count": 0.4, "Publication Count": 0.6000000000000001}, "northeastern university": {"Citation Count": 2.2, "Publication Count": 4.766666666666666}, "texas a m university": {"Citation Count": 0.0, "Publication Count": 1.0}, "macquarie university": {"Citation Count": 0.0, "Publication Count": 0.25}, "saarland university": {"Citation Count": 1.0, "Publication Count": 0.5}, "university of luxembourg": {"Citation Count": 0.3333333333333333, "Publication Count": 0.16666666666666666}, "eth zurich": {"Citation Count": 0.3333333333333333, "Publication Count": 0.16666666666666666}, "national cheng kung university": {"Citation Count": 0.3333333333333333, "Publication Count": 0.16666666666666666}, "purdue university": {"Citation Count": 2.333333333333333, "Publication Count": 4.273809523809524}, "ibm": {"Citation Count": 0.0, "Publication Count": 0.851190476190476}, "french institute for research in computer science and automation": {"Citation Count": 1.3333333333333333, "Publication Count": 0.6666666666666666}, "royal institute of technology": {"Citation Count": 0.6666666666666666, "Publication Count": 0.3333333333333333}, "georgia institute of technology": {"Citation Count": 1.0, "Publication Count": 0.8214285714285714}, "salesforce com": {"Citation Count": 0.0, "Publication Count": 0.14285714285714285}, "aalto university": {"Citation Count": 1.6, "Publication Count": 1.1333333333333333}, "concordia university": {"Citation Count": 0.4, "Publication Count": 0.2}, "harvard university": {"Citation Count": 1.6666666666666665, "Publication Count": 1.3333333333333333}, "massachusetts institute of technology": {"Citation Count": 7.333333333333333, "Publication Count": 3.8666666666666667}, "duke university": {"Citation Count": 0.0, "Publication Count": 0.2}, "university of waterloo": {"Citation Count": 0.0, "Publication Count": 0.2}, "worcester polytechnic institute": {"Citation Count": 0.0, "Publication Count": 0.25}, "fudan university": {"Citation Count": 0.0, "Publication Count": 2.022222222222222}, "seoul national university": {"Citation Count": 4.6, "Publication Count": 2.6}, "australian national university": {"Citation Count": 1.6, "Publication Count": 0.8}, "monash university": {"Citation Count": 0.4, "Publication Count": 0.2}, "mcgill university": {"Citation Count": 0.0, "Publication Count": 0.25}, "university of melbourne": {"Citation Count": 0.6666666666666666, "Publication Count": 0.3333333333333333}, "tel aviv university": {"Citation Count": 0.0, "Publication Count": 0.4}, "university of california santa cruz": {"Citation Count": 0.0, "Publication Count": 0.8}, "sandia national laboratories": {"Citation Count": 0.2, "Publication Count": 0.4}, "boston university": {"Citation Count": 0.0, "Publication Count": 1.0}, "university of north carolina at chapel hill": {"Citation Count": 0.0, "Publication Count": 0.14285714285714285}, "princeton university": {"Citation Count": 0.0, "Publication Count": 0.14285714285714285}, "facebook": {"Citation Count": 1.25, "Publication Count": 0.75}, "hong kong polytechnic university": {"Citation Count": 1.5, "Publication Count": 0.5}, "bell labs": {"Citation Count": 0.0, "Publication Count": 0.5}, "kyoto university": {"Citation Count": 0.0, "Publication Count": 1.0}, "university of california santa barbara": {"Citation Count": 1.0, "Publication Count": 1.6666666666666665}, "united states army research laboratory": {"Citation Count": 0.0, "Publication Count": 0.3333333333333333}, "indraprastha institute of information technology": {"Citation Count": 0.0, "Publication Count": 0.6000000000000001}, "hasso plattner institute": {"Citation Count": 3.75, "Publication Count": 0.75}, "aarhus university": {"Citation Count": 1.25, "Publication Count": 0.25}, "indian institute of technology kharagpur": {"Citation Count": 0.0, "Publication Count": 1.0}, "weizmann institute of science": {"Citation Count": 0.0, "Publication Count": 0.4}, "centre national de la recherche scientifique": {"Citation Count": 0.0, "Publication Count": 0.2}, "ben gurion university of the negev": {"Citation Count": 0.0, "Publication Count": 0.4}, "university of pennsylvania": {"Citation Count": 0.0, "Publication Count": 0.5}, "telecom paristech": {"Citation Count": 0.0, "Publication Count": 1.3333333333333333}, "max planck society": {"Citation Count": 4.666666666666666, "Publication Count": 3.083333333333333}, "university of paris": {"Citation Count": 0.6666666666666666, "Publication Count": 0.3333333333333333}, "aston university": {"Citation Count": 0.0, "Publication Count": 1.0}, "university of toronto": {"Citation Count": 0.0, "Publication Count": 0.3333333333333333}, "national university of singapore": {"Citation Count": 13.966666666666669, "Publication Count": 2.0666666666666664},