{"amazon com": {"Citation Count": 2.2, "Publication Count": 0.2}, "university of california san diego": {"Citation Count": 11.966666666666667, "Publication Count": 1.7166666666666668}, "hubei university": {"Citation Count": 1.3333333333333333, "Publication Count": 0.3333333333333333}, "chinese academy of sciences": {"Citation Count": 1.3333333333333333, "Publication Count": 0.3333333333333333}, "university of southern california": {"Citation Count": 6.916666666666666, "Publication Count": 1.5}, "university of illinois at urbana champaign": {"Citation Count": 13.0, "Publication Count": 3.25}, "delft university of technology": {"Citation Count": 11.8, "Publication Count": 0.9333333333333333}, "northwestern university": {"Citation Count": 7.199999999999999, "Publication Count": 0.7333333333333334}, "university of trento": {"Citation Count": 4.6, "Publication Count": 0.3666666666666667}, "virginia tech": {"Citation Count": 5.642857142857142, "Publication Count": 1.9642857142857144}, "clemson university": {"Citation Count": 2.0, "Publication Count": 0.16666666666666666}, "technion israel institute of technology": {"Citation Count": 5.428571428571429, "Publication Count": 2.7142857142857144}, "tel aviv university": {"Citation Count": 0.2857142857142857, "Publication Count": 0.14285714285714285}, "vmware": {"Citation Count": 1.0857142857142859, "Publication Count": 0.34285714285714286}, "columbia university": {"Citation Count": 5.0, "Publication Count": 2.5}, "canon inc": {"Citation Count": 1.3333333333333333, "Publication Count": 0.16666666666666666}, "brown university": {"Citation Count": 2.6666666666666665, "Publication Count": 0.3333333333333333}, "massachusetts institute of technology": {"Citation Count": 5.857142857142858, "Publication Count": 3.0357142857142856}, "university of pennsylvania": {"Citation Count": 4.571428571428571, "Publication Count": 2.071428571428571}, "indiana university": {"Citation Count": 0.42857142857142855, "Publication Count": 0.42857142857142855}, "university of edinburgh": {"Citation Count": 2.178571428571429, "Publication Count": 1.4642857142857144}, "microsoft": {"Citation Count": 8.885714285714286, "Publication Count": 1.6178571428571429}, "intel": {"Citation Count": 1.7357142857142858, "Publication Count": 1.2428571428571429}, "university of virginia": {"Citation Count": 5.333333333333333, "Publication Count": 1.6666666666666665}, "university of michigan": {"Citation Count": 5.004761904761904, "Publication Count": 2.3380952380952382}, "college of william mary": {"Citation Count": 6.166666666666666, "Publication Count": 1.9166666666666665}, "university of rochester": {"Citation Count": 0.3333333333333333, "Publication Count": 0.3333333333333333}, "indian institute of science": {"Citation Count": 0.8, "Publication Count": 0.2}, "yale university": {"Citation Count": 0.8, "Publication Count": 1.2}, "eth zurich": {"Citation Count": 2.479120879120879, "Publication Count": 0.8395604395604396}, "ecole polytechnique federale de lausanne": {"Citation Count": 4.666666666666667, "Publication Count": 1.3333333333333333}, "university of toronto": {"Citation Count": 0.6666666666666666, "Publication Count": 0.3333333333333333}, "university of sydney": {"Citation Count": 0.6666666666666666, "Publication Count": 0.3333333333333333}, "indian institute of technology kanpur": {"Citation Count": 0.0, "Publication Count": 0.2}, "ohio state university": {"Citation Count": 1.5, "Publication Count": 0.5666666666666667}, "carnegie mellon university": {"Citation Count": 12.30952380952381, "Publication Count": 2.280952380952381}, "rutgers university": {"Citation Count": 0.42857142857142855, "Publication Count": 0.14285714285714285}, "huawei": {"Citation Count": 0.42857142857142855, "Publication Count": 0.14285714285714285}, "princeton university": {"Citation Count": 15.823076923076924, "Publication Count": 1.7615384615384615}, "stanford university": {"Citation Count": 12.25, "Publication Count": 2.4166666666666665}, "tsinghua university": {"Citation Count": 13.916666666666666, "Publication Count": 2.5}, "huazhong university of science and technology": {"Citation Count": 4.4, "Publication Count": 1.35}, "university of california santa barbara": {"Citation Count": 21.6, "Publication Count": 2.4}, "lawrence berkeley national laboratory": {"Citation Count": 1.125, "Publication Count": 0.375}, "national institute of standards and technology": {"Citation Count": 0.375, "Publication Count": 0.125}, "seoul national university": {"Citation Count": 3.2857142857142856, "Publication Count": 2.5714285714285716}, "shanghai jiao tong university": {"Citation Count": 10.11904761904762, "Publication Count": 1.4523809523809523}, "florida state university": {"Citation Count": 2.5, "Publication Count": 0.6666666666666666}, "alibaba group": {"Citation Count": 0.3333333333333333, "Publication Count": 1.0}, "google": {"Citation Count": 3.6666666666666665, "Publication Count": 1.9166666666666665}, "university of california santa cruz": {"Citation Count": 1.0, "Publication Count": 0.25}, "university of british columbia": {"Citation Count": 1.0, "Publication Count": 1.0}, "stony brook university": {"Citation Count": 0.16666666666666666, "Publication Count": 0.16666666666666666}, "queen s university belfast": {"Citation Count": 1.5, "Publication Count": 0.75}, "university of chicago": {"Citation Count": 0.3, "Publication Count": 0.3}, "university of california riverside": {"Citation Count": 0.3333333333333333, "Publication Count": 1.3333333333333333}, "texas a m university": {"Citation Count": 0.0, "Publication Count": 1.0}, "united states naval academy": {"Citation Count": 0.0, "Publication Count": 0.25}, "nvidia": {"Citation Count": 0.15384615384615385, "Publication Count": 0.07692307692307693}, "harvard university": {"Citation Count": 0.15384615384615385, "Publication Count": 0.07692307692307693}, "university of bologna": {"Citation Count": 0.15384615384615385, "Publication Count": 0.07692307692307693}, "birla institute of technology and science": {"Citation Count": 0.15384615384615385, "Publication Count": 0.07692307692307693}, "university of washington": {"Citation Count": 0.15384615384615385, "Publication Count": 0.07692307692307693}, "university of california berkeley": {"Citation Count": 1.0, "Publication Count": 1.0}, "facebook": {"Citation Count": 4.0, "Publication Count": 0.5}, "university of wisconsin madison": {"Citation Count": 3.0, "Publication Count": 1.0}, "university of colorado boulder": {"Citation Count": 0.3333333333333333, "Publication Count": 0.3333333333333333}, "university of north carolina at chapel hill": {"Citation Count": 0.25, "Publication Count": 0.25}, "university of texas at austin": {"Citation Count": 0.75, "Publication Count": 0.75}, "hong kong university of science and technology": {"Citation Count": 0.14285714285714285, "Publication Count": 0.14285714285714285}, "peking university": {"Citation Count": 8.0, "Publication Count": 1.0}, "university of california davis": {"Citation Count": 0.6, "Publication Count": 0.6}, "northeastern university": {"Citation Count": 8.75, "Publication Count": 0.625}, "purdue university": {"Citation Count": 3.833333333333333, "Publication Count": 2.166666666666667}, "baidu": {"Citation Count": 2.5, "Publication Count": 0.5}, "north carolina state university": {"Citation Count": 10.333333333333334, "Publication Count": 1.6666666666666665}, "university of central florida": {"Citation Count": 0.6666666666666666, "Publication Count": 0.3333333333333333}, "ibm": {"Citation Count": 12.5, "Publication Count": 0.5}, "renmin university of china": {"Citation Count": 0.0, "Publication Count": 1.0}, "samsung": {"Citation Count": 0.0, "Publication Count": 0.2}, "pennsylvania state university": {"Citation Count": 0.3333333333333333, "Publication Count": 0.7666666666666666}, "kaist": {"Citation Count": 4.0, "Publication Count": 1.2}, "max planck society": {"Citation Count": 2.0, "Publication Count": 1.0},