{"max planck society": {"Citation Count": 122.71071428571427, "Publication Count": 6.646428571428571}, "technische universitat darmstadt": {"Citation Count": 70.0, "Publication Count": 1.5}, "city university of hong kong": {"Citation Count": 13.6, "Publication Count": 2.533333333333333}, "university of southern california": {"Citation Count": 44.16666666666667, "Publication Count": 0.8333333333333334}, "carleton college": {"Citation Count": 8.833333333333332, "Publication Count": 0.16666666666666666}, "zuse institute berlin": {"Citation Count": 76.5, "Publication Count": 2.25}, "saarland university": {"Citation Count": 10.5, "Publication Count": 0.75}, "czech technical university in prague": {"Citation Count": 47.5, "Publication Count": 2.75}, "purdue university": {"Citation Count": 84.75, "Publication Count": 2.4166666666666665}, "beihang university": {"Citation Count": 38.050000000000004, "Publication Count": 1.55}, "university of california san diego": {"Citation Count": 2.4166666666666665, "Publication Count": 0.08333333333333333}, "aarhus university": {"Citation Count": 2.4166666666666665, "Publication Count": 0.08333333333333333}, "kaist": {"Citation Count": 24.166666666666668, "Publication Count": 0.8333333333333334}, "university of lyon": {"Citation Count": 6.333333333333333, "Publication Count": 0.3333333333333333}, "technion israel institute of technology": {"Citation Count": 108.91666666666666, "Publication Count": 3.6166666666666663}, "dalian university of technology": {"Citation Count": 15.328571428571427, "Publication Count": 0.5928571428571429}, "university of wisconsin milwaukee": {"Citation Count": 14.428571428571427, "Publication Count": 0.6428571428571428}, "zhejiang university": {"Citation Count": 72.82380952380953, "Publication Count": 4.126190476190477}, "koc university": {"Citation Count": 29.0, "Publication Count": 1.0}, "chinese academy of sciences": {"Citation Count": 66.4047619047619, "Publication Count": 1.4285714285714286}, "french institute for research in computer science and automation": {"Citation Count": 152.275, "Publication Count": 5.766666666666667}, "korea university": {"Citation Count": 49.0, "Publication Count": 3.6666666666666665}, "king abdullah university of science and technology": {"Citation Count": 102.67272727272727, "Publication Count": 3.324242424242424}, "vienna university of technology": {"Citation Count": 168.5, "Publication Count": 5.266666666666667}, "graz university of technology": {"Citation Count": 8.100000000000001, "Publication Count": 0.5}, "ecole polytechnique federale de lausanne": {"Citation Count": 340.0, "Publication Count": 2.8333333333333335}, "university of science and technology of china": {"Citation Count": 37.36190476190476, "Publication Count": 1.4761904761904763}, "university of grenoble": {"Citation Count": 11.625, "Publication Count": 0.75}, "eth zurich": {"Citation Count": 114.15, "Publication Count": 3.55}, "disney research": {"Citation Count": 82.6, "Publication Count": 3.15}, "university college london": {"Citation Count": 276.10714285714283, "Publication Count": 3.642857142857143}, "adobe systems": {"Citation Count": 39.71666666666667, "Publication Count": 3.7083333333333335}, "karlsruhe institute of technology": {"Citation Count": 33.75, "Publication Count": 1.25}, "hebrew university of jerusalem": {"Citation Count": 1.0, "Publication Count": 1.0}, "swansea university": {"Citation Count": 11.2, "Publication Count": 1.4}, "university of california santa barbara": {"Citation Count": 37.0, "Publication Count": 1.0}, "university of wisconsin madison": {"Citation Count": 14.0, "Publication Count": 1.0}, "university of washington": {"Citation Count": 6.666666666666666, "Publication Count": 0.6666666666666666}, "west pomeranian university of technology": {"Citation Count": 18.0, "Publication Count": 0.8333333333333333}, "bangor university": {"Citation Count": 51.2, "Publication Count": 1.4000000000000001}, "university of zurich": {"Citation Count": 30.333333333333332, "Publication Count": 1.1666666666666667}, "university of tokyo": {"Citation Count": 31.999999999999996, "Publication Count": 2.75}, "interdisciplinary center herzliya": {"Citation Count": 11.600000000000001, "Publication Count": 0.2}, "west university of timi\u0219oara": {"Citation Count": 11.600000000000001, "Publication Count": 0.2}, "tel aviv university": {"Citation Count": 154.45714285714286, "Publication Count": 3.092857142857143}, "george mason university": {"Citation Count": 11.600000000000001, "Publication Count": 0.2}, "humboldt university of berlin": {"Citation Count": 19.0, "Publication Count": 1.0}, "tsinghua university": {"Citation Count": 122.6892857142857, "Publication Count": 2.9369047619047617}, "braunschweig university of technology": {"Citation Count": 26.0, "Publication Count": 1.25}, "georgia institute of technology": {"Citation Count": 2.0, "Publication Count": 1.0}, "massachusetts institute of technology": {"Citation Count": 29.0, "Publication Count": 1.0}, "university of bonn": {"Citation Count": 18.0, "Publication Count": 3.0}, "seoul national university": {"Citation Count": 8.0, "Publication Count": 1.75}, "shanghai jiao tong university": {"Citation Count": 4.0, "Publication Count": 1.0}, "intel": {"Citation Count": 0.75, "Publication Count": 0.25}, "duksung women s university": {"Citation Count": 2.0, "Publication Count": 0.3333333333333333}, "florida state university": {"Citation Count": 26.0, "Publication Count": 0.5}, "university of south australia": {"Citation Count": 13.0, "Publication Count": 0.25}, "ohio state university": {"Citation Count": 29.0, "Publication Count": 2.25}, "university of lugano": {"Citation Count": 100.5, "Publication Count": 2.3666666666666667}, "university of hamburg": {"Citation Count": 12.5, "Publication Count": 0.1}, "cardiff university": {"Citation Count": 7.0, "Publication Count": 0.25}, "stanford university": {"Citation Count": 494.25, "Publication Count": 5.666666666666666}, "duke university": {"Citation Count": 42.0, "Publication Count": 0.4}, "johannes kepler university of linz": {"Citation Count": 30.0, "Publication Count": 1.0}, "rwth aachen university": {"Citation Count": 42.0, "Publication Count": 2.0}, "university of california berkeley": {"Citation Count": 28.3, "Publication Count": 1.95}, "texas a m university": {"Citation Count": 8.0, "Publication Count": 1.0}, "technische universitat munchen": {"Citation Count": 13.0, "Publication Count": 2.25}, "university of stuttgart": {"Citation Count": 174.5, "Publication Count": 6.833333333333333}, "ibm": {"Citation Count": 14.166666666666666, "Publication Count": 0.8333333333333333}, "hong kong university of science and technology": {"Citation Count": 21.0, "Publication Count": 0.75}, "shenzhen university": {"Citation Count": 2.1666666666666665, "Publication Count": 0.16666666666666666}, "at t labs": {"Citation Count": 41.0, "Publication Count": 1.5}, "chemnitz university of technology": {"Citation Count": 8.0, "Publication Count": 1.0}, "simon fraser university": {"Citation Count": 49.6, "Publication Count": 1.8}, "university of british columbia": {"Citation Count": 7.5, "Publication Count": 0.5}, "kaiserslautern university of technology": {"Citation Count": 12.583333333333334, "Publication Count": 1.1916666666666667}, "university of california davis": {"Citation Count": 32.33333333333333, "Publication Count": 2.2916666666666665}, "university of oxford": {"Citation Count": 25.77777777777778, "Publication Count": 1.8888888888888888}, "university of utah": {"Citation Count": 36.82222222222222, "Publication Count": 3.2444444444444445}, "eindhoven university of technology": {"Citation Count": 62.0, "Publication Count": 2.0}, "new york university": {"Citation Count": 93.0, "Publication Count": 0.8333333333333333}, "jo\u017eef stefan institute": {"Citation Count": 3.4000000000000004, "Publication Count": 0.2}, "university of bergen": {"Citation Count": 4.166666666666666,