{"university of british columbia": {"Citation Count": 3.2, "Publication Count": 0.4}, "lawrence livermore national laboratory": {"Citation Count": 12.65, "Publication Count": 2.25}, "ohio state university": {"Citation Count": 17.333333333333332, "Publication Count": 2.8333333333333335}, "university of brasilia": {"Citation Count": 2.0, "Publication Count": 0.5}, "stony brook university": {"Citation Count": 1.4871794871794872, "Publication Count": 0.41025641025641024}, "emory university": {"Citation Count": 0.6666666666666666, "Publication Count": 0.16666666666666666}, "argonne national laboratory": {"Citation Count": 29.785714285714285, "Publication Count": 5.292857142857143}, "shandong university": {"Citation Count": 1.1428571428571428, "Publication Count": 0.5714285714285714}, "university of mainz": {"Citation Count": 0.5714285714285714, "Publication Count": 0.9523809523809523}, "vassar college": {"Citation Count": 7.0, "Publication Count": 0.3333333333333333}, "rutgers university": {"Citation Count": 14.461538461538462, "Publication Count": 0.8974358974358974}, "oak ridge national laboratory": {"Citation Count": 6.775291375291375, "Publication Count": 2.3876456876456875}, "new jersey institute of technology": {"Citation Count": 1.264957264957265, "Publication Count": 0.29914529914529914}, "brown university": {"Citation Count": 1.5555555555555556, "Publication Count": 1.1111111111111112}, "technical university of madrid": {"Citation Count": 1.0, "Publication Count": 0.5}, "university of hamburg": {"Citation Count": 0.5, "Publication Count": 0.25}, "university of vienna": {"Citation Count": 10.0, "Publication Count": 0.6666666666666666}, "university of basel": {"Citation Count": 5.0, "Publication Count": 0.3333333333333333}, "university of oregon": {"Citation Count": 6.363636363636363, "Publication Count": 1.5151515151515151}, "university of tokyo": {"Citation Count": 1.0, "Publication Count": 1.0}, "intel": {"Citation Count": 5.233333333333333, "Publication Count": 0.95}, "polytechnic university of catalonia": {"Citation Count": 6.0, "Publication Count": 1.3333333333333333}, "barcelona supercomputing center": {"Citation Count": 4.0, "Publication Count": 0.3333333333333333}, "rmit university": {"Citation Count": 0.3333333333333333, "Publication Count": 0.3333333333333333}, "university of sydney": {"Citation Count": 0.6666666666666666, "Publication Count": 1.6666666666666665}, "national center for supercomputing applications": {"Citation Count": 0.125, "Publication Count": 0.125}, "university of illinois at urbana champaign": {"Citation Count": 0.375, "Publication Count": 0.375}, "ibm": {"Citation Count": 0.5, "Publication Count": 0.5}, "carnegie mellon university": {"Citation Count": 20.666666666666664, "Publication Count": 0.6666666666666666}, "dankook university": {"Citation Count": 5.166666666666666, "Publication Count": 0.16666666666666666}, "beihang university": {"Citation Count": 5.166666666666666, "Publication Count": 0.16666666666666666}, "university of california": {"Citation Count": 14.0, "Publication Count": 2.0}, "national institute of informatics": {"Citation Count": 0.2, "Publication Count": 0.2}, "university of hawaii": {"Citation Count": 0.2, "Publication Count": 0.2}, "national institute of information and communications technology": {"Citation Count": 0.2, "Publication Count": 0.2}, "foundation for research technology hellas": {"Citation Count": 0.2, "Publication Count": 0.2}, "keio university": {"Citation Count": 0.2, "Publication Count": 0.2}, "sapienza university of rome": {"Citation Count": 0.6666666666666666, "Publication Count": 0.6666666666666666}, "university of rome tor vergata": {"Citation Count": 0.3333333333333333, "Publication Count": 0.3333333333333333}, "university of california davis": {"Citation Count": 6.2, "Publication Count": 0.8}, "rensselaer polytechnic institute": {"Citation Count": 2.6, "Publication Count": 0.30000000000000004}, "facultad de ciencias exactas y naturales": {"Citation Count": 1.5, "Publication Count": 0.16666666666666666}, "national center for atmospheric research": {"Citation Count": 3.0, "Publication Count": 0.3333333333333333}, "cooperative institute for meteorological satellite studies": {"Citation Count": 1.5, "Publication Count": 0.16666666666666666}, "dongduk women s university": {"Citation Count": 0.16666666666666666, "Publication Count": 0.16666666666666666}, "hanyang university": {"Citation Count": 0.8333333333333334, "Publication Count": 0.8333333333333334}, "university of california santa barbara": {"Citation Count": 7.0, "Publication Count": 1.0}, "seoul national university": {"Citation Count": 1.8333333333333333, "Publication Count": 0.16666666666666666}, "korea aerospace university": {"Citation Count": 3.6666666666666665, "Publication Count": 0.3333333333333333}, "korea institute of science and technology information": {"Citation Count": 1.976190476190476, "Publication Count": 0.30952380952380953}, "lawrence berkeley national laboratory": {"Citation Count": 10.833333333333334, "Publication Count": 0.7666666666666666}, "chung ang university": {"Citation Count": 1.8333333333333333, "Publication Count": 0.16666666666666666}, "nanyang technological university": {"Citation Count": 3.0, "Publication Count": 0.75}, "national university of singapore": {"Citation Count": 1.0, "Publication Count": 0.25}, "united states forest service": {"Citation Count": 0.3333333333333333, "Publication Count": 0.16666666666666666}, "north carolina state university": {"Citation Count": 0.3333333333333333, "Publication Count": 0.16666666666666666}, "mississippi state university": {"Citation Count": 1.0, "Publication Count": 1.0}, "university of new brunswick": {"Citation Count": 0.75, "Publication Count": 0.75}, "kaist": {"Citation Count": 3.2, "Publication Count": 0.4}, "university of ulsan": {"Citation Count": 1.6, "Publication Count": 0.2}, "chungnam national university": {"Citation Count": 1.6, "Publication Count": 0.2}, "jeju national university": {"Citation Count": 1.6, "Publication Count": 0.2}, "sandia national laboratories": {"Citation Count": 0.75, "Publication Count": 1.4166666666666665}, "indiana university": {"Citation Count": 0.25, "Publication Count": 0.25}, "ulsan national institute of science and technology": {"Citation Count": 0.8571428571428571, "Publication Count": 0.8571428571428571}, "temple university": {"Citation Count": 2.0, "Publication Count": 0.6000000000000001}, "northeastern university": {"Citation Count": 0.4, "Publication Count": 0.2}, "united states department of energy": {"Citation Count": 6.0, "Publication Count": 0.4}, "jilin university": {"Citation Count": 3.5999999999999996, "Publication Count": 0.6}, "university of queensland": {"Citation Count": 1.2000000000000002, "Publication Count": 0.2}, "vanderbilt university": {"Citation Count": 0.0, "Publication Count": 1.0}, "technische universitat munchen": {"Citation Count": 1.4000000000000001, "Publication Count": 0.2}, "rwth aachen university": {"Citation Count": 4.2, "Publication Count": 0.6}, "bosch": {"Citation Count": 1.4000000000000001, "Publication Count": 0.2}, "university at buffalo": {"Citation Count": 4.0, "Publication Count": 0.6666666666666666}, "state university of new york system": {"Citation Count": 2.0, "Publication Count": 0.3333333333333333}, "fujitsu": {"Citation Count": 0.8, "Publication Count": 0.2}, "university of tsukuba": {"Citation Count": 3.2, "Publication Count": 0.8}, "indian institute of science": {"Citation Count": 2.0, "Publication Count": 0.6666666666666666}, "indian institute of technology madras": {"Citation Count": 1.0, "Publication Count": 0.3333333333333333}, "goethe university frankfurt": {"Citation Count": 0.0, "Publication Count": 0.5}, "frankfurt institute for advanced studies": {"Citation Count": 0.0, "Publication Count": 0.5}, "pacific northwest national laboratory": {"Citation Count": 6.666666666666666, "Publication Count": 1.1666666666666665},