{"columbia university": {"Citation Count": 1.7666666666666666, "Publication Count": 1.0333333333333332}, "cornell university": {"Citation Count": 13.533333333333333, "Publication Count": 3.2333333333333334}, "stanford university": {"Citation Count": 15.766666666666666, "Publication Count": 2.95}, "indian institute of science": {"Citation Count": 1.2666666666666666, "Publication Count": 0.5333333333333333}, "university of california los angeles": {"Citation Count": 2.6666666666666665, "Publication Count": 0.3333333333333333}, "microsoft": {"Citation Count": 14.666666666666664, "Publication Count": 3.3333333333333335}, "university of washington": {"Citation Count": 8.0, "Publication Count": 2.5}, "massachusetts institute of technology": {"Citation Count": 44.0, "Publication Count": 9.000000000000002}, "technion israel institute of technology": {"Citation Count": 17.392857142857142, "Publication Count": 2.5357142857142856}, "ben gurion university of the negev": {"Citation Count": 4.9, "Publication Count": 1.7}, "princeton university": {"Citation Count": 37.43333333333333, "Publication Count": 4.133333333333333}, "tel aviv university": {"Citation Count": 5.466666666666667, "Publication Count": 1.0666666666666667}, "google": {"Citation Count": 22.249999999999996, "Publication Count": 8.083333333333332}, "carnegie mellon university": {"Citation Count": 2.0, "Publication Count": 0.9166666666666666}, "new york university": {"Citation Count": 8.166666666666668, "Publication Count": 2.166666666666667}, "northwestern university": {"Citation Count": 2.9166666666666665, "Publication Count": 0.9166666666666666}, "rutgers university": {"Citation Count": 0.3333333333333333, "Publication Count": 0.3333333333333333}, "toyota technological institute at chicago": {"Citation Count": 31.035714285714285, "Publication Count": 3.738095238095238}, "university of tokyo": {"Citation Count": 0.6666666666666666, "Publication Count": 0.6666666666666666}, "university of michigan": {"Citation Count": 0.3333333333333333, "Publication Count": 0.3333333333333333}, "ecole normale superieure": {"Citation Count": 31.0, "Publication Count": 4.5}, "french institute for research in computer science and automation": {"Citation Count": 5.333333333333333, "Publication Count": 2.0}, "university of rochester": {"Citation Count": 0.0, "Publication Count": 0.25}, "pennsylvania state university": {"Citation Count": 0.0, "Publication Count": 0.25}, "georgia institute of technology": {"Citation Count": 0.0, "Publication Count": 0.5}, "national research university higher school of economics": {"Citation Count": 5.933333333333334, "Publication Count": 0.7333333333333334}, "university of california berkeley": {"Citation Count": 28.499999999999996, "Publication Count": 3.25}, "university of british columbia": {"Citation Count": 1.0, "Publication Count": 0.5}, "weizmann institute of science": {"Citation Count": 8.9, "Publication Count": 1.7}, "boston university": {"Citation Count": 1.5, "Publication Count": 0.5}, "university of california san diego": {"Citation Count": 7.75, "Publication Count": 1.75}, "university of illinois at chicago": {"Citation Count": 1.0, "Publication Count": 1.0}, "otto von guericke university magdeburg": {"Citation Count": 0.0, "Publication Count": 0.6666666666666666}, "departement de mathematiques": {"Citation Count": 21.0, "Publication Count": 0.5}, "australian national university": {"Citation Count": 2.0, "Publication Count": 1.5}, "university of oxford": {"Citation Count": 1.0, "Publication Count": 0.5}, "goethe university frankfurt": {"Citation Count": 10.0, "Publication Count": 1.0}, "university of wisconsin madison": {"Citation Count": 24.35, "Publication Count": 4.783333333333333}, "university of texas at austin": {"Citation Count": 6.8, "Publication Count": 1.6}, "university of southern california": {"Citation Count": 22.838095238095235, "Publication Count": 3.0095238095238095}, "yale university": {"Citation Count": 0.9166666666666666, "Publication Count": 1.9166666666666665}, "duke university": {"Citation Count": 0.9, "Publication Count": 0.7}, "university of pennsylvania": {"Citation Count": 4.916666666666666, "Publication Count": 0.5833333333333333}, "university of colorado boulder": {"Citation Count": 0.0, "Publication Count": 1.0}, "national technical university of athens": {"Citation Count": 0.0, "Publication Count": 0.6666666666666666}, "ecole polytechnique federale de lausanne": {"Citation Count": 0.6666666666666666, "Publication Count": 0.3333333333333333}, "university of toronto": {"Citation Count": 0.8333333333333333, "Publication Count": 0.16666666666666666}, "university of minnesota": {"Citation Count": 0.8333333333333333, "Publication Count": 0.16666666666666666}, "university of illinois at urbana champaign": {"Citation Count": 2.5, "Publication Count": 0.8333333333333333}, "university of bristol": {"Citation Count": 1.8, "Publication Count": 0.2}, "ecole polytechnique": {"Citation Count": 1.8, "Publication Count": 0.2}, "the chinese university of hong kong": {"Citation Count": 1.8, "Publication Count": 0.2}, "northeastern university": {"Citation Count": 11.5, "Publication Count": 1.6666666666666665}, "hebrew university of jerusalem": {"Citation Count": 1.4000000000000001, "Publication Count": 0.2}, "university of bonn": {"Citation Count": 0.5, "Publication Count": 0.5}, "institute for advanced study": {"Citation Count": 0.5, "Publication Count": 0.5}, "eth zurich": {"Citation Count": 2.6666666666666665, "Publication Count": 0.6666666666666666}, "university of chicago": {"Citation Count": 6.5, "Publication Count": 0.5}, "university of science and technology of china": {"Citation Count": 0.0, "Publication Count": 0.5}, "los alamos national laboratory": {"Citation Count": 1.0, "Publication Count": 1.0}, "pompeu fabra university": {"Citation Count": 4.0, "Publication Count": 1.5}, "california institute of technology": {"Citation Count": 14.0, "Publication Count": 1.0}, "university of copenhagen": {"Citation Count": 0.0, "Publication Count": 1.0}, "ibm": {"Citation Count": 7.5, "Publication Count": 1.0}, "purdue university": {"Citation Count": 0.0, "Publication Count": 0.3333333333333333}, "new jersey institute of technology": {"Citation Count": 0.0, "Publication Count": 0.3333333333333333}, "university of massachusetts amherst": {"Citation Count": 0.0, "Publication Count": 0.3333333333333333}, "leiden university": {"Citation Count": 0.3333333333333333, "Publication Count": 0.3333333333333333}, "poznan university of technology": {"Citation Count": 0.3333333333333333, "Publication Count": 0.3333333333333333}, "centrum wiskunde informatica": {"Citation Count": 0.3333333333333333, "Publication Count": 0.3333333333333333}}