{"royal holloway university of london": {"Citation Count": 8.25, "Publication Count": 0.75}, "ruhr university bochum": {"Citation Count": 59.58333333333333, "Publication Count": 1.9166666666666665}, "university of california san diego": {"Citation Count": 14.0, "Publication Count": 1.0}, "hebrew university of jerusalem": {"Citation Count": 10.0, "Publication Count": 1.6666666666666665}, "ibm": {"Citation Count": 36.75, "Publication Count": 1.8333333333333333}, "new york university": {"Citation Count": 33.5, "Publication Count": 1.5595238095238093}, "katholieke universiteit leuven": {"Citation Count": 19.5, "Publication Count": 1.4166666666666667}, "nxp semiconductors": {"Citation Count": 2.1666666666666665, "Publication Count": 0.16666666666666666}, "cornell university": {"Citation Count": 13.1, "Publication Count": 2.4333333333333336}, "centre national de la recherche scientifique": {"Citation Count": 10.875, "Publication Count": 0.9583333333333333}, "university of porto": {"Citation Count": 2.0, "Publication Count": 0.5}, "university of california santa barbara": {"Citation Count": 0.3333333333333333, "Publication Count": 0.3333333333333333}, "florida state university": {"Citation Count": 0.3333333333333333, "Publication Count": 0.3333333333333333}, "oregon state university": {"Citation Count": 3.8333333333333335, "Publication Count": 0.5833333333333333}, "bar ilan university": {"Citation Count": 53.24999999999999, "Publication Count": 3.9999999999999996}, "technical university of denmark": {"Citation Count": 2.2222222222222223, "Publication Count": 0.1111111111111111}, "shanghai jiao tong university": {"Citation Count": 2.2222222222222223, "Publication Count": 0.1111111111111111}, "university of luxembourg": {"Citation Count": 3.2222222222222223, "Publication Count": 0.25396825396825395}, "university of hyogo": {"Citation Count": 6.666666666666666, "Publication Count": 0.3333333333333333}, "french institute for research in computer science and automation": {"Citation Count": 13.0, "Publication Count": 1.25}, "indian statistical institute": {"Citation Count": 6.666666666666666, "Publication Count": 0.8333333333333333}, "brown university": {"Citation Count": 12.666666666666666, "Publication Count": 0.6666666666666666}, "microsoft": {"Citation Count": 15.433333333333334, "Publication Count": 0.8333333333333333}, "hong kong university of science and technology": {"Citation Count": 6.333333333333333, "Publication Count": 0.3333333333333333}, "university of maryland college park": {"Citation Count": 25.75, "Publication Count": 1.6011904761904763}, "columbia university": {"Citation Count": 12.8, "Publication Count": 1.8}, "northeastern university": {"Citation Count": 4.5, "Publication Count": 0.9583333333333333}, "university of texas at austin": {"Citation Count": 3.0, "Publication Count": 1.0}, "carnegie mellon university": {"Citation Count": 12.3, "Publication Count": 0.7}, "university of california los angeles": {"Citation Count": 39.01904761904762, "Publication Count": 2.6952380952380954}, "massachusetts institute of technology": {"Citation Count": 20.5, "Publication Count": 1.5416666666666665}, "technion israel institute of technology": {"Citation Count": 5.25, "Publication Count": 0.5833333333333333}, "princeton university": {"Citation Count": 4.428571428571428, "Publication Count": 0.14285714285714285}, "stanford university": {"Citation Count": 85.10714285714286, "Publication Count": 2.0357142857142856}, "city college of new york": {"Citation Count": 4.428571428571428, "Publication Count": 0.14285714285714285}, "imdea": {"Citation Count": 6.25, "Publication Count": 0.25}, "ecole normale superieure": {"Citation Count": 40.75, "Publication Count": 0.75}, "university of catania": {"Citation Count": 6.25, "Publication Count": 0.25}, "karlsruhe institute of technology": {"Citation Count": 12.25, "Publication Count": 0.9166666666666666}, "indian institute of technology kharagpur": {"Citation Count": 2.5, "Publication Count": 0.25}, "nippon telegraph and telephone": {"Citation Count": 2.5, "Publication Count": 0.25}, "graz university of technology": {"Citation Count": 7.5, "Publication Count": 0.5}, "bauhaus university weimar": {"Citation Count": 1.875, "Publication Count": 0.125}, "infineon technologies": {"Citation Count": 1.875, "Publication Count": 0.125}, "university of california": {"Citation Count": 1.0, "Publication Count": 0.14285714285714285}, "tsinghua university": {"Citation Count": 12.0, "Publication Count": 1.2857142857142856}, "kaist": {"Citation Count": 1.0, "Publication Count": 0.14285714285714285}, "university of california berkeley": {"Citation Count": 28.166666666666668, "Publication Count": 4.166666666666666}, "interdisciplinary center herzliya": {"Citation Count": 5.0, "Publication Count": 0.5}, "technische universitat darmstadt": {"Citation Count": 4.0, "Publication Count": 1.3333333333333333}, "university of paderborn": {"Citation Count": 8.5, "Publication Count": 0.5}, "norwegian university of science and technology": {"Citation Count": 8.5, "Publication Count": 0.5}, "university of connecticut": {"Citation Count": 2.0, "Publication Count": 0.25}, "new jersey institute of technology": {"Citation Count": 2.0, "Publication Count": 0.25}, "virginia commonwealth university": {"Citation Count": 2.0, "Publication Count": 0.25}, "weizmann institute of science": {"Citation Count": 21.5, "Publication Count": 1.5}, "johns hopkins university": {"Citation Count": 11.25, "Publication Count": 0.75}, "indian institute of science": {"Citation Count": 15.0, "Publication Count": 1.0}, "university of rochester": {"Citation Count": 5.5, "Publication Count": 0.5}, "aarhus university": {"Citation Count": 56.0, "Publication Count": 3.25}, "boston university": {"Citation Count": 7.0, "Publication Count": 0.3333333333333333}, "bank of japan": {"Citation Count": 2.0, "Publication Count": 0.25}, "national institute of information and communications technology": {"Citation Count": 2.0, "Publication Count": 0.25}, "yokohama national university": {"Citation Count": 2.0, "Publication Count": 0.25}, "university college london": {"Citation Count": 18.0, "Publication Count": 1.0}, "ecole normale superieure de lyon": {"Citation Count": 7.875, "Publication Count": 1.125}, "nanyang technological university": {"Citation Count": 15.208333333333332, "Publication Count": 1.2083333333333333}, "university of bristol": {"Citation Count": 2.0, "Publication Count": 0.25}, "university of michigan": {"Citation Count": 12.666666666666666, "Publication Count": 0.3333333333333333}, "chinese academy of sciences": {"Citation Count": 29.0, "Publication Count": 1.0}, "national institute of standards and technology": {"Citation Count": 3.333333333333333, "Publication Count": 0.16666666666666666}, "university of technology sydney": {"Citation Count": 6.666666666666666, "Publication Count": 0.3333333333333333}, "portland state university": {"Citation Count": 6.666666666666666, "Publication Count": 0.3333333333333333}, "seoul national university": {"Citation Count": 5.0, "Publication Count": 1.0}, "ben gurion university of the negev": {"Citation Count": 1.3333333333333333, "Publication Count": 0.3333333333333333}, "charles university in prague": {"Citation Count": 1.0, "Publication Count": 0.25}, "university of virginia": {"Citation Count": 3.5, "Publication Count": 0.75}, "george mason university": {"Citation Count": 1.75, "Publication Count": 0.125}, "leiden university": {"Citation Count": 2.333333333333333, "Publication Count": 0.3333333333333333}, "aalborg university": {"Citation Count": 2.333333333333333, "Publication Count": 0.3333333333333333}, "national university of singapore": {"Citation Count": 6.5, "Publication Count": 0.5}, "university of paris": {"Citation Count": 3.25, "Publication Count": 0.25}, "paris diderot university": {"Citation Count": 1.625, "Publication Count": 0.125}, "university of edinburgh": {"Citation Count": 4.766666666666667,