{"infineon technologies": {"Citation Count": 7.4, "Publication Count": 1.4}, "technische universitat munchen": {"Citation Count": 31.35, "Publication Count": 2.85}, "university of california berkeley": {"Citation Count": 31.0, "Publication Count": 3.333333333333333}, "denso": {"Citation Count": 10.833333333333332, "Publication Count": 0.8333333333333333}, "ibm": {"Citation Count": 5.666666666666667, "Publication Count": 1.0666666666666667}, "university of california san diego": {"Citation Count": 77.0, "Publication Count": 5.0}, "carnegie mellon university": {"Citation Count": 41.28095238095238, "Publication Count": 4.097619047619048}, "washington state university": {"Citation Count": 3.4285714285714284, "Publication Count": 0.5714285714285714}, "university of california los angeles": {"Citation Count": 67.33333333333333, "Publication Count": 4.666666666666666}, "texas a m university": {"Citation Count": 112.25, "Publication Count": 2.416666666666667}, "nanjing university of aeronautics and astronautics": {"Citation Count": 5.6000000000000005, "Publication Count": 0.2}, "nvidia": {"Citation Count": 6.6000000000000005, "Publication Count": 0.5333333333333333}, "university of california santa barbara": {"Citation Count": 42.36666666666667, "Publication Count": 1.5666666666666667}, "university of california santa cruz": {"Citation Count": 9.100000000000001, "Publication Count": 0.3666666666666667}, "university of pittsburgh": {"Citation Count": 238.6121212121212, "Publication Count": 9.037878787878787}, "national cheng kung university": {"Citation Count": 5.571428571428571, "Publication Count": 0.14285714285714285}, "national chiao tung university": {"Citation Count": 37.797619047619044, "Publication Count": 3.107142857142857}, "city university of hong kong": {"Citation Count": 39.285714285714285, "Publication Count": 1.2857142857142856}, "tsinghua university": {"Citation Count": 213.05627705627705, "Publication Count": 7.310389610389611}, "san francisco state university": {"Citation Count": 15.00909090909091, "Publication Count": 0.19090909090909092}, "air force research laboratory": {"Citation Count": 32.56103896103897, "Publication Count": 0.7341991341991342}, "shanghai jiao tong university": {"Citation Count": 5.266666666666667, "Publication Count": 0.8666666666666667}, "the chinese university of hong kong": {"Citation Count": 10.666666666666666, "Publication Count": 1.1666666666666667}, "duke university": {"Citation Count": 0.6666666666666666, "Publication Count": 0.16666666666666666}, "cornell university": {"Citation Count": 15.0, "Publication Count": 3.0}, "university of erlangen nuremberg": {"Citation Count": 16.0, "Publication Count": 1.8}, "audi": {"Citation Count": 1.0, "Publication Count": 0.2}, "chinese academy of sciences": {"Citation Count": 23.0, "Publication Count": 2.0}, "oklahoma state university stillwater": {"Citation Count": 38.2, "Publication Count": 1.2833333333333334}, "chongqing university": {"Citation Count": 22.6, "Publication Count": 1.6}, "nanjing university": {"Citation Count": 10.0, "Publication Count": 0.4}, "eth zurich": {"Citation Count": 32.33333333333333, "Publication Count": 1.3333333333333333}, "arizona state university": {"Citation Count": 4.0, "Publication Count": 0.4}, "yonsei university": {"Citation Count": 15.0, "Publication Count": 1.6}, "purdue university": {"Citation Count": 223.7, "Publication Count": 4.966666666666667}, "samsung": {"Citation Count": 10.692857142857143, "Publication Count": 2.0214285714285714}, "national taiwan university": {"Citation Count": 47.93333333333334, "Publication Count": 6.466666666666667}, "university of texas at austin": {"Citation Count": 46.2, "Publication Count": 4.8}, "qualcomm": {"Citation Count": 7.4, "Publication Count": 0.9}, "princeton university": {"Citation Count": 6.800000000000001, "Publication Count": 0.2}, "polytechnic university of milan": {"Citation Count": 8.0, "Publication Count": 1.0}, "technische universitat darmstadt": {"Citation Count": 567.25, "Publication Count": 2.55}, "intel": {"Citation Count": 65.125, "Publication Count": 1.575}, "university of illinois at urbana champaign": {"Citation Count": 43.5, "Publication Count": 3.5}, "ulsan national institute of science and technology": {"Citation Count": 33.75, "Publication Count": 2.25}, "rice university": {"Citation Count": 17.25, "Publication Count": 0.75}, "university of california irvine": {"Citation Count": 66.2, "Publication Count": 3.4}, "nanyang technological university": {"Citation Count": 27.5, "Publication Count": 1.5}, "polytechnic university of valencia": {"Citation Count": 8.4, "Publication Count": 0.6}, "barcelona supercomputing center": {"Citation Count": 18.8, "Publication Count": 1.9666666666666666}, "braunschweig university of technology": {"Citation Count": 16.0, "Publication Count": 2.0}, "stony brook university": {"Citation Count": 5.333333333333333, "Publication Count": 0.3333333333333333}, "mentor graphics": {"Citation Count": 83.12380952380953, "Publication Count": 1.9619047619047618}, "university of bremen": {"Citation Count": 21.0, "Publication Count": 2.0}, "airbus group": {"Citation Count": 1.3333333333333333, "Publication Count": 0.3333333333333333}, "imperial college london": {"Citation Count": 2.6666666666666665, "Publication Count": 0.6666666666666666}, "cadence design systems": {"Citation Count": 4.666666666666667, "Publication Count": 1.3333333333333333}, "university of massachusetts amherst": {"Citation Count": 50.90909090909091, "Publication Count": 1.0909090909090908}, "stanford university": {"Citation Count": 20.0, "Publication Count": 2.0}, "bosch": {"Citation Count": 15.0, "Publication Count": 1.0}, "indian institute of technology bombay": {"Citation Count": 5.0, "Publication Count": 1.0}, "toyota": {"Citation Count": 2.8000000000000003, "Publication Count": 0.4}, "french institute for research in computer science and automation": {"Citation Count": 1.4000000000000001, "Publication Count": 0.2}, "virginia tech": {"Citation Count": 9.8, "Publication Count": 1.4}, "university of passau": {"Citation Count": 9.0, "Publication Count": 1.0}, "ochanomizu university": {"Citation Count": 2.5, "Publication Count": 0.5}, "utah state university": {"Citation Count": 7.0, "Publication Count": 1.0}, "korea university": {"Citation Count": 9.25, "Publication Count": 0.75}, "university of south florida": {"Citation Count": 50.5, "Publication Count": 2.0}, "microsoft": {"Citation Count": 24.5, "Publication Count": 0.7}, "iowa state university": {"Citation Count": 9.333333333333332, "Publication Count": 1.3333333333333333}, "national tsing hua university": {"Citation Count": 15.007142857142858, "Publication Count": 0.9023809523809525}, "synopsys": {"Citation Count": 4.0, "Publication Count": 1.3333333333333333}, "university of central florida": {"Citation Count": 68.675, "Publication Count": 1.1749999999999998}, "university of tennessee": {"Citation Count": 23.0, "Publication Count": 1.0}, "case western reserve university": {"Citation Count": 20.75, "Publication Count": 0.75}, "university of wisconsin madison": {"Citation Count": 4.0, "Publication Count": 1.0}, "seoul national university": {"Citation Count": 15.333333333333332, "Publication Count": 1.6666666666666665}, "georgia institute of technology": {"Citation Count": 20.857142857142858, "Publication Count": 2.928571428571429}, "vanderbilt university": {"Citation Count": 16.0, "Publication Count": 0.8}, "northeastern university": {"Citation Count": 7.0, "Publication Count": 1.0}, "google": {"Citation Count": 2.8000000000000003, "Publication Count": 0.2}, "karlsruhe institute of technology": {"Citation Count": 263.35, "Publication Count": 5.15}, "university of new south wales": {"Citation Count": 5.6000000000000005, "Publication Count": 0.4}, "national university of sciences and technology": {"Citation Count": 82.0, "Publication Count": 0.5}, "university of california riverside": {"Citation Count": 19.96666666666667,