{"university of southern denmark": {"Citation Count": 0.25, "Publication Count": 0.25}, "it university of copenhagen": {"Citation Count": 4.791666666666667, "Publication Count": 2.3249999999999997}, "goethe university frankfurt": {"Citation Count": 1.85, "Publication Count": 0.8500000000000001}, "university of hawaii": {"Citation Count": 0.125, "Publication Count": 0.125}, "aarhus university": {"Citation Count": 0.125, "Publication Count": 0.125}, "eindhoven university of technology": {"Citation Count": 0.125, "Publication Count": 0.375}, "polytechnic university of catalonia": {"Citation Count": 0.18181818181818182, "Publication Count": 0.09090909090909091}, "university of valladolid": {"Citation Count": 0.18181818181818182, "Publication Count": 0.09090909090909091}, "university of sydney": {"Citation Count": 0.18181818181818182, "Publication Count": 0.4242424242424242}, "siena college": {"Citation Count": 0.18181818181818182, "Publication Count": 0.09090909090909091}, "university of ottawa": {"Citation Count": 0.18181818181818182, "Publication Count": 0.09090909090909091}, "tufts university": {"Citation Count": 0.36363636363636365, "Publication Count": 0.18181818181818182}, "villanova university": {"Citation Count": 0.18181818181818182, "Publication Count": 0.09090909090909091}, "massachusetts institute of technology": {"Citation Count": 0.18181818181818182, "Publication Count": 0.09090909090909091}, "stony brook university": {"Citation Count": 0.18181818181818182, "Publication Count": 0.4242424242424242}, "graz university of technology": {"Citation Count": 0.18181818181818182, "Publication Count": 0.09090909090909091}, "university of copenhagen": {"Citation Count": 3.3333333333333335, "Publication Count": 0.9333333333333333}, "ben gurion university of the negev": {"Citation Count": 1.25, "Publication Count": 0.6166666666666667}, "king s college london": {"Citation Count": 2.208333333333333, "Publication Count": 0.4583333333333333}, "bar ilan university": {"Citation Count": 4.583333333333333, "Publication Count": 1.0833333333333333}, "university of warsaw": {"Citation Count": 10.208333333333332, "Publication Count": 5.375}, "samsung": {"Citation Count": 0.875, "Publication Count": 0.125}, "interdisciplinary center herzliya": {"Citation Count": 0.875, "Publication Count": 0.125}, "centrum wiskunde informatica": {"Citation Count": 1.75, "Publication Count": 0.25}, "toyota technological institute at chicago": {"Citation Count": 0.2, "Publication Count": 0.2}, "google": {"Citation Count": 1.7, "Publication Count": 0.7}, "eth zurich": {"Citation Count": 6.45, "Publication Count": 2.45}, "carnegie mellon university": {"Citation Count": 1.2, "Publication Count": 1.7}, "rutgers university": {"Citation Count": 0.2, "Publication Count": 0.2}, "university of hamburg": {"Citation Count": 0.5, "Publication Count": 0.5}, "max planck society": {"Citation Count": 1.875, "Publication Count": 1.875}, "university of bremen": {"Citation Count": 0.25, "Publication Count": 0.25}, "university of chile": {"Citation Count": 0.7916666666666666, "Publication Count": 0.4583333333333333}, "french institute for research in computer science and automation": {"Citation Count": 1.3333333333333333, "Publication Count": 1.3333333333333333}, "technische universitat munchen": {"Citation Count": 2.5, "Publication Count": 2.1666666666666665}, "university of iowa": {"Citation Count": 6.0, "Publication Count": 1.0}, "karlsruhe institute of technology": {"Citation Count": 7.0, "Publication Count": 4.75}, "university of maryland college park": {"Citation Count": 3.2, "Publication Count": 0.8}, "harvey mudd college": {"Citation Count": 0.8, "Publication Count": 0.2}, "university of latvia": {"Citation Count": 1.0, "Publication Count": 1.0}, "technion israel institute of technology": {"Citation Count": 0.16666666666666666, "Publication Count": 3.666666666666667}, "university of kiel": {"Citation Count": 2.6666666666666665, "Publication Count": 1.6666666666666665}, "university of haifa": {"Citation Count": 0.16666666666666666, "Publication Count": 0.16666666666666666}, "university of california irvine": {"Citation Count": 1.3333333333333333, "Publication Count": 0.6666666666666666}, "roma tre university": {"Citation Count": 0.6666666666666666, "Publication Count": 0.3333333333333333}, "athens university of economics and business": {"Citation Count": 0.0, "Publication Count": 0.75}, "university of oxford": {"Citation Count": 0.0, "Publication Count": 0.25}, "hasso plattner institute": {"Citation Count": 1.6, "Publication Count": 0.4}, "university of jena": {"Citation Count": 0.8, "Publication Count": 0.2}, "universite paris saclay": {"Citation Count": 0.3333333333333333, "Publication Count": 0.3333333333333333}, "ecole normale superieure de lyon": {"Citation Count": 0.0, "Publication Count": 0.5833333333333333}, "national institute of informatics": {"Citation Count": 0.0, "Publication Count": 0.25}, "utrecht university": {"Citation Count": 1.25, "Publication Count": 0.75}, "dartmouth college": {"Citation Count": 1.0, "Publication Count": 0.5}, "university of waterloo": {"Citation Count": 1.0, "Publication Count": 0.8333333333333333}, "wellesley college": {"Citation Count": 0.0, "Publication Count": 0.6666666666666666}, "university of osnabruck": {"Citation Count": 1.0, "Publication Count": 1.0}, "gdansk university of technology": {"Citation Count": 0.3333333333333333, "Publication Count": 0.3333333333333333}, "universite du quebec en outaouais": {"Citation Count": 0.6666666666666666, "Publication Count": 0.6666666666666666}, "technische universitat ilmenau": {"Citation Count": 4.0, "Publication Count": 2.0}, "university of science and technology of china": {"Citation Count": 4.0, "Publication Count": 1.0}, "technical university of dortmund": {"Citation Count": 0.0, "Publication Count": 0.6}, "kyushu university": {"Citation Count": 0.25, "Publication Count": 0.45}, "american university of beirut": {"Citation Count": 0.6666666666666666, "Publication Count": 0.3333333333333333}, "university of bergen": {"Citation Count": 1.3333333333333333, "Publication Count": 1.5}, "research institute for mathematical sciences": {"Citation Count": 0.0, "Publication Count": 0.5}, "masdar institute of science and technology": {"Citation Count": 0.0, "Publication Count": 0.5}, "university of salerno": {"Citation Count": 1.0, "Publication Count": 0.25}, "university of essex": {"Citation Count": 1.0, "Publication Count": 0.25}, "libera": {"Citation Count": 0.0, "Publication Count": 0.5}, "university of ioannina": {"Citation Count": 0.0, "Publication Count": 0.5}, "university of central florida": {"Citation Count": 5.0, "Publication Count": 1.0}, "humboldt university of berlin": {"Citation Count": 0.6666666666666666, "Publication Count": 0.3333333333333333}, "dalle molle institute for artificial intelligence research": {"Citation Count": 0.6666666666666666, "Publication Count": 0.3333333333333333}, "university of lugano": {"Citation Count": 0.0, "Publication Count": 0.5}, "centre national de la recherche scientifique": {"Citation Count": 1.0, "Publication Count": 0.5}, "weizmann institute of science": {"Citation Count": 5.0, "Publication Count": 1.0}, "free university of berlin": {"Citation Count": 2.0, "Publication Count": 1.0}, "universite libre de bruxelles": {"Citation Count": 0.0, "Publication Count": 0.3333333333333333}, "kyoto university": {"Citation Count": 0.25, "Publication Count": 0.25}, "tohoku university": {"Citation Count": 0.25, "Publication Count": 0.25}, "university of electro communications": {"Citation Count": 0.25, "Publication Count": 0.25}, "university of cologne": {"Citation Count": 0.0, "Publication Count": 1.0}, "tel aviv university": {"Citation Count": 0.3333333333333333, "Publication Count": 0.3333333333333333}, "tulane university": {"Citation Count": 1.0, "Publication Count": 0.5}, "microsoft": {"Citation Count": 3.0, "Publication Count": 0.25},