{"university of southampton": {"Citation Count": 15.514285714285714, "Publication Count": 1.4476190476190476}, "hasso plattner institute": {"Citation Count": 4.800000000000001, "Publication Count": 0.4}, "nippon telegraph and telephone": {"Citation Count": 2.4000000000000004, "Publication Count": 0.2}, "rutgers university": {"Citation Count": 6.0, "Publication Count": 1.2}, "ghent university": {"Citation Count": 42.0, "Publication Count": 0.5}, "university of washington": {"Citation Count": 46.0, "Publication Count": 0.7}, "karlsruhe institute of technology": {"Citation Count": 7.0, "Publication Count": 1.0}, "university of southern california": {"Citation Count": 103.57142857142857, "Publication Count": 0.7142857142857143}, "complutense university of madrid": {"Citation Count": 20.71428571428571, "Publication Count": 0.14285714285714285}, "university of amsterdam": {"Citation Count": 20.71428571428571, "Publication Count": 0.14285714285714285}, "national university of defense technology": {"Citation Count": 152.09761904761902, "Publication Count": 3.6261904761904766}, "chinese academy of sciences": {"Citation Count": 147.58809523809524, "Publication Count": 6.254761904761904}, "autonomous university of madrid": {"Citation Count": 2.8571428571428568, "Publication Count": 0.19047619047619047}, "university of ljubljana": {"Citation Count": 1.4285714285714284, "Publication Count": 0.09523809523809523}, "istanbul technical university": {"Citation Count": 1.4285714285714284, "Publication Count": 0.09523809523809523}, "university of naples federico ii": {"Citation Count": 0.7142857142857142, "Publication Count": 0.047619047619047616}, "university of notre dame": {"Citation Count": 1.4285714285714284, "Publication Count": 0.09523809523809523}, "university of beira interior": {"Citation Count": 0.7142857142857142, "Publication Count": 0.047619047619047616}, "maastricht university": {"Citation Count": 0.7142857142857142, "Publication Count": 0.047619047619047616}, "warsaw university of technology": {"Citation Count": 0.7142857142857142, "Publication Count": 0.047619047619047616}, "university of salerno": {"Citation Count": 0.7142857142857142, "Publication Count": 0.047619047619047616}, "university college dublin": {"Citation Count": 21.0, "Publication Count": 1.0}, "texas a m university": {"Citation Count": 7.0, "Publication Count": 1.0}, "university of strathclyde": {"Citation Count": 20.0, "Publication Count": 1.0}, "university of sao paulo": {"Citation Count": 26.0, "Publication Count": 1.0}, "stanford university": {"Citation Count": 11.0, "Publication Count": 1.0}, "university of crete": {"Citation Count": 73.33333333333333, "Publication Count": 0.6666666666666666}, "paris dauphine university": {"Citation Count": 36.666666666666664, "Publication Count": 0.3333333333333333}, "beijing jiaotong university": {"Citation Count": 11.200000000000001, "Publication Count": 0.4}, "tsinghua university": {"Citation Count": 19.1, "Publication Count": 1.2}, "office of naval research": {"Citation Count": 181.66666666666666, "Publication Count": 0.8333333333333333}, "arizona state university": {"Citation Count": 361.5333333333333, "Publication Count": 0.8666666666666667}, "autonomous university of baja california": {"Citation Count": 10.0, "Publication Count": 1.0}, "xidian university": {"Citation Count": 1.5, "Publication Count": 0.25}, "huazhong university of science and technology": {"Citation Count": 39.0, "Publication Count": 1.25}, "university of udine": {"Citation Count": 28.0, "Publication Count": 1.0}, "national chung cheng university": {"Citation Count": 2.0, "Publication Count": 1.0}, "zhejiang university": {"Citation Count": 10.857142857142856, "Publication Count": 0.5714285714285714}, "st francis xavier university": {"Citation Count": 5.428571428571428, "Publication Count": 0.2857142857142857}, "petrochina": {"Citation Count": 3.25, "Publication Count": 0.25}, "university of cambridge": {"Citation Count": 25.0, "Publication Count": 1.0}, "indiana university": {"Citation Count": 3.75, "Publication Count": 0.25}, "delft university of technology": {"Citation Count": 34.33333333333333, "Publication Count": 1.1666666666666665}, "parc": {"Citation Count": 14.666666666666666, "Publication Count": 0.3333333333333333}, "rmit university": {"Citation Count": 7.0, "Publication Count": 1.0}, "air force research laboratory": {"Citation Count": 1.0, "Publication Count": 0.5}, "university of cincinnati": {"Citation Count": 12.0, "Publication Count": 1.0}, "centrum wiskunde informatica": {"Citation Count": 5.0, "Publication Count": 0.5}, "american university of sharjah": {"Citation Count": 1.0, "Publication Count": 0.5}, "nanyang technological university": {"Citation Count": 1.0, "Publication Count": 0.5}, "carnegie mellon university": {"Citation Count": 0.0, "Publication Count": 0.8}, "beijing university of technology": {"Citation Count": 0.0, "Publication Count": 0.2}, "hosei university": {"Citation Count": 34.5, "Publication Count": 0.5}, "sapienza university of rome": {"Citation Count": 49.77777777777778, "Publication Count": 0.7777777777777778}, "university of minnesota": {"Citation Count": 14.222222222222221, "Publication Count": 0.2222222222222222}, "lanzhou university": {"Citation Count": 23.5, "Publication Count": 0.5}, "birmingham city university": {"Citation Count": 18.8, "Publication Count": 0.4}, "eth zurich": {"Citation Count": 4.7, "Publication Count": 0.1}, "university of medicine and dentistry of new jersey": {"Citation Count": 8.0, "Publication Count": 0.4}, "khalifa university": {"Citation Count": 4.0, "Publication Count": 0.2}, "electric power research institute": {"Citation Count": 2.0, "Publication Count": 0.5}, "university of central florida": {"Citation Count": 2.0, "Publication Count": 0.5}, "new york university": {"Citation Count": 71.0, "Publication Count": 1.0}, "university of virginia": {"Citation Count": 6.0, "Publication Count": 0.25}, "university of verona": {"Citation Count": 6.0, "Publication Count": 0.25}, "university of arizona": {"Citation Count": 15.1, "Publication Count": 1.95}, "bar ilan university": {"Citation Count": 23.0, "Publication Count": 1.25}, "vanderbilt university": {"Citation Count": 5.0, "Publication Count": 1.0}, "massachusetts institute of technology": {"Citation Count": 21.0, "Publication Count": 0.6}, "ben gurion university of the negev": {"Citation Count": 7.0, "Publication Count": 0.2}, "university of california san diego": {"Citation Count": 7.0, "Publication Count": 0.2}, "university of minho": {"Citation Count": 37.0, "Publication Count": 1.0}, "ohio state university": {"Citation Count": 43.0, "Publication Count": 1.0}, "michigan technological university": {"Citation Count": 3.0, "Publication Count": 0.5}}