{"united international university": {"Citation Count": 0.6666666666666666, "Publication Count": 0.6666666666666666}, "university of the south pacific": {"Citation Count": 0.3333333333333333, "Publication Count": 0.3333333333333333}, "university of pretoria": {"Citation Count": 4.0, "Publication Count": 1.0}, "manchester metropolitan university": {"Citation Count": 9.0, "Publication Count": 1.0}, "federal university of parana": {"Citation Count": 0.6666666666666666, "Publication Count": 0.6666666666666666}, "federal university of technology parana": {"Citation Count": 0.3333333333333333, "Publication Count": 0.3333333333333333}, "nanjing university": {"Citation Count": 2.6666666666666665, "Publication Count": 0.6666666666666666}, "victoria university of wellington": {"Citation Count": 59.08333333333333, "Publication Count": 6.333333333333333}, "university of paris": {"Citation Count": 3.5555555555555554, "Publication Count": 0.5555555555555556}, "ochanomizu university": {"Citation Count": 0.4444444444444444, "Publication Count": 0.1111111111111111}, "centre national de la recherche scientifique": {"Citation Count": 1.3333333333333333, "Publication Count": 0.3333333333333333}, "sorbonne": {"Citation Count": 0.4444444444444444, "Publication Count": 0.1111111111111111}, "university of tokyo": {"Citation Count": 1.9444444444444444, "Publication Count": 0.6111111111111112}, "tohoku university": {"Citation Count": 0.4444444444444444, "Publication Count": 0.1111111111111111}, "university of central florida": {"Citation Count": 37.0, "Publication Count": 2.5}, "university of sheffield": {"Citation Count": 66.5, "Publication Count": 4.0}, "university of toulouse": {"Citation Count": 4.0, "Publication Count": 1.0}, "bonn rhein sieg university of applied sciences": {"Citation Count": 22.666666666666664, "Publication Count": 1.6666666666666665}, "university of lorraine": {"Citation Count": 6.333333333333333, "Publication Count": 0.3333333333333333}, "university of malta": {"Citation Count": 14.0, "Publication Count": 2.0}, "commonwealth scientific and industrial research organisation": {"Citation Count": 5.0, "Publication Count": 1.0}, "university of vermont": {"Citation Count": 10.666666666666666, "Publication Count": 0.6666666666666666}, "cornell university": {"Citation Count": 5.333333333333333, "Publication Count": 0.3333333333333333}, "university of texas at austin": {"Citation Count": 31.0, "Publication Count": 3.0}, "michigan state university": {"Citation Count": 11.916666666666668, "Publication Count": 3.375}, "grand valley state university": {"Citation Count": 0.3333333333333333, "Publication Count": 0.3333333333333333}, "missouri state university": {"Citation Count": 0.3333333333333333, "Publication Count": 0.3333333333333333}, "edinburgh napier university": {"Citation Count": 13.5, "Publication Count": 2.5}, "university of graz": {"Citation Count": 15.0, "Publication Count": 1.0}, "university of adelaide": {"Citation Count": 39.7, "Publication Count": 3.95}, "southwestern university": {"Citation Count": 7.0, "Publication Count": 1.0}, "it university of copenhagen": {"Citation Count": 12.0, "Publication Count": 1.0}, "dalhousie university": {"Citation Count": 35.0, "Publication Count": 4.0}, "university of copenhagen": {"Citation Count": 2.25, "Publication Count": 0.75}, "new york university": {"Citation Count": 0.75, "Publication Count": 0.25}, "university of the algarve": {"Citation Count": 2.0, "Publication Count": 0.5}, "queen mary university of london": {"Citation Count": 2.0, "Publication Count": 0.5}, "lille university of science and technology": {"Citation Count": 6.0, "Publication Count": 1.0}, "hasso plattner institute": {"Citation Count": 29.6, "Publication Count": 3.4333333333333336}, "universite libre de bruxelles": {"Citation Count": 3.5, "Publication Count": 0.5}, "katholieke universiteit leuven": {"Citation Count": 3.5, "Publication Count": 0.5}, "centro federal de educacao tecnologica de minas gerais": {"Citation Count": 2.25, "Publication Count": 1.5}, "aston university": {"Citation Count": 0.75, "Publication Count": 0.5}, "babe\u0219 bolyai university": {"Citation Count": 2.0, "Publication Count": 1.0}, "university of mainz": {"Citation Count": 2.0, "Publication Count": 0.5}, "university of stirling": {"Citation Count": 18.75, "Publication Count": 1.8333333333333333}, "kaiserslautern university of technology": {"Citation Count": 1.0, "Publication Count": 0.25}, "rmit university": {"Citation Count": 3.1666666666666665, "Publication Count": 1.1666666666666665}, "deakin university": {"Citation Count": 5.75, "Publication Count": 0.25}, "university of science and technology of china": {"Citation Count": 6.75, "Publication Count": 1.75}, "hefei university": {"Citation Count": 0.25, "Publication Count": 0.25}, "university of milan": {"Citation Count": 4.0, "Publication Count": 0.5}, "university of zagreb": {"Citation Count": 2.0, "Publication Count": 0.25}, "delft university of technology": {"Citation Count": 16.0, "Publication Count": 1.1666666666666665}, "university of sao paulo": {"Citation Count": 16.35, "Publication Count": 2.05}, "colorado state university": {"Citation Count": 14.75, "Publication Count": 1.25}, "colgate university": {"Citation Count": 1.0, "Publication Count": 0.25}, "karlsruhe institute of technology": {"Citation Count": 3.0, "Publication Count": 0.75}, "nanjing university of posts and telecommunications": {"Citation Count": 1.0, "Publication Count": 0.25}, "university of angers": {"Citation Count": 2.0, "Publication Count": 0.5}, "huazhong university of science and technology": {"Citation Count": 1.0, "Publication Count": 0.25}, "goldsmiths university of london": {"Citation Count": 3.0, "Publication Count": 1.0}, "university of otago": {"Citation Count": 7.0, "Publication Count": 1.0}, "north carolina state university": {"Citation Count": 2.0, "Publication Count": 1.0}, "university of kent": {"Citation Count": 6.0, "Publication Count": 1.0}, "oregon state university": {"Citation Count": 9.5, "Publication Count": 1.1666666666666667}, "dalle molle institute for artificial intelligence research": {"Citation Count": 1.5, "Publication Count": 0.5}, "poznan university of technology": {"Citation Count": 13.833333333333332, "Publication Count": 2.6666666666666665}, "charles university in prague": {"Citation Count": 11.0, "Publication Count": 2.3333333333333335}, "university of electro communications": {"Citation Count": 7.5, "Publication Count": 1.25}, "yokohama national university": {"Citation Count": 216.0, "Publication Count": 1.5}, "silesian university of technology": {"Citation Count": 26.5, "Publication Count": 0.5}, "university of oviedo": {"Citation Count": 26.5, "Publication Count": 0.5}, "university of pennsylvania": {"Citation Count": 15.0, "Publication Count": 2.0}, "french institute for research in computer science and automation": {"Citation Count": 37.0, "Publication Count": 2.1666666666666665}, "university of bari": {"Citation Count": 1.0, "Publication Count": 0.3333333333333333}, "georgia tech research institute": {"Citation Count": 0.0, "Publication Count": 1.0}, "centrum wiskunde informatica": {"Citation Count": 36.0, "Publication Count": 3.083333333333333}, "tunis university": {"Citation Count": 5.0, "Publication Count": 1.0}, "universidade federal de minas gerais": {"Citation Count": 10.0, "Publication Count": 2.0}, "cinvestav": {"Citation Count": 12.0, "Publication Count": 1.0}, "osaka prefecture university": {"Citation Count": 21.75, "Publication Count": 1.4166666666666665}, "southern university of science and technology": {"Citation Count": 10.75, "Publication Count": 1.5833333333333333}, "federal fluminense university": {"Citation Count": 1.0, "Publication Count": 0.5}, "wroclaw university of economics": {"Citation Count": 0.0, "Publication Count": 1.0}, "university of lille": {"Citation Count": 1.6, "Publication Count": 0.4}, "shinshu university": {"Citation Count": 6.65,