{"southwest jiaotong university": {"Citation Count": 6.6000000000000005, "Publication Count": 0.2}, "university at buffalo": {"Citation Count": 19.8, "Publication Count": 0.6}, "chinese academy of sciences": {"Citation Count": 13.000000000000002, "Publication Count": 0.7333333333333334}, "xidian university": {"Citation Count": 5.0, "Publication Count": 0.3333333333333333}, "microsoft": {"Citation Count": 13.7, "Publication Count": 2.433333333333333}, "stanford university": {"Citation Count": 9.833333333333334, "Publication Count": 0.9166666666666666}, "national and kapodistrian university of athens": {"Citation Count": 6.0, "Publication Count": 1.25}, "monash university": {"Citation Count": 0.6666666666666666, "Publication Count": 0.3333333333333333}, "bangladesh university of engineering and technology": {"Citation Count": 1.3333333333333333, "Publication Count": 0.6666666666666666}, "vienna university of technology": {"Citation Count": 4.266666666666667, "Publication Count": 0.8666666666666667}, "aarhus university": {"Citation Count": 3.9999999999999996, "Publication Count": 0.6666666666666666}, "free university of bozen bolzano": {"Citation Count": 2.333333333333333, "Publication Count": 0.3333333333333333}, "university of melbourne": {"Citation Count": 22.0, "Publication Count": 4.0}, "university of southern california": {"Citation Count": 37.0, "Publication Count": 3.3333333333333335}, "jordan university of science and technology": {"Citation Count": 1.6666666666666665, "Publication Count": 0.3333333333333333}, "university of maryland college park": {"Citation Count": 17.833333333333332, "Publication Count": 3.1666666666666665}, "at t labs": {"Citation Count": 6.0, "Publication Count": 1.5}, "university of wurzburg": {"Citation Count": 1.0, "Publication Count": 1.0}, "university of california santa barbara": {"Citation Count": 35.25, "Publication Count": 2.25}, "eindhoven university of technology": {"Citation Count": 7.111111111111111, "Publication Count": 0.8888888888888888}, "ruhr university bochum": {"Citation Count": 1.222222222222222, "Publication Count": 0.1111111111111111}, "polytechnic university of catalonia": {"Citation Count": 3.6666666666666665, "Publication Count": 0.3333333333333333}, "utrecht university": {"Citation Count": 1.5555555555555554, "Publication Count": 0.4444444444444444}, "montana state university": {"Citation Count": 1.222222222222222, "Publication Count": 0.1111111111111111}, "tulane university": {"Citation Count": 1.222222222222222, "Publication Count": 0.1111111111111111}, "indian institute of technology kharagpur": {"Citation Count": 16.0, "Publication Count": 3.0}, "stony brook university": {"Citation Count": 20.0, "Publication Count": 3.75}, "emory university": {"Citation Count": 6.857142857142857, "Publication Count": 0.6785714285714286}, "university of peloponnese": {"Citation Count": 2.0, "Publication Count": 0.4}, "institute for the management of information systems": {"Citation Count": 4.2, "Publication Count": 1.0}, "esri": {"Citation Count": 13.0, "Publication Count": 2.0}, "qatar computing research institute": {"Citation Count": 4.0, "Publication Count": 0.5}, "university of minnesota": {"Citation Count": 15.05, "Publication Count": 1.8833333333333333}, "university of california riverside": {"Citation Count": 5.75, "Publication Count": 2.75}, "university of alabama": {"Citation Count": 2.2, "Publication Count": 0.2}, "north carolina state university": {"Citation Count": 2.0, "Publication Count": 1.0}, "shanghai jiao tong university": {"Citation Count": 2.8571428571428568, "Publication Count": 0.2857142857142857}, "huawei": {"Citation Count": 2.8571428571428568, "Publication Count": 0.6190476190476191}, "the chinese university of hong kong": {"Citation Count": 4.285714285714286, "Publication Count": 0.42857142857142855}, "aalborg university": {"Citation Count": 0.0, "Publication Count": 1.0}, "universidade federal de minas gerais": {"Citation Count": 3.0, "Publication Count": 1.0}, "worcester polytechnic institute": {"Citation Count": 6.65, "Publication Count": 1.1166666666666667}, "university of iowa": {"Citation Count": 9.75, "Publication Count": 0.75}, "university of wisconsin madison": {"Citation Count": 10.25, "Publication Count": 0.25}, "duke university": {"Citation Count": 3.333333333333333, "Publication Count": 0.6666666666666666}, "technion israel institute of technology": {"Citation Count": 2.0, "Publication Count": 0.5}, "adobe systems": {"Citation Count": 4.166666666666667, "Publication Count": 0.8333333333333334}, "university of california irvine": {"Citation Count": 19.0, "Publication Count": 3.0}, "university of alberta": {"Citation Count": 4.0, "Publication Count": 1.0}, "egypt japan university of science and technology": {"Citation Count": 16.0, "Publication Count": 1.0}, "rensselaer polytechnic institute": {"Citation Count": 2.0, "Publication Count": 1.0}, "ecole polytechnique federale de lausanne": {"Citation Count": 3.0, "Publication Count": 1.0}, "ohio state university": {"Citation Count": 16.0, "Publication Count": 1.8}, "nationwide mutual insurance company": {"Citation Count": 1.0, "Publication Count": 0.2}, "university of sydney": {"Citation Count": 2.333333333333333, "Publication Count": 0.3333333333333333}, "university of tokyo": {"Citation Count": 4.916666666666666, "Publication Count": 1.9166666666666665}, "carnegie mellon university": {"Citation Count": 1.25, "Publication Count": 1.25}, "tata institute of fundamental research": {"Citation Count": 0.0, "Publication Count": 1.0}, "free university of berlin": {"Citation Count": 1.2000000000000002, "Publication Count": 0.4}, "university college london": {"Citation Count": 2.25, "Publication Count": 0.25}, "university of cambridge": {"Citation Count": 4.5, "Publication Count": 0.5}, "new york university": {"Citation Count": 2.25, "Publication Count": 0.25}, "georgia state university": {"Citation Count": 6.0, "Publication Count": 1.0}, "university of bonn": {"Citation Count": 1.0, "Publication Count": 1.0}, "indian institute of technology bombay": {"Citation Count": 2.0, "Publication Count": 1.0}, "auburn university": {"Citation Count": 2.25, "Publication Count": 0.75}, "california state university sacramento": {"Citation Count": 0.75, "Publication Count": 0.25}, "eth zurich": {"Citation Count": 0.6666666666666666, "Publication Count": 0.6666666666666666}, "georgia institute of technology": {"Citation Count": 9.142857142857142, "Publication Count": 0.5714285714285714}, "university of california merced": {"Citation Count": 4.0, "Publication Count": 0.6666666666666666}, "hong kong university of science and technology": {"Citation Count": 0.0, "Publication Count": 0.6666666666666666}, "university of freiburg": {"Citation Count": 0.0, "Publication Count": 0.3333333333333333}, "university of stuttgart": {"Citation Count": 0.0, "Publication Count": 0.6666666666666666}, "florida international university": {"Citation Count": 1.25, "Publication Count": 0.25}, "university of illinois at chicago": {"Citation Count": 2.5, "Publication Count": 0.5}, "polytechnic university of milan": {"Citation Count": 1.25, "Publication Count": 0.25}, "university of marburg": {"Citation Count": 4.0, "Publication Count": 1.0}, "national university of defense technology": {"Citation Count": 1.0, "Publication Count": 1.0}, "yahoo": {"Citation Count": 1.3333333333333333, "Publication Count": 0.3333333333333333}, "university of lausanne": {"Citation Count": 5.0, "Publication Count": 1.0}, "george mason university": {"Citation Count": 1.0, "Publication Count": 1.0}, "institut national des sciences appliquees de lyon": {"Citation Count": 1.3333333333333333, "Publication Count": 0.3333333333333333}, "beijing university of posts and telecommunications": {"Citation Count": 1.3333333333333333, "Publication Count": 0.3333333333333333}, "university of houston": {"Citation Count": 3.0, "Publication Count": 1.0}}