{"aalto university": {"Citation Count": 0.0, "Publication Count": 0.25}, "hewlett packard": {"Citation Count": 3.0, "Publication Count": 1.25}, "swinburne university of technology": {"Citation Count": 0.0, "Publication Count": 0.25}, "technische universitat munchen": {"Citation Count": 23.25, "Publication Count": 1.0}, "university of new south wales": {"Citation Count": 68.85000000000001, "Publication Count": 4.016666666666667}, "university of technology sydney": {"Citation Count": 72.28333333333333, "Publication Count": 2.4833333333333334}, "kaist": {"Citation Count": 6.666666666666666, "Publication Count": 1.3333333333333333}, "university of vermont": {"Citation Count": 0.6666666666666666, "Publication Count": 0.3333333333333333}, "lg electronics": {"Citation Count": 10.916666666666666, "Publication Count": 0.5833333333333333}, "nanyang technological university": {"Citation Count": 27.29047619047619, "Publication Count": 1.3857142857142857}, "eth zurich": {"Citation Count": 14.0, "Publication Count": 0.6666666666666666}, "beihang university": {"Citation Count": 81.72142857142858, "Publication Count": 1.2928571428571427}, "hong kong university of science and technology": {"Citation Count": 65.4, "Publication Count": 1.4}, "microsoft": {"Citation Count": 38.2, "Publication Count": 2.2}, "rmit university": {"Citation Count": 34.36666666666667, "Publication Count": 1.0666666666666667}, "university of hong kong": {"Citation Count": 19.333333333333332, "Publication Count": 0.3333333333333333}, "tsinghua university": {"Citation Count": 132.2, "Publication Count": 4.233333333333333}, "shandong university": {"Citation Count": 0.8333333333333333, "Publication Count": 0.16666666666666666}, "hong kong baptist university": {"Citation Count": 8.833333333333334, "Publication Count": 0.5666666666666667}, "qilu university of technology": {"Citation Count": 1.6666666666666665, "Publication Count": 0.3333333333333333}, "fudan university": {"Citation Count": 1.976190476190476, "Publication Count": 0.45238095238095233}, "university of edinburgh": {"Citation Count": 19.75, "Publication Count": 1.25}, "university of pittsburgh": {"Citation Count": 18.0, "Publication Count": 1.3333333333333333}, "the chinese university of hong kong": {"Citation Count": 33.05, "Publication Count": 1.6166666666666667}, "east china normal university": {"Citation Count": 5.2, "Publication Count": 0.4}, "university of california irvine": {"Citation Count": 5.333333333333333, "Publication Count": 0.6666666666666666}, "chonbuk national university": {"Citation Count": 2.6666666666666665, "Publication Count": 0.3333333333333333}, "university of waterloo": {"Citation Count": 18.0, "Publication Count": 1.0}, "qatar computing research institute": {"Citation Count": 39.5, "Publication Count": 1.1666666666666665}, "beijing university of posts and telecommunications": {"Citation Count": 24.0, "Publication Count": 1.6}, "samsung": {"Citation Count": 41.86666666666667, "Publication Count": 1.1333333333333333}, "university of texas at dallas": {"Citation Count": 36.7, "Publication Count": 1.55}, "vanderbilt university": {"Citation Count": 0.5, "Publication Count": 0.25}, "emory university": {"Citation Count": 14.8, "Publication Count": 0.4}, "french institute for research in computer science and automation": {"Citation Count": 6.0, "Publication Count": 0.5}, "university of lyon": {"Citation Count": 3.0, "Publication Count": 0.25}, "university of rennes": {"Citation Count": 3.0, "Publication Count": 0.25}, "institute for infocomm research singapore": {"Citation Count": 33.74999999999999, "Publication Count": 2.083333333333333}, "agency for science technology and research": {"Citation Count": 8.333333333333332, "Publication Count": 0.5}, "university of illinois at urbana champaign": {"Citation Count": 15.333333333333332, "Publication Count": 0.8333333333333333}, "institut eurecom": {"Citation Count": 1.0, "Publication Count": 1.0}, "ecole polytechnique federale de lausanne": {"Citation Count": 17.6, "Publication Count": 1.4}, "indian institute of science": {"Citation Count": 2.0, "Publication Count": 0.5}, "ibm": {"Citation Count": 42.05, "Publication Count": 3.1166666666666667}, "iowa state university": {"Citation Count": 6.0, "Publication Count": 1.0}, "hanyang university": {"Citation Count": 13.799999999999999, "Publication Count": 0.6}, "hankuk university of foreign studies": {"Citation Count": 4.6000000000000005, "Publication Count": 0.2}, "penn state college of information sciences and technology": {"Citation Count": 4.6000000000000005, "Publication Count": 0.2}, "shanghai jiao tong university": {"Citation Count": 9.285714285714286, "Publication Count": 0.7142857142857143}, "zhejiang university": {"Citation Count": 62.65714285714286, "Publication Count": 1.7428571428571429}, "purdue university": {"Citation Count": 6.5, "Publication Count": 0.5}, "indian institute of technology kharagpur": {"Citation Count": 6.5, "Publication Count": 0.5}, "peking university": {"Citation Count": 8.0, "Publication Count": 0.16666666666666666}, "singapore management university": {"Citation Count": 1.8333333333333333, "Publication Count": 0.8333333333333333}, "simon fraser university": {"Citation Count": 12.666666666666666, "Publication Count": 1.3333333333333333}, "university of science and technology of china": {"Citation Count": 8.0, "Publication Count": 1.4}, "university of minnesota": {"Citation Count": 64.0, "Publication Count": 3.0}, "university of michigan": {"Citation Count": 95.33333333333333, "Publication Count": 3.3333333333333335}, "dresden university of technology": {"Citation Count": 11.0, "Publication Count": 2.0}, "national university of singapore": {"Citation Count": 24.75, "Publication Count": 1.25}, "university of southern denmark": {"Citation Count": 17.0, "Publication Count": 1.0}, "university of southern california": {"Citation Count": 13.0, "Publication Count": 1.3095238095238095}, "university of ioannina": {"Citation Count": 23.0, "Publication Count": 1.0}, "florida state university": {"Citation Count": 20.0, "Publication Count": 1.3333333333333333}, "harbin institute of technology": {"Citation Count": 11.0, "Publication Count": 1.0}, "telefonica": {"Citation Count": 13.25, "Publication Count": 0.25}, "royal institute of technology": {"Citation Count": 13.25, "Publication Count": 0.25}, "technical university of berlin": {"Citation Count": 8.25, "Publication Count": 0.75}, "indian institute of technology hyderabad": {"Citation Count": 2.75, "Publication Count": 0.25}, "general electric": {"Citation Count": 2.6666666666666665, "Publication Count": 0.3333333333333333}, "brookhaven national laboratory": {"Citation Count": 2.6666666666666665, "Publication Count": 0.3333333333333333}, "queen s university belfast": {"Citation Count": 0.0, "Publication Count": 1.0}, "shenzhen university": {"Citation Count": 6.0, "Publication Count": 1.0}, "imperial college london": {"Citation Count": 0.8, "Publication Count": 0.2}, "oracle corporation": {"Citation Count": 10.55, "Publication Count": 1.45}, "skolkovo institute of science and technology": {"Citation Count": 1.1333333333333333, "Publication Count": 0.3666666666666667}, "hong kong polytechnic university": {"Citation Count": 4.0, "Publication Count": 0.2}, "aalborg university": {"Citation Count": 9.8, "Publication Count": 0.8}, "university of queensland": {"Citation Count": 137.7, "Publication Count": 2.9857142857142858}, "seoul national university": {"Citation Count": 20.5, "Publication Count": 1.5}, "tel aviv university": {"Citation Count": 6.666666666666666, "Publication Count": 0.6666666666666666}, "centre national de la recherche scientifique": {"Citation Count": 3.333333333333333, "Publication Count": 0.3333333333333333}, "zhejiang normal university": {"Citation Count": 0.6666666666666666, "Publication Count": 0.6666666666666666}, "renmin university of china": {"Citation Count": 7.733333333333334, "Publication Count": 0.9333333333333333},