{"king abdullah university of science and technology": {"Citation Count": 6.816666666666667, "Publication Count": 2.1166666666666667}, "symantec": {"Citation Count": 1.25, "Publication Count": 0.25}, "indian institute of science": {"Citation Count": 1.0, "Publication Count": 1.0}, "texas a m university": {"Citation Count": 14.0, "Publication Count": 2.5666666666666664}, "washington state university": {"Citation Count": 2.0, "Publication Count": 1.0333333333333332}, "beijing jiaotong university": {"Citation Count": 0.0, "Publication Count": 0.8}, "hong kong baptist university": {"Citation Count": 0.0, "Publication Count": 0.3666666666666667}, "tianjin university": {"Citation Count": 0.3333333333333333, "Publication Count": 0.738095238095238}, "didi": {"Citation Count": 3.4722222222222223, "Publication Count": 1.9841269841269842}, "nanyang technological university": {"Citation Count": 4.25, "Publication Count": 1.25}, "microsoft": {"Citation Count": 7.928571428571429, "Publication Count": 1.5714285714285714}, "university of newcastle": {"Citation Count": 0.21428571428571427, "Publication Count": 0.07142857142857142}, "university of california los angeles": {"Citation Count": 1.1142857142857143, "Publication Count": 0.9142857142857144}, "university of technology sydney": {"Citation Count": 6.5476190476190474, "Publication Count": 2.635064935064935}, "tsinghua university": {"Citation Count": 16.376190476190473, "Publication Count": 2.5333333333333337}, "nanjing university": {"Citation Count": 1.2642857142857142, "Publication Count": 2.1214285714285714}, "xi an jiaotong university": {"Citation Count": 15.861904761904762, "Publication Count": 4.4904761904761905}, "university of peloponnese": {"Citation Count": 0.0, "Publication Count": 1.0}, "university of massachusetts medical school": {"Citation Count": 0.3333333333333333, "Publication Count": 0.3333333333333333}, "massachusetts institute of technology": {"Citation Count": 0.3333333333333333, "Publication Count": 0.3333333333333333}, "ibm": {"Citation Count": 14.833333333333332, "Publication Count": 5.083333333333333}, "university of paris": {"Citation Count": 1.5, "Publication Count": 1.1666666666666665}, "facebook": {"Citation Count": 0.0, "Publication Count": 0.3333333333333333}, "university of utah": {"Citation Count": 3.0, "Publication Count": 1.0}, "soochow university": {"Citation Count": 2.857142857142857, "Publication Count": 1.476190476190476}, "university of electronic science and technology of china": {"Citation Count": 0.0, "Publication Count": 1.3333333333333335}, "macquarie university": {"Citation Count": 2.3, "Publication Count": 2.2}, "missouri university of science and technology": {"Citation Count": 1.7999999999999998, "Publication Count": 0.6}, "university of central florida": {"Citation Count": 1.4500000000000002, "Publication Count": 0.65}, "beihang university": {"Citation Count": 2.3666666666666667, "Publication Count": 1.7666666666666666}, "indraprastha institute of information technology": {"Citation Count": 0.3333333333333333, "Publication Count": 0.8333333333333333}, "jadavpur university": {"Citation Count": 0.6666666666666666, "Publication Count": 0.6666666666666666}, "alibaba group": {"Citation Count": 2.1666666666666665, "Publication Count": 3.9999999999999996}, "university of tennessee": {"Citation Count": 0.3333333333333333, "Publication Count": 0.3333333333333333}, "drexel university": {"Citation Count": 0.16666666666666666, "Publication Count": 0.16666666666666666}, "air liquide": {"Citation Count": 0.2857142857142857, "Publication Count": 0.2857142857142857}, "cornell university": {"Citation Count": 0.2857142857142857, "Publication Count": 0.2857142857142857}, "amazon com": {"Citation Count": 8.45, "Publication Count": 2.95}, "george mason university": {"Citation Count": 8.25, "Publication Count": 3.983333333333333}, "university of southern california": {"Citation Count": 1.0, "Publication Count": 1.0}, "university of waikato": {"Citation Count": 2.6666666666666665, "Publication Count": 0.9166666666666666}, "ecole polytechnique": {"Citation Count": 1.3333333333333333, "Publication Count": 1.0}, "georgia state university": {"Citation Count": 10.5, "Publication Count": 1.75}, "southwest university": {"Citation Count": 2.6, "Publication Count": 1.1}, "rmit university": {"Citation Count": 1.5499999999999998, "Publication Count": 1.5499999999999998}, "chongqing university": {"Citation Count": 1.5333333333333332, "Publication Count": 0.6166666666666667}, "university of michigan": {"Citation Count": 13.977777777777778, "Publication Count": 2.394444444444445}, "osaka university": {"Citation Count": 1.7999999999999998, "Publication Count": 0.6}, "toyota": {"Citation Count": 1.2000000000000002, "Publication Count": 0.4}, "stony brook university": {"Citation Count": 3.75, "Publication Count": 3.583333333333333}, "brookhaven national laboratory": {"Citation Count": 0.0, "Publication Count": 0.3333333333333333}, "general electric": {"Citation Count": 0.0, "Publication Count": 0.3333333333333333}, "university of california riverside": {"Citation Count": 2.0, "Publication Count": 3.0}, "fudan university": {"Citation Count": 4.0, "Publication Count": 1.5}, "university of york": {"Citation Count": 0.6666666666666666, "Publication Count": 0.3333333333333333}, "technical university of dortmund": {"Citation Count": 1.3333333333333333, "Publication Count": 0.6666666666666666}, "singapore management university": {"Citation Count": 3.0, "Publication Count": 1.0}, "sungkyunkwan university": {"Citation Count": 1.5, "Publication Count": 0.75}, "yonsei university": {"Citation Count": 2.5, "Publication Count": 1.25}, "university of california santa barbara": {"Citation Count": 0.8333333333333334, "Publication Count": 0.8333333333333334}, "ohio state university": {"Citation Count": 1.5666666666666669, "Publication Count": 0.3666666666666667}, "hewlett packard": {"Citation Count": 0.738095238095238, "Publication Count": 0.30952380952380953}, "continental automotive systems": {"Citation Count": 0.0, "Publication Count": 1.0}, "university of minnesota": {"Citation Count": 0.75, "Publication Count": 0.75}, "beijing institute of technology": {"Citation Count": 0.6000000000000001, "Publication Count": 0.4}, "xiaomi": {"Citation Count": 1.8, "Publication Count": 0.7333333333333334}, "chinese academy of sciences": {"Citation Count": 37.3, "Publication Count": 4.666666666666667}, "beijing university of posts and telecommunications": {"Citation Count": 1.5, "Publication Count": 2.0833333333333335}, "peking university": {"Citation Count": 7.425, "Publication Count": 1.525}, "beijing foreign studies university": {"Citation Count": 0.5, "Publication Count": 0.25}, "university of illinois at urbana champaign": {"Citation Count": 14.257142857142858, "Publication Count": 2.3642857142857143}, "tohoku university": {"Citation Count": 0.0, "Publication Count": 1.0}, "jilin university": {"Citation Count": 2.0, "Publication Count": 1.0}, "university of tokyo": {"Citation Count": 1.1666666666666665, "Publication Count": 1.7666666666666666}, "ntt data": {"Citation Count": 0.3333333333333333, "Publication Count": 0.3333333333333333}, "university of queensland": {"Citation Count": 6.842857142857143, "Publication Count": 1.3428571428571427}, "indian institute of technology mandi": {"Citation Count": 0.0, "Publication Count": 0.5}, "center for information technology": {"Citation Count": 0.6666666666666666, "Publication Count": 0.16666666666666666}, "aarhus university": {"Citation Count": 0.6666666666666666, "Publication Count": 0.16666666666666666}, "google": {"Citation Count": 0.6666666666666666, "Publication Count": 0.16666666666666666}, "australian national university": {"Citation Count": 3.0, "Publication Count": 1.0}, "university of sydney": {"Citation Count": 2.6666666666666665, "Publication Count": 0.6666666666666666}, "sensetime": {"Citation Count": 1.3333333333333333, "Publication Count": 0.3333333333333333},