{"peking university": {"Citation Count": 75.85714285714286, "Publication Count": 2.0}, "university of illinois at urbana champaign": {"Citation Count": 4.714285714285714, "Publication Count": 0.14285714285714285}, "university of michigan": {"Citation Count": 4.714285714285714, "Publication Count": 0.14285714285714285}, "free university of bozen bolzano": {"Citation Count": 82.91111111111111, "Publication Count": 0.8222222222222222}, "university of molise": {"Citation Count": 29.15555555555556, "Publication Count": 0.3111111111111111}, "university of sannio": {"Citation Count": 29.15555555555556, "Publication Count": 0.3111111111111111}, "university of texas at san antonio": {"Citation Count": 41.0, "Publication Count": 0.9583333333333333}, "university of texas at dallas": {"Citation Count": 29.285714285714285, "Publication Count": 0.5535714285714286}, "carnegie mellon university": {"Citation Count": 69.8, "Publication Count": 1.6166666666666665}, "nanyang technological university": {"Citation Count": 31.333333333333332, "Publication Count": 1.3333333333333333}, "iowa state university": {"Citation Count": 10.666666666666666, "Publication Count": 0.3333333333333333}, "technische universitat darmstadt": {"Citation Count": 168.75, "Publication Count": 3.65}, "national university of singapore": {"Citation Count": 259.6666666666667, "Publication Count": 2.6666666666666665}, "university of paris": {"Citation Count": 5.0, "Publication Count": 0.3333333333333333}, "microsoft": {"Citation Count": 201.4095238095238, "Publication Count": 3.6857142857142855}, "university of california los angeles": {"Citation Count": 61.25, "Publication Count": 1.25}, "university of california davis": {"Citation Count": 139.44285714285715, "Publication Count": 2.5047619047619047}, "university of limerick": {"Citation Count": 108.0, "Publication Count": 0.6666666666666666}, "university of auckland": {"Citation Count": 60.285714285714285, "Publication Count": 0.47619047619047616}, "university of nebraska lincoln": {"Citation Count": 5.166666666666666, "Publication Count": 1.1666666666666665}, "ithaca college": {"Citation Count": 2.333333333333333, "Publication Count": 0.3333333333333333}, "eth zurich": {"Citation Count": 39.0, "Publication Count": 1.0}, "university of maryland college park": {"Citation Count": 18.0, "Publication Count": 0.6}, "massachusetts institute of technology": {"Citation Count": 132.5, "Publication Count": 2.9}, "indian institute of science": {"Citation Count": 8.0, "Publication Count": 0.6666666666666666}, "ibm": {"Citation Count": 14.892857142857142, "Publication Count": 0.7261904761904762}, "rutgers university": {"Citation Count": 5.0, "Publication Count": 1.0}, "auburn university": {"Citation Count": 34.0, "Publication Count": 1.5}, "university of alberta": {"Citation Count": 10.666666666666666, "Publication Count": 0.16666666666666666}, "ecole polytechnique de montreal": {"Citation Count": 21.333333333333332, "Publication Count": 0.3333333333333333}, "university of delaware": {"Citation Count": 27.428571428571427, "Publication Count": 0.42857142857142855}, "google": {"Citation Count": 18.285714285714285, "Publication Count": 0.2857142857142857}, "university of southern california": {"Citation Count": 73.5, "Publication Count": 1.5}, "university of lugano": {"Citation Count": 13.666666666666666, "Publication Count": 0.3333333333333333}, "florida state university": {"Citation Count": 9.11111111111111, "Publication Count": 0.2222222222222222}, "university of sao paulo": {"Citation Count": 34.5, "Publication Count": 0.5}, "federal university of amazonas": {"Citation Count": 17.25, "Publication Count": 0.25}, "federal university of technology parana": {"Citation Count": 17.25, "Publication Count": 0.25}, "radboud university nijmegen": {"Citation Count": 63.666666666666664, "Publication Count": 0.3333333333333333}, "university of victoria": {"Citation Count": 69.95238095238095, "Publication Count": 0.47619047619047616}, "delft university of technology": {"Citation Count": 117.86666666666665, "Publication Count": 1.1}, "university of waterloo": {"Citation Count": 293.6857142857143, "Publication Count": 2.0095238095238095}, "queen s university": {"Citation Count": 173.0, "Publication Count": 1.5}, "nara institute of science and technology": {"Citation Count": 118.0, "Publication Count": 1.0}, "mcgill university": {"Citation Count": 117.5, "Publication Count": 1.5}, "renmin university of china": {"Citation Count": 34.57142857142857, "Publication Count": 1.8571428571428572}, "indian institute of technology kanpur": {"Citation Count": 42.75, "Publication Count": 0.75}, "ecole polytechnique": {"Citation Count": 26.666666666666664, "Publication Count": 0.3333333333333333}, "university of pennsylvania": {"Citation Count": 26.666666666666664, "Publication Count": 0.3333333333333333}, "technion israel institute of technology": {"Citation Count": 7.0, "Publication Count": 1.0}, "nanjing university": {"Citation Count": 35.82142857142857, "Publication Count": 1.7023809523809523}, "purdue university": {"Citation Count": 13.035714285714285, "Publication Count": 0.8214285714285714}, "ohio state university": {"Citation Count": 3.2857142857142856, "Publication Count": 0.14285714285714285}, "university of adelaide": {"Citation Count": 57.333333333333336, "Publication Count": 0.6666666666666666}, "ohio university": {"Citation Count": 141.0, "Publication Count": 1.0}, "utah state university": {"Citation Count": 34.0, "Publication Count": 1.0}, "university of virginia": {"Citation Count": 20.0, "Publication Count": 0.16666666666666666}, "huawei": {"Citation Count": 20.0, "Publication Count": 0.16666666666666666}, "pontifical catholic university of rio de janeiro": {"Citation Count": 48.0, "Publication Count": 1.0}, "university of zurich": {"Citation Count": 50.8, "Publication Count": 1.4}, "hong kong university of science and technology": {"Citation Count": 36.25, "Publication Count": 1.75}, "drexel university": {"Citation Count": 64.0, "Publication Count": 1.6}, "university of hawaii": {"Citation Count": 16.0, "Publication Count": 0.4}, "oregon state university": {"Citation Count": 31.0, "Publication Count": 1.25}, "university college london": {"Citation Count": 83.6, "Publication Count": 1.0666666666666667}, "university of luxembourg": {"Citation Count": 86.28333333333333, "Publication Count": 1.7166666666666668}, "fudan university": {"Citation Count": 7.428571428571428, "Publication Count": 0.14285714285714285}, "george mason university": {"Citation Count": 15.200000000000001, "Publication Count": 0.2}, "university of california irvine": {"Citation Count": 168.8, "Publication Count": 1.4}, "college of william mary": {"Citation Count": 44.0, "Publication Count": 1.0}, "university of kentucky": {"Citation Count": 0.5, "Publication Count": 0.5}, "delphi automotive": {"Citation Count": 10.25, "Publication Count": 0.25}, "nanjing university of posts and telecommunications": {"Citation Count": 5.5, "Publication Count": 0.5}, "wuhan university": {"Citation Count": 14.5, "Publication Count": 0.8333333333333333}, "university of portsmouth": {"Citation Count": 26.0, "Publication Count": 0.3333333333333333}, "cisco systems inc": {"Citation Count": 14.4, "Publication Count": 0.2}, "simula research laboratory": {"Citation Count": 43.199999999999996, "Publication Count": 0.6}, "beihang university": {"Citation Count": 14.4, "Publication Count": 0.2}, "federal university of alagoas": {"Citation Count": 37.0, "Publication Count": 0.5}, "universite de namur": {"Citation Count": 25.333333333333332, "Publication Count": 0.6666666666666666}, "french institute for research in computer science and automation": {"Citation Count": 6.333333333333333, "Publication Count": 0.16666666666666666}, "braunschweig university of technology": {"Citation Count": 42.0, "Publication Count": 1.0}, "university of copenhagen": {"Citation Count": 38.0, "Publication Count": 1.0},