{"shanghai jiao tong university": {"Citation Count": 19.0, "Publication Count": 3.25}, "victoria university australia": {"Citation Count": 2.0, "Publication Count": 0.25}, "stanford university": {"Citation Count": 4.0, "Publication Count": 0.5}, "rochester institute of technology": {"Citation Count": 14.333333333333332, "Publication Count": 1.0}, "ryerson university": {"Citation Count": 6.333333333333333, "Publication Count": 0.3333333333333333}, "southeast university": {"Citation Count": 7.533333333333333, "Publication Count": 2.0666666666666664}, "fudan university": {"Citation Count": 5.428571428571429, "Publication Count": 1.8571428571428572}, "ericsson": {"Citation Count": 2.8571428571428568, "Publication Count": 0.2857142857142857}, "carnegie mellon university": {"Citation Count": 6.4523809523809526, "Publication Count": 0.8452380952380952}, "nasa headquarters": {"Citation Count": 1.4285714285714284, "Publication Count": 0.14285714285714285}, "osaka university": {"Citation Count": 10.666666666666666, "Publication Count": 1.0}, "university of gabes": {"Citation Count": 3.6666666666666665, "Publication Count": 0.3333333333333333}, "microsoft": {"Citation Count": 0.6666666666666666, "Publication Count": 0.3333333333333333}, "university of texas at dallas": {"Citation Count": 1.3333333333333333, "Publication Count": 0.6666666666666666}, "soochow university": {"Citation Count": 2.0, "Publication Count": 1.0}, "university of pittsburgh": {"Citation Count": 2.0, "Publication Count": 1.0}, "chinese academy of sciences": {"Citation Count": 14.166666666666666, "Publication Count": 2.8333333333333335}, "queen s university": {"Citation Count": 16.4, "Publication Count": 1.6}, "university of wyoming": {"Citation Count": 1.3333333333333333, "Publication Count": 0.3333333333333333}, "beijing jiaotong university": {"Citation Count": 2.6666666666666665, "Publication Count": 0.6666666666666666}, "tele universite": {"Citation Count": 2.333333333333333, "Publication Count": 0.3333333333333333}, "concordia university": {"Citation Count": 4.666666666666666, "Publication Count": 0.6666666666666666}, "university of science and technology of china": {"Citation Count": 7.166666666666667, "Publication Count": 1.8333333333333335}, "ibm": {"Citation Count": 18.53333333333333, "Publication Count": 4.419047619047619}, "nanjing university": {"Citation Count": 20.133333333333333, "Publication Count": 3.8666666666666667}, "shandong university": {"Citation Count": 5.083333333333334, "Publication Count": 1.9166666666666665}, "purdue university": {"Citation Count": 1.05, "Publication Count": 0.45}, "tsinghua university": {"Citation Count": 4.5, "Publication Count": 1.5}, "the chinese university of hong kong": {"Citation Count": 5.3999999999999995, "Publication Count": 0.6}, "sun yat sen university": {"Citation Count": 9.533333333333333, "Publication Count": 1.5666666666666667}, "minzu university of china": {"Citation Count": 1.8, "Publication Count": 0.2}, "hunan university of science and technology": {"Citation Count": 31.57142857142857, "Publication Count": 2.7142857142857144}, "wuhan university": {"Citation Count": 4.314285714285714, "Publication Count": 1.342857142857143}, "university of arkansas": {"Citation Count": 2.714285714285714, "Publication Count": 0.14285714285714285}, "peking university": {"Citation Count": 4.5, "Publication Count": 1.75}, "zhejiang university": {"Citation Count": 52.35, "Publication Count": 4.8}, "fondazione bruno kessler": {"Citation Count": 18.0, "Publication Count": 1.0}, "university of hong kong": {"Citation Count": 3.6666666666666665, "Publication Count": 0.6666666666666666}, "rmit university": {"Citation Count": 13.5, "Publication Count": 1.1666666666666667}, "renmin university of china": {"Citation Count": 4.0, "Publication Count": 1.0}, "kaist": {"Citation Count": 8.0, "Publication Count": 1.0}, "central south university": {"Citation Count": 15.0, "Publication Count": 1.2}, "zhejiang university of technology": {"Citation Count": 1.75, "Publication Count": 0.25}, "lanzhou university": {"Citation Count": 0.0, "Publication Count": 0.5}, "deakin university": {"Citation Count": 0.0, "Publication Count": 0.25}, "beijing university of posts and telecommunications": {"Citation Count": 8.666666666666666, "Publication Count": 1.4166666666666667}, "hubei university": {"Citation Count": 2.4000000000000004, "Publication Count": 0.8}, "university of aizu": {"Citation Count": 2.0, "Publication Count": 0.5}, "sabaragamuwa university": {"Citation Count": 1.0, "Publication Count": 0.25}, "swinburne university of technology": {"Citation Count": 3.0, "Publication Count": 0.25}, "anhui university": {"Citation Count": 6.0, "Publication Count": 0.5}, "university of paris": {"Citation Count": 1.0, "Publication Count": 1.0}, "university of stuttgart": {"Citation Count": 11.0, "Publication Count": 2.0}, "instituto superior tecnico": {"Citation Count": 2.6666666666666665, "Publication Count": 0.6666666666666666}, "university of rijeka": {"Citation Count": 1.3333333333333333, "Publication Count": 0.3333333333333333}, "indian statistical institute": {"Citation Count": 16.0, "Publication Count": 1.0}, "university of michigan": {"Citation Count": 7.466666666666666, "Publication Count": 0.8666666666666667}, "amazon com": {"Citation Count": 0.8, "Publication Count": 0.2}, "arizona state university": {"Citation Count": 1.0, "Publication Count": 0.3333333333333333}, "georgia institute of technology": {"Citation Count": 5.65, "Publication Count": 1.05}, "qatar computing research institute": {"Citation Count": 3.25, "Publication Count": 0.25}, "centre national de la recherche scientifique": {"Citation Count": 8.0, "Publication Count": 1.0}, "national chengchi university": {"Citation Count": 5.0, "Publication Count": 1.0}, "samsung": {"Citation Count": 4.0, "Publication Count": 3.75}, "national university of defense technology": {"Citation Count": 4.6, "Publication Count": 2.0}, "chongqing university": {"Citation Count": 2.4, "Publication Count": 0.6}, "beihang university": {"Citation Count": 0.8, "Publication Count": 1.2}, "yunnan university": {"Citation Count": 0.25, "Publication Count": 0.25}, "kunming university of science and technology": {"Citation Count": 0.75, "Publication Count": 0.75}, "national cheng kung university": {"Citation Count": 0.0, "Publication Count": 1.0}, "hebei university of technology": {"Citation Count": 6.666666666666667, "Publication Count": 0.8333333333333334}, "north china university of technology": {"Citation Count": 1.3333333333333333, "Publication Count": 0.6666666666666666}, "university of notre dame": {"Citation Count": 1.0, "Publication Count": 1.0}, "indian institutes of technology": {"Citation Count": 0.0, "Publication Count": 0.25}, "university of new south wales": {"Citation Count": 1.5, "Publication Count": 0.25}, "university of adelaide": {"Citation Count": 3.0, "Publication Count": 0.5}, "university of benghazi": {"Citation Count": 1.5, "Publication Count": 0.25}, "drexel university": {"Citation Count": 9.0, "Publication Count": 1.0}, "university of ontario institute of technology": {"Citation Count": 0.8333333333333333, "Publication Count": 0.16666666666666666}, "university of oxford": {"Citation Count": 0.5, "Publication Count": 0.25}, "university of bonn": {"Citation Count": 6.0, "Publication Count": 1.0}, "nanjing university of posts and telecommunications": {"Citation Count": 3.2, "Publication Count": 0.4}, "polytechnic university of valencia": {"Citation Count": 1.6, "Publication Count": 0.2}, "university of leicester": {"Citation Count": 1.0, "Publication Count": 0.5}, "china university of petroleum": {"Citation Count": 1.0, "Publication Count": 0.5}, "northeastern university": {"Citation Count": 7.0, "Publication Count": 2.8333333333333335}, "university of brescia": {"Citation Count": 2.0, "Publication Count": 1.0}}