{"d e shaw research": {"Citation Count": 21.0, "Publication Count": 1.0}, "ecole polytechnique federale de lausanne": {"Citation Count": 23.695652173913043, "Publication Count": 0.043478260869565216}, "university of texas at austin": {"Citation Count": 49.69565217391305, "Publication Count": 0.2934782608695652}, "microsoft": {"Citation Count": 415.8260869565217, "Publication Count": 0.8641304347826086}, "columbia university": {"Citation Count": 23.695652173913043, "Publication Count": 0.043478260869565216}, "georgia institute of technology": {"Citation Count": 78.83850931677019, "Publication Count": 0.8291925465838509}, "google": {"Citation Count": 130.29565217391306, "Publication Count": 0.7434782608695651}, "university of washington": {"Citation Count": 36.69565217391305, "Publication Count": 0.16847826086956522}, "massachusetts institute of technology": {"Citation Count": 75.0, "Publication Count": 1.0}, "intel": {"Citation Count": 156.6626984126984, "Publication Count": 2.8531746031746033}, "iowa state university": {"Citation Count": 9.0, "Publication Count": 1.0}, "nvidia": {"Citation Count": 28.416666666666664, "Publication Count": 0.41666666666666663}, "university of illinois at urbana champaign": {"Citation Count": 28.833333333333332, "Publication Count": 1.8333333333333333}, "advanced micro devices": {"Citation Count": 33.7, "Publication Count": 1.1}, "university of virginia": {"Citation Count": 57.8, "Publication Count": 1.4}, "french institute for research in computer science and automation": {"Citation Count": 29.57142857142857, "Publication Count": 1.1428571428571428}, "university of science and technology of china": {"Citation Count": 2.571428571428571, "Publication Count": 0.14285714285714285}, "chinese academy of sciences": {"Citation Count": 31.88095238095238, "Publication Count": 1.2619047619047619}, "carnegie mellon university": {"Citation Count": 392.6825396825397, "Publication Count": 1.5873015873015874}, "nanjing university": {"Citation Count": 2.571428571428571, "Publication Count": 0.14285714285714285}, "harvard university": {"Citation Count": 155.0, "Publication Count": 1.0}, "university of toronto": {"Citation Count": 71.0, "Publication Count": 1.3333333333333333}, "university of california san diego": {"Citation Count": 68.0, "Publication Count": 1.0}, "uppsala university": {"Citation Count": 1.0, "Publication Count": 1.0}, "chalmers university of technology": {"Citation Count": 63.0, "Publication Count": 1.0}, "university of pittsburgh": {"Citation Count": 21.833333333333332, "Publication Count": 1.1666666666666667}, "university of wisconsin madison": {"Citation Count": 53.75, "Publication Count": 2.4166666666666665}, "polytechnic university of catalonia": {"Citation Count": 135.16666666666669, "Publication Count": 1.5}, "technion israel institute of technology": {"Citation Count": 48.8, "Publication Count": 1.6}, "university of cambridge": {"Citation Count": 111.6, "Publication Count": 1.7}, "pennsylvania state university": {"Citation Count": 66.2, "Publication Count": 1.7}, "purdue university": {"Citation Count": 53.0, "Publication Count": 2.0}, "university of michigan": {"Citation Count": 155.0, "Publication Count": 1.0}, "sharif university of technology": {"Citation Count": 26.0, "Publication Count": 1.0}, "university of texas at dallas": {"Citation Count": 18.400000000000002, "Publication Count": 0.4}, "daegu university": {"Citation Count": 9.200000000000001, "Publication Count": 0.2}, "qualcomm": {"Citation Count": 9.200000000000001, "Publication Count": 0.2}, "stanford university": {"Citation Count": 63.2, "Publication Count": 0.4}, "university of florida": {"Citation Count": 29.0, "Publication Count": 1.0}, "seoul national university": {"Citation Count": 24.75, "Publication Count": 0.75}, "peking university": {"Citation Count": 28.666666666666664, "Publication Count": 0.3333333333333333}, "oracle corporation": {"Citation Count": 14.333333333333332, "Publication Count": 0.16666666666666666}, "louisiana state university": {"Citation Count": 11.0, "Publication Count": 1.0}, "university of california berkeley": {"Citation Count": 5.333333333333333, "Publication Count": 0.6666666666666666}, "university of valladolid": {"Citation Count": 5.333333333333333, "Publication Count": 0.6666666666666666}, "beihang university": {"Citation Count": 1.0, "Publication Count": 0.3333333333333333}, "sri international": {"Citation Count": 23.6, "Publication Count": 0.2}, "barcelona supercomputing center": {"Citation Count": 9.200000000000001, "Publication Count": 0.4}, "university of california santa barbara": {"Citation Count": 46.0, "Publication Count": 1.0}}