{"university of british columbia": {"Citation Count": 125.33333333333333, "Publication Count": 0.3333333333333333}, "university of toronto": {"Citation Count": 263.66666666666663, "Publication Count": 1.6666666666666665}, "university of utah": {"Citation Count": 327.5, "Publication Count": 0.5}, "hewlett packard": {"Citation Count": 407.125, "Publication Count": 0.625}, "tsinghua university": {"Citation Count": 159.25, "Publication Count": 0.25}, "university of california": {"Citation Count": 388.92857142857144, "Publication Count": 3.7857142857142856}, "nvidia": {"Citation Count": 355.68928571428575, "Publication Count": 2.301190476190476}, "cornell university": {"Citation Count": 9.0, "Publication Count": 1.0}, "georgia institute of technology": {"Citation Count": 246.96666666666667, "Publication Count": 2.966666666666667}, "university of texas at austin": {"Citation Count": 121.95, "Publication Count": 3.9}, "kaist": {"Citation Count": 49.0, "Publication Count": 2.125}, "qualcomm": {"Citation Count": 11.964285714285714, "Publication Count": 0.39285714285714285}, "university of california berkeley": {"Citation Count": 1.7142857142857142, "Publication Count": 0.14285714285714285}, "pennsylvania state university": {"Citation Count": 32.42857142857143, "Publication Count": 1.2857142857142856}, "stanford university": {"Citation Count": 1386.2857142857142, "Publication Count": 2.4285714285714284}, "university of michigan": {"Citation Count": 48.30555555555556, "Publication Count": 2.861111111111111}, "samsung": {"Citation Count": 112.71428571428571, "Publication Count": 1.5714285714285714}, "intel": {"Citation Count": 58.0, "Publication Count": 1.5714285714285714}, "bilkent university": {"Citation Count": 30.0, "Publication Count": 0.42857142857142855}, "university of california san diego": {"Citation Count": 35.0, "Publication Count": 1.0}, "yonsei university": {"Citation Count": 59.88571428571429, "Publication Count": 1.9142857142857144}, "hongik university": {"Citation Count": 2.8571428571428568, "Publication Count": 0.14285714285714285}, "university of southern california": {"Citation Count": 31.05714285714286, "Publication Count": 0.7428571428571429}, "carnegie mellon university": {"Citation Count": 50.6, "Publication Count": 0.575}, "san jose state university": {"Citation Count": 11.200000000000001, "Publication Count": 0.2}, "rice university": {"Citation Count": 138.0, "Publication Count": 1.0}, "harvard university": {"Citation Count": 300.0, "Publication Count": 1.0}, "royal institute of technology": {"Citation Count": 7.0, "Publication Count": 1.0}, "sungkyunkwan university": {"Citation Count": 4.0, "Publication Count": 1.0}, "columbia university": {"Citation Count": 31.0, "Publication Count": 2.0}, "advanced micro devices": {"Citation Count": 11.333333333333332, "Publication Count": 0.3333333333333333}, "massachusetts institute of technology": {"Citation Count": 372.0, "Publication Count": 0.6666666666666666}, "sri international": {"Citation Count": 44.2, "Publication Count": 0.2}, "center for excellence in education": {"Citation Count": 145.33333333333331, "Publication Count": 0.6666666666666666}, "university of california santa barbara": {"Citation Count": 100.66666666666666, "Publication Count": 0.8333333333333333}, "duke university": {"Citation Count": 11.0, "Publication Count": 2.0}, "polytechnic university of catalonia": {"Citation Count": 5.6000000000000005, "Publication Count": 0.8}, "barcelona supercomputing center": {"Citation Count": 1.4000000000000001, "Publication Count": 0.2}, "apple inc": {"Citation Count": 11.600000000000001, "Publication Count": 0.2}, "facebook": {"Citation Count": 53.69444444444444, "Publication Count": 1.1388888888888888}, "shanghai jiao tong university": {"Citation Count": 22.0, "Publication Count": 1.0}, "university of chicago": {"Citation Count": 34.0, "Publication Count": 0.8333333333333333}, "princeton university": {"Citation Count": 32.0, "Publication Count": 1.6666666666666665}, "technion israel institute of technology": {"Citation Count": 19.0, "Publication Count": 1.0}, "university of illinois at urbana champaign": {"Citation Count": 50.75, "Publication Count": 2.0833333333333335}, "university of minnesota": {"Citation Count": 14.0, "Publication Count": 0.6666666666666666}, "university of wisconsin madison": {"Citation Count": 39.0, "Publication Count": 1.0}}