{"french institute for research in computer science and automation": {"Citation Count": 29.333333333333332, "Publication Count": 0.3333333333333333}, "dresden university of technology": {"Citation Count": 58.666666666666664, "Publication Count": 0.6666666666666666}, "massachusetts institute of technology": {"Citation Count": 10.666666666666666, "Publication Count": 0.3333333333333333}, "technion israel institute of technology": {"Citation Count": 55.83333333333333, "Publication Count": 1.1666666666666665}, "yale university": {"Citation Count": 10.666666666666666, "Publication Count": 0.3333333333333333}, "national autonomous university of mexico": {"Citation Count": 53.0, "Publication Count": 1.0}, "technische universitat darmstadt": {"Citation Count": 30.0, "Publication Count": 1.0}, "carnegie mellon university": {"Citation Count": 59.71428571428571, "Publication Count": 0.14285714285714285}, "google": {"Citation Count": 59.71428571428571, "Publication Count": 0.14285714285714285}, "university of california san diego": {"Citation Count": 59.71428571428571, "Publication Count": 0.14285714285714285}, "harvard university": {"Citation Count": 74.04761904761905, "Publication Count": 0.8095238095238095}, "university of california los angeles": {"Citation Count": 145.54761904761904, "Publication Count": 1.0595238095238095}, "microsoft": {"Citation Count": 66.38095238095238, "Publication Count": 0.47619047619047616}, "weizmann institute of science": {"Citation Count": 71.88095238095238, "Publication Count": 0.6428571428571428}, "georgia institute of technology": {"Citation Count": 31.0, "Publication Count": 1.0}, "at t labs": {"Citation Count": 75.5, "Publication Count": 1.25}, "hong kong university of science and technology": {"Citation Count": 17.5, "Publication Count": 1.25}, "aarhus university": {"Citation Count": 13.5, "Publication Count": 0.25}, "rutgers university": {"Citation Count": 13.5, "Publication Count": 0.25}, "university college london": {"Citation Count": 30.666666666666664, "Publication Count": 0.3333333333333333}, "brown university": {"Citation Count": 7.666666666666666, "Publication Count": 0.3333333333333333}, "university of padua": {"Citation Count": 7.666666666666666, "Publication Count": 0.3333333333333333}, "ibm": {"Citation Count": 53.5, "Publication Count": 1.1666666666666665}, "centre national de la recherche scientifique": {"Citation Count": 21.5, "Publication Count": 1.0}, "university of california berkeley": {"Citation Count": 84.0, "Publication Count": 1.5}, "university of oxford": {"Citation Count": 16.0, "Publication Count": 0.5}, "university of freiburg": {"Citation Count": 2.5, "Publication Count": 0.5}, "shanghai jiao tong university": {"Citation Count": 2.5, "Publication Count": 0.5}, "ben gurion university of the negev": {"Citation Count": 11.0, "Publication Count": 0.3333333333333333}, "bar ilan university": {"Citation Count": 5.5, "Publication Count": 0.16666666666666666}, "eth zurich": {"Citation Count": 5.5, "Publication Count": 0.16666666666666666}, "eindhoven university of technology": {"Citation Count": 17.666666666666664, "Publication Count": 0.3333333333333333}, "open university of israel": {"Citation Count": 17.666666666666664, "Publication Count": 0.3333333333333333}, "cornell university": {"Citation Count": 0.8, "Publication Count": 0.2}, "university of bristol": {"Citation Count": 1.6, "Publication Count": 0.4}, "indian institute of technology madras": {"Citation Count": 0.8, "Publication Count": 0.2}, "international institute of information technology hyderabad": {"Citation Count": 0.8, "Publication Count": 0.2}, "queen mary university of london": {"Citation Count": 30.5, "Publication Count": 0.5}, "university of liverpool": {"Citation Count": 30.5, "Publication Count": 0.5}, "humboldt university of berlin": {"Citation Count": 39.0, "Publication Count": 1.0}, "california institute of technology": {"Citation Count": 24.5, "Publication Count": 0.25}, "university of waterloo": {"Citation Count": 24.5, "Publication Count": 0.25}, "hebrew university of jerusalem": {"Citation Count": 24.5, "Publication Count": 0.25}, "university of texas at austin": {"Citation Count": 16.0, "Publication Count": 1.0}, "university of washington": {"Citation Count": 45.5, "Publication Count": 0.5}, "facebook": {"Citation Count": 45.5, "Publication Count": 0.5}, "courant institute of mathematical sciences": {"Citation Count": 12.0, "Publication Count": 0.5}}