{"northwestern university": {"Citation Count": 0.42857142857142855, "Publication Count": 0.14285714285714285}, "university of chicago": {"Citation Count": 9.95238095238095, "Publication Count": 2.0952380952380953}, "university of california san diego": {"Citation Count": 4.095238095238095, "Publication Count": 0.4206349206349206}, "university of virginia": {"Citation Count": 17.095238095238095, "Publication Count": 0.9761904761904762}, "monash university": {"Citation Count": 21.62857142857143, "Publication Count": 1.342857142857143}, "university of maryland college park": {"Citation Count": 48.5, "Publication Count": 1.5}, "massachusetts institute of technology": {"Citation Count": 31.9, "Publication Count": 2.0333333333333337}, "university of california berkeley": {"Citation Count": 16.166666666666668, "Publication Count": 0.5}, "twitter": {"Citation Count": 7.5, "Publication Count": 0.16666666666666666}, "stanford university": {"Citation Count": 3844.5666666666666, "Publication Count": 5.033333333333333}, "hewlett packard": {"Citation Count": 7.5, "Publication Count": 0.16666666666666666}, "ibm": {"Citation Count": 127.89999999999999, "Publication Count": 4.188888888888889}, "university of michigan": {"Citation Count": 85.00277777777778, "Publication Count": 3.352777777777778}, "princeton university": {"Citation Count": 36.83611111111111, "Publication Count": 1.9361111111111111}, "carnegie mellon university": {"Citation Count": 147.1218253968254, "Publication Count": 4.166269841269841}, "university of arizona": {"Citation Count": 43.88928571428572, "Publication Count": 0.7178571428571427}, "microsoft": {"Citation Count": 740.4666666666667, "Publication Count": 6.4}, "yahoo": {"Citation Count": 100.30952380952381, "Publication Count": 3.4523809523809526}, "beihang university": {"Citation Count": 77.60952380952381, "Publication Count": 1.5904761904761906}, "rutgers university": {"Citation Count": 159.9761904761905, "Publication Count": 4.138095238095238}, "university of tennessee": {"Citation Count": 7.4, "Publication Count": 0.2}, "drexel university": {"Citation Count": 27.1, "Publication Count": 0.65}, "linkedin": {"Citation Count": 165.25, "Publication Count": 9.416666666666668}, "naver corporation": {"Citation Count": 29.0, "Publication Count": 1.0}, "amazon com": {"Citation Count": 1.0, "Publication Count": 1.0}, "dalian university of technology": {"Citation Count": 33.285714285714285, "Publication Count": 1.6071428571428572}, "northeastern university": {"Citation Count": 59.214285714285715, "Publication Count": 1.5595238095238095}, "university of washington": {"Citation Count": 7564.0, "Publication Count": 3.25}, "institute for infocomm research singapore": {"Citation Count": 37.714285714285715, "Publication Count": 0.8571428571428571}, "general electric": {"Citation Count": 6.285714285714286, "Publication Count": 0.14285714285714285}, "chinese academy of sciences": {"Citation Count": 10.0, "Publication Count": 1.2142857142857144}, "baidu": {"Citation Count": 85.25, "Publication Count": 2.769047619047619}, "georgia institute of technology": {"Citation Count": 411.38095238095235, "Publication Count": 5.038095238095238}, "university of california irvine": {"Citation Count": 2.8285714285714283, "Publication Count": 0.34285714285714286}, "emory university": {"Citation Count": 2.4285714285714284, "Publication Count": 0.14285714285714285}, "aalto university": {"Citation Count": 34.2, "Publication Count": 1.3}, "university of helsinki": {"Citation Count": 9.466666666666667, "Publication Count": 0.5333333333333333}, "virginia tech": {"Citation Count": 54.8, "Publication Count": 3.2666666666666666}, "caci": {"Citation Count": 1.0, "Publication Count": 0.1111111111111111}, "san diego state university": {"Citation Count": 0.5, "Publication Count": 0.05555555555555555}, "indian institute of technology kanpur": {"Citation Count": 11.8, "Publication Count": 0.4}, "university at buffalo": {"Citation Count": 58.12380952380953, "Publication Count": 2.723809523809524}, "yandex": {"Citation Count": 20.0, "Publication Count": 1.0}, "university of science and technology of china": {"Citation Count": 52.98571428571429, "Publication Count": 2.3}, "university of melbourne": {"Citation Count": 51.800000000000004, "Publication Count": 1.1333333333333333}, "google": {"Citation Count": 105.36666666666667, "Publication Count": 3.3666666666666663}, "facebook": {"Citation Count": 50.16666666666667, "Publication Count": 2.3333333333333335}, "university of minnesota": {"Citation Count": 49.0, "Publication Count": 1.3333333333333333}, "national institutes of health": {"Citation Count": 1.0, "Publication Count": 1.0}, "university of electronic science and technology of china": {"Citation Count": 90.60000000000001, "Publication Count": 0.2}, "new york university": {"Citation Count": 15.0, "Publication Count": 1.5}, "tufts university": {"Citation Count": 1.0, "Publication Count": 0.25}, "missouri university of science and technology": {"Citation Count": 2.714285714285714, "Publication Count": 0.14285714285714285}, "nanyang technological university": {"Citation Count": 4.5, "Publication Count": 0.5}, "indraprastha institute of information technology": {"Citation Count": 13.333333333333332, "Publication Count": 0.6666666666666666}, "xerox": {"Citation Count": 21.0, "Publication Count": 1.0}, "mcgill university": {"Citation Count": 19.0, "Publication Count": 1.0}, "autodesk": {"Citation Count": 84.0, "Publication Count": 0.6666666666666666}, "university of wisconsin madison": {"Citation Count": 9.0, "Publication Count": 0.5}, "marshfield clinic": {"Citation Count": 9.0, "Publication Count": 0.5}, "university of illinois at chicago": {"Citation Count": 127.08333333333333, "Publication Count": 3.1166666666666667}, "university of georgia": {"Citation Count": 10.0, "Publication Count": 0.625}, "university of california davis": {"Citation Count": 24.200000000000003, "Publication Count": 1.575}, "university of sydney": {"Citation Count": 5.0, "Publication Count": 0.5}, "commonwealth scientific and industrial research organisation": {"Citation Count": 5.0, "Publication Count": 0.5}, "columbia university": {"Citation Count": 4.333333333333333, "Publication Count": 0.5833333333333333}, "stony brook university": {"Citation Count": 35.0, "Publication Count": 1.0}, "cisco systems inc": {"Citation Count": 3.8000000000000003, "Publication Count": 0.2}, "qualcomm": {"Citation Count": 3.0, "Publication Count": 1.0}, "huawei": {"Citation Count": 1.5555555555555556, "Publication Count": 0.7777777777777778}, "katholieke universiteit leuven": {"Citation Count": 11.809523809523808, "Publication Count": 0.8095238095238095}, "ecole polytechnique federale de lausanne": {"Citation Count": 27.333333333333332, "Publication Count": 1.3333333333333333}, "pennsylvania state university": {"Citation Count": 81.42857142857143, "Publication Count": 1.2857142857142856}, "netflix": {"Citation Count": 27.0, "Publication Count": 1.0}, "northwestern polytechnical university": {"Citation Count": 14.8, "Publication Count": 0.4}, "university college london": {"Citation Count": 46.666666666666664, "Publication Count": 1.1666666666666665}, "shanghai jiao tong university": {"Citation Count": 14.0, "Publication Count": 0.5}, "national institute of informatics": {"Citation Count": 3.0, "Publication Count": 1.0}, "university of grenoble": {"Citation Count": 21.0, "Publication Count": 1.0}, "harvard university": {"Citation Count": 12.733333333333334, "Publication Count": 0.8666666666666667}, "cornell university": {"Citation Count": 68.93333333333334, "Publication Count": 3.033333333333333}, "university of massachusetts amherst": {"Citation Count": 7.0, "Publication Count": 1.0}, "utrecht university": {"Citation Count": 12.0, "Publication Count": 0.6666666666666666}, "max planck society": {"Citation Count": 97.56666666666666, "Publication Count": 1.7833333333333332}, "sapienza university of rome": {"Citation Count": 8.8,