{"johns hopkins university": {"Citation Count": 51.475, "Publication Count": 7.491666666666667}, "ecole centrale paris": {"Citation Count": 29.142857142857142, "Publication Count": 2.619047619047619}, "ge healthcare": {"Citation Count": 18.80952380952381, "Publication Count": 1.2857142857142856}, "nagoya university": {"Citation Count": 18.333333333333332, "Publication Count": 2.333333333333333}, "university of houston": {"Citation Count": 20.666666666666668, "Publication Count": 2.6666666666666665}, "eth zurich": {"Citation Count": 37.75, "Publication Count": 2.4166666666666665}, "brigham and women s hospital": {"Citation Count": 81.66666666666667, "Publication Count": 3.1333333333333333}, "technische universitat munchen": {"Citation Count": 157.14642857142857, "Publication Count": 9.367857142857142}, "st mary s hospital": {"Citation Count": 3.0, "Publication Count": 1.0}, "university of strasbourg": {"Citation Count": 16.541666666666664, "Publication Count": 2.458333333333333}, "university of rennes": {"Citation Count": 30.666666666666668, "Publication Count": 1.3333333333333333}, "french institute for research in computer science and automation": {"Citation Count": 93.91428571428573, "Publication Count": 7.609523809523809}, "university of british columbia": {"Citation Count": 67.3, "Publication Count": 4.690476190476191}, "princeton university": {"Citation Count": 207.6095238095238, "Publication Count": 10.960714285714287}, "university of tokyo": {"Citation Count": 40.75, "Publication Count": 3.75}, "imperial college london": {"Citation Count": 95.2, "Publication Count": 3.7333333333333334}, "supelec": {"Citation Count": 4.714285714285714, "Publication Count": 0.42857142857142855}, "harvard university": {"Citation Count": 97.88095238095237, "Publication Count": 5.023809523809525}, "massachusetts institute of technology": {"Citation Count": 10.6, "Publication Count": 0.9}, "kingston general hospital": {"Citation Count": 9.866666666666667, "Publication Count": 1.9666666666666666}, "queen s university": {"Citation Count": 17.340476190476192, "Publication Count": 3.4833333333333334}, "centre national de la recherche scientifique": {"Citation Count": 66.6, "Publication Count": 2.55}, "philips": {"Citation Count": 43.011111111111106, "Publication Count": 3.677777777777778}, "university of southern california": {"Citation Count": 15.476190476190474, "Publication Count": 0.47619047619047616}, "siemens": {"Citation Count": 156.9325396825397, "Publication Count": 7.424206349206348}, "kyushu university": {"Citation Count": 2.0, "Publication Count": 0.5}, "aichi institute of technology": {"Citation Count": 4.666666666666666, "Publication Count": 0.6666666666666666}, "french institute of health and medical research": {"Citation Count": 19.97142857142857, "Publication Count": 1.3642857142857143}, "montreal neurological institute and hospital": {"Citation Count": 49.2, "Publication Count": 3.8}, "ontario veterinary college": {"Citation Count": 0.8, "Publication Count": 0.2}, "university of zurich": {"Citation Count": 3.583333333333333, "Publication Count": 0.41666666666666663}, "leipzig university": {"Citation Count": 5.333333333333333, "Publication Count": 0.6666666666666666}, "university of wisconsin madison": {"Citation Count": 11.0, "Publication Count": 1.4}, "indian institute of technology bombay": {"Citation Count": 0.14285714285714285, "Publication Count": 0.14285714285714285}, "national research council": {"Citation Count": 8.0, "Publication Count": 1.0}, "university of auckland": {"Citation Count": 18.277777777777775, "Publication Count": 1.277777777777778}, "pompeu fabra university": {"Citation Count": 51.0, "Publication Count": 5.5}, "australian national university": {"Citation Count": 4.333333333333333, "Publication Count": 0.3333333333333333}, "university college london": {"Citation Count": 48.266666666666666, "Publication Count": 4.104761904761904}, "telecom paristech": {"Citation Count": 1.0, "Publication Count": 1.0}, "georgia institute of technology": {"Citation Count": 2.9333333333333336, "Publication Count": 0.5333333333333333}, "dartmouth college": {"Citation Count": 7.5, "Publication Count": 0.75}, "dartmouth hitchcock medical center": {"Citation Count": 2.5, "Publication Count": 0.25}, "rochester institute of technology": {"Citation Count": 6.0, "Publication Count": 2.5}, "national university of singapore": {"Citation Count": 74.53571428571428, "Publication Count": 3.321428571428571}, "university of lubeck": {"Citation Count": 8.0, "Publication Count": 1.0}, "johns hopkins university school of medicine": {"Citation Count": 0.0, "Publication Count": 0.6666666666666666}, "mcmaster university": {"Citation Count": 15.0, "Publication Count": 1.0}, "rutgers university": {"Citation Count": 59.83333333333333, "Publication Count": 3.616666666666667}, "new york university": {"Citation Count": 4.0, "Publication Count": 0.2}, "university of oxford": {"Citation Count": 252.71428571428572, "Publication Count": 3.380952380952381}, "arizona state university": {"Citation Count": 0.0, "Publication Count": 0.14285714285714285}, "university college hospital": {"Citation Count": 3.0, "Publication Count": 0.42857142857142855}, "telecom sudparis": {"Citation Count": 0.6666666666666666, "Publication Count": 0.6666666666666666}, "mines paristech": {"Citation Count": 0.3333333333333333, "Publication Count": 0.3333333333333333}, "university of north carolina at chapel hill": {"Citation Count": 230.96666666666667, "Publication Count": 12.109523809523811}, "university of michigan": {"Citation Count": 7.0, "Publication Count": 0.3333333333333333}, "university of maryland baltimore": {"Citation Count": 2.0, "Publication Count": 0.6666666666666666}, "ohio state university": {"Citation Count": 35.125, "Publication Count": 2.494047619047619}, "erasmus university rotterdam": {"Citation Count": 6.0, "Publication Count": 1.5833333333333333}, "heidelberg university": {"Citation Count": 46.0, "Publication Count": 3.125}, "german cancer research center": {"Citation Count": 3.0, "Publication Count": 0.375}, "university hospital heidelberg": {"Citation Count": 2.0, "Publication Count": 0.25}, "geneva college": {"Citation Count": 2.0, "Publication Count": 0.3333333333333333}, "institute of cancer research": {"Citation Count": 8.8, "Publication Count": 0.4}, "university of california santa barbara": {"Citation Count": 7.0, "Publication Count": 1.0}, "graz university of technology": {"Citation Count": 5.428571428571428, "Publication Count": 0.2857142857142857}, "yale university": {"Citation Count": 22.142857142857142, "Publication Count": 3.142857142857143}, "national university of health sciences": {"Citation Count": 4.25, "Publication Count": 0.25}, "agency for science technology and research": {"Citation Count": 35.32142857142857, "Publication Count": 1.607142857142857}, "ecole polytechnique": {"Citation Count": 8.0, "Publication Count": 0.25}, "scientific computing and imaging institute": {"Citation Count": 49.42857142857143, "Publication Count": 3.0285714285714285}, "university of california san diego": {"Citation Count": 11.785714285714285, "Publication Count": 0.7857142857142857}, "ibm": {"Citation Count": 34.14285714285714, "Publication Count": 1.826190476190476}, "paris descartes university": {"Citation Count": 0.7142857142857142, "Publication Count": 0.14285714285714285}, "university of kent": {"Citation Count": 1.3333333333333333, "Publication Count": 0.6666666666666666}, "king s college london": {"Citation Count": 0.6666666666666666, "Publication Count": 0.3333333333333333}, "university of georgia": {"Citation Count": 14.714285714285715, "Publication Count": 2.219047619047619}, "northwestern polytechnical university": {"Citation Count": 20.585714285714285, "Publication Count": 1.7476190476190478}, "university of waterloo": {"Citation Count": 7.166666666666666, "Publication Count": 0.16666666666666666}, "copenhagen university hospital": {"Citation Count": 8.0,