{"university of science and technology of china": {"Citation Count": 119.01190476190477, "Publication Count": 17.53928571428571}, "chinese academy of sciences": {"Citation Count": 133.01428571428573, "Publication Count": 23.790873015873014}, "tianjin university": {"Citation Count": 61.666666666666664, "Publication Count": 5.291666666666666}, "xiaomi": {"Citation Count": 2.6666666666666665, "Publication Count": 0.16666666666666666}, "university of electronic science and technology of china": {"Citation Count": 65.76666666666667, "Publication Count": 6.800000000000001}, "delft university of technology": {"Citation Count": 2.6666666666666665, "Publication Count": 0.16666666666666666}, "huawei": {"Citation Count": 10.095238095238095, "Publication Count": 1.4428571428571426}, "shanghai jiao tong university": {"Citation Count": 29.25, "Publication Count": 4.95}, "columbia university": {"Citation Count": 3.2666666666666666, "Publication Count": 0.5333333333333333}, "samsung": {"Citation Count": 7.3, "Publication Count": 1.4333333333333333}, "duke university": {"Citation Count": 1.6, "Publication Count": 0.2}, "xiamen university": {"Citation Count": 6.866666666666667, "Publication Count": 2.6476190476190475}, "tencent": {"Citation Count": 6.119047619047619, "Publication Count": 1.119047619047619}, "beihang university": {"Citation Count": 7.750000000000001, "Publication Count": 4.1873015873015875}, "xidian university": {"Citation Count": 48.33333333333333, "Publication Count": 2.7}, "nanjing university": {"Citation Count": 17.333333333333332, "Publication Count": 5.7333333333333325}, "universidade nova de lisboa": {"Citation Count": 3.0, "Publication Count": 2.0}, "zhejiang university": {"Citation Count": 60.919047619047625, "Publication Count": 8.459523809523809}, "nanjing university of science and technology": {"Citation Count": 5.266666666666667, "Publication Count": 0.7666666666666666}, "fudan university": {"Citation Count": 56.54047619047619, "Publication Count": 7.522619047619047}, "national university of singapore": {"Citation Count": 39.22380952380952, "Publication Count": 5.628571428571429}, "singapore management university": {"Citation Count": 2.0, "Publication Count": 0.4583333333333333}, "renmin university of china": {"Citation Count": 13.911111111111111, "Publication Count": 2.6222222222222222}, "wuhan university": {"Citation Count": 36.666666666666664, "Publication Count": 2.333333333333333}, "agency for science technology and research": {"Citation Count": 3.0, "Publication Count": 1.0}, "soochow university": {"Citation Count": 6.833333333333333, "Publication Count": 1.1666666666666667}, "rutgers university": {"Citation Count": 6.0, "Publication Count": 1.0}, "university of southern california": {"Citation Count": 2.0, "Publication Count": 1.2}, "omron": {"Citation Count": 3.75, "Publication Count": 0.25}, "harvard university": {"Citation Count": 3.75, "Publication Count": 0.25}, "hangzhou dianzi university": {"Citation Count": 2.333333333333333, "Publication Count": 1.0833333333333333}, "university of missouri kansas city": {"Citation Count": 0.0, "Publication Count": 0.25}, "tsinghua university": {"Citation Count": 63.395238095238085, "Publication Count": 12.63293650793651}, "university of california berkeley": {"Citation Count": 7.533333333333333, "Publication Count": 0.5333333333333333}, "international institute of information technology hyderabad": {"Citation Count": 9.333333333333334, "Publication Count": 2.0}, "indraprastha institute of information technology": {"Citation Count": 2.583333333333333, "Publication Count": 0.75}, "la trobe university": {"Citation Count": 0.75, "Publication Count": 0.25}, "karlsruhe institute of technology": {"Citation Count": 6.0, "Publication Count": 1.0}, "shandong university": {"Citation Count": 61.55238095238096, "Publication Count": 8.00952380952381}, "hunan university": {"Citation Count": 11.25, "Publication Count": 2.0166666666666666}, "beijing university of posts and telecommunications": {"Citation Count": 9.0, "Publication Count": 2.166666666666667}, "national chiao tung university": {"Citation Count": 25.25, "Publication Count": 2.5833333333333335}, "peking university": {"Citation Count": 90.16666666666667, "Publication Count": 11.633333333333333}, "nanyang technological university": {"Citation Count": 33.17142857142857, "Publication Count": 3.8523809523809525}, "beijing electronic science and technology institute": {"Citation Count": 2.0, "Publication Count": 0.6666666666666666}, "sensetime": {"Citation Count": 10.033333333333335, "Publication Count": 1.411111111111111}, "alibaba group": {"Citation Count": 4.166666666666666, "Publication Count": 1.1666666666666667}, "donghua university": {"Citation Count": 3.333333333333333, "Publication Count": 0.6666666666666666}, "jiujiang university": {"Citation Count": 7.333333333333333, "Publication Count": 0.3333333333333333}, "hong kong baptist university": {"Citation Count": 14.666666666666666, "Publication Count": 0.6666666666666666}, "shenzhen university": {"Citation Count": 4.25, "Publication Count": 1.75}, "university of adelaide": {"Citation Count": 1.5714285714285714, "Publication Count": 0.7857142857142857}, "microsoft": {"Citation Count": 10.392063492063492, "Publication Count": 1.6650793650793652}, "tongji university": {"Citation Count": 5.0, "Publication Count": 2.0}, "university of dayton": {"Citation Count": 1.25, "Publication Count": 0.25}, "adobe systems": {"Citation Count": 1.25, "Publication Count": 0.39285714285714285}, "rochester institute of technology": {"Citation Count": 0.8, "Publication Count": 0.4}, "university of alabama in huntsville": {"Citation Count": 0.8, "Publication Count": 0.4}, "united states army research laboratory": {"Citation Count": 0.4, "Publication Count": 0.2}, "carnegie mellon university": {"Citation Count": 10.771428571428572, "Publication Count": 1.6095238095238096}, "zhejiang university of technology": {"Citation Count": 0.5714285714285714, "Publication Count": 0.14285714285714285}, "simon fraser university": {"Citation Count": 0.42857142857142855, "Publication Count": 1.1428571428571428}, "university of illinois at urbana champaign": {"Citation Count": 1.0, "Publication Count": 1.0}, "anhui university": {"Citation Count": 23.0, "Publication Count": 2.0}, "university of washington": {"Citation Count": 50.666666666666664, "Publication Count": 2.6666666666666665}, "nankai university": {"Citation Count": 1.0, "Publication Count": 1.875}, "nanjing university of posts and telecommunications": {"Citation Count": 0.3333333333333333, "Publication Count": 0.16666666666666666}, "university of california san diego": {"Citation Count": 0.3333333333333333, "Publication Count": 0.16666666666666666}, "qilu university of technology": {"Citation Count": 8.6, "Publication Count": 1.1333333333333333}, "northwestern polytechnical university": {"Citation Count": 1.366666666666667, "Publication Count": 0.3666666666666667}, "beijing jiaotong university": {"Citation Count": 6.6, "Publication Count": 1.0}, "university of sydney": {"Citation Count": 4.404761904761904, "Publication Count": 1.819047619047619}, "university of tokyo": {"Citation Count": 2.6666666666666665, "Publication Count": 1.1666666666666667}, "beijing institute of technology": {"Citation Count": 13.733333333333333, "Publication Count": 2.466666666666667}, "swinburne university of technology": {"Citation Count": 0.6000000000000001, "Publication Count": 0.2}, "rensselaer polytechnic institute": {"Citation Count": 1.0, "Publication Count": 0.2}, "hefei university of technology": {"Citation Count": 37.61666666666667, "Publication Count": 3.916666666666667}, "shanghai university": {"Citation Count": 1.5, "Publication Count": 0.5}, "academia sinica": {"Citation Count": 0.0, "Publication Count": 0.6}, "yuan ze university": {"Citation Count": 0.0, "Publication Count": 0.2}, "east china normal university": {"Citation Count": 0.8, "Publication Count": 0.2},