{"university of michigan": {"Citation Count": 5.0, "Publication Count": 1.0}, "sun yat sen university": {"Citation Count": 5.666666666666666, "Publication Count": 0.6666666666666666}, "the chinese university of hong kong": {"Citation Count": 15.833333333333332, "Publication Count": 2.1666666666666665}, "university of nebraska lincoln": {"Citation Count": 0.6666666666666666, "Publication Count": 0.3333333333333333}, "university of louisville": {"Citation Count": 1.3333333333333333, "Publication Count": 0.6666666666666666}, "massachusetts institute of technology": {"Citation Count": 100.0, "Publication Count": 2.0}, "university of sydney": {"Citation Count": 1.0, "Publication Count": 2.0}, "harbin institute of technology": {"Citation Count": 3.6666666666666665, "Publication Count": 0.3333333333333333}, "university of texas at austin": {"Citation Count": 7.0, "Publication Count": 1.3333333333333333}, "shanghai jiao tong university": {"Citation Count": 12.142857142857142, "Publication Count": 0.7142857142857143}, "university of south florida": {"Citation Count": 2.4285714285714284, "Publication Count": 0.14285714285714285}, "university of massachusetts boston": {"Citation Count": 2.4285714285714284, "Publication Count": 0.14285714285714285}, "huawei": {"Citation Count": 3.333333333333333, "Publication Count": 0.3333333333333333}, "city university of hong kong": {"Citation Count": 0.25, "Publication Count": 0.25}, "university of illinois at urbana champaign": {"Citation Count": 3.583333333333333, "Publication Count": 0.41666666666666663}, "university at buffalo": {"Citation Count": 16.666666666666668, "Publication Count": 0.8333333333333334}, "university of texas at dallas": {"Citation Count": 1.4000000000000001, "Publication Count": 0.2}, "university of science and technology of china": {"Citation Count": 4.2, "Publication Count": 0.6}, "soochow university": {"Citation Count": 1.4000000000000001, "Publication Count": 0.2}, "california institute of technology": {"Citation Count": 1.3333333333333333, "Publication Count": 0.3333333333333333}, "tsinghua university": {"Citation Count": 2.6666666666666665, "Publication Count": 0.6666666666666666}, "kaist": {"Citation Count": 2.0, "Publication Count": 1.6666666666666665}, "ohio state university": {"Citation Count": 9.0, "Publication Count": 0.5}, "auburn university": {"Citation Count": 9.0, "Publication Count": 0.5}, "king s college london": {"Citation Count": 0.0, "Publication Count": 0.3333333333333333}, "rice university": {"Citation Count": 4.0, "Publication Count": 1.0}, "temple university": {"Citation Count": 20.333333333333332, "Publication Count": 0.3333333333333333}, "thompson rivers university": {"Citation Count": 20.333333333333332, "Publication Count": 0.3333333333333333}, "university of rhode island": {"Citation Count": 20.333333333333332, "Publication Count": 0.3333333333333333}, "heriot watt university": {"Citation Count": 0.6666666666666666, "Publication Count": 0.3333333333333333}, "ecole polytechnique federale de lausanne": {"Citation Count": 1.3333333333333333, "Publication Count": 0.6666666666666666}, "google": {"Citation Count": 0.0, "Publication Count": 0.3333333333333333}, "at t labs": {"Citation Count": 0.0, "Publication Count": 0.16666666666666666}, "university of copenhagen": {"Citation Count": 0.0, "Publication Count": 0.16666666666666666}, "university of edinburgh": {"Citation Count": 57.0, "Publication Count": 1.0}, "northeastern university": {"Citation Count": 14.0, "Publication Count": 1.25}, "george mason university": {"Citation Count": 3.0, "Publication Count": 1.0}, "texas a m university": {"Citation Count": 3.0, "Publication Count": 1.0}, "sapienza university of rome": {"Citation Count": 6.0, "Publication Count": 0.75}, "university of cincinnati": {"Citation Count": 0.4444444444444444, "Publication Count": 0.1111111111111111}, "linkoping university": {"Citation Count": 0.4444444444444444, "Publication Count": 0.1111111111111111}, "new york university": {"Citation Count": 0.4444444444444444, "Publication Count": 0.1111111111111111}, "stony brook university": {"Citation Count": 1.3333333333333333, "Publication Count": 0.3333333333333333}, "university of arizona": {"Citation Count": 0.8888888888888888, "Publication Count": 0.2222222222222222}, "xidian university": {"Citation Count": 0.4444444444444444, "Publication Count": 0.1111111111111111}, "illinois institute of technology": {"Citation Count": 1.0, "Publication Count": 1.0}}