{"kaist": {"Citation Count": 0.3333333333333333, "Publication Count": 1.3333333333333333}, "waseda university": {"Citation Count": 0.5, "Publication Count": 0.5}, "nippon telegraph and telephone": {"Citation Count": 0.5, "Publication Count": 0.5}, "stanford university": {"Citation Count": 1.0, "Publication Count": 1.0}, "cinvestav": {"Citation Count": 0.0, "Publication Count": 0.5}, "imdea": {"Citation Count": 1.2000000000000002, "Publication Count": 0.7}, "foundation for research technology hellas": {"Citation Count": 1.0, "Publication Count": 0.3333333333333333}, "university of illinois at chicago": {"Citation Count": 2.0, "Publication Count": 0.6666666666666666}, "ruhr university bochum": {"Citation Count": 5.0, "Publication Count": 3.0}, "university of texas at dallas": {"Citation Count": 0.8916666666666667, "Publication Count": 0.6416666666666666}, "oregon state university": {"Citation Count": 0.16666666666666666, "Publication Count": 0.16666666666666666}, "purdue university": {"Citation Count": 4.166666666666667, "Publication Count": 1.4095238095238094}, "seoul national university": {"Citation Count": 0.16666666666666666, "Publication Count": 0.16666666666666666}, "northeastern university": {"Citation Count": 5.19047619047619, "Publication Count": 1.6428571428571428}, "boston university": {"Citation Count": 0.3333333333333333, "Publication Count": 0.16666666666666666}, "chinese academy of sciences": {"Citation Count": 3.6666666666666665, "Publication Count": 1.6666666666666665}, "arizona state university": {"Citation Count": 0.8666666666666667, "Publication Count": 0.3666666666666667}, "penn state college of information sciences and technology": {"Citation Count": 0.6666666666666666, "Publication Count": 0.16666666666666666}, "university of colorado boulder": {"Citation Count": 0.6666666666666666, "Publication Count": 1.6666666666666665}, "university of michigan": {"Citation Count": 3.2, "Publication Count": 1.6}, "university of toronto": {"Citation Count": 1.2571428571428571, "Publication Count": 0.4857142857142857}, "university of washington": {"Citation Count": 12.4, "Publication Count": 1.2}, "university of california riverside": {"Citation Count": 6.095238095238095, "Publication Count": 1.5238095238095237}, "united states army research laboratory": {"Citation Count": 0.5714285714285714, "Publication Count": 0.14285714285714285}, "university of massachusetts amherst": {"Citation Count": 9.0, "Publication Count": 4.0}, "university of chicago": {"Citation Count": 0.6666666666666666, "Publication Count": 0.6666666666666666}, "university of california santa barbara": {"Citation Count": 2.7380952380952377, "Publication Count": 0.5952380952380952}, "fudan university": {"Citation Count": 0.16666666666666666, "Publication Count": 0.16666666666666666}, "princeton university": {"Citation Count": 2.7, "Publication Count": 0.7}, "city university of hong kong": {"Citation Count": 1.5, "Publication Count": 0.5}, "michigan state university": {"Citation Count": 3.0, "Publication Count": 0.5}, "university of california irvine": {"Citation Count": 10.25, "Publication Count": 1.45}, "zhejiang university": {"Citation Count": 2.5571428571428574, "Publication Count": 0.9857142857142858}, "university at buffalo": {"Citation Count": 1.4285714285714286, "Publication Count": 0.47619047619047616}, "university of california san diego": {"Citation Count": 0.42857142857142855, "Publication Count": 0.14285714285714285}, "mcgill university": {"Citation Count": 0.42857142857142855, "Publication Count": 0.14285714285714285}, "ohio state university": {"Citation Count": 4.75, "Publication Count": 1.75}, "university of florida": {"Citation Count": 5.0285714285714285, "Publication Count": 1.7428571428571429}, "university of virginia": {"Citation Count": 0.0, "Publication Count": 1.0}, "university of twente": {"Citation Count": 1.3333333333333333, "Publication Count": 0.3333333333333333}, "eth zurich": {"Citation Count": 5.133333333333333, "Publication Count": 2.466666666666667}, "university college london": {"Citation Count": 0.2, "Publication Count": 0.2}, "commonwealth scientific and industrial research organisation": {"Citation Count": 7.333333333333333, "Publication Count": 1.0}, "university of sydney": {"Citation Count": 3.333333333333333, "Publication Count": 0.3333333333333333}, "imperial college london": {"Citation Count": 13.0, "Publication Count": 1.0}, "max planck society": {"Citation Count": 1.0, "Publication Count": 0.6000000000000001}, "university of maryland college park": {"Citation Count": 1.0, "Publication Count": 1.3666666666666667}, "massachusetts institute of technology": {"Citation Count": 0.0, "Publication Count": 0.6285714285714286}, "tsinghua university": {"Citation Count": 5.55, "Publication Count": 1.85}, "george mason university": {"Citation Count": 0.0, "Publication Count": 0.5833333333333333}, "texas a m university": {"Citation Count": 1.8, "Publication Count": 0.3916666666666666}, "university of illinois at urbana champaign": {"Citation Count": 8.942857142857143, "Publication Count": 2.35}, "university of bristol": {"Citation Count": 2.8285714285714287, "Publication Count": 0.7357142857142858}, "google": {"Citation Count": 0.6666666666666666, "Publication Count": 0.3333333333333333}, "university of california": {"Citation Count": 0.8571428571428571, "Publication Count": 0.7428571428571429}, "katholieke universiteit leuven": {"Citation Count": 3.0250000000000004, "Publication Count": 1.225}, "hong kong polytechnic university": {"Citation Count": 1.0, "Publication Count": 0.125}, "university of electronic science and technology of china": {"Citation Count": 5.0, "Publication Count": 0.625}, "university of guelph": {"Citation Count": 1.0, "Publication Count": 0.125}, "centre national de la recherche scientifique": {"Citation Count": 0.9166666666666666, "Publication Count": 0.41666666666666663}, "grenoble institute of technology": {"Citation Count": 0.125, "Publication Count": 0.125}, "hong kong university of science and technology": {"Citation Count": 1.0, "Publication Count": 1.5}, "ecole polytechnique federale de lausanne": {"Citation Count": 2.2, "Publication Count": 0.4}, "singapore university of technology and design": {"Citation Count": 1.2000000000000002, "Publication Count": 0.2}, "vu university amsterdam": {"Citation Count": 4.0, "Publication Count": 1.0}, "state university of new york system": {"Citation Count": 1.5, "Publication Count": 0.5}, "vienna university of technology": {"Citation Count": 0.3333333333333333, "Publication Count": 0.3333333333333333}, "delft university of technology": {"Citation Count": 0.6666666666666666, "Publication Count": 0.16666666666666666}, "nanyang technological university": {"Citation Count": 2.6666666666666665, "Publication Count": 0.6666666666666666}, "korea university": {"Citation Count": 1.0, "Publication Count": 1.0}, "rice university": {"Citation Count": 0.8, "Publication Count": 0.1}, "university of california berkeley": {"Citation Count": 3.8, "Publication Count": 1.1}, "clemson university": {"Citation Count": 0.8, "Publication Count": 0.1}, "bosch": {"Citation Count": 1.0, "Publication Count": 1.3333333333333333}, "harvard university": {"Citation Count": 2.8000000000000003, "Publication Count": 0.7333333333333334}, "information sciences institute": {"Citation Count": 0.0, "Publication Count": 0.3333333333333333}, "university of southern california": {"Citation Count": 0.0, "Publication Count": 0.3333333333333333}, "university of nevada reno": {"Citation Count": 2.0, "Publication Count": 1.0}, "brown university": {"Citation Count": 3.0, "Publication Count": 1.0}, "university of south florida": {"Citation Count": 0.0, "Publication Count": 0.6666666666666666}, "university of tennessee": {"Citation Count": 5.0, "Publication Count": 1.0}, "international computer science institute": {"Citation Count": 0.125, "Publication Count": 0.125}, "cornell university": {"Citation Count": 1.3333333333333333,