{"carnegie mellon university": {"Citation Count": 32.25714285714286, "Publication Count": 2.1595238095238094}, "intel": {"Citation Count": 13.833333333333334, "Publication Count": 1.1666666666666667}, "google": {"Citation Count": 11.857142857142856, "Publication Count": 1.714285714285714}, "georgia institute of technology": {"Citation Count": 3.4285714285714284, "Publication Count": 0.5714285714285714}, "university of wisconsin madison": {"Citation Count": 31.333333333333332, "Publication Count": 2.0}, "university of illinois at chicago": {"Citation Count": 3.0, "Publication Count": 0.3333333333333333}, "stanford university": {"Citation Count": 12.857142857142858, "Publication Count": 1.4285714285714286}, "university of utah": {"Citation Count": 0.8571428571428571, "Publication Count": 0.14285714285714285}, "massachusetts institute of technology": {"Citation Count": 48.023809523809526, "Publication Count": 2.7261904761904763}, "ohio state university": {"Citation Count": 58.0, "Publication Count": 1.0}, "microsoft": {"Citation Count": 47.02619047619047, "Publication Count": 5.173809523809524}, "alibaba group": {"Citation Count": 8.160714285714285, "Publication Count": 0.6607142857142856}, "beihang university": {"Citation Count": 0.375, "Publication Count": 0.125}, "university of cambridge": {"Citation Count": 1.3333333333333333, "Publication Count": 0.3333333333333333}, "broadcom": {"Citation Count": 2.6666666666666665, "Publication Count": 0.6666666666666666}, "university of california san diego": {"Citation Count": 7.2, "Publication Count": 1.0}, "eth zurich": {"Citation Count": 22.583333333333336, "Publication Count": 2.7583333333333333}, "facebook": {"Citation Count": 2.6166666666666667, "Publication Count": 0.5249999999999999}, "university of california berkeley": {"Citation Count": 23.466666666666665, "Publication Count": 2.1333333333333333}, "brown university": {"Citation Count": 2.571428571428571, "Publication Count": 0.2857142857142857}, "university of southern california": {"Citation Count": 3.75, "Publication Count": 0.75}, "vmware": {"Citation Count": 2.0, "Publication Count": 0.375}, "cornell university": {"Citation Count": 8.714285714285714, "Publication Count": 0.976190476190476}, "hebrew university of jerusalem": {"Citation Count": 1.3333333333333333, "Publication Count": 0.16666666666666666}, "yale university": {"Citation Count": 4.0, "Publication Count": 0.2857142857142857}, "princeton university": {"Citation Count": 8.75, "Publication Count": 0.6964285714285714}, "university of massachusetts amherst": {"Citation Count": 2.0, "Publication Count": 0.14285714285714285}, "indian institute of technology kharagpur": {"Citation Count": 2.8000000000000003, "Publication Count": 0.2}, "tsinghua university": {"Citation Count": 5.65, "Publication Count": 0.625}, "indian institute of technology madras": {"Citation Count": 0.8, "Publication Count": 0.2}, "university of washington": {"Citation Count": 5.8, "Publication Count": 1.5142857142857142}, "shandong university": {"Citation Count": 3.5, "Publication Count": 0.5}, "emory university": {"Citation Count": 0.7000000000000001, "Publication Count": 0.1}, "qatar computing research institute": {"Citation Count": 0.7000000000000001, "Publication Count": 0.1}, "rice university": {"Citation Count": 1.3333333333333333, "Publication Count": 0.3333333333333333}, "university of pennsylvania": {"Citation Count": 1.3333333333333333, "Publication Count": 0.3333333333333333}, "harvard university": {"Citation Count": 4.333333333333333, "Publication Count": 1.1666666666666665}, "seoul national university": {"Citation Count": 3.0, "Publication Count": 1.0}, "indian institute of technology bombay": {"Citation Count": 0.0, "Publication Count": 0.2}, "university of michigan": {"Citation Count": 15.857142857142856, "Publication Count": 0.42857142857142855}, "ecole polytechnique federale de lausanne": {"Citation Count": 7.0, "Publication Count": 1.0}, "polytechnic university of milan": {"Citation Count": 14.5, "Publication Count": 0.5}, "university of rome tor vergata": {"Citation Count": 14.5, "Publication Count": 0.5}, "university of illinois at urbana champaign": {"Citation Count": 24.666666666666664, "Publication Count": 3.0}, "lancaster university": {"Citation Count": 0.0, "Publication Count": 0.2}, "new york university": {"Citation Count": 1.7142857142857142, "Publication Count": 0.14285714285714285}, "kaist": {"Citation Count": 1.1666666666666665, "Publication Count": 0.16666666666666666}, "national center for supercomputing applications": {"Citation Count": 0.5, "Publication Count": 0.16666666666666666}, "politehnica university of bucharest": {"Citation Count": 3.0, "Publication Count": 1.0}, "columbia university": {"Citation Count": 0.75, "Publication Count": 0.125}, "university of nebraska lincoln": {"Citation Count": 0.75, "Publication Count": 0.75}, "university of virginia": {"Citation Count": 0.25, "Publication Count": 0.25}, "university of the philippines diliman": {"Citation Count": 0.4, "Publication Count": 0.2}}