{"french institute for research in computer science and automation": {"Citation Count": 359.6666666666667, "Publication Count": 2.6666666666666665}, "aberystwyth university": {"Citation Count": 19.0, "Publication Count": 1.0}, "intel": {"Citation Count": 39.75, "Publication Count": 0.25}, "carnegie mellon university": {"Citation Count": 285.2916666666667, "Publication Count": 1.7916666666666665}, "university of pittsburgh": {"Citation Count": 19.875, "Publication Count": 0.125}, "michigan state university": {"Citation Count": 306.875, "Publication Count": 1.125}, "nanyang technological university": {"Citation Count": 235.80833333333334, "Publication Count": 1.6583333333333332}, "university of california berkeley": {"Citation Count": 389.8333333333333, "Publication Count": 2.1666666666666665}, "university of miami": {"Citation Count": 271.3333333333333, "Publication Count": 0.3333333333333333}, "university of texas at arlington": {"Citation Count": 271.3333333333333, "Publication Count": 0.3333333333333333}, "massachusetts institute of technology": {"Citation Count": 124.66666666666664, "Publication Count": 1.6666666666666665}, "the chinese university of hong kong": {"Citation Count": 310.0833333333333, "Publication Count": 4.916666666666666}, "princeton university": {"Citation Count": 100.66666666666666, "Publication Count": 1.8333333333333333}, "yale university": {"Citation Count": 18.0, "Publication Count": 0.8333333333333333}, "los alamos national laboratory": {"Citation Count": 413.3333333333333, "Publication Count": 0.3333333333333333}, "university of cambridge": {"Citation Count": 853.1666666666666, "Publication Count": 1.6666666666666665}, "bielefeld university": {"Citation Count": 3.2, "Publication Count": 0.2}, "university of toronto": {"Citation Count": 122.05, "Publication Count": 2.05}, "university of california san diego": {"Citation Count": 359.0, "Publication Count": 1.3333333333333333}, "johns hopkins university": {"Citation Count": 209.5, "Publication Count": 2.1666666666666665}, "university of adelaide": {"Citation Count": 13.0, "Publication Count": 0.3333333333333333}, "university of padua": {"Citation Count": 15.0, "Publication Count": 0.3333333333333333}, "university of pavia": {"Citation Count": 30.0, "Publication Count": 0.6666666666666666}, "tsinghua university": {"Citation Count": 73.66666666666666, "Publication Count": 1.6666666666666665}, "rensselaer polytechnic institute": {"Citation Count": 726.3333333333334, "Publication Count": 2.1666666666666665}, "general electric": {"Citation Count": 41.666666666666664, "Publication Count": 0.3333333333333333}, "university of california santa cruz": {"Citation Count": 220.0, "Publication Count": 2.0}, "university of central florida": {"Citation Count": 216.0, "Publication Count": 0.75}, "katholieke universiteit leuven": {"Citation Count": 255.0, "Publication Count": 2.25}, "ibm": {"Citation Count": 14.4, "Publication Count": 0.5333333333333333}, "mitsubishi": {"Citation Count": 9.0, "Publication Count": 0.3333333333333333}, "radboud university nijmegen": {"Citation Count": 76.0, "Publication Count": 1.0}, "university of california los angeles": {"Citation Count": 387.7166666666667, "Publication Count": 1.7833333333333332}, "chinese academy of sciences": {"Citation Count": 433.6119047619047, "Publication Count": 1.569047619047619}, "max planck society": {"Citation Count": 356.0, "Publication Count": 0.8333333333333333}, "university of bonn": {"Citation Count": 74.0, "Publication Count": 1.3333333333333333}, "microsoft": {"Citation Count": 230.58333333333334, "Publication Count": 2.8333333333333335}, "lyon college": {"Citation Count": 52.0, "Publication Count": 1.0}, "ecole normale superieure": {"Citation Count": 2772.75, "Publication Count": 4.75}, "university of south florida": {"Citation Count": 104.0, "Publication Count": 1.0}, "it university of copenhagen": {"Citation Count": 562.0, "Publication Count": 0.5}, "eth zurich": {"Citation Count": 31.5, "Publication Count": 0.5}, "boston university": {"Citation Count": 10.0, "Publication Count": 1.0}, "university of oxford": {"Citation Count": 21.333333333333332, "Publication Count": 0.3333333333333333}, "oxford brookes university": {"Citation Count": 48.0, "Publication Count": 1.0}, "stanford university": {"Citation Count": 39.33333333333333, "Publication Count": 0.6666666666666666}, "hong kong university of science and technology": {"Citation Count": 83.0, "Publication Count": 2.0}, "university of tokyo": {"Citation Count": 24.666666666666664, "Publication Count": 0.6666666666666666}, "nara institute of science and technology": {"Citation Count": 20.53333333333333, "Publication Count": 0.5333333333333333}, "university of the basque country": {"Citation Count": 551.0, "Publication Count": 1.0}, "iowa state university": {"Citation Count": 9.0, "Publication Count": 1.0}, "university of gottingen": {"Citation Count": 30.0, "Publication Count": 1.0}, "university of maryland college park": {"Citation Count": 212.2, "Publication Count": 3.6}, "adobe systems": {"Citation Count": 211.75, "Publication Count": 1.75}, "stevens institute of technology": {"Citation Count": 7.5, "Publication Count": 0.5}, "university of pennsylvania": {"Citation Count": 7.5, "Publication Count": 0.5}, "university of antwerp": {"Citation Count": 22.0, "Publication Count": 1.0}, "university of north carolina at chapel hill": {"Citation Count": 46.375, "Publication Count": 0.875}, "university of utah": {"Citation Count": 6.625, "Publication Count": 0.125}, "wayne state university": {"Citation Count": 28.333333333333332, "Publication Count": 0.3333333333333333}, "stony brook university": {"Citation Count": 56.666666666666664, "Publication Count": 0.6666666666666666}, "university of edinburgh": {"Citation Count": 109.0, "Publication Count": 0.5}, "sapienza university of rome": {"Citation Count": 109.0, "Publication Count": 0.5}, "technion israel institute of technology": {"Citation Count": 179.0, "Publication Count": 2.6666666666666665}, "graz university of technology": {"Citation Count": 34.0, "Publication Count": 1.0}, "paris dauphine university": {"Citation Count": 53.0, "Publication Count": 1.0}, "purdue university": {"Citation Count": 125.0, "Publication Count": 2.0}, "national university of singapore": {"Citation Count": 43.5, "Publication Count": 1.25}, "university of trento": {"Citation Count": 397.0, "Publication Count": 1.0}, "ionian university": {"Citation Count": 0.16666666666666666, "Publication Count": 0.16666666666666666}, "national and kapodistrian university of athens": {"Citation Count": 0.8333333333333334, "Publication Count": 0.8333333333333334}, "university of texas at dallas": {"Citation Count": 85.0, "Publication Count": 0.25}, "university of notre dame": {"Citation Count": 170.0, "Publication Count": 0.5}, "national institute of standards and technology": {"Citation Count": 85.0, "Publication Count": 0.25}, "temple university": {"Citation Count": 93.60000000000001, "Publication Count": 0.4}, "huazhong university of science and technology": {"Citation Count": 329.1, "Publication Count": 0.9}, "national tsing hua university": {"Citation Count": 68.0, "Publication Count": 1.0}, "university of kentucky": {"Citation Count": 75.0, "Publication Count": 0.75}, "shanghai jiao tong university": {"Citation Count": 17.5, "Publication Count": 0.5}, "ben gurion university of the negev": {"Citation Count": 48.0, "Publication Count": 2.0}, "tokyo institute of technology": {"Citation Count": 18.0, "Publication Count": 1.0}, "ircam": {"Citation Count": 119.0, "Publication Count": 1.0}, "columbia university": {"Citation Count": 13.0, "Publication Count": 1.0}, "duke university": {"Citation Count": 46.0, "Publication Count": 1.0}, "university of washington": {"Citation Count": 97.0, "Publication Count": 0.75}, "kaist": {"Citation Count": 347.5, "Publication Count": 0.75}, "university of science and technology of china": {"Citation Count": 20.666666666666664,