{"university of paris sud": {"Citation Count": 24.5, "Publication Count": 0.7916666666666666}, "paris diderot university": {"Citation Count": 49.666666666666664, "Publication Count": 1.0}, "university of lorraine": {"Citation Count": 3.833333333333333, "Publication Count": 0.16666666666666666}, "university of turin": {"Citation Count": 3.833333333333333, "Publication Count": 0.16666666666666666}, "facebook": {"Citation Count": 2.5, "Publication Count": 0.8333333333333333}, "microsoft": {"Citation Count": 244.16666666666666, "Publication Count": 5.654761904761904}, "university of pennsylvania": {"Citation Count": 163.61111111111111, "Publication Count": 2.888888888888889}, "university of padua": {"Citation Count": 9.333333333333332, "Publication Count": 0.6666666666666666}, "university of oxford": {"Citation Count": 96.99999999999999, "Publication Count": 2.25}, "university of colorado boulder": {"Citation Count": 20.333333333333332, "Publication Count": 1.3333333333333333}, "imperial college london": {"Citation Count": 52.5, "Publication Count": 1.625}, "ecole normale superieure de lyon": {"Citation Count": 6.5, "Publication Count": 0.125}, "french institute for research in computer science and automation": {"Citation Count": 69.66666666666666, "Publication Count": 1.0178571428571428}, "radboud university nijmegen": {"Citation Count": 23.0, "Publication Count": 1.0}, "university of massachusetts amherst": {"Citation Count": 41.5, "Publication Count": 0.30952380952380953}, "princeton university": {"Citation Count": 76.0, "Publication Count": 0.2857142857142857}, "carnegie mellon university": {"Citation Count": 71.46666666666667, "Publication Count": 1.0095238095238095}, "cornell university": {"Citation Count": 110.0, "Publication Count": 1.2857142857142856}, "swarthmore college": {"Citation Count": 38.0, "Publication Count": 0.14285714285714285}, "stanford university": {"Citation Count": 8.666666666666666, "Publication Count": 0.6666666666666666}, "university of california berkeley": {"Citation Count": 6.333333333333333, "Publication Count": 0.3333333333333333}, "university of toronto": {"Citation Count": 101.86666666666667, "Publication Count": 2.1333333333333333}, "university of freiburg": {"Citation Count": 9.0, "Publication Count": 0.3333333333333333}, "portland state university": {"Citation Count": 9.777777777777777, "Publication Count": 0.2222222222222222}, "harvard university": {"Citation Count": 9.777777777777777, "Publication Count": 0.2222222222222222}, "nicta": {"Citation Count": 46.25, "Publication Count": 0.25}, "university of kent": {"Citation Count": 46.25, "Publication Count": 0.25}, "university of cambridge": {"Citation Count": 92.5, "Publication Count": 0.5}, "imdea": {"Citation Count": 72.0, "Publication Count": 1.3928571428571426}, "rice university": {"Citation Count": 39.666666666666664, "Publication Count": 1.1666666666666665}, "massachusetts institute of technology": {"Citation Count": 51.33333333333333, "Publication Count": 1.3333333333333333}, "ecole polytechnique federale de lausanne": {"Citation Count": 95.0, "Publication Count": 1.0}, "university of birmingham": {"Citation Count": 10.666666666666666, "Publication Count": 0.6666666666666666}, "indiana university": {"Citation Count": 21.333333333333332, "Publication Count": 0.6666666666666666}, "sorbonne": {"Citation Count": 39.0, "Publication Count": 1.0}, "centre national de la recherche scientifique": {"Citation Count": 25.666666666666664, "Publication Count": 0.6666666666666666}, "university of bologna": {"Citation Count": 24.0, "Publication Count": 0.6666666666666666}, "university of paris": {"Citation Count": 38.666666666666664, "Publication Count": 0.6666666666666666}, "university of edinburgh": {"Citation Count": 7.333333333333333, "Publication Count": 0.16666666666666666}, "uppsala university": {"Citation Count": 124.33333333333333, "Publication Count": 1.1666666666666667}, "northeastern university": {"Citation Count": 5.0, "Publication Count": 1.0}, "mcgill university": {"Citation Count": 25.0, "Publication Count": 1.0}, "tel aviv university": {"Citation Count": 10.5, "Publication Count": 0.5}, "university of maryland college park": {"Citation Count": 55.0, "Publication Count": 1.1428571428571428}, "university college london": {"Citation Count": 28.0, "Publication Count": 1.0}, "nanyang technological university": {"Citation Count": 4.25, "Publication Count": 0.25}, "australian national university": {"Citation Count": 12.75, "Publication Count": 0.75}, "pohang university of science and technology": {"Citation Count": 17.0, "Publication Count": 1.0}, "university of strathclyde": {"Citation Count": 16.5, "Publication Count": 0.5}, "appalachian state university": {"Citation Count": 16.5, "Publication Count": 0.5}, "queen mary university of london": {"Citation Count": 2.0, "Publication Count": 0.5}, "university of warwick": {"Citation Count": 2.0, "Publication Count": 0.5}, "oregon state university": {"Citation Count": 42.0, "Publication Count": 1.0}, "institute of science and technology austria": {"Citation Count": 8.666666666666666, "Publication Count": 0.6666666666666666}, "interdisciplinary center herzliya": {"Citation Count": 4.333333333333333, "Publication Count": 0.3333333333333333}, "ludwig maximilian university of munich": {"Citation Count": 9.666666666666666, "Publication Count": 0.3333333333333333}, "federal university of paraiba": {"Citation Count": 9.666666666666666, "Publication Count": 0.3333333333333333}, "dalhousie university": {"Citation Count": 17.666666666666664, "Publication Count": 0.3333333333333333}, "national scientific and technical research council": {"Citation Count": 13.666666666666666, "Publication Count": 0.3333333333333333}}