{"eth zurich": {"Citation Count": 75.16666666666666, "Publication Count": 7.783333333333333}, "los alamos national laboratory": {"Citation Count": 5.816666666666666, "Publication Count": 0.7}, "nvidia": {"Citation Count": 5.530686612965094, "Publication Count": 2.216858457997698}, "university of michigan": {"Citation Count": 4.75, "Publication Count": 0.75}, "oak ridge national laboratory": {"Citation Count": 11.7, "Publication Count": 1.7666666666666666}, "huazhong university of science and technology": {"Citation Count": 4.357142857142858, "Publication Count": 1.4642857142857144}, "national university of singapore": {"Citation Count": 0.25, "Publication Count": 0.125}, "university of warwick": {"Citation Count": 0.25, "Publication Count": 0.125}, "north carolina state university": {"Citation Count": 3.9999999999999996, "Publication Count": 1.3333333333333333}, "bosch": {"Citation Count": 0.3333333333333333, "Publication Count": 0.3333333333333333}, "lawrence berkeley national laboratory": {"Citation Count": 14.43048128342246, "Publication Count": 3.799197860962567}, "texas tech university": {"Citation Count": 2.4, "Publication Count": 0.6}, "new york university": {"Citation Count": 3.1647058823529415, "Publication Count": 0.8588235294117648}, "university of colorado boulder": {"Citation Count": 0.6000000000000001, "Publication Count": 0.2}, "university of california": {"Citation Count": 10.733333333333334, "Publication Count": 2.795238095238095}, "ibm": {"Citation Count": 5.256329113924051, "Publication Count": 0.8364978902953586}, "georgia institute of technology": {"Citation Count": 6.95, "Publication Count": 2.6166666666666667}, "google": {"Citation Count": 16.866666666666667, "Publication Count": 1.7}, "university of california berkeley": {"Citation Count": 7.0, "Publication Count": 0.5}, "university of california los angeles": {"Citation Count": 2.333333333333333, "Publication Count": 0.16666666666666666}, "university of illinois at urbana champaign": {"Citation Count": 21.20388788426763, "Publication Count": 2.1912296564195297}, "institute of science and technology austria": {"Citation Count": 5.6000000000000005, "Publication Count": 0.4}, "microsoft": {"Citation Count": 2.8000000000000003, "Publication Count": 0.2}, "qatar computing research institute": {"Citation Count": 0.2857142857142857, "Publication Count": 0.2857142857142857}, "tsinghua university": {"Citation Count": 0.5714285714285714, "Publication Count": 0.5714285714285714}, "emory university": {"Citation Count": 0.8928571428571428, "Publication Count": 0.39285714285714285}, "university of nevada reno": {"Citation Count": 5.0, "Publication Count": 0.8333333333333334}, "university of southern california": {"Citation Count": 9.0, "Publication Count": 1.0}, "hewlett packard": {"Citation Count": 2.45, "Publication Count": 0.575}, "kaist": {"Citation Count": 0.2, "Publication Count": 0.2}, "university of pisa": {"Citation Count": 2.0, "Publication Count": 0.3333333333333333}, "florida state university": {"Citation Count": 1.6, "Publication Count": 0.8}, "koc university": {"Citation Count": 1.0, "Publication Count": 1.0}, "college of william mary": {"Citation Count": 5.5, "Publication Count": 1.75}, "university of maryland college park": {"Citation Count": 2.0, "Publication Count": 1.0}, "university of wisconsin madison": {"Citation Count": 1.0, "Publication Count": 1.0}, "purdue university": {"Citation Count": 1.2000000000000002, "Publication Count": 1.0666666666666667}, "indian institutes of technology": {"Citation Count": 0.0, "Publication Count": 0.3333333333333333}, "chinese academy of sciences": {"Citation Count": 4.666666666666667, "Publication Count": 1.6666666666666665}, "university of manchester": {"Citation Count": 1.6, "Publication Count": 0.2}, "university of tennessee": {"Citation Count": 13.4, "Publication Count": 1.8}, "lawrence livermore national laboratory": {"Citation Count": 18.974156118143462, "Publication Count": 3.2579113924050636}, "university of chicago": {"Citation Count": 4.714285714285714, "Publication Count": 1.4285714285714286}, "university of oxford": {"Citation Count": 2.294117647058824, "Publication Count": 0.17647058823529413}, "university of british columbia": {"Citation Count": 11.294117647058824, "Publication Count": 0.9264705882352942}, "intel": {"Citation Count": 3.823529411764706, "Publication Count": 0.29411764705882354}, "university of liege": {"Citation Count": 0.7647058823529411, "Publication Count": 0.058823529411764705}, "cern": {"Citation Count": 0.7647058823529411, "Publication Count": 0.058823529411764705}, "technische universitat munchen": {"Citation Count": 12.025316455696203, "Publication Count": 2.0126582278481013}, "auburn university": {"Citation Count": 1.6666666666666665, "Publication Count": 0.16666666666666666}, "pacific northwest national laboratory": {"Citation Count": 5.358649789029536, "Publication Count": 0.8459915611814346}, "university of alabama": {"Citation Count": 1.0, "Publication Count": 0.14285714285714285}, "argonne national laboratory": {"Citation Count": 24.75714285714286, "Publication Count": 3.0214285714285714}, "duke university": {"Citation Count": 2.333333333333333, "Publication Count": 0.6666666666666666}, "university of texas at austin": {"Citation Count": 13.916666666666668, "Publication Count": 2.0833333333333335}, "boston university": {"Citation Count": 13.625, "Publication Count": 1.375}, "tokyo institute of technology": {"Citation Count": 4.15, "Publication Count": 0.825}, "columbia university": {"Citation Count": 3.2727272727272725, "Publication Count": 0.5454545454545454}, "massachusetts institute of technology": {"Citation Count": 0.5454545454545454, "Publication Count": 0.09090909090909091}, "cray": {"Citation Count": 3.3, "Publication Count": 0.5166666666666667}, "rice university": {"Citation Count": 4.0, "Publication Count": 1.0}, "ohio state university": {"Citation Count": 3.6666666666666665, "Publication Count": 1.8333333333333333}, "slac national accelerator laboratory": {"Citation Count": 0.0, "Publication Count": 0.25}, "stanford university": {"Citation Count": 0.0, "Publication Count": 0.75}, "tel aviv university": {"Citation Count": 0.25, "Publication Count": 0.25}, "university of tokyo": {"Citation Count": 3.0, "Publication Count": 1.0}, "national technical university of athens": {"Citation Count": 3.0, "Publication Count": 1.0}, "university of utah": {"Citation Count": 4.833333333333333, "Publication Count": 1.4}, "bilkent university": {"Citation Count": 0.0, "Publication Count": 0.5}, "stony brook university": {"Citation Count": 2.0, "Publication Count": 0.5}, "brookhaven national laboratory": {"Citation Count": 2.0, "Publication Count": 0.5}, "facebook": {"Citation Count": 1.0, "Publication Count": 0.2}, "national institute of advanced industrial science and technology": {"Citation Count": 3.6, "Publication Count": 1.8}, "sandia national laboratories": {"Citation Count": 8.083333333333334, "Publication Count": 1.5833333333333335}, "technical university of ostrava": {"Citation Count": 2.8, "Publication Count": 0.35}, "san jose state university": {"Citation Count": 0.4583333333333333, "Publication Count": 0.041666666666666664}, "kent state university": {"Citation Count": 0.25, "Publication Count": 0.25}, "university of erlangen nuremberg": {"Citation Count": 5.444444444444445, "Publication Count": 0.7777777777777778}, "karlsruhe institute of technology": {"Citation Count": 1.5555555555555554, "Publication Count": 0.2222222222222222}, "graz university of technology": {"Citation Count": 0.0, "Publication Count": 0.5}, "iowa state university": {"Citation Count": 1.5, "Publication Count": 0.5}, "louisiana state university": {"Citation Count": 5.333333333333333, "Publication Count": 0.7222222222222222}, "university of oregon": {"Citation Count": 1.0, "Publication Count": 0.1111111111111111}, "university of stuttgart": {"Citation Count": 3.0, "Publication Count": 0.3333333333333333},