{"imperial college london": {"Citation Count": 34.0, "Publication Count": 1.0}, "lawrence livermore national laboratory": {"Citation Count": 119.80724637681159, "Publication Count": 7.380434782608695}, "chiba university": {"Citation Count": 3.6666666666666665, "Publication Count": 0.3333333333333333}, "kobe university": {"Citation Count": 3.6666666666666665, "Publication Count": 0.3333333333333333}, "fujitsu": {"Citation Count": 3.6666666666666665, "Publication Count": 0.3333333333333333}, "chinese academy of sciences": {"Citation Count": 36.59740259740259, "Publication Count": 0.987012987012987}, "columbia university": {"Citation Count": 38.55357142857143, "Publication Count": 1.0178571428571428}, "university of south carolina": {"Citation Count": 4.428571428571428, "Publication Count": 0.14285714285714285}, "state oceanic administration": {"Citation Count": 15.545454545454547, "Publication Count": 0.8181818181818182}, "tsinghua university": {"Citation Count": 56.35573122529644, "Publication Count": 1.7312252964426875}, "beijing normal university": {"Citation Count": 6.644268774703558, "Publication Count": 0.17786561264822134}, "rwth aachen university": {"Citation Count": 15.833333333333332, "Publication Count": 1.4166666666666665}, "west virginia university": {"Citation Count": 5.666666666666666, "Publication Count": 0.3333333333333333}, "intel": {"Citation Count": 74.8047619047619, "Publication Count": 3.138095238095238}, "sandia national laboratories": {"Citation Count": 15.441666666666666, "Publication Count": 1.2249999999999999}, "ibm": {"Citation Count": 38.95652173913044, "Publication Count": 2.217391304347826}, "virginia tech": {"Citation Count": 24.25, "Publication Count": 2.75}, "united states army research laboratory": {"Citation Count": 3.4782608695652173, "Publication Count": 0.10869565217391304}, "air force research laboratory": {"Citation Count": 1.391304347826087, "Publication Count": 0.043478260869565216}, "eth zurich": {"Citation Count": 54.5, "Publication Count": 3.05}, "dresden university of technology": {"Citation Count": 7.5, "Publication Count": 0.5}, "university of illinois at urbana champaign": {"Citation Count": 57.7, "Publication Count": 3.35}, "university of massachusetts amherst": {"Citation Count": 29.0, "Publication Count": 1.75}, "university of minnesota": {"Citation Count": 18.333333333333332, "Publication Count": 0.9166666666666666}, "french institute for research in computer science and automation": {"Citation Count": 7.128571428571429, "Publication Count": 0.8428571428571427}, "enseeiht": {"Citation Count": 3.5, "Publication Count": 0.5}, "oak ridge national laboratory": {"Citation Count": 32.93571428571428, "Publication Count": 2.5928571428571425}, "university of british columbia": {"Citation Count": 17.333333333333332, "Publication Count": 0.6666666666666666}, "european centre for medium range weather forecasts": {"Citation Count": 0.4, "Publication Count": 0.2}, "university of mainz": {"Citation Count": 1.6, "Publication Count": 0.8}, "texas state university": {"Citation Count": 10.0, "Publication Count": 1.0}, "lawrence berkeley national laboratory": {"Citation Count": 24.79583333333333, "Publication Count": 1.6708333333333334}, "university at buffalo": {"Citation Count": 22.0, "Publication Count": 1.0}, "university of nevada reno": {"Citation Count": 3.5, "Publication Count": 0.25}, "microsoft": {"Citation Count": 31.75, "Publication Count": 1.0}, "college of william mary": {"Citation Count": 6.300000000000001, "Publication Count": 0.45}, "university of tennessee": {"Citation Count": 11.428571428571429, "Publication Count": 0.7142857142857143}, "university of paris": {"Citation Count": 2.2857142857142856, "Publication Count": 0.14285714285714285}, "university of new mexico": {"Citation Count": 8.666666666666666, "Publication Count": 1.2666666666666666}, "university of alabama at birmingham": {"Citation Count": 2.333333333333333, "Publication Count": 0.16666666666666666}, "stanford university": {"Citation Count": 5.666666666666666, "Publication Count": 0.7333333333333333}, "national technical university of athens": {"Citation Count": 2.6666666666666665, "Publication Count": 0.3333333333333333}, "tokyo institute of technology": {"Citation Count": 52.5, "Publication Count": 0.75}, "florida state university": {"Citation Count": 22.0, "Publication Count": 1.2000000000000002}, "los alamos national laboratory": {"Citation Count": 1.5, "Publication Count": 0.30000000000000004}, "ohio state university": {"Citation Count": 15.714285714285714, "Publication Count": 2.071428571428571}, "polytechnic university of catalonia": {"Citation Count": 19.083333333333336, "Publication Count": 0.9166666666666667}, "university of cantabria": {"Citation Count": 5.5, "Publication Count": 0.125}, "barcelona supercomputing center": {"Citation Count": 38.41666666666667, "Publication Count": 1.3333333333333335}, "forschungszentrum julich": {"Citation Count": 5.5, "Publication Count": 0.125}, "centre national de la recherche scientifique": {"Citation Count": 5.5, "Publication Count": 0.125}, "atos": {"Citation Count": 3.6666666666666665, "Publication Count": 0.08333333333333333}, "nvidia": {"Citation Count": 56.29166666666667, "Publication Count": 1.5}, "rice university": {"Citation Count": 3.0, "Publication Count": 0.5}, "pacific northwest national laboratory": {"Citation Count": 1.4285714285714284, "Publication Count": 0.14285714285714285}, "stony brook university": {"Citation Count": 1.4285714285714284, "Publication Count": 0.14285714285714285}, "university of utah": {"Citation Count": 3.142857142857143, "Publication Count": 0.14285714285714285}, "university of arizona": {"Citation Count": 6.285714285714286, "Publication Count": 0.2857142857142857}, "university of chicago": {"Citation Count": 18.25, "Publication Count": 0.45}, "argonne national laboratory": {"Citation Count": 41.851190476190474, "Publication Count": 2.3202380952380954}, "princeton plasma physics laboratory": {"Citation Count": 1.6666666666666665, "Publication Count": 0.3333333333333333}, "princeton university": {"Citation Count": 0.8333333333333333, "Publication Count": 0.16666666666666666}, "university of texas at austin": {"Citation Count": 25.916666666666668, "Publication Count": 2.3833333333333333}, "pennsylvania state university": {"Citation Count": 21.666666666666668, "Publication Count": 1.0}, "technische universitat munchen": {"Citation Count": 1.0, "Publication Count": 0.5}, "university of stuttgart": {"Citation Count": 0.3333333333333333, "Publication Count": 0.16666666666666666}, "yonsei university": {"Citation Count": 4.166666666666666, "Publication Count": 0.16666666666666666}, "technical university of madrid": {"Citation Count": 6.6, "Publication Count": 0.6}, "intelligence and national security alliance": {"Citation Count": 2.2, "Publication Count": 0.2}, "university of california": {"Citation Count": 21.383333333333333, "Publication Count": 1.5166666666666668}, "seoul national university": {"Citation Count": 7.0, "Publication Count": 1.0}, "north carolina state university": {"Citation Count": 55.166666666666664, "Publication Count": 1.9166666666666665}, "university of bristol": {"Citation Count": 8.5, "Publication Count": 0.25}, "illinois institute of technology": {"Citation Count": 19.942857142857143, "Publication Count": 0.8285714285714285}, "northern illinois university": {"Citation Count": 3.9142857142857146, "Publication Count": 0.34285714285714286}, "clemson university": {"Citation Count": 0.5, "Publication Count": 0.1}, "king abdullah university of science and technology": {"Citation Count": 25.0, "Publication Count": 1.0}, "georgia institute of technology": {"Citation Count": 7.75, "Publication Count": 0.9166666666666666}, "indian institutes of technology": {"Citation Count": 0.0, "Publication Count": 0.3333333333333333}, "boston university": {"Citation Count": 5.6000000000000005, "Publication Count": 0.4},