{"university of illinois at urbana champaign": {"Citation Count": 88.0, "Publication Count": 2.0}, "max planck society": {"Citation Count": 76.63333333333333, "Publication Count": 1.5333333333333332}, "free university of bozen bolzano": {"Citation Count": 0.6666666666666666, "Publication Count": 0.6666666666666666}, "florida international university": {"Citation Count": 22.666666666666664, "Publication Count": 0.6666666666666666}, "university of texas at arlington": {"Citation Count": 11.333333333333332, "Publication Count": 0.3333333333333333}, "katholieke universiteit leuven": {"Citation Count": 75.75, "Publication Count": 1.25}, "wuhan university of science and technology": {"Citation Count": 2.083333333333333, "Publication Count": 0.08333333333333333}, "hungarian academy of sciences": {"Citation Count": 4.166666666666666, "Publication Count": 0.16666666666666666}, "tufts university": {"Citation Count": 9.333333333333332, "Publication Count": 0.6666666666666666}, "harvard university": {"Citation Count": 119.86666666666667, "Publication Count": 0.7333333333333334}, "georgia institute of technology": {"Citation Count": 1.6666666666666665, "Publication Count": 1.6666666666666665}, "university of california riverside": {"Citation Count": 187.79999999999998, "Publication Count": 1.6}, "ibm": {"Citation Count": 242.06666666666666, "Publication Count": 7.9}, "university of illinois at chicago": {"Citation Count": 57.266666666666666, "Publication Count": 1.4333333333333333}, "koc university": {"Citation Count": 3.6666666666666665, "Publication Count": 0.3333333333333333}, "university of bamberg": {"Citation Count": 3.0, "Publication Count": 1.0}, "university of toronto": {"Citation Count": 3.0, "Publication Count": 1.0}, "delaware state university": {"Citation Count": 6.666666666666666, "Publication Count": 0.3333333333333333}, "temple university": {"Citation Count": 25.333333333333332, "Publication Count": 1.6666666666666665}, "carnegie mellon university": {"Citation Count": 70.5, "Publication Count": 3.3833333333333337}, "oregon state university": {"Citation Count": 0.0, "Publication Count": 1.0}, "rwth aachen university": {"Citation Count": 32.0, "Publication Count": 1.0}, "university of minnesota": {"Citation Count": 51.33333333333333, "Publication Count": 4.0}, "university of cincinnati": {"Citation Count": 6.0, "Publication Count": 1.0}, "sichuan university": {"Citation Count": 7.0, "Publication Count": 0.3333333333333333}, "chinese academy of sciences": {"Citation Count": 9.0, "Publication Count": 1.0}, "international computer science institute": {"Citation Count": 57.0, "Publication Count": 0.5}, "university of maryland baltimore county": {"Citation Count": 15.0, "Publication Count": 1.6666666666666665}, "george mason university": {"Citation Count": 2.0, "Publication Count": 0.16666666666666666}, "association for computing machinery": {"Citation Count": 10.833333333333332, "Publication Count": 0.75}, "agency for science technology and research": {"Citation Count": 41.0, "Publication Count": 0.5}, "texas a m university": {"Citation Count": 3.6666666666666665, "Publication Count": 0.3333333333333333}, "iowa state university": {"Citation Count": 26.666666666666668, "Publication Count": 1.3333333333333333}, "at t labs": {"Citation Count": 3.6666666666666665, "Publication Count": 0.3333333333333333}, "federal fluminense university": {"Citation Count": 3.0, "Publication Count": 0.42857142857142855}, "spanish national research council": {"Citation Count": 1.0, "Publication Count": 0.14285714285714285}, "university of kent": {"Citation Count": 3.0, "Publication Count": 0.42857142857142855}, "technische universitat darmstadt": {"Citation Count": 13.0, "Publication Count": 1.0}, "nanyang technological university": {"Citation Count": 11.75, "Publication Count": 2.0}, "the chinese university of hong kong": {"Citation Count": 26.766666666666666, "Publication Count": 1.2666666666666666}, "university of hong kong": {"Citation Count": 0.25, "Publication Count": 0.25}, "university of kansas": {"Citation Count": 10.0, "Publication Count": 1.0}, "university of massachusetts amherst": {"Citation Count": 41.0, "Publication Count": 1.0}, "indian school of business": {"Citation Count": 4.0, "Publication Count": 0.3333333333333333}, "tokyo institute of technology": {"Citation Count": 139.0, "Publication Count": 1.2}, "california state university": {"Citation Count": 25.0, "Publication Count": 0.3333333333333333}, "michigan state university": {"Citation Count": 71.0, "Publication Count": 1.3333333333333333}, "ames research center": {"Citation Count": 25.0, "Publication Count": 0.3333333333333333}, "university of massachusetts boston": {"Citation Count": 6.0, "Publication Count": 0.3333333333333333}, "university of houston clear lake": {"Citation Count": 6.0, "Publication Count": 0.3333333333333333}, "universities space research association": {"Citation Count": 6.0, "Publication Count": 0.3333333333333333}, "university of calabar": {"Citation Count": 23.0, "Publication Count": 1.0}, "fraunhofer society": {"Citation Count": 14.0, "Publication Count": 1.0}, "university of melbourne": {"Citation Count": 9.0, "Publication Count": 1.0}, "athens university of economics and business": {"Citation Count": 3.0, "Publication Count": 1.0}, "university of maryland college park": {"Citation Count": 177.0, "Publication Count": 2.0}, "wayne state university": {"Citation Count": 4.0, "Publication Count": 1.0}, "helsinki institute for information technology": {"Citation Count": 4.5, "Publication Count": 0.25}, "utrecht university": {"Citation Count": 9.0, "Publication Count": 0.5}, "helsinki university of technology": {"Citation Count": 30.5, "Publication Count": 0.5833333333333333}, "university of pisa": {"Citation Count": 121.0, "Publication Count": 1.0}, "simon fraser university": {"Citation Count": 145.0, "Publication Count": 1.5}, "university of sydney": {"Citation Count": 22.0, "Publication Count": 1.0}, "pacific northwest national laboratory": {"Citation Count": 3.5, "Publication Count": 0.5}, "tsinghua university": {"Citation Count": 138.66666666666666, "Publication Count": 3.6666666666666665}, "hong kong university of science and technology": {"Citation Count": 26.333333333333332, "Publication Count": 0.3333333333333333}, "rensselaer polytechnic institute": {"Citation Count": 30.25, "Publication Count": 1.25}, "ludwig maximilian university of munich": {"Citation Count": 19.200000000000003, "Publication Count": 1.2}, "yahoo": {"Citation Count": 19.400000000000002, "Publication Count": 1.5}, "university of north carolina at charlotte": {"Citation Count": 82.0, "Publication Count": 2.0}, "university of sao paulo": {"Citation Count": 70.0, "Publication Count": 1.0}, "princeton university": {"Citation Count": 6.0, "Publication Count": 0.5}, "arizona state university": {"Citation Count": 0.0, "Publication Count": 1.0}, "purdue university": {"Citation Count": 51.0, "Publication Count": 1.0}, "aalto university": {"Citation Count": 26.0, "Publication Count": 0.3333333333333333}, "university of helsinki": {"Citation Count": 26.0, "Publication Count": 0.3333333333333333}, "national university of singapore": {"Citation Count": 115.0, "Publication Count": 0.75}, "yale university": {"Citation Count": 113.5, "Publication Count": 0.5}, "stanford university": {"Citation Count": 1.4000000000000001, "Publication Count": 0.2}, "university of texas at austin": {"Citation Count": 32.0, "Publication Count": 1.0}, "university of california davis": {"Citation Count": 23.200000000000003, "Publication Count": 0.8}, "intel": {"Citation Count": 5.800000000000001, "Publication Count": 0.2}, "university of manchester": {"Citation Count": 11.0, "Publication Count": 0.5}, "university of tokyo": {"Citation Count": 11.0, "Publication Count": 0.5}, "martin luther university of halle wittenberg": {"Citation Count": 31.0, "Publication Count": 0.5}, "otto von guericke university magdeburg": {"Citation Count": 31.0,