{"cornell university": {"Citation Count": 62.99999999999999, "Publication Count": 4.0}, "university of virginia": {"Citation Count": 8.333333333333332, "Publication Count": 0.3333333333333333}, "microsoft": {"Citation Count": 108.75, "Publication Count": 7.75}, "stanford university": {"Citation Count": 35.33333333333333, "Publication Count": 1.3333333333333333}, "tel aviv university": {"Citation Count": 50.13333333333333, "Publication Count": 2.0666666666666664}, "university of hong kong": {"Citation Count": 17.333333333333332, "Publication Count": 0.3333333333333333}, "carnegie mellon university": {"Citation Count": 137.25, "Publication Count": 5.666666666666667}, "ebay": {"Citation Count": 4.0, "Publication Count": 1.0}, "mcgill university": {"Citation Count": 3.333333333333333, "Publication Count": 0.6666666666666666}, "ecole normale superieure": {"Citation Count": 1.6666666666666665, "Publication Count": 0.3333333333333333}, "technion israel institute of technology": {"Citation Count": 20.166666666666664, "Publication Count": 1.1666666666666665}, "hebrew university of jerusalem": {"Citation Count": 0.6666666666666666, "Publication Count": 0.3333333333333333}, "harvard university": {"Citation Count": 22.33333333333333, "Publication Count": 2.9166666666666665}, "google": {"Citation Count": 14.666666666666668, "Publication Count": 1.6666666666666665}, "university of maryland college park": {"Citation Count": 6.666666666666667, "Publication Count": 0.6666666666666666}, "max planck society": {"Citation Count": 10.566666666666666, "Publication Count": 1.8666666666666665}, "london school of economics and political science": {"Citation Count": 8.0, "Publication Count": 0.8333333333333333}, "university of pennsylvania": {"Citation Count": 14.5, "Publication Count": 1.75}, "princeton university": {"Citation Count": 51.833333333333336, "Publication Count": 1.0833333333333333}, "nanyang technological university": {"Citation Count": 0.6666666666666666, "Publication Count": 0.3333333333333333}, "university of california berkeley": {"Citation Count": 61.166666666666664, "Publication Count": 1.7499999999999998}, "shanghai jiao tong university": {"Citation Count": 4.0, "Publication Count": 0.5}, "rwth aachen university": {"Citation Count": 0.8, "Publication Count": 0.4}, "massachusetts institute of technology": {"Citation Count": 3.333333333333333, "Publication Count": 0.3333333333333333}, "columbia university": {"Citation Count": 3.0, "Publication Count": 0.25}, "facebook": {"Citation Count": 9.0, "Publication Count": 0.5}, "university of texas at austin": {"Citation Count": 9.0, "Publication Count": 0.5}, "university of birmingham": {"Citation Count": 4.5, "Publication Count": 0.75}, "university of bonn": {"Citation Count": 1.5, "Publication Count": 0.25}, "university of california los angeles": {"Citation Count": 4.25, "Publication Count": 0.25}, "university of michigan": {"Citation Count": 4.25, "Publication Count": 0.25}, "university of washington": {"Citation Count": 4.0, "Publication Count": 0.6666666666666666}, "rensselaer polytechnic institute": {"Citation Count": 8.0, "Publication Count": 1.0}, "tsinghua university": {"Citation Count": 8.0, "Publication Count": 0.5}}