{"tencent": {"Citation Count": 23.97142857142857, "Publication Count": 1.161904761904762}, "shandong university": {"Citation Count": 129.6, "Publication Count": 3.5333333333333337}, "national university of singapore": {"Citation Count": 132.08333333333331, "Publication Count": 1.7833333333333334}, "university of science and technology of china": {"Citation Count": 26.904761904761905, "Publication Count": 1.0476190476190477}, "baidu": {"Citation Count": 9.428571428571429, "Publication Count": 0.2857142857142857}, "university of paris": {"Citation Count": 49.16666666666667, "Publication Count": 0.8333333333333334}, "conservatoire national des arts et metiers": {"Citation Count": 9.833333333333332, "Publication Count": 0.16666666666666666}, "university of amsterdam": {"Citation Count": 56.91666666666667, "Publication Count": 4.416666666666667}, "microsoft": {"Citation Count": 94.97857142857143, "Publication Count": 9.007142857142856}, "national cheng kung university": {"Citation Count": 2.333333333333333, "Publication Count": 0.3333333333333333}, "university of california los angeles": {"Citation Count": 6.666666666666666, "Publication Count": 1.3333333333333333}, "leibniz university of hanover": {"Citation Count": 43.0, "Publication Count": 2.0}, "carnegie mellon university": {"Citation Count": 168.48809523809524, "Publication Count": 3.9404761904761902}, "rmit university": {"Citation Count": 43.333333333333336, "Publication Count": 3.1666666666666665}, "university of massachusetts amherst": {"Citation Count": 184.25, "Publication Count": 8.808333333333332}, "harbin institute of technology": {"Citation Count": 14.0, "Publication Count": 1.6666666666666665}, "chinese academy of sciences": {"Citation Count": 109.27380952380953, "Publication Count": 8.217857142857142}, "university of virginia": {"Citation Count": 69.0, "Publication Count": 3.0833333333333335}, "istituto di scienza e tecnologie dell informazione": {"Citation Count": 8.8, "Publication Count": 1.6}, "ca foscari university of venice": {"Citation Count": 1.2000000000000002, "Publication Count": 0.4}, "shanghai jiao tong university": {"Citation Count": 118.28571428571428, "Publication Count": 1.1071428571428572}, "peking university": {"Citation Count": 33.77142857142857, "Publication Count": 2.1285714285714286}, "hefei university of technology": {"Citation Count": 60.83333333333333, "Publication Count": 1.1666666666666667}, "fudan university": {"Citation Count": 36.75, "Publication Count": 1.05}, "texas a m university": {"Citation Count": 1.0, "Publication Count": 1.0}, "university of lugano": {"Citation Count": 7.0, "Publication Count": 0.5}, "zhejiang university": {"Citation Count": 39.8, "Publication Count": 1.4}, "university of california santa cruz": {"Citation Count": 78.0, "Publication Count": 2.0}, "alibaba group": {"Citation Count": 75.03333333333333, "Publication Count": 1.7416666666666667}, "rutgers university": {"Citation Count": 21.833333333333332, "Publication Count": 1.4583333333333333}, "university of electronic science and technology of china": {"Citation Count": 21.333333333333332, "Publication Count": 1.1166666666666667}, "tsinghua university": {"Citation Count": 91.8952380952381, "Publication Count": 8.676190476190476}, "indian institute of technology kharagpur": {"Citation Count": 16.8, "Publication Count": 0.6}, "qatar computing research institute": {"Citation Count": 5.6000000000000005, "Publication Count": 0.2}, "pennsylvania state university": {"Citation Count": 6.000000000000001, "Publication Count": 0.4}, "worcester polytechnic institute": {"Citation Count": 41.0, "Publication Count": 1.0}, "university of waterloo": {"Citation Count": 30.5, "Publication Count": 4.5}, "university of california santa barbara": {"Citation Count": 4.0, "Publication Count": 1.25}, "apple inc": {"Citation Count": 0.4, "Publication Count": 0.2}, "google": {"Citation Count": 29.066666666666663, "Publication Count": 1.2833333333333332}, "chengdu university of information technology": {"Citation Count": 28.75, "Publication Count": 0.25}, "arizona state university": {"Citation Count": 39.0, "Publication Count": 1.0}, "university of illinois at urbana champaign": {"Citation Count": 27.08333333333333, "Publication Count": 2.083333333333333}, "technion israel institute of technology": {"Citation Count": 6.75, "Publication Count": 1.5}, "yahoo": {"Citation Count": 1.75, "Publication Count": 0.25}, "max planck society": {"Citation Count": 102.16666666666667, "Publication Count": 1.1666666666666667}, "autonomous university of madrid": {"Citation Count": 32.0, "Publication Count": 2.0}, "university of north carolina at chapel hill": {"Citation Count": 9.600000000000001, "Publication Count": 0.8}, "university of british columbia": {"Citation Count": 2.4000000000000004, "Publication Count": 0.2}, "nanyang technological university": {"Citation Count": 11.0, "Publication Count": 2.6666666666666665}, "queensland university of technology": {"Citation Count": 20.333333333333336, "Publication Count": 3.1666666666666665}, "beijing university of posts and telecommunications": {"Citation Count": 8.0, "Publication Count": 0.6666666666666666}, "renmin university of china": {"Citation Count": 108.0, "Publication Count": 2.4166666666666665}, "htc": {"Citation Count": 31.0, "Publication Count": 0.25}, "santa clara university": {"Citation Count": 70.33333333333333, "Publication Count": 1.6666666666666665}, "university of queensland": {"Citation Count": 28.916666666666668, "Publication Count": 1.6666666666666667}, "griffith university": {"Citation Count": 4.5, "Publication Count": 0.16666666666666666}, "nanjing university of aeronautics and astronautics": {"Citation Count": 3.5, "Publication Count": 0.16666666666666666}, "nanjing university": {"Citation Count": 8.0, "Publication Count": 1.3333333333333333}, "simon fraser university": {"Citation Count": 8.0, "Publication Count": 1.0}, "university of glasgow": {"Citation Count": 39.0, "Publication Count": 2.0}, "university of stavanger": {"Citation Count": 24.0, "Publication Count": 1.5}, "university of strathclyde": {"Citation Count": 10.333333333333332, "Publication Count": 0.5833333333333333}, "university of nottingham": {"Citation Count": 2.1666666666666665, "Publication Count": 0.16666666666666666}, "national university of distance education": {"Citation Count": 10.666666666666666, "Publication Count": 0.6666666666666666}, "sun yat sen university": {"Citation Count": 8.4, "Publication Count": 0.4}, "beijing normal university": {"Citation Count": 5.4, "Publication Count": 0.4}, "hunan university": {"Citation Count": 32.5, "Publication Count": 0.5}, "university of minnesota": {"Citation Count": 0.5714285714285714, "Publication Count": 0.14285714285714285}, "stanford university": {"Citation Count": 5.666666666666666, "Publication Count": 0.3333333333333333}, "ecole polytechnique federale de lausanne": {"Citation Count": 11.333333333333332, "Publication Count": 0.6666666666666666}, "university of southampton": {"Citation Count": 2.75, "Publication Count": 0.5}, "university of udine": {"Citation Count": 15.833333333333332, "Publication Count": 3.083333333333333}, "technische universitat munchen": {"Citation Count": 3.0, "Publication Count": 0.5}, "delft university of technology": {"Citation Count": 3.0, "Publication Count": 0.5}, "university of delaware": {"Citation Count": 15.333333333333332, "Publication Count": 1.3333333333333333}, "east china normal university": {"Citation Count": 56.25, "Publication Count": 2.0}, "university of rochester": {"Citation Count": 1.6666666666666665, "Publication Count": 0.16666666666666666}, "bell labs": {"Citation Count": 10.666666666666666, "Publication Count": 0.6666666666666666}, "ohio state university": {"Citation Count": 5.333333333333333, "Publication Count": 0.3333333333333333}, "university of ottawa": {"Citation Count": 0.0, "Publication Count": 0.25}, "beihang university": {"Citation Count": 0.0, "Publication Count": 0.75},