{"dartmouth college": {"Citation Count": 6.0, "Publication Count": 0.25}, "university of vienna": {"Citation Count": 13.166666666666668, "Publication Count": 1.5833333333333333}, "royal institute of technology": {"Citation Count": 6.0, "Publication Count": 0.25}, "university of warwick": {"Citation Count": 10.309523809523808, "Publication Count": 1.1190476190476188}, "indian institute of technology kanpur": {"Citation Count": 1.3333333333333333, "Publication Count": 0.6666666666666666}, "vienna university of technology": {"Citation Count": 0.8333333333333333, "Publication Count": 0.5833333333333333}, "technion israel institute of technology": {"Citation Count": 0.6666666666666666, "Publication Count": 1.1666666666666665}, "virginia tech": {"Citation Count": 9.25, "Publication Count": 2.25}, "depaul university": {"Citation Count": 0.42857142857142855, "Publication Count": 0.14285714285714285}, "university of illinois at urbana champaign": {"Citation Count": 47.557142857142864, "Publication Count": 5.185714285714286}, "university of sydney": {"Citation Count": 0.42857142857142855, "Publication Count": 0.14285714285714285}, "indiana university": {"Citation Count": 0.42857142857142855, "Publication Count": 0.14285714285714285}, "saint louis university": {"Citation Count": 0.9285714285714286, "Publication Count": 0.6428571428571428}, "university of bergen": {"Citation Count": 30.595238095238095, "Publication Count": 4.635714285714285}, "university of oxford": {"Citation Count": 40.133333333333326, "Publication Count": 3.033333333333333}, "university of bristol": {"Citation Count": 27.0, "Publication Count": 0.5}, "washington university in st louis": {"Citation Count": 3.333333333333333, "Publication Count": 0.6666666666666666}, "university of pennsylvania": {"Citation Count": 5.583333333333333, "Publication Count": 1.4166666666666665}, "georgetown university": {"Citation Count": 0.8333333333333333, "Publication Count": 0.16666666666666666}, "centre national de la recherche scientifique": {"Citation Count": 20.0, "Publication Count": 1.0}, "university of texas at dallas": {"Citation Count": 3.0, "Publication Count": 1.0}, "simon fraser university": {"Citation Count": 1.3333333333333333, "Publication Count": 1.3333333333333333}, "university of toronto": {"Citation Count": 12.666666666666666, "Publication Count": 0.8333333333333333}, "national institute of informatics": {"Citation Count": 2.0, "Publication Count": 0.5}, "university of california": {"Citation Count": 13.35, "Publication Count": 2.6166666666666667}, "ben gurion university of the negev": {"Citation Count": 19.414285714285715, "Publication Count": 3.192857142857143}, "california state university northridge": {"Citation Count": 2.0, "Publication Count": 0.5}, "tufts university": {"Citation Count": 2.0, "Publication Count": 0.5}, "osaka university": {"Citation Count": 10.0, "Publication Count": 1.0}, "university of maryland college park": {"Citation Count": 55.0, "Publication Count": 4.6}, "university of hong kong": {"Citation Count": 4.5, "Publication Count": 1.5}, "psl research university": {"Citation Count": 12.666666666666666, "Publication Count": 0.6666666666666666}, "university of copenhagen": {"Citation Count": 36.08333333333333, "Publication Count": 4.916666666666666}, "university of alberta": {"Citation Count": 18.0, "Publication Count": 1.0}, "university of southern california": {"Citation Count": 26.333333333333332, "Publication Count": 1.9999999999999998}, "interdisciplinary center herzliya": {"Citation Count": 11.75, "Publication Count": 1.0}, "university of haifa": {"Citation Count": 25.75, "Publication Count": 2.25}, "stanford university": {"Citation Count": 117.9, "Publication Count": 5.183333333333334}, "university of waterloo": {"Citation Count": 8.7, "Publication Count": 1.9}, "university of guelph": {"Citation Count": 3.0, "Publication Count": 0.5}, "bard college at simon s rock": {"Citation Count": 3.0, "Publication Count": 0.5}, "sapienza university of rome": {"Citation Count": 1.3333333333333333, "Publication Count": 0.3333333333333333}, "google": {"Citation Count": 15.408333333333333, "Publication Count": 2.658333333333333}, "georgia institute of technology": {"Citation Count": 23.516666666666666, "Publication Count": 2.3666666666666667}, "shanghai university of finance and economics": {"Citation Count": 11.0, "Publication Count": 1.75}, "carnegie mellon university": {"Citation Count": 88.375, "Publication Count": 5.458333333333333}, "university at buffalo": {"Citation Count": 3.7, "Publication Count": 0.7}, "university of texas at austin": {"Citation Count": 15.75, "Publication Count": 1.75}, "toyota technological institute at chicago": {"Citation Count": 0.0, "Publication Count": 0.5}, "rutgers university": {"Citation Count": 1.0, "Publication Count": 1.0}, "massachusetts institute of technology": {"Citation Count": 97.58333333333333, "Publication Count": 7.783333333333334}, "technical university of dortmund": {"Citation Count": 14.25, "Publication Count": 0.75}, "university of chile": {"Citation Count": 15.333333333333332, "Publication Count": 1.0}, "eth zurich": {"Citation Count": 40.06666666666666, "Publication Count": 4.533333333333333}, "ecole polytechnique federale de lausanne": {"Citation Count": 19.666666666666668, "Publication Count": 0.8333333333333333}, "open university of israel": {"Citation Count": 1.6666666666666665, "Publication Count": 0.3333333333333333}, "microsoft": {"Citation Count": 7.333333333333333, "Publication Count": 1.6666666666666665}, "princeton university": {"Citation Count": 37.333333333333336, "Publication Count": 3.2499999999999996}, "london school of economics and political science": {"Citation Count": 4.0, "Publication Count": 0.6666666666666666}, "centrum wiskunde informatica": {"Citation Count": 7.1, "Publication Count": 1.1166666666666665}, "aarhus university": {"Citation Count": 16.0, "Publication Count": 1.0}, "paris diderot university": {"Citation Count": 29.3, "Publication Count": 0.7}, "ecole polytechnique": {"Citation Count": 0.8, "Publication Count": 0.2}, "mcgill university": {"Citation Count": 0.8, "Publication Count": 0.2}, "university of british columbia": {"Citation Count": 6.133333333333333, "Publication Count": 1.0333333333333332}, "hebrew university of jerusalem": {"Citation Count": 8.5, "Publication Count": 0.8333333333333333}, "tel aviv university": {"Citation Count": 14.933333333333334, "Publication Count": 2.1}, "duke university": {"Citation Count": 2.0, "Publication Count": 0.3333333333333333}, "eindhoven university of technology": {"Citation Count": 15.3, "Publication Count": 2.35}, "johns hopkins university": {"Citation Count": 5.25, "Publication Count": 1.25}, "university of washington": {"Citation Count": 9.166666666666666, "Publication Count": 1.8333333333333333}, "kyoto university": {"Citation Count": 28.5, "Publication Count": 0.5}, "california institute of technology": {"Citation Count": 5.666666666666666, "Publication Count": 1.6666666666666665}, "cornell university": {"Citation Count": 7.2, "Publication Count": 0.95}, "instagram": {"Citation Count": 1.2000000000000002, "Publication Count": 0.2}, "institute of science and technology austria": {"Citation Count": 11.166666666666666, "Publication Count": 1.5833333333333333}, "ohio state university": {"Citation Count": 14.0, "Publication Count": 1.0}, "sharif university of technology": {"Citation Count": 12.0, "Publication Count": 0.4}, "max planck society": {"Citation Count": 23.5, "Publication Count": 2.25}, "merrill lynch": {"Citation Count": 28.0, "Publication Count": 1.0}, "charles university in prague": {"Citation Count": 4.6, "Publication Count": 1.2}, "columbia university": {"Citation Count": 43.35, "Publication Count": 2.95}, "university of michigan": {"Citation Count": 14.3, "Publication Count": 0.9}, "indian institute of technology delhi": {"Citation Count": 1.75, "Publication Count": 0.25}, "northwestern university": {"Citation Count": 5.0,