{"university of copenhagen": {"Citation Count": 72.33333333333333, "Publication Count": 4.166666666666666}, "ecole polytechnique federale de lausanne": {"Citation Count": 204.5, "Publication Count": 6.333333333333333}, "versailles saint quentin en yvelines university": {"Citation Count": 55.5, "Publication Count": 0.5}, "columbia university": {"Citation Count": 67.0, "Publication Count": 2.25}, "university of liverpool": {"Citation Count": 18.0, "Publication Count": 2.0}, "max planck society": {"Citation Count": 21.5, "Publication Count": 1.1666666666666665}, "tsinghua university": {"Citation Count": 9.333333333333332, "Publication Count": 0.6666666666666666}, "cornell university": {"Citation Count": 21.6, "Publication Count": 0.8666666666666667}, "microsoft": {"Citation Count": 50.43333333333333, "Publication Count": 2.3666666666666663}, "tel aviv university": {"Citation Count": 64.43333333333334, "Publication Count": 4.733333333333333}, "ibm": {"Citation Count": 1.75, "Publication Count": 0.5}, "eindhoven university of technology": {"Citation Count": 14.083333333333332, "Publication Count": 0.9166666666666666}, "technische universitat munchen": {"Citation Count": 8.666666666666666, "Publication Count": 0.6666666666666666}, "technical university of berlin": {"Citation Count": 8.333333333333332, "Publication Count": 1.0}, "stanford university": {"Citation Count": 138.55, "Publication Count": 4.15}, "university of maryland college park": {"Citation Count": 28.392857142857142, "Publication Count": 3.202380952380952}, "washington university in st louis": {"Citation Count": 14.0, "Publication Count": 1.0}, "university of warsaw": {"Citation Count": 37.5, "Publication Count": 3.7857142857142856}, "carnegie mellon university": {"Citation Count": 96.36666666666666, "Publication Count": 4.8428571428571425}, "massachusetts institute of technology": {"Citation Count": 214.89999999999998, "Publication Count": 6.366666666666666}, "weizmann institute of science": {"Citation Count": 10.238095238095237, "Publication Count": 0.7261904761904762}, "california institute of technology": {"Citation Count": 9.333333333333334, "Publication Count": 1.3333333333333333}, "princeton university": {"Citation Count": 19.666666666666668, "Publication Count": 1.9833333333333332}, "google": {"Citation Count": 8.2, "Publication Count": 1.0}, "boston university": {"Citation Count": 7.466666666666666, "Publication Count": 0.5333333333333333}, "new york university": {"Citation Count": 71.33333333333334, "Publication Count": 2.833333333333333}, "imperial college london": {"Citation Count": 1.0, "Publication Count": 0.5}, "university of bordeaux": {"Citation Count": 5.666666666666666, "Publication Count": 0.3333333333333333}, "university of pisa": {"Citation Count": 14.0, "Publication Count": 0.5}, "university of verona": {"Citation Count": 14.0, "Publication Count": 0.5}, "centrum wiskunde informatica": {"Citation Count": 4.666666666666666, "Publication Count": 0.3333333333333333}, "university of tokyo": {"Citation Count": 10.0, "Publication Count": 2.1666666666666665}, "national institute of informatics": {"Citation Count": 10.666666666666666, "Publication Count": 1.8333333333333333}, "university of california berkeley": {"Citation Count": 69.23333333333335, "Publication Count": 4.841666666666666}, "harvard university": {"Citation Count": 13.533333333333335, "Publication Count": 0.9833333333333334}, "kyushu university": {"Citation Count": 2.333333333333333, "Publication Count": 0.3333333333333333}, "chalmers university of technology": {"Citation Count": 2.333333333333333, "Publication Count": 0.3333333333333333}, "university of illinois at urbana champaign": {"Citation Count": 18.333333333333332, "Publication Count": 4.0}, "university of oxford": {"Citation Count": 14.0, "Publication Count": 1.25}, "eth zurich": {"Citation Count": 18.5, "Publication Count": 2.75}, "national and kapodistrian university of athens": {"Citation Count": 4.0, "Publication Count": 0.25}, "georgia institute of technology": {"Citation Count": 14.5, "Publication Count": 2.2916666666666665}, "shanghai jiao tong university": {"Citation Count": 2.333333333333333, "Publication Count": 0.3333333333333333}, "university of texas at dallas": {"Citation Count": 5.666666666666666, "Publication Count": 0.3333333333333333}, "university of pennsylvania": {"Citation Count": 68.0, "Publication Count": 1.75}, "university of hong kong": {"Citation Count": 15.0, "Publication Count": 1.25}, "universite du quebec en outaouais": {"Citation Count": 5.0, "Publication Count": 1.0}, "central connecticut state university": {"Citation Count": 0.2, "Publication Count": 0.2}, "northeastern university": {"Citation Count": 0.4, "Publication Count": 0.4}, "university of connecticut": {"Citation Count": 0.7, "Publication Count": 0.7}, "national university of singapore": {"Citation Count": 5.25, "Publication Count": 0.25}, "georgetown university": {"Citation Count": 5.25, "Publication Count": 0.25}, "mississippi state university": {"Citation Count": 5.25, "Publication Count": 0.25}, "stony brook university": {"Citation Count": 5.25, "Publication Count": 0.25}, "indian institute of technology madras": {"Citation Count": 0.0, "Publication Count": 0.5}, "brown university": {"Citation Count": 0.0, "Publication Count": 0.25}, "bowdoin college": {"Citation Count": 0.0, "Publication Count": 0.25}, "universite libre de bruxelles": {"Citation Count": 8.0, "Publication Count": 0.8333333333333333}, "apple inc": {"Citation Count": 2.2, "Publication Count": 0.2}, "vmware": {"Citation Count": 2.2, "Publication Count": 0.2}, "association for computing machinery": {"Citation Count": 2.2, "Publication Count": 0.2}, "amazon com": {"Citation Count": 2.2, "Publication Count": 0.2}, "johns hopkins university": {"Citation Count": 44.08333333333333, "Publication Count": 2.083333333333333}, "ben gurion university of the negev": {"Citation Count": 9.233333333333333, "Publication Count": 1.3666666666666665}, "hebrew university of jerusalem": {"Citation Count": 3.0, "Publication Count": 0.6666666666666666}, "university of south florida": {"Citation Count": 19.0, "Publication Count": 0.8333333333333333}, "university of waterloo": {"Citation Count": 56.5, "Publication Count": 2.3333333333333335}, "university of amsterdam": {"Citation Count": 5.333333333333333, "Publication Count": 0.3333333333333333}, "university of latvia": {"Citation Count": 5.333333333333333, "Publication Count": 0.3333333333333333}, "university of california los angeles": {"Citation Count": 1.0, "Publication Count": 1.0}, "university of arkansas": {"Citation Count": 5.25, "Publication Count": 0.75}, "university of wisconsin river falls": {"Citation Count": 1.75, "Publication Count": 0.25}, "university of california irvine": {"Citation Count": 2.0, "Publication Count": 1.0}, "roma tre university": {"Citation Count": 1.7142857142857142, "Publication Count": 0.42857142857142855}, "karlsruhe institute of technology": {"Citation Count": 0.5714285714285714, "Publication Count": 0.14285714285714285}, "rolf c hagen group": {"Citation Count": 0.5714285714285714, "Publication Count": 0.14285714285714285}, "university of tubingen": {"Citation Count": 0.5714285714285714, "Publication Count": 0.14285714285714285}, "free university of berlin": {"Citation Count": 0.5714285714285714, "Publication Count": 0.14285714285714285}, "ohio state university": {"Citation Count": 32.0, "Publication Count": 1.0}, "university of texas at austin": {"Citation Count": 4.6, "Publication Count": 1.45}, "hong kong polytechnic university": {"Citation Count": 24.0, "Publication Count": 1.0}, "russian academy of sciences": {"Citation Count": 6.5, "Publication Count": 0.6785714285714286}, "university of bergen": {"Citation Count": 3.5, "Publication Count": 0.25}, "university of warwick": {"Citation Count": 7.821428571428571, "Publication Count": 0.39285714285714285}, "chennai mathematical institute": {"Citation Count": 8.5,