{"university of maryland college park": {"Citation Count": 1.6666666666666665, "Publication Count": 0.3333333333333333}, "ibm": {"Citation Count": 32.41666666666667, "Publication Count": 1.4166666666666665}, "technion israel institute of technology": {"Citation Count": 1.6666666666666665, "Publication Count": 0.3333333333333333}, "kuwait university": {"Citation Count": 29.0, "Publication Count": 0.3333333333333333}, "queen s university": {"Citation Count": 58.0, "Publication Count": 0.6666666666666666}, "national research council": {"Citation Count": 27.333333333333332, "Publication Count": 1.3333333333333333}, "stanford university": {"Citation Count": 245.66666666666669, "Publication Count": 2.833333333333333}, "university of hong kong": {"Citation Count": 136.06666666666666, "Publication Count": 1.4666666666666666}, "yale university": {"Citation Count": 45.1, "Publication Count": 0.95}, "university of calgary": {"Citation Count": 101.0, "Publication Count": 1.0}, "national chung hsing university": {"Citation Count": 20.666666666666668, "Publication Count": 0.8333333333333333}, "citigroup": {"Citation Count": 22.333333333333332, "Publication Count": 1.1666666666666665}, "university of queensland": {"Citation Count": 46.166666666666664, "Publication Count": 0.3666666666666667}, "zhejiang normal university": {"Citation Count": 39.0, "Publication Count": 0.2}, "southwest university": {"Citation Count": 39.0, "Publication Count": 0.2}, "peking university": {"Citation Count": 81.0, "Publication Count": 1.3666666666666667}, "hohai university": {"Citation Count": 39.0, "Publication Count": 0.2}, "george washington university": {"Citation Count": 3.0, "Publication Count": 0.5}, "university of macau": {"Citation Count": 3.0, "Publication Count": 0.5}, "hong kong university of science and technology": {"Citation Count": 174.26666666666668, "Publication Count": 6.716666666666667}, "florida state university": {"Citation Count": 48.5, "Publication Count": 1.25}, "king abdullah university of science and technology": {"Citation Count": 23.666666666666664, "Publication Count": 0.3333333333333333}, "the chinese university of hong kong": {"Citation Count": 65.83333333333333, "Publication Count": 1.9166666666666665}, "purdue university": {"Citation Count": 59.666666666666664, "Publication Count": 1.3333333333333333}, "university of miami": {"Citation Count": 37.833333333333336, "Publication Count": 1.5833333333333333}, "aalborg university": {"Citation Count": 51.5, "Publication Count": 2.1666666666666665}, "university of illinois at urbana champaign": {"Citation Count": 244.18571428571428, "Publication Count": 2.230952380952381}, "ames research center": {"Citation Count": 13.38095238095238, "Publication Count": 0.6190476190476191}, "university of illinois at chicago": {"Citation Count": 72.33333333333333, "Publication Count": 1.1666666666666665}, "georgia institute of technology": {"Citation Count": 46.5, "Publication Count": 1.25}, "nanyang technological university": {"Citation Count": 81.66666666666666, "Publication Count": 0.6666666666666666}, "national university of singapore": {"Citation Count": 183.81666666666666, "Publication Count": 3.783333333333333}, "university of manchester": {"Citation Count": 152.0, "Publication Count": 2.0}, "university of missouri": {"Citation Count": 44.0, "Publication Count": 1.0}, "national sun yat sen university": {"Citation Count": 132.0, "Publication Count": 1.0}, "bt group": {"Citation Count": 8.333333333333332, "Publication Count": 0.3333333333333333}, "bournemouth university": {"Citation Count": 16.666666666666664, "Publication Count": 0.6666666666666666}, "national cheng kung university": {"Citation Count": 162.83333333333331, "Publication Count": 1.4166666666666665}, "university of texas at dallas": {"Citation Count": 303.66666666666663, "Publication Count": 1.7333333333333334}, "university of washington": {"Citation Count": 11.666666666666666, "Publication Count": 0.3333333333333333}, "university of alabama in huntsville": {"Citation Count": 11.666666666666666, "Publication Count": 0.3333333333333333}, "princeton university": {"Citation Count": 14.0, "Publication Count": 0.6666666666666666}, "rutgers university": {"Citation Count": 7.0, "Publication Count": 0.3333333333333333}, "renmin university of china": {"Citation Count": 13.75, "Publication Count": 0.25}, "university of crete": {"Citation Count": 15.0, "Publication Count": 0.75}, "national and kapodistrian university of athens": {"Citation Count": 83.0, "Publication Count": 0.75}, "university of the aegean": {"Citation Count": 47.0, "Publication Count": 1.3333333333333333}, "university of arizona": {"Citation Count": 78.0, "Publication Count": 0.6666666666666666}, "university of wisconsin milwaukee": {"Citation Count": 39.0, "Publication Count": 0.3333333333333333}, "university of georgia": {"Citation Count": 5.0, "Publication Count": 1.0}, "universite catholique de louvain": {"Citation Count": 21.0, "Publication Count": 1.0}, "queensland university of technology": {"Citation Count": 70.0, "Publication Count": 0.6666666666666666}, "maebashi institute of technology": {"Citation Count": 35.0, "Publication Count": 0.3333333333333333}, "washington state university": {"Citation Count": 357.0, "Publication Count": 1.0}, "university at buffalo": {"Citation Count": 68.66666666666666, "Publication Count": 0.8333333333333333}, "binghamton university": {"Citation Count": 9.0, "Publication Count": 1.0}, "sun yat sen university": {"Citation Count": 36.0, "Publication Count": 0.6666666666666666}, "city university of hong kong": {"Citation Count": 18.0, "Publication Count": 0.3333333333333333}, "pennsylvania state university": {"Citation Count": 51.25, "Publication Count": 0.75}, "university of massachusetts dartmouth": {"Citation Count": 46.25, "Publication Count": 0.25}, "university of science and technology of china": {"Citation Count": 169.58333333333331, "Publication Count": 0.9166666666666666}, "microsoft": {"Citation Count": 44.166666666666664, "Publication Count": 1.0833333333333333}, "seoul national university": {"Citation Count": 49.0, "Publication Count": 1.0}, "jilin university": {"Citation Count": 62.400000000000006, "Publication Count": 0.8}, "university of trento": {"Citation Count": 36.1, "Publication Count": 0.6166666666666667}, "university of california riverside": {"Citation Count": 12.0, "Publication Count": 0.5}, "university of texas at arlington": {"Citation Count": 12.0, "Publication Count": 0.5}, "national taiwan university": {"Citation Count": 136.0, "Publication Count": 2.0}, "university of edinburgh": {"Citation Count": 80.0, "Publication Count": 1.0}, "bell labs": {"Citation Count": 78.5, "Publication Count": 0.5}, "north carolina state university": {"Citation Count": 20.0, "Publication Count": 1.0}, "kaist": {"Citation Count": 66.5, "Publication Count": 1.25}, "heriot watt university": {"Citation Count": 54.0, "Publication Count": 1.0}, "university of passau": {"Citation Count": 26.0, "Publication Count": 1.0}, "nanjing university": {"Citation Count": 114.2, "Publication Count": 1.1333333333333333}, "university of western ontario": {"Citation Count": 57.0, "Publication Count": 1.6666666666666665}, "university of ottawa": {"Citation Count": 63.0, "Publication Count": 1.0}, "university of california santa barbara": {"Citation Count": 32.0, "Publication Count": 1.0}, "university of tokyo": {"Citation Count": 211.0, "Publication Count": 2.0}, "chosun university": {"Citation Count": 32.0, "Publication Count": 0.6666666666666666}, "korea institute of science and technology information": {"Citation Count": 16.0, "Publication Count": 0.3333333333333333}, "university of notre dame": {"Citation Count": 13.0, "Publication Count": 0.5}, "zhejiang university": {"Citation Count": 299.73333333333335, "Publication Count": 1.8}, "japan advanced institute of science and technology": {"Citation Count": 16.5, "Publication Count": 0.16666666666666666},