{"university of minnesota": {"Citation Count": 7.0, "Publication Count": 1.0}, "university of north carolina at chapel hill": {"Citation Count": 2.0, "Publication Count": 1.0}, "kyoto university": {"Citation Count": 2.0, "Publication Count": 1.0}, "yahoo": {"Citation Count": 16.0, "Publication Count": 0.8333333333333333}, "ibm": {"Citation Count": 9.142857142857142, "Publication Count": 1.0714285714285714}, "simon fraser university": {"Citation Count": 24.0, "Publication Count": 1.0}, "king saud university": {"Citation Count": 2.0, "Publication Count": 1.0}, "american university of beirut": {"Citation Count": 7.333333333333333, "Publication Count": 0.6666666666666666}, "qatar university": {"Citation Count": 1.8333333333333333, "Publication Count": 0.16666666666666666}, "cairo university": {"Citation Count": 1.8333333333333333, "Publication Count": 0.16666666666666666}, "htc": {"Citation Count": 1.6666666666666665, "Publication Count": 0.16666666666666666}, "renmin university of china": {"Citation Count": 8.61904761904762, "Publication Count": 0.9761904761904763}, "beihang university": {"Citation Count": 1.3333333333333333, "Publication Count": 0.6666666666666666}, "baidu": {"Citation Count": 0.6666666666666666, "Publication Count": 0.3333333333333333}, "shandong university": {"Citation Count": 8.0, "Publication Count": 0.5}, "microsoft": {"Citation Count": 2.6666666666666665, "Publication Count": 0.16666666666666666}, "university of jyvaskyla": {"Citation Count": 5.333333333333333, "Publication Count": 0.3333333333333333}, "university of queensland": {"Citation Count": 83.33333333333334, "Publication Count": 0.8333333333333334}, "peking university": {"Citation Count": 16.666666666666664, "Publication Count": 0.16666666666666666}, "shanghai jiao tong university": {"Citation Count": 3.071428571428571, "Publication Count": 0.5357142857142857}, "university of technology sydney": {"Citation Count": 12.75, "Publication Count": 1.5}, "university of warwick": {"Citation Count": 7.666666666666666, "Publication Count": 1.1111111111111112}, "istituto di scienza e tecnologie dell informazione": {"Citation Count": 22.0, "Publication Count": 0.6666666666666666}, "university of pisa": {"Citation Count": 5.5, "Publication Count": 0.16666666666666666}, "ca foscari university of venice": {"Citation Count": 5.5, "Publication Count": 0.16666666666666666}, "tsinghua university": {"Citation Count": 22.5, "Publication Count": 0.75}, "cornell university": {"Citation Count": 7.5, "Publication Count": 0.25}, "university of copenhagen": {"Citation Count": 31.0, "Publication Count": 1.0}, "max planck society": {"Citation Count": 12.5, "Publication Count": 0.25}, "georgia institute of technology": {"Citation Count": 37.5, "Publication Count": 0.75}, "national university of singapore": {"Citation Count": 18.0, "Publication Count": 0.6}, "digipen institute of technology": {"Citation Count": 12.0, "Publication Count": 0.4}, "southwestern university of finance and economics": {"Citation Count": 19.2, "Publication Count": 0.6}, "memorial university of newfoundland": {"Citation Count": 6.4, "Publication Count": 0.2}, "university of arizona": {"Citation Count": 6.4, "Publication Count": 0.2}, "chungbuk national university": {"Citation Count": 3.5, "Publication Count": 0.5}, "dongguk university": {"Citation Count": 3.5, "Publication Count": 0.5}, "singapore management university": {"Citation Count": 87.0, "Publication Count": 2.0}, "university of oxford": {"Citation Count": 7.333333333333333, "Publication Count": 0.2222222222222222}, "cardiff university": {"Citation Count": 18.333333333333336, "Publication Count": 0.5555555555555556}, "de montfort university": {"Citation Count": 3.6666666666666665, "Publication Count": 0.1111111111111111}, "university of southampton": {"Citation Count": 27.0, "Publication Count": 1.0}, "universite paris saclay": {"Citation Count": 10.0, "Publication Count": 0.5}, "tunis university": {"Citation Count": 10.0, "Publication Count": 0.5}, "university of florida": {"Citation Count": 22.400000000000002, "Publication Count": 0.8}, "ton duc thang university": {"Citation Count": 5.6000000000000005, "Publication Count": 0.2}, "technion israel institute of technology": {"Citation Count": 16.0, "Publication Count": 0.6666666666666666}, "monash university": {"Citation Count": 14.0, "Publication Count": 1.0}, "york university": {"Citation Count": 18.0, "Publication Count": 1.0}, "rmit university": {"Citation Count": 15.0, "Publication Count": 0.75}, "google": {"Citation Count": 5.0, "Publication Count": 0.25}, "shanghai university": {"Citation Count": 1.75, "Publication Count": 0.25}, "university of amsterdam": {"Citation Count": 16.0, "Publication Count": 0.6666666666666666}, "national university of defense technology": {"Citation Count": 8.0, "Publication Count": 0.3333333333333333}}