{"national tsing hua university": {"Citation Count": 1.6, "Publication Count": 0.4}, "yuan ze university": {"Citation Count": 0.8, "Publication Count": 0.2}, "academia sinica": {"Citation Count": 1.1333333333333333, "Publication Count": 0.5333333333333333}, "tamkang university": {"Citation Count": 0.8, "Publication Count": 0.2}, "tsinghua university": {"Citation Count": 16.0, "Publication Count": 2.0}, "ulsan national institute of science and technology": {"Citation Count": 10.0, "Publication Count": 1.0}, "data storage institute": {"Citation Count": 2.7777777777777777, "Publication Count": 0.5555555555555556}, "nanyang technological university": {"Citation Count": 0.5555555555555556, "Publication Count": 0.1111111111111111}, "national university of singapore": {"Citation Count": 0.5555555555555556, "Publication Count": 0.1111111111111111}, "singapore university of technology and design": {"Citation Count": 0.5555555555555556, "Publication Count": 0.1111111111111111}, "university of queensland": {"Citation Count": 0.5555555555555556, "Publication Count": 0.1111111111111111}, "hong kong polytechnic university": {"Citation Count": 9.5, "Publication Count": 1.0}, "george washington university": {"Citation Count": 1.8333333333333333, "Publication Count": 0.16666666666666666}, "chongqing university": {"Citation Count": 1.8333333333333333, "Publication Count": 0.16666666666666666}, "university of florida": {"Citation Count": 1.8333333333333333, "Publication Count": 0.16666666666666666}, "university of mainz": {"Citation Count": 3.7222222222222223, "Publication Count": 0.6111111111111112}, "technion israel institute of technology": {"Citation Count": 1.5555555555555556, "Publication Count": 0.7777777777777778}, "california institute of technology": {"Citation Count": 0.2222222222222222, "Publication Count": 0.1111111111111111}, "national taiwan university": {"Citation Count": 0.3333333333333333, "Publication Count": 0.3333333333333333}, "national chung cheng university": {"Citation Count": 0.3333333333333333, "Publication Count": 0.3333333333333333}, "university of rochester": {"Citation Count": 1.1428571428571428, "Publication Count": 0.14285714285714285}, "peking university": {"Citation Count": 4.571428571428571, "Publication Count": 0.5714285714285714}, "huazhong university of science and technology": {"Citation Count": 18.34285714285714, "Publication Count": 1.6571428571428573}, "michigan technological university": {"Citation Count": 1.1428571428571428, "Publication Count": 0.14285714285714285}, "harvey mudd college": {"Citation Count": 0.5, "Publication Count": 0.16666666666666666}, "stony brook university": {"Citation Count": 1.2, "Publication Count": 0.5333333333333333}, "ibm": {"Citation Count": 14.625, "Publication Count": 2.4791666666666665}, "national university of defense technology": {"Citation Count": 1.0, "Publication Count": 0.3333333333333333}, "san diego state university": {"Citation Count": 0.0, "Publication Count": 0.42857142857142855}, "netapp": {"Citation Count": 0.0, "Publication Count": 0.5714285714285714}, "louisiana state university": {"Citation Count": 4.714285714285714, "Publication Count": 0.6428571428571428}, "ohio state university": {"Citation Count": 2.8571428571428568, "Publication Count": 0.5714285714285714}, "google": {"Citation Count": 0.8392857142857142, "Publication Count": 0.26785714285714285}, "northeastern university": {"Citation Count": 0.7142857142857142, "Publication Count": 0.14285714285714285}, "royal institute of technology": {"Citation Count": 2.0, "Publication Count": 0.14285714285714285}, "temple university": {"Citation Count": 2.0, "Publication Count": 0.14285714285714285}, "hanyang university": {"Citation Count": 1.2857142857142856, "Publication Count": 1.0}, "samsung": {"Citation Count": 6.285714285714286, "Publication Count": 1.7142857142857142}, "gyeongsang national university": {"Citation Count": 0.42857142857142855, "Publication Count": 0.14285714285714285}, "seagate technology": {"Citation Count": 1.0, "Publication Count": 1.0}, "university of wisconsin madison": {"Citation Count": 3.5714285714285716, "Publication Count": 0.7142857142857143}, "university of texas at austin": {"Citation Count": 1.4285714285714284, "Publication Count": 0.2857142857142857}, "university of north carolina at chapel hill": {"Citation Count": 0.3, "Publication Count": 0.3}, "vmware": {"Citation Count": 0.1, "Publication Count": 0.1}, "rutgers university": {"Citation Count": 0.3, "Publication Count": 0.3}, "williams college": {"Citation Count": 0.1, "Publication Count": 0.1}, "university of chicago": {"Citation Count": 9.375, "Publication Count": 0.3125}, "los alamos national laboratory": {"Citation Count": 3.75, "Publication Count": 0.125}, "university of utah": {"Citation Count": 3.75, "Publication Count": 0.125}, "argonne national laboratory": {"Citation Count": 3.75, "Publication Count": 0.125}, "huawei": {"Citation Count": 3.75, "Publication Count": 0.125}, "university of california santa cruz": {"Citation Count": 1.875, "Publication Count": 0.0625}, "twitter": {"Citation Count": 1.875, "Publication Count": 0.0625}, "texas a m university": {"Citation Count": 0.0, "Publication Count": 0.14285714285714285}, "sungkyunkwan university": {"Citation Count": 0.0, "Publication Count": 1.0}, "east china normal university": {"Citation Count": 0.0, "Publication Count": 0.42857142857142855}, "city university of hong kong": {"Citation Count": 0.0, "Publication Count": 0.14285714285714285}, "university of pittsburgh": {"Citation Count": 0.0, "Publication Count": 0.14285714285714285}, "new jersey institute of technology": {"Citation Count": 0.0, "Publication Count": 0.2857142857142857}, "university of texas at arlington": {"Citation Count": 1.8, "Publication Count": 0.2}, "eth zurich": {"Citation Count": 0.125, "Publication Count": 0.125}, "texas tech university": {"Citation Count": 2.0, "Publication Count": 0.6666666666666666}, "oak ridge national laboratory": {"Citation Count": 1.0, "Publication Count": 0.3333333333333333}, "western digital": {"Citation Count": 5.625, "Publication Count": 0.625}, "iowa state university": {"Citation Count": 2.25, "Publication Count": 0.25}, "new mexico state university": {"Citation Count": 1.125, "Publication Count": 0.125}, "seoul national university": {"Citation Count": 1.6666666666666667, "Publication Count": 0.8333333333333334}, "kookmin university": {"Citation Count": 0.3333333333333333, "Publication Count": 0.16666666666666666}}