{"university of tokyo": {"Citation Count": 56.0, "Publication Count": 1.8}, "university of bath": {"Citation Count": 10.517857142857142, "Publication Count": 0.26785714285714285}, "open university": {"Citation Count": 42.541666666666664, "Publication Count": 0.9583333333333333}, "microsoft": {"Citation Count": 755.1464285714286, "Publication Count": 5.617857142857142}, "indiana university": {"Citation Count": 10.208333333333332, "Publication Count": 0.29166666666666663}, "national university of singapore": {"Citation Count": 37.333333333333336, "Publication Count": 0.7777777777777778}, "keio university": {"Citation Count": 10.666666666666666, "Publication Count": 0.2222222222222222}, "motorola": {"Citation Count": 21.666666666666664, "Publication Count": 1.0}, "missouri western state university": {"Citation Count": 10.666666666666666, "Publication Count": 0.3333333333333333}, "university of washington": {"Citation Count": 236.43571428571428, "Publication Count": 2.7642857142857142}, "intel": {"Citation Count": 35.60714285714286, "Publication Count": 1.0595238095238095}, "academia sinica": {"Citation Count": 7.0, "Publication Count": 0.3333333333333333}, "national taiwan university": {"Citation Count": 14.0, "Publication Count": 0.6666666666666666}, "duke university": {"Citation Count": 5.75, "Publication Count": 0.25}, "adobe systems": {"Citation Count": 17.857142857142858, "Publication Count": 0.14285714285714285}, "ludwig maximilian university of munich": {"Citation Count": 10.0, "Publication Count": 1.0}, "university of science and technology beijing": {"Citation Count": 96.5, "Publication Count": 0.25}, "telecom sudparis": {"Citation Count": 96.0, "Publication Count": 0.5}, "nanjing university": {"Citation Count": 64.0, "Publication Count": 0.3333333333333333}, "zhejiang university": {"Citation Count": 32.0, "Publication Count": 0.16666666666666666}, "university of science and technology of china": {"Citation Count": 157.2, "Publication Count": 1.0}, "eth zurich": {"Citation Count": 104.0, "Publication Count": 2.5}, "at t labs": {"Citation Count": 60.0, "Publication Count": 1.0}, "university of cambridge": {"Citation Count": 41.5, "Publication Count": 0.75}, "lancaster university": {"Citation Count": 68.78571428571428, "Publication Count": 0.8928571428571428}, "university of the west of england": {"Citation Count": 5.666666666666666, "Publication Count": 0.3333333333333333}, "university of bristol": {"Citation Count": 2.833333333333333, "Publication Count": 0.16666666666666666}, "nanyang technological university": {"Citation Count": 20.0, "Publication Count": 0.4}, "carnegie mellon university": {"Citation Count": 685.9690476190476, "Publication Count": 7.635714285714285}, "university of geneva": {"Citation Count": 23.833333333333332, "Publication Count": 0.16666666666666666}, "university of california irvine": {"Citation Count": 6.333333333333333, "Publication Count": 0.6666666666666666}, "university of madeira": {"Citation Count": 9.428571428571429, "Publication Count": 0.42857142857142855}, "coventry university": {"Citation Count": 3.142857142857143, "Publication Count": 0.14285714285714285}, "new york university": {"Citation Count": 10.0, "Publication Count": 0.5}, "university of alabama at birmingham": {"Citation Count": 10.0, "Publication Count": 0.5}, "university of california los angeles": {"Citation Count": 32.0, "Publication Count": 1.0}, "rice university": {"Citation Count": 0.6666666666666666, "Publication Count": 0.6666666666666666}, "university of toronto": {"Citation Count": 1.3333333333333333, "Publication Count": 0.16666666666666666}, "nokia": {"Citation Count": 10.266666666666666, "Publication Count": 1.4333333333333333}, "university of colorado boulder": {"Citation Count": 50.699999999999996, "Publication Count": 1.1}, "university of michigan": {"Citation Count": 20.7, "Publication Count": 0.3}, "university college london": {"Citation Count": 57.0, "Publication Count": 1.0}, "it university of copenhagen": {"Citation Count": 5.0, "Publication Count": 1.0}, "mitsubishi": {"Citation Count": 8.0, "Publication Count": 0.2}, "college of william mary": {"Citation Count": 27.75, "Publication Count": 0.75}, "university of nebraska lincoln": {"Citation Count": 9.25, "Publication Count": 0.25}, "pennsylvania state university": {"Citation Count": 14.0, "Publication Count": 0.3666666666666667}, "federal university of alagoas": {"Citation Count": 7.0, "Publication Count": 0.2}, "university of waterloo": {"Citation Count": 40.0, "Publication Count": 1.0}, "dartmouth college": {"Citation Count": 141.71428571428572, "Publication Count": 1.0714285714285714}, "cornell university": {"Citation Count": 86.42857142857143, "Publication Count": 0.6428571428571428}, "seattle children s": {"Citation Count": 23.6, "Publication Count": 0.2}, "georgia institute of technology": {"Citation Count": 35.0, "Publication Count": 0.8333333333333334}, "university of massachusetts amherst": {"Citation Count": 28.400000000000002, "Publication Count": 0.4}, "university of pittsburgh": {"Citation Count": 14.200000000000001, "Publication Count": 0.2}, "university of memphis": {"Citation Count": 14.200000000000001, "Publication Count": 0.2}, "university of south florida": {"Citation Count": 14.200000000000001, "Publication Count": 0.2}, "massachusetts institute of technology": {"Citation Count": 43.2, "Publication Count": 0.8}, "masdar institute of science and technology": {"Citation Count": 10.8, "Publication Count": 0.2}}