{"stony brook university": {"Citation Count": 11.538461538461538, "Publication Count": 0.7692307692307693}, "rutgers university": {"Citation Count": 7.153846153846154, "Publication Count": 0.5769230769230769}, "facebook": {"Citation Count": 1.153846153846154, "Publication Count": 0.07692307692307693}, "massachusetts institute of technology": {"Citation Count": 5.153846153846154, "Publication Count": 1.0769230769230769}, "brown university": {"Citation Count": 3.0, "Publication Count": 1.0}, "microsoft": {"Citation Count": 38.1030303030303, "Publication Count": 3.1219696969696975}, "grinnell college": {"Citation Count": 18.5, "Publication Count": 0.5}, "university of massachusetts amherst": {"Citation Count": 18.5, "Publication Count": 0.5}, "katholieke universiteit leuven": {"Citation Count": 2.0, "Publication Count": 1.0}, "stanford university": {"Citation Count": 24.0, "Publication Count": 2.0}, "university of washington": {"Citation Count": 207.0, "Publication Count": 2.0}, "princeton university": {"Citation Count": 268.37142857142857, "Publication Count": 2.1142857142857143}, "eth zurich": {"Citation Count": 10.857142857142856, "Publication Count": 0.2857142857142857}, "universite catholique de louvain": {"Citation Count": 5.428571428571428, "Publication Count": 0.14285714285714285}, "ohio state university": {"Citation Count": 28.0, "Publication Count": 2.0}, "university of delaware": {"Citation Count": 0.0, "Publication Count": 0.25}, "ibm": {"Citation Count": 11.0, "Publication Count": 1.25}, "vmware": {"Citation Count": 21.371428571428574, "Publication Count": 1.0785714285714287}, "college of william mary": {"Citation Count": 0.0, "Publication Count": 0.25}, "university of cambridge": {"Citation Count": 1.7647058823529411, "Publication Count": 0.29411764705882354}, "imperial college london": {"Citation Count": 2.8235294117647056, "Publication Count": 0.47058823529411764}, "university of kent": {"Citation Count": 0.3529411764705882, "Publication Count": 0.058823529411764705}, "university of nottingham": {"Citation Count": 1.0588235294117647, "Publication Count": 0.17647058823529413}, "university of california berkeley": {"Citation Count": 20.57142857142857, "Publication Count": 1.0285714285714285}, "penn state harrisburg": {"Citation Count": 4.857142857142857, "Publication Count": 0.14285714285714285}, "tsinghua university": {"Citation Count": 33.63636363636364, "Publication Count": 2.3636363636363638}, "nanjing university": {"Citation Count": 1.9090909090909092, "Publication Count": 0.09090909090909091}, "university of science and technology of china": {"Citation Count": 3.8181818181818183, "Publication Count": 0.18181818181818182}, "keio university": {"Citation Count": 30.0, "Publication Count": 1.0}, "georgia institute of technology": {"Citation Count": 54.0, "Publication Count": 3.0}, "huazhong university of science and technology": {"Citation Count": 21.0, "Publication Count": 0.875}, "university of texas at arlington": {"Citation Count": 3.0, "Publication Count": 0.125}, "purdue university": {"Citation Count": 0.0, "Publication Count": 1.0}, "university of rochester": {"Citation Count": 18.5, "Publication Count": 2.1666666666666665}, "university of california los angeles": {"Citation Count": 2.6, "Publication Count": 0.2}, "samsung": {"Citation Count": 14.1, "Publication Count": 0.7}, "google": {"Citation Count": 7.5, "Publication Count": 0.65}, "university of california irvine": {"Citation Count": 25.833333333333332, "Publication Count": 1.2083333333333333}, "ghent university": {"Citation Count": 9.5, "Publication Count": 0.5}, "ruhr university bochum": {"Citation Count": 2.0, "Publication Count": 0.25}, "technische universitat darmstadt": {"Citation Count": 2.0, "Publication Count": 0.25}, "university of lugano": {"Citation Count": 2.0, "Publication Count": 1.0}, "yahoo": {"Citation Count": 7.0, "Publication Count": 0.5}, "technion israel institute of technology": {"Citation Count": 33.5, "Publication Count": 1.25}, "advanced micro devices": {"Citation Count": 18.400000000000002, "Publication Count": 0.8}, "university of california san diego": {"Citation Count": 8.0, "Publication Count": 0.4}, "australian national university": {"Citation Count": 11.333333333333332, "Publication Count": 0.6666666666666666}, "michigan technological university": {"Citation Count": 4.5, "Publication Count": 0.16666666666666666}, "peking university": {"Citation Count": 25.2, "Publication Count": 1.4666666666666668}, "national university of singapore": {"Citation Count": 13.375, "Publication Count": 1.125}, "emc corporation": {"Citation Count": 7.428571428571428, "Publication Count": 0.5714285714285714}, "northeastern university": {"Citation Count": 1.857142857142857, "Publication Count": 0.14285714285714285}, "virginia tech": {"Citation Count": 1.857142857142857, "Publication Count": 0.14285714285714285}, "ecole polytechnique federale de lausanne": {"Citation Count": 9.0, "Publication Count": 1.0}, "university of wisconsin madison": {"Citation Count": 3.5, "Publication Count": 0.5}, "hanyang university": {"Citation Count": 1.75, "Publication Count": 0.25}, "university of minnesota": {"Citation Count": 9.75, "Publication Count": 1.25}, "university of chicago": {"Citation Count": 11.0, "Publication Count": 1.0}, "carnegie mellon university": {"Citation Count": 32.33333333333333, "Publication Count": 0.3333333333333333}, "intel": {"Citation Count": 67.04166666666666, "Publication Count": 0.7916666666666666}, "new york university": {"Citation Count": 16.0, "Publication Count": 0.8}, "university of toronto": {"Citation Count": 1.0, "Publication Count": 1.0}, "technische universitat munchen": {"Citation Count": 6.0, "Publication Count": 0.5}, "university of california riverside": {"Citation Count": 26.666666666666664, "Publication Count": 0.6666666666666666}, "university of michigan": {"Citation Count": 5.0, "Publication Count": 0.5}, "foundation for research technology hellas": {"Citation Count": 18.0, "Publication Count": 1.0}, "cornell university": {"Citation Count": 1.8, "Publication Count": 0.2}, "seoul national university": {"Citation Count": 11.5, "Publication Count": 0.5}, "shanghai jiao tong university": {"Citation Count": 14.25, "Publication Count": 0.75}, "university of colorado boulder": {"Citation Count": 3.0, "Publication Count": 1.0}, "centre national de la recherche scientifique": {"Citation Count": 20.0, "Publication Count": 1.0}}