{"aarhus university": {"Citation Count": 12.75, "Publication Count": 1.25}, "carleton university": {"Citation Count": 69.0, "Publication Count": 3.5}, "ben gurion university of the negev": {"Citation Count": 6.75, "Publication Count": 1.25}, "eindhoven university of technology": {"Citation Count": 7.107142857142858, "Publication Count": 1.1428571428571428}, "graz university of technology": {"Citation Count": 3.4285714285714284, "Publication Count": 0.5714285714285714}, "free university of berlin": {"Citation Count": 0.8571428571428571, "Publication Count": 0.6428571428571428}, "eth zurich": {"Citation Count": 0.8571428571428571, "Publication Count": 0.14285714285714285}, "roma tre university": {"Citation Count": 1.3333333333333333, "Publication Count": 0.6666666666666666}, "university of tubingen": {"Citation Count": 0.6666666666666666, "Publication Count": 0.3333333333333333}, "max planck society": {"Citation Count": 3.0, "Publication Count": 1.0}, "utrecht university": {"Citation Count": 3.25, "Publication Count": 0.75}, "chinese academy of sciences": {"Citation Count": 0.5, "Publication Count": 0.125}, "new york university": {"Citation Count": 1.1666666666666665, "Publication Count": 0.29166666666666663}, "massachusetts institute of technology": {"Citation Count": 25.333333333333332, "Publication Count": 2.333333333333333}, "national tsing hua university": {"Citation Count": 1.3333333333333333, "Publication Count": 0.3333333333333333}, "boston university": {"Citation Count": 0.6666666666666666, "Publication Count": 0.16666666666666666}, "university of bonn": {"Citation Count": 15.833333333333332, "Publication Count": 3.1666666666666665}, "pennsylvania state university": {"Citation Count": 5.333333333333333, "Publication Count": 0.6666666666666666}, "university of illinois at chicago": {"Citation Count": 2.6666666666666665, "Publication Count": 0.3333333333333333}, "georgia state university": {"Citation Count": 2.6666666666666665, "Publication Count": 0.3333333333333333}, "university of waterloo": {"Citation Count": 28.375, "Publication Count": 2.125}, "university of southern denmark": {"Citation Count": 14.666666666666666, "Publication Count": 0.6666666666666666}, "university of california irvine": {"Citation Count": 14.333333333333332, "Publication Count": 1.5833333333333333}, "princeton university": {"Citation Count": 6.583333333333333, "Publication Count": 0.9166666666666666}, "texas a m university": {"Citation Count": 1.0, "Publication Count": 1.0}, "university of texas at san antonio": {"Citation Count": 14.0, "Publication Count": 1.0}, "university of warwick": {"Citation Count": 0.3333333333333333, "Publication Count": 0.16666666666666666}, "university of gdansk": {"Citation Count": 0.3333333333333333, "Publication Count": 0.16666666666666666}, "universite du quebec en outaouais": {"Citation Count": 0.3333333333333333, "Publication Count": 0.16666666666666666}, "ochanomizu university": {"Citation Count": 0.3333333333333333, "Publication Count": 0.16666666666666666}, "university of liverpool": {"Citation Count": 0.3333333333333333, "Publication Count": 0.16666666666666666}, "lund university": {"Citation Count": 0.3333333333333333, "Publication Count": 0.16666666666666666}, "clemson university": {"Citation Count": 1.0, "Publication Count": 1.0}, "carnegie mellon university": {"Citation Count": 11.0, "Publication Count": 1.0}, "information technology university": {"Citation Count": 45.33333333333333, "Publication Count": 0.3333333333333333}, "university of perugia": {"Citation Count": 90.66666666666666, "Publication Count": 0.6666666666666666}, "university of manitoba": {"Citation Count": 0.375, "Publication Count": 0.125}, "syracuse university": {"Citation Count": 1.0, "Publication Count": 0.25}, "university of wisconsin milwaukee": {"Citation Count": 0.0, "Publication Count": 0.5}, "utah state university": {"Citation Count": 0.0, "Publication Count": 0.5}, "braunschweig university of technology": {"Citation Count": 13.5, "Publication Count": 1.5}, "karlsruhe institute of technology": {"Citation Count": 27.0, "Publication Count": 1.0}, "queen s university": {"Citation Count": 12.0, "Publication Count": 1.0}, "universite libre de bruxelles": {"Citation Count": 6.666666666666666, "Publication Count": 0.3333333333333333}, "tohoku university": {"Citation Count": 6.666666666666666, "Publication Count": 0.3333333333333333}, "university of kiel": {"Citation Count": 12.0, "Publication Count": 1.0}, "harvard university": {"Citation Count": 5.666666666666666, "Publication Count": 0.3333333333333333}, "university of wurzburg": {"Citation Count": 24.0, "Publication Count": 1.0}, "university of warsaw": {"Citation Count": 1.0, "Publication Count": 1.0}, "university of toronto": {"Citation Count": 0.6666666666666666, "Publication Count": 0.3333333333333333}, "technical university of dortmund": {"Citation Count": 1.3333333333333333, "Publication Count": 0.6666666666666666}, "university of north carolina at chapel hill": {"Citation Count": 3.0, "Publication Count": 1.0}, "paris dauphine university": {"Citation Count": 21.0, "Publication Count": 1.0}, "simon fraser university": {"Citation Count": 1.6666666666666665, "Publication Count": 0.3333333333333333}, "smith college": {"Citation Count": 0.0, "Publication Count": 0.5}, "university of jena": {"Citation Count": 1.0, "Publication Count": 1.0}, "shinshu university": {"Citation Count": 2.0, "Publication Count": 1.0}, "kent state university": {"Citation Count": 4.0, "Publication Count": 1.0}}