{"cornell university": {"Citation Count": 237.98333333333335, "Publication Count": 5.75}, "northwestern university": {"Citation Count": 17.333333333333332, "Publication Count": 0.8333333333333333}, "university of michigan": {"Citation Count": 52.633333333333326, "Publication Count": 1.3666666666666665}, "queen mary university of london": {"Citation Count": 20.85, "Publication Count": 0.45}, "university of cambridge": {"Citation Count": 39.45, "Publication Count": 1.9833333333333332}, "university college london": {"Citation Count": 87.6, "Publication Count": 1.7999999999999998}, "university of birmingham": {"Citation Count": 14.600000000000001, "Publication Count": 0.2}, "yahoo": {"Citation Count": 543.6428571428571, "Publication Count": 6.071428571428571}, "ibm": {"Citation Count": 23.0, "Publication Count": 0.6666666666666666}, "arizona state university": {"Citation Count": 19.0, "Publication Count": 0.3333333333333333}, "university of illinois at chicago": {"Citation Count": 131.76190476190476, "Publication Count": 3.3095238095238093}, "linkedin": {"Citation Count": 17.666666666666664, "Publication Count": 0.8333333333333333}, "university of california los angeles": {"Citation Count": 15.9, "Publication Count": 0.7}, "tsinghua university": {"Citation Count": 50.471428571428575, "Publication Count": 2.0214285714285714}, "microsoft": {"Citation Count": 259.40000000000003, "Publication Count": 11.449999999999998}, "eth zurich": {"Citation Count": 92.25, "Publication Count": 1.75}, "bar ilan university": {"Citation Count": 7.25, "Publication Count": 0.75}, "university of california santa cruz": {"Citation Count": 10.857142857142856, "Publication Count": 0.5714285714285714}, "university of pennsylvania": {"Citation Count": 3.0, "Publication Count": 0.5}, "carnegie mellon university": {"Citation Count": 61.42857142857143, "Publication Count": 4.0476190476190474}, "pennsylvania state university": {"Citation Count": 11.511904761904763, "Publication Count": 0.5595238095238095}, "georgia institute of technology": {"Citation Count": 10.25, "Publication Count": 1.25}, "google": {"Citation Count": 236.01666666666668, "Publication Count": 6.508333333333334}, "university of washington": {"Citation Count": 5.285714285714286, "Publication Count": 0.14285714285714285}, "university of central florida": {"Citation Count": 5.285714285714286, "Publication Count": 0.14285714285714285}, "university of virginia": {"Citation Count": 22.0, "Publication Count": 1.0}, "university of edinburgh": {"Citation Count": 0.8, "Publication Count": 0.2}, "columbia university": {"Citation Count": 157.7, "Publication Count": 2.85}, "harvard university": {"Citation Count": 19.25, "Publication Count": 0.75}, "facebook": {"Citation Count": 45.650000000000006, "Publication Count": 2.05}, "university of oxford": {"Citation Count": 25.0, "Publication Count": 1.6666666666666665}, "pontifical catholic university of chile": {"Citation Count": 65.0, "Publication Count": 1.3333333333333333}, "university of mannheim": {"Citation Count": 44.0, "Publication Count": 1.0}, "academia sinica": {"Citation Count": 10.619047619047619, "Publication Count": 0.5952380952380952}, "national taiwan university": {"Citation Count": 3.4285714285714284, "Publication Count": 0.14285714285714285}, "tamkang university": {"Citation Count": 3.4285714285714284, "Publication Count": 0.14285714285714285}, "peking university": {"Citation Count": 65.0, "Publication Count": 1.0}, "hong kong university of science and technology": {"Citation Count": 6.25, "Publication Count": 0.125}, "tencent": {"Citation Count": 18.75, "Publication Count": 0.375}, "new york university": {"Citation Count": 14.0, "Publication Count": 0.5}, "university of california santa barbara": {"Citation Count": 44.5, "Publication Count": 1.3333333333333333}, "university of maryland college park": {"Citation Count": 59.666666666666664, "Publication Count": 0.8333333333333333}, "institut eurecom": {"Citation Count": 23.0, "Publication Count": 1.0}, "renmin university of china": {"Citation Count": 23.0, "Publication Count": 1.0}, "charles iii university of madrid": {"Citation Count": 23.05, "Publication Count": 1.05}, "polytechnic university of turin": {"Citation Count": 4.2, "Publication Count": 0.2}, "university of houston": {"Citation Count": 39.0, "Publication Count": 1.0}, "northeastern university": {"Citation Count": 69.5, "Publication Count": 2.0}, "bell labs": {"Citation Count": 39.766666666666666, "Publication Count": 1.1333333333333333}, "university of paris": {"Citation Count": 10.833333333333332, "Publication Count": 0.16666666666666666}, "fondazione bruno kessler": {"Citation Count": 21.666666666666664, "Publication Count": 0.3333333333333333}, "university of trento": {"Citation Count": 10.833333333333332, "Publication Count": 0.16666666666666666}, "telecom italia": {"Citation Count": 10.833333333333332, "Publication Count": 0.16666666666666666}, "cisco systems inc": {"Citation Count": 6.25, "Publication Count": 0.25}, "university of southern california": {"Citation Count": 18.0, "Publication Count": 1.0}, "sapienza university of rome": {"Citation Count": 5.800000000000001, "Publication Count": 0.2}, "indian institute of technology gandhinagar": {"Citation Count": 5.800000000000001, "Publication Count": 0.2}, "university of texas at austin": {"Citation Count": 30.6, "Publication Count": 1.2}, "eindhoven university of technology": {"Citation Count": 6.333333333333333, "Publication Count": 0.16666666666666666}, "university of california san diego": {"Citation Count": 687.0, "Publication Count": 2.0}, "stanford university": {"Citation Count": 217.5, "Publication Count": 4.5}, "university of amsterdam": {"Citation Count": 76.83333333333333, "Publication Count": 2.1666666666666665}, "yandex": {"Citation Count": 46.166666666666664, "Publication Count": 0.8333333333333333}, "east china normal university": {"Citation Count": 1.0, "Publication Count": 0.16666666666666666}, "university of pisa": {"Citation Count": 9.200000000000001, "Publication Count": 0.4}, "ludwig maximilian university of munich": {"Citation Count": 9.200000000000001, "Publication Count": 0.4}, "university of illinois at urbana champaign": {"Citation Count": 26.773809523809526, "Publication Count": 2.3452380952380953}, "wright state university": {"Citation Count": 16.0, "Publication Count": 1.0}, "kyoto university": {"Citation Count": 3.0, "Publication Count": 1.0}, "university of koblenz and landau": {"Citation Count": 0.5, "Publication Count": 0.5}, "universidade federal de minas gerais": {"Citation Count": 9.0, "Publication Count": 0.5}, "university of queensland": {"Citation Count": 4.5, "Publication Count": 0.16666666666666666}, "university of electronic science and technology of china": {"Citation Count": 4.5, "Publication Count": 0.16666666666666666}, "kumamoto university": {"Citation Count": 12.0, "Publication Count": 0.6666666666666666}, "university of melbourne": {"Citation Count": 15.0, "Publication Count": 1.4}, "university of southampton": {"Citation Count": 4.0, "Publication Count": 1.0}, "university of sao paulo": {"Citation Count": 7.0, "Publication Count": 0.5}, "university of rennes": {"Citation Count": 44.0, "Publication Count": 1.0}, "university of fribourg": {"Citation Count": 10.0, "Publication Count": 0.6666666666666666}, "university of sheffield": {"Citation Count": 5.0, "Publication Count": 0.3333333333333333}, "ohio state university": {"Citation Count": 4.4, "Publication Count": 0.4}, "university of wisconsin madison": {"Citation Count": 20.666666666666664, "Publication Count": 0.6666666666666666}, "rutgers university": {"Citation Count": 10.333333333333332, "Publication Count": 0.3333333333333333}, "north carolina state university": {"Citation Count": 12.0, "Publication Count": 0.5}, "lancaster university": {"Citation Count": 12.0, "Publication Count": 0.5}, "max planck society": {"Citation Count": 34.666666666666664, "Publication Count": 1.8333333333333333},