{"siemens": {"Citation Count": 16.363636363636363, "Publication Count": 0.8181818181818182}, "technische universitat munchen": {"Citation Count": 82.67474747474748, "Publication Count": 0.8414141414141414}, "university of passau": {"Citation Count": 1.8181818181818183, "Publication Count": 0.09090909090909091}, "daimler ag": {"Citation Count": 127.66666666666666, "Publication Count": 0.3333333333333333}, "max planck society": {"Citation Count": 591.1547619047619, "Publication Count": 2.630952380952381}, "university of freiburg": {"Citation Count": 127.66666666666666, "Publication Count": 0.3333333333333333}, "eth zurich": {"Citation Count": 231.83333333333331, "Publication Count": 4.916666666666666}, "university of kiel": {"Citation Count": 3.0, "Publication Count": 0.75}, "fraunhofer society": {"Citation Count": 1.0, "Publication Count": 0.25}, "university of surrey": {"Citation Count": 57.66666666666667, "Publication Count": 2.4333333333333336}, "university of washington": {"Citation Count": 10.0, "Publication Count": 1.25}, "vienna university of technology": {"Citation Count": 7.25, "Publication Count": 1.25}, "university of vienna": {"Citation Count": 0.25, "Publication Count": 0.25}, "university of massachusetts amherst": {"Citation Count": 163.2, "Publication Count": 1.4666666666666668}, "zhejiang university": {"Citation Count": 63.8, "Publication Count": 0.5333333333333333}, "kaiserslautern university of technology": {"Citation Count": 11.333333333333332, "Publication Count": 1.3333333333333333}, "german research centre for artificial intelligence": {"Citation Count": 37.0, "Publication Count": 3.6666666666666665}, "umea university": {"Citation Count": 1.1666666666666665, "Publication Count": 0.16666666666666666}, "carnegie mellon university": {"Citation Count": 7.333333333333333, "Publication Count": 0.8333333333333333}, "queensland university of technology": {"Citation Count": 5.5, "Publication Count": 1.5}, "university of florida": {"Citation Count": 4.0, "Publication Count": 1.0}, "norwegian university of science and technology": {"Citation Count": 1.0, "Publication Count": 1.0}, "princeton university": {"Citation Count": 488.1777777777778, "Publication Count": 2.3777777777777778}, "simon fraser university": {"Citation Count": 3.333333333333333, "Publication Count": 0.3333333333333333}, "adobe systems": {"Citation Count": 6.666666666666666, "Publication Count": 0.6666666666666666}, "west virginia university": {"Citation Count": 1.0, "Publication Count": 0.25}, "university of california": {"Citation Count": 72.66666666666666, "Publication Count": 0.5833333333333333}, "university of california santa barbara": {"Citation Count": 1.0, "Publication Count": 0.25}, "brno university of technology": {"Citation Count": 7.5, "Publication Count": 0.5}, "university of girona": {"Citation Count": 3.75, "Publication Count": 0.25}, "australian national university": {"Citation Count": 3.75, "Publication Count": 0.25}, "hong kong university of science and technology": {"Citation Count": 13.0, "Publication Count": 1.0}, "ecole centrale paris": {"Citation Count": 5.0, "Publication Count": 1.0}, "chinese academy of sciences": {"Citation Count": 9.0, "Publication Count": 1.75}, "middlebury college": {"Citation Count": 7.333333333333333, "Publication Count": 0.3333333333333333}, "university of tokyo": {"Citation Count": 7.333333333333333, "Publication Count": 0.6666666666666666}, "microsoft": {"Citation Count": 7.333333333333333, "Publication Count": 0.3333333333333333}, "brown university": {"Citation Count": 10.0, "Publication Count": 1.5}, "nvidia": {"Citation Count": 13.0, "Publication Count": 0.6666666666666666}, "university of szeged": {"Citation Count": 9.0, "Publication Count": 1.0}, "stanford university": {"Citation Count": 445.31111111111113, "Publication Count": 2.9111111111111114}, "university of california berkeley": {"Citation Count": 160.5333333333333, "Publication Count": 0.8666666666666667}, "dongseo university": {"Citation Count": 3.0, "Publication Count": 0.16666666666666666}, "google": {"Citation Count": 3.0, "Publication Count": 0.16666666666666666}, "czech technical university in prague": {"Citation Count": 5.0, "Publication Count": 1.0}, "university of oxford": {"Citation Count": 4.0, "Publication Count": 1.6666666666666665}, "university of parma": {"Citation Count": 6.5, "Publication Count": 0.5}, "taiyuan university of science and technology": {"Citation Count": 1.0, "Publication Count": 0.25}, "city university of new york": {"Citation Count": 7.0, "Publication Count": 1.0}, "sun yat sen university": {"Citation Count": 1.75, "Publication Count": 0.25}, "university of north carolina at chapel hill": {"Citation Count": 5.0, "Publication Count": 2.0}, "university of haifa": {"Citation Count": 2.0, "Publication Count": 1.0}, "mitsubishi electric": {"Citation Count": 4.333333333333333, "Publication Count": 0.7333333333333334}, "mitsubishi electric research laboratories": {"Citation Count": 6.533333333333333, "Publication Count": 1.3333333333333333}, "katholieke universiteit leuven": {"Citation Count": 1.0, "Publication Count": 0.2}, "royal institute of technology": {"Citation Count": 3.333333333333333, "Publication Count": 0.5333333333333333}, "temple university": {"Citation Count": 1.0, "Publication Count": 0.5}, "cadence design systems": {"Citation Count": 1.0, "Publication Count": 0.5}, "disney research": {"Citation Count": 7.333333333333333, "Publication Count": 0.16666666666666666}, "industrial technology research institute": {"Citation Count": 4.0, "Publication Count": 0.25}, "huazhong university of science and technology": {"Citation Count": 12.0, "Publication Count": 0.75}, "ca foscari university of venice": {"Citation Count": 3.5999999999999996, "Publication Count": 0.6}, "tel aviv university": {"Citation Count": 21.927272727272726, "Publication Count": 0.5636363636363637}, "ecole polytechnique federale de lausanne": {"Citation Count": 63.21428571428571, "Publication Count": 0.39285714285714285}, "university of delaware": {"Citation Count": 4.0, "Publication Count": 1.8333333333333335}, "king juan carlos university": {"Citation Count": 62.71428571428571, "Publication Count": 0.14285714285714285}, "facebook": {"Citation Count": 5.181818181818182, "Publication Count": 0.09090909090909091}, "technion israel institute of technology": {"Citation Count": 15.545454545454545, "Publication Count": 0.2727272727272727}, "nuffield orthopaedic centre": {"Citation Count": 1.0, "Publication Count": 0.3333333333333333}, "indian institute of science": {"Citation Count": 3.5, "Publication Count": 0.5}, "university of maryland college park": {"Citation Count": 3.5, "Publication Count": 0.5}, "university of the sciences": {"Citation Count": 4.666666666666666, "Publication Count": 0.3333333333333333}, "tsinghua university": {"Citation Count": 19.0, "Publication Count": 0.5}, "university of texas at austin": {"Citation Count": 19.0, "Publication Count": 0.5}, "university of queensland": {"Citation Count": 5.0, "Publication Count": 0.5}, "national university of singapore": {"Citation Count": 2.0, "Publication Count": 1.0}, "tokyo institute of technology": {"Citation Count": 0.0, "Publication Count": 0.3333333333333333}, "national institute of information and communications technology": {"Citation Count": 0.0, "Publication Count": 0.3333333333333333}, "yonsei university": {"Citation Count": 3.0, "Publication Count": 0.2}, "university of southampton": {"Citation Count": 3.0, "Publication Count": 0.2}, "purdue university": {"Citation Count": 0.8, "Publication Count": 0.2}, "johns hopkins university": {"Citation Count": 1.6, "Publication Count": 0.2}, "texas a m university": {"Citation Count": 1.6, "Publication Count": 0.2}, "quaid i azam university": {"Citation Count": 1.0, "Publication Count": 0.3333333333333333}, "queen s university": {"Citation Count": 2.0, "Publication Count": 0.6666666666666666}, "national research council": {"Citation Count": 0.0,