{"columbia university": {"Citation Count": 27.166666666666664, "Publication Count": 0.8333333333333333}, "universite catholique de louvain": {"Citation Count": 59.666666666666664, "Publication Count": 1.3333333333333333}, "ecole normale superieure de lyon": {"Citation Count": 11.666666666666666, "Publication Count": 0.3333333333333333}, "ecole normale superieure": {"Citation Count": 105.7, "Publication Count": 1.3166666666666667}, "university of california": {"Citation Count": 37.0, "Publication Count": 0.3333333333333333}, "google": {"Citation Count": 5.166666666666666, "Publication Count": 0.16666666666666666}, "nec": {"Citation Count": 10.333333333333332, "Publication Count": 0.3333333333333333}, "university of california los angeles": {"Citation Count": 18.666666666666664, "Publication Count": 1.3333333333333333}, "institute of science and technology austria": {"Citation Count": 25.333333333333332, "Publication Count": 0.6666666666666666}, "university of california san diego": {"Citation Count": 28.666666666666664, "Publication Count": 0.6666666666666666}, "university of california santa barbara": {"Citation Count": 14.333333333333332, "Publication Count": 0.3333333333333333}, "tel aviv university": {"Citation Count": 78.5, "Publication Count": 2.0}, "technische universitat darmstadt": {"Citation Count": 29.5, "Publication Count": 1.0}, "ulsan national institute of science and technology": {"Citation Count": 24.0, "Publication Count": 1.0}, "university of catania": {"Citation Count": 27.5, "Publication Count": 0.8333333333333334}, "cornell university": {"Citation Count": 5.5, "Publication Count": 0.16666666666666666}, "aarhus university": {"Citation Count": 18.0, "Publication Count": 1.0}, "university of california irvine": {"Citation Count": 20.333333333333332, "Publication Count": 0.3333333333333333}, "national and kapodistrian university of athens": {"Citation Count": 20.333333333333332, "Publication Count": 0.3333333333333333}, "ibm": {"Citation Count": 61.133333333333326, "Publication Count": 0.9333333333333333}, "weizmann institute of science": {"Citation Count": 29.75, "Publication Count": 1.375}, "nanyang technological university": {"Citation Count": 140.2, "Publication Count": 2.6}, "bauhaus university weimar": {"Citation Count": 16.0, "Publication Count": 1.0}, "katholieke universiteit leuven": {"Citation Count": 149.93333333333334, "Publication Count": 1.8666666666666667}, "nxp semiconductors": {"Citation Count": 27.26666666666667, "Publication Count": 0.5333333333333333}, "university of twente": {"Citation Count": 11.8, "Publication Count": 0.1}, "chinese academy of sciences": {"Citation Count": 151.8, "Publication Count": 1.8}, "national institute of advanced industrial science and technology": {"Citation Count": 2.2, "Publication Count": 0.2}, "university of edinburgh": {"Citation Count": 17.0, "Publication Count": 0.25}, "eth zurich": {"Citation Count": 38.5, "Publication Count": 1.375}, "university of geneva": {"Citation Count": 8.5, "Publication Count": 0.125}, "singapore university of technology and design": {"Citation Count": 8.5, "Publication Count": 0.125}, "national university of singapore": {"Citation Count": 8.5, "Publication Count": 0.125}, "nippon telegraph and telephone": {"Citation Count": 6.0, "Publication Count": 1.0}, "bar ilan university": {"Citation Count": 30.5, "Publication Count": 1.25}, "university of calgary": {"Citation Count": 10.0, "Publication Count": 0.5}, "university of bristol": {"Citation Count": 132.83333333333334, "Publication Count": 3.1666666666666665}, "yahoo": {"Citation Count": 3.333333333333333, "Publication Count": 0.16666666666666666}, "lund university": {"Citation Count": 30.0, "Publication Count": 0.8333333333333334}, "fudan university": {"Citation Count": 6.0, "Publication Count": 0.16666666666666666}, "centre national de la recherche scientifique": {"Citation Count": 6.666666666666666, "Publication Count": 0.3333333333333333}, "french institute for research in computer science and automation": {"Citation Count": 64.41666666666666, "Publication Count": 1.25}, "university of paris": {"Citation Count": 19.333333333333332, "Publication Count": 0.6666666666666666}, "stanford university": {"Citation Count": 16.0, "Publication Count": 1.0}, "university of luxembourg": {"Citation Count": 27.5, "Publication Count": 0.5}, "university of lille": {"Citation Count": 27.5, "Publication Count": 0.5}, "university of passau": {"Citation Count": 19.666666666666664, "Publication Count": 0.3333333333333333}, "iminds": {"Citation Count": 18.666666666666664, "Publication Count": 0.3333333333333333}, "technical university of denmark": {"Citation Count": 9.333333333333332, "Publication Count": 0.16666666666666666}, "indian statistical institute": {"Citation Count": 23.0, "Publication Count": 2.0}, "queensland university of technology": {"Citation Count": 1.4000000000000001, "Publication Count": 0.2}, "macquarie university": {"Citation Count": 10.4, "Publication Count": 1.2}, "versailles saint quentin en yvelines university": {"Citation Count": 38.666666666666664, "Publication Count": 0.6666666666666666}, "cryptography research": {"Citation Count": 2.833333333333333, "Publication Count": 0.16666666666666666}, "university of rennes": {"Citation Count": 5.75, "Publication Count": 0.25}, "institut universitaire de france": {"Citation Count": 18.416666666666664, "Publication Count": 0.5833333333333333}, "state university of campinas": {"Citation Count": 5.75, "Publication Count": 0.25}, "eindhoven university of technology": {"Citation Count": 32.5, "Publication Count": 0.625}, "university of illinois at chicago": {"Citation Count": 6.5, "Publication Count": 0.125}, "radboud university nijmegen": {"Citation Count": 13.0, "Publication Count": 0.25}, "yasar university": {"Citation Count": 6.0, "Publication Count": 0.5}, "microsoft": {"Citation Count": 34.0, "Publication Count": 1.0}, "ecole polytechnique federale de lausanne": {"Citation Count": 7.333333333333333, "Publication Count": 0.6666666666666666}, "university of haifa": {"Citation Count": 2.25, "Publication Count": 0.125}, "graz university of technology": {"Citation Count": 50.0, "Publication Count": 1.0}, "saarland university": {"Citation Count": 19.333333333333332, "Publication Count": 0.6666666666666666}, "ruhr university bochum": {"Citation Count": 9.666666666666666, "Publication Count": 0.3333333333333333}, "university college london": {"Citation Count": 28.0, "Publication Count": 0.5}}