{"amazon com": {"Citation Count": 6.2, "Publication Count": 0.2}, "university of california san diego": {"Citation Count": 51.38333333333333, "Publication Count": 1.7166666666666668}, "hubei university": {"Citation Count": 4.0, "Publication Count": 0.3333333333333333}, "chinese academy of sciences": {"Citation Count": 4.0, "Publication Count": 0.3333333333333333}, "university of southern california": {"Citation Count": 30.666666666666668, "Publication Count": 1.5}, "university of illinois at urbana champaign": {"Citation Count": 26.0, "Publication Count": 3.25}, "delft university of technology": {"Citation Count": 24.73333333333333, "Publication Count": 0.9333333333333333}, "university of trento": {"Citation Count": 9.466666666666667, "Publication Count": 0.3666666666666667}, "northwestern university": {"Citation Count": 14.533333333333333, "Publication Count": 0.7333333333333334}, "virginia tech": {"Citation Count": 22.392857142857142, "Publication Count": 1.9642857142857144}, "clemson university": {"Citation Count": 3.6666666666666665, "Publication Count": 0.16666666666666666}, "technion israel institute of technology": {"Citation Count": 17.57142857142857, "Publication Count": 2.7142857142857144}, "tel aviv university": {"Citation Count": 0.7142857142857142, "Publication Count": 0.14285714285714285}, "vmware": {"Citation Count": 2.9142857142857146, "Publication Count": 0.34285714285714286}, "columbia university": {"Citation Count": 20.0, "Publication Count": 2.5}, "canon inc": {"Citation Count": 3.0, "Publication Count": 0.16666666666666666}, "brown university": {"Citation Count": 6.0, "Publication Count": 0.3333333333333333}, "massachusetts institute of technology": {"Citation Count": 16.142857142857142, "Publication Count": 3.0357142857142856}, "university of pennsylvania": {"Citation Count": 21.142857142857142, "Publication Count": 2.071428571428571}, "indiana university": {"Citation Count": 0.8571428571428571, "Publication Count": 0.42857142857142855}, "intel": {"Citation Count": 12.585714285714285, "Publication Count": 1.2428571428571429}, "university of edinburgh": {"Citation Count": 14.428571428571429, "Publication Count": 1.4642857142857144}, "microsoft": {"Citation Count": 37.36071428571429, "Publication Count": 1.6178571428571429}, "university of virginia": {"Citation Count": 19.0, "Publication Count": 1.6666666666666665}, "university of michigan": {"Citation Count": 18.628571428571426, "Publication Count": 2.3380952380952382}, "college of william mary": {"Citation Count": 30.083333333333332, "Publication Count": 1.9166666666666665}, "university of rochester": {"Citation Count": 1.6666666666666665, "Publication Count": 0.3333333333333333}, "yale university": {"Citation Count": 5.2, "Publication Count": 1.2}, "indian institute of science": {"Citation Count": 2.2, "Publication Count": 0.2}, "eth zurich": {"Citation Count": 7.037362637362638, "Publication Count": 0.8395604395604396}, "ecole polytechnique federale de lausanne": {"Citation Count": 19.333333333333332, "Publication Count": 1.3333333333333333}, "university of toronto": {"Citation Count": 4.333333333333333, "Publication Count": 0.3333333333333333}, "university of sydney": {"Citation Count": 4.333333333333333, "Publication Count": 0.3333333333333333}, "indian institute of technology kanpur": {"Citation Count": 0.4, "Publication Count": 0.2}, "carnegie mellon university": {"Citation Count": 38.32380952380952, "Publication Count": 2.280952380952381}, "ohio state university": {"Citation Count": 5.133333333333333, "Publication Count": 0.5666666666666667}, "rutgers university": {"Citation Count": 2.4285714285714284, "Publication Count": 0.14285714285714285}, "huawei": {"Citation Count": 2.4285714285714284, "Publication Count": 0.14285714285714285}, "princeton university": {"Citation Count": 51.86923076923077, "Publication Count": 1.7615384615384615}, "stanford university": {"Citation Count": 74.83333333333333, "Publication Count": 2.4166666666666665}, "tsinghua university": {"Citation Count": 56.66666666666667, "Publication Count": 2.5}, "huazhong university of science and technology": {"Citation Count": 22.55, "Publication Count": 1.35}, "university of california santa barbara": {"Citation Count": 58.7, "Publication Count": 2.4}, "lawrence berkeley national laboratory": {"Citation Count": 4.875, "Publication Count": 0.375}, "national institute of standards and technology": {"Citation Count": 1.625, "Publication Count": 0.125}, "seoul national university": {"Citation Count": 16.857142857142858, "Publication Count": 2.5714285714285716}, "shanghai jiao tong university": {"Citation Count": 56.88095238095238, "Publication Count": 1.4523809523809523}, "alibaba group": {"Citation Count": 5.5, "Publication Count": 1.0}, "florida state university": {"Citation Count": 7.166666666666667, "Publication Count": 0.6666666666666666}, "google": {"Citation Count": 19.666666666666664, "Publication Count": 1.9166666666666665}, "university of california santa cruz": {"Citation Count": 4.0, "Publication Count": 0.25}, "university of british columbia": {"Citation Count": 8.0, "Publication Count": 1.0}, "stony brook university": {"Citation Count": 1.6666666666666665, "Publication Count": 0.16666666666666666}, "queen s university belfast": {"Citation Count": 3.75, "Publication Count": 0.75}, "university of chicago": {"Citation Count": 2.1, "Publication Count": 0.3}, "university of california riverside": {"Citation Count": 4.666666666666667, "Publication Count": 1.3333333333333333}, "texas a m university": {"Citation Count": 1.0, "Publication Count": 1.0}, "united states naval academy": {"Citation Count": 0.5, "Publication Count": 0.25}, "nvidia": {"Citation Count": 0.46153846153846156, "Publication Count": 0.07692307692307693}, "harvard university": {"Citation Count": 0.46153846153846156, "Publication Count": 0.07692307692307693}, "birla institute of technology and science": {"Citation Count": 0.46153846153846156, "Publication Count": 0.07692307692307693}, "university of washington": {"Citation Count": 0.46153846153846156, "Publication Count": 0.07692307692307693}, "university of bologna": {"Citation Count": 0.46153846153846156, "Publication Count": 0.07692307692307693}, "university of california berkeley": {"Citation Count": 6.0, "Publication Count": 1.0}, "facebook": {"Citation Count": 11.0, "Publication Count": 0.5}, "university of wisconsin madison": {"Citation Count": 25.0, "Publication Count": 1.0}, "university of colorado boulder": {"Citation Count": 8.666666666666666, "Publication Count": 0.3333333333333333}, "university of north carolina at chapel hill": {"Citation Count": 1.5, "Publication Count": 0.25}, "university of texas at austin": {"Citation Count": 4.5, "Publication Count": 0.75}, "hong kong university of science and technology": {"Citation Count": 0.8571428571428571, "Publication Count": 0.14285714285714285}, "peking university": {"Citation Count": 33.0, "Publication Count": 1.0}, "university of california davis": {"Citation Count": 9.0, "Publication Count": 0.6}, "northeastern university": {"Citation Count": 39.375, "Publication Count": 0.625}, "purdue university": {"Citation Count": 18.166666666666664, "Publication Count": 2.166666666666667}, "baidu": {"Citation Count": 6.5, "Publication Count": 0.5}, "north carolina state university": {"Citation Count": 28.333333333333332, "Publication Count": 1.6666666666666665}, "university of central florida": {"Citation Count": 2.6666666666666665, "Publication Count": 0.3333333333333333}, "ibm": {"Citation Count": 43.5, "Publication Count": 0.5}, "renmin university of china": {"Citation Count": 0.0, "Publication Count": 1.0}, "pennsylvania state university": {"Citation Count": 3.1, "Publication Count": 0.7666666666666666}, "samsung": {"Citation Count": 0.2, "Publication Count": 0.2}, "kaist": {"Citation Count": 12.2, "Publication Count": 1.2}, "max planck society": {"Citation Count": 10.0, "Publication Count": 1.0},