{"royal institute of technology": {"Citation Count": 2.0, "Publication Count": 1.0}, "technion israel institute of technology": {"Citation Count": 0.0, "Publication Count": 0.5}, "nvidia": {"Citation Count": 2.6666666666666665, "Publication Count": 0.6666666666666666}, "tel aviv university": {"Citation Count": 0.6666666666666666, "Publication Count": 0.23333333333333334}, "cornell university": {"Citation Count": 18.599999999999998, "Publication Count": 4.3999999999999995}, "seoul national university": {"Citation Count": 1.8333333333333333, "Publication Count": 2.9833333333333334}, "university of michigan": {"Citation Count": 2.4285714285714284, "Publication Count": 1.342857142857143}, "intel": {"Citation Count": 4.0, "Publication Count": 0.6000000000000001}, "rutgers university": {"Citation Count": 4.033333333333333, "Publication Count": 1.7}, "yale university": {"Citation Count": 1.0, "Publication Count": 0.5}, "pennsylvania state university": {"Citation Count": 2.257142857142857, "Publication Count": 1.6857142857142857}, "vmware": {"Citation Count": 0.7619047619047619, "Publication Count": 0.30952380952380953}, "eth zurich": {"Citation Count": 16.557142857142857, "Publication Count": 1.5857142857142859}, "ecole polytechnique federale de lausanne": {"Citation Count": 4.628571428571429, "Publication Count": 1.1428571428571428}, "university of illinois at urbana champaign": {"Citation Count": 11.566666666666666, "Publication Count": 5.583333333333333}, "university of sydney": {"Citation Count": 0.3333333333333333, "Publication Count": 0.5833333333333333}, "university of toronto": {"Citation Count": 1.0, "Publication Count": 1.75}, "university of pennsylvania": {"Citation Count": 1.0, "Publication Count": 1.0}, "google": {"Citation Count": 7.8, "Publication Count": 1.9}, "university of texas at austin": {"Citation Count": 8.466666666666667, "Publication Count": 2.566666666666667}, "polytechnic university of catalonia": {"Citation Count": 0.3333333333333333, "Publication Count": 0.3333333333333333}, "national university of singapore": {"Citation Count": 0.6666666666666666, "Publication Count": 0.6666666666666666}, "indian institute of science": {"Citation Count": 1.0, "Publication Count": 0.5}, "university of british columbia": {"Citation Count": 0.3333333333333333, "Publication Count": 0.16666666666666666}, "university of edinburgh": {"Citation Count": 7.3999999999999995, "Publication Count": 2.6}, "purdue university": {"Citation Count": 5.25, "Publication Count": 2.75}, "microsoft": {"Citation Count": 2.9000000000000004, "Publication Count": 1.05}, "technische universitat darmstadt": {"Citation Count": 2.5, "Publication Count": 0.5}, "vu university amsterdam": {"Citation Count": 2.25, "Publication Count": 1.5833333333333333}, "rice university": {"Citation Count": 1.5, "Publication Count": 1.5}, "university of chicago": {"Citation Count": 0.75, "Publication Count": 1.15}, "nanjing university": {"Citation Count": 0.0, "Publication Count": 0.2}, "simon fraser university": {"Citation Count": 2.566666666666667, "Publication Count": 0.16666666666666669}, "university of california san diego": {"Citation Count": 4.916666666666666, "Publication Count": 1.9166666666666665}, "university of colorado boulder": {"Citation Count": 0.3333333333333333, "Publication Count": 0.3333333333333333}, "university of pittsburgh": {"Citation Count": 0.5, "Publication Count": 0.16666666666666666}, "association for computing machinery": {"Citation Count": 0.25, "Publication Count": 0.25}, "indiana university": {"Citation Count": 13.5, "Publication Count": 1.5}, "university of california irvine": {"Citation Count": 2.6666666666666665, "Publication Count": 1.6666666666666665}, "university of california los angeles": {"Citation Count": 1.9333333333333331, "Publication Count": 0.9333333333333333}, "northeastern university": {"Citation Count": 7.0, "Publication Count": 1.0}, "princeton university": {"Citation Count": 2.2, "Publication Count": 0.4}, "argonne national laboratory": {"Citation Count": 8.0, "Publication Count": 0.8}, "columbia university": {"Citation Count": 1.25, "Publication Count": 0.25}, "university of virginia": {"Citation Count": 2.5, "Publication Count": 0.5}, "university of california merced": {"Citation Count": 3.0, "Publication Count": 0.5}, "hunan university": {"Citation Count": 3.0, "Publication Count": 0.5}, "huawei": {"Citation Count": 9.0, "Publication Count": 0.9}, "shanghai jiao tong university": {"Citation Count": 1.0, "Publication Count": 0.1}, "imperial college london": {"Citation Count": 2.0, "Publication Count": 1.0}, "arizona state university": {"Citation Count": 0.0, "Publication Count": 1.0}, "pacific northwest national laboratory": {"Citation Count": 0.16666666666666666, "Publication Count": 0.16666666666666666}, "university of texas at dallas": {"Citation Count": 0.16666666666666666, "Publication Count": 0.16666666666666666}, "university of washington": {"Citation Count": 0.3333333333333333, "Publication Count": 0.3333333333333333}, "beijing university of posts and telecommunications": {"Citation Count": 0.2, "Publication Count": 0.2}, "university of california davis": {"Citation Count": 0.2, "Publication Count": 0.2}, "georgia institute of technology": {"Citation Count": 5.333333333333333, "Publication Count": 1.6666666666666665}, "massachusetts institute of technology": {"Citation Count": 6.333333333333333, "Publication Count": 3.083333333333333}, "harvard university": {"Citation Count": 5.523809523809524, "Publication Count": 2.130952380952381}, "kyungpook national university": {"Citation Count": 0.16666666666666666, "Publication Count": 0.16666666666666666}, "facebook": {"Citation Count": 3.276190476190476, "Publication Count": 0.6523809523809524}, "kaist": {"Citation Count": 0.2, "Publication Count": 0.2}, "college of william mary": {"Citation Count": 0.0, "Publication Count": 1.0}, "carnegie mellon university": {"Citation Count": 0.0, "Publication Count": 1.0}, "amazon com": {"Citation Count": 0.0, "Publication Count": 0.2}, "franklin marshall college": {"Citation Count": 0.0, "Publication Count": 0.25}, "university of california riverside": {"Citation Count": 0.2857142857142857, "Publication Count": 0.8928571428571428}, "michigan technological university": {"Citation Count": 0.0, "Publication Count": 0.25}, "washington state university": {"Citation Count": 1.2000000000000002, "Publication Count": 0.2}, "university of utah": {"Citation Count": 3.5999999999999996, "Publication Count": 0.6}, "ohio state university": {"Citation Count": 1.2000000000000002, "Publication Count": 0.2}, "duke university": {"Citation Count": 2.0, "Publication Count": 1.0}, "university of sfax": {"Citation Count": 1.1428571428571428, "Publication Count": 0.5714285714285714}, "university of valenciennes and hainaut cambresis": {"Citation Count": 0.2857142857142857, "Publication Count": 0.14285714285714285}, "george mason university": {"Citation Count": 0.2857142857142857, "Publication Count": 0.14285714285714285}, "sapienza university of rome": {"Citation Count": 0.0, "Publication Count": 0.5}, "apple inc": {"Citation Count": 0.0, "Publication Count": 0.16666666666666666}}