{"cornell university": {"Citation Count": 38.5, "Publication Count": 3.4}, "indian institute of science": {"Citation Count": 4.333333333333333, "Publication Count": 0.5333333333333333}, "columbia university": {"Citation Count": 5.333333333333333, "Publication Count": 1.0333333333333332}, "stanford university": {"Citation Count": 24.25, "Publication Count": 3.7}, "university of california los angeles": {"Citation Count": 15.0, "Publication Count": 1.1666666666666665}, "university of washington": {"Citation Count": 22.0, "Publication Count": 2.5}, "microsoft": {"Citation Count": 49.5, "Publication Count": 4.083333333333333}, "massachusetts institute of technology": {"Citation Count": 96.66666666666667, "Publication Count": 10.416666666666668}, "ben gurion university of the negev": {"Citation Count": 14.600000000000001, "Publication Count": 1.7}, "princeton university": {"Citation Count": 77.36666666666667, "Publication Count": 4.716666666666667}, "tel aviv university": {"Citation Count": 10.766666666666666, "Publication Count": 1.7}, "google": {"Citation Count": 60.10000000000001, "Publication Count": 7.699999999999999}, "carnegie mellon university": {"Citation Count": 7.0, "Publication Count": 0.9166666666666666}, "new york university": {"Citation Count": 14.833333333333332, "Publication Count": 1.8333333333333333}, "rutgers university": {"Citation Count": 3.6666666666666665, "Publication Count": 1.1666666666666665}, "northwestern university": {"Citation Count": 0.6666666666666666, "Publication Count": 0.6666666666666666}, "toyota technological institute at chicago": {"Citation Count": 44.5, "Publication Count": 3.6666666666666665}, "singapore university of technology and design": {"Citation Count": 8.333333333333332, "Publication Count": 0.3333333333333333}, "texas a m university": {"Citation Count": 8.333333333333332, "Publication Count": 0.3333333333333333}, "universite de montreal": {"Citation Count": 8.333333333333332, "Publication Count": 0.3333333333333333}, "university of michigan": {"Citation Count": 3.333333333333333, "Publication Count": 0.3333333333333333}, "university of tokyo": {"Citation Count": 6.666666666666666, "Publication Count": 0.6666666666666666}, "ecole normale superieure": {"Citation Count": 61.16666666666667, "Publication Count": 4.166666666666666}, "french institute for research in computer science and automation": {"Citation Count": 0.6666666666666666, "Publication Count": 1.0}, "new york university shanghai": {"Citation Count": 2.6666666666666665, "Publication Count": 0.3333333333333333}, "brown university": {"Citation Count": 2.75, "Publication Count": 0.25}, "georgia institute of technology": {"Citation Count": 0.0, "Publication Count": 0.5}, "pennsylvania state university": {"Citation Count": 0.0, "Publication Count": 0.25}, "university of rochester": {"Citation Count": 0.0, "Publication Count": 0.25}, "university of cambridge": {"Citation Count": 10.0, "Publication Count": 0.3333333333333333}, "university of california berkeley": {"Citation Count": 69.66666666666667, "Publication Count": 3.9166666666666665}, "veterans health administration": {"Citation Count": 8.5, "Publication Count": 0.5}, "hebrew university of jerusalem": {"Citation Count": 7.933333333333334, "Publication Count": 0.8666666666666667}, "university of british columbia": {"Citation Count": 6.0, "Publication Count": 0.5}, "weizmann institute of science": {"Citation Count": 16.6, "Publication Count": 1.7}, "kent state university": {"Citation Count": 5.0, "Publication Count": 0.25}, "boston university": {"Citation Count": 1.6666666666666665, "Publication Count": 0.3333333333333333}, "university of california san diego": {"Citation Count": 14.166666666666666, "Publication Count": 2.583333333333333}, "simon fraser university": {"Citation Count": 1.6666666666666665, "Publication Count": 0.3333333333333333}, "university of illinois at chicago": {"Citation Count": 2.0, "Publication Count": 1.0}, "otto von guericke university magdeburg": {"Citation Count": 3.0, "Publication Count": 1.0}, "departement de mathematiques": {"Citation Count": 37.5, "Publication Count": 0.5}, "university of oxford": {"Citation Count": 65.0, "Publication Count": 1.5}, "australian national university": {"Citation Count": 8.0, "Publication Count": 1.0}, "goethe university frankfurt": {"Citation Count": 13.0, "Publication Count": 1.0}, "university of wisconsin madison": {"Citation Count": 46.43333333333334, "Publication Count": 4.783333333333333}, "university of southern california": {"Citation Count": 30.599999999999998, "Publication Count": 2.8666666666666667}, "university of texas at austin": {"Citation Count": 14.8, "Publication Count": 1.6}, "duke university": {"Citation Count": 1.8, "Publication Count": 0.7}, "yale university": {"Citation Count": 1.1666666666666665, "Publication Count": 1.9166666666666665}, "university of pennsylvania": {"Citation Count": 7.833333333333333, "Publication Count": 0.5833333333333333}, "university of colorado boulder": {"Citation Count": 1.0, "Publication Count": 1.0}, "national technical university of athens": {"Citation Count": 0.6666666666666666, "Publication Count": 0.6666666666666666}, "technion israel institute of technology": {"Citation Count": 31.25, "Publication Count": 2.375}, "ecole polytechnique federale de lausanne": {"Citation Count": 2.6666666666666665, "Publication Count": 0.3333333333333333}, "harvard university": {"Citation Count": 10.833333333333332, "Publication Count": 0.9166666666666666}, "university of waterloo": {"Citation Count": 7.833333333333332, "Publication Count": 0.5}, "university of toronto": {"Citation Count": 1.1666666666666665, "Publication Count": 0.16666666666666666}, "university of minnesota": {"Citation Count": 1.1666666666666665, "Publication Count": 0.16666666666666666}, "university of illinois at urbana champaign": {"Citation Count": 6.5, "Publication Count": 0.8333333333333333}, "national research university higher school of economics": {"Citation Count": 7.2, "Publication Count": 0.4}, "university of bristol": {"Citation Count": 3.6, "Publication Count": 0.2}, "ecole polytechnique": {"Citation Count": 3.6, "Publication Count": 0.2}, "the chinese university of hong kong": {"Citation Count": 3.6, "Publication Count": 0.2}, "northeastern university": {"Citation Count": 37.83333333333333, "Publication Count": 1.6666666666666665}, "university of bonn": {"Citation Count": 2.5, "Publication Count": 0.5}, "institute for advanced study": {"Citation Count": 2.5, "Publication Count": 0.5}, "eth zurich": {"Citation Count": 4.666666666666666, "Publication Count": 0.6666666666666666}, "university of alberta": {"Citation Count": 1.0, "Publication Count": 1.0}, "university of chicago": {"Citation Count": 22.5, "Publication Count": 0.5}, "university of science and technology of china": {"Citation Count": 0.0, "Publication Count": 0.5}, "centrum wiskunde informatica": {"Citation Count": 6.25, "Publication Count": 0.75}, "los alamos national laboratory": {"Citation Count": 3.0, "Publication Count": 1.0}, "pompeu fabra university": {"Citation Count": 10.5, "Publication Count": 1.5}, "california institute of technology": {"Citation Count": 18.0, "Publication Count": 1.0}, "university of copenhagen": {"Citation Count": 1.0, "Publication Count": 1.0}, "ibm": {"Citation Count": 24.5, "Publication Count": 1.0}, "united states code": {"Citation Count": 7.75, "Publication Count": 0.125}, "purdue university": {"Citation Count": 0.0, "Publication Count": 0.3333333333333333}, "new jersey institute of technology": {"Citation Count": 0.0, "Publication Count": 0.3333333333333333}, "nanjing university of information science and technology": {"Citation Count": 0.5, "Publication Count": 0.5}, "poznan university of technology": {"Citation Count": 0.25, "Publication Count": 0.25}, "leiden university": {"Citation Count": 0.5, "Publication Count": 0.5}}