{"university of texas at austin": {"Citation Count": 0.5714285714285714, "Publication Count": 0.2857142857142857}, "university of maryland college park": {"Citation Count": 0.5714285714285714, "Publication Count": 0.2857142857142857}, "sandia national laboratories": {"Citation Count": 1.5714285714285712, "Publication Count": 0.7142857142857142}, "university of california davis": {"Citation Count": 1.1428571428571428, "Publication Count": 0.5714285714285714}, "carleton university": {"Citation Count": 2.0, "Publication Count": 1.1666666666666665}, "sami shamoon college of engineering": {"Citation Count": 0.0, "Publication Count": 0.16666666666666666}, "ecole polytechnique federale de lausanne": {"Citation Count": 1.0, "Publication Count": 0.6666666666666666}, "ben gurion university of the negev": {"Citation Count": 3.1666666666666665, "Publication Count": 2.0}, "university of copenhagen": {"Citation Count": 0.5555555555555556, "Publication Count": 0.1111111111111111}, "colorado state university": {"Citation Count": 0.5555555555555556, "Publication Count": 0.1111111111111111}, "north carolina state university": {"Citation Count": 0.5555555555555556, "Publication Count": 0.1111111111111111}, "duke university": {"Citation Count": 0.5555555555555556, "Publication Count": 0.1111111111111111}, "pacific northwest national laboratory": {"Citation Count": 0.5555555555555556, "Publication Count": 0.1111111111111111}, "ohio state university": {"Citation Count": 37.62222222222222, "Publication Count": 2.9777777777777774}, "university of utah": {"Citation Count": 9.555555555555555, "Publication Count": 2.2777777777777777}, "macalester college": {"Citation Count": 0.5555555555555556, "Publication Count": 0.1111111111111111}, "university of iowa": {"Citation Count": 14.555555555555555, "Publication Count": 2.111111111111111}, "aarhus university": {"Citation Count": 0.6666666666666666, "Publication Count": 0.3333333333333333}, "glaxosmithkline": {"Citation Count": 0.6666666666666666, "Publication Count": 0.3333333333333333}, "utrecht university": {"Citation Count": 2.6666666666666665, "Publication Count": 1.0}, "tokyo institute of technology": {"Citation Count": 0.0, "Publication Count": 1.0}, "kaist": {"Citation Count": 0.6666666666666666, "Publication Count": 0.3333333333333333}, "sungshin women s university": {"Citation Count": 0.3333333333333333, "Publication Count": 0.16666666666666666}, "university of ljubljana": {"Citation Count": 0.3333333333333333, "Publication Count": 0.5}, "kyonggi university": {"Citation Count": 0.3333333333333333, "Publication Count": 0.16666666666666666}, "university of bayreuth": {"Citation Count": 0.3333333333333333, "Publication Count": 0.16666666666666666}, "university of waterloo": {"Citation Count": 2.5, "Publication Count": 0.6666666666666666}, "indian statistical institute": {"Citation Count": 4.0, "Publication Count": 1.0}, "dassault systemes": {"Citation Count": 10.0, "Publication Count": 1.0}, "ecole normale superieure de lyon": {"Citation Count": 2.8, "Publication Count": 0.7}, "middlesex university": {"Citation Count": 2.8, "Publication Count": 0.7}, "paris dauphine university": {"Citation Count": 1.6, "Publication Count": 0.4}, "warsaw university of technology": {"Citation Count": 0.8, "Publication Count": 0.2}, "technische universitat munchen": {"Citation Count": 11.0, "Publication Count": 0.5}, "norwegian university of science and technology": {"Citation Count": 11.0, "Publication Count": 0.5}, "graz university of technology": {"Citation Count": 4.5, "Publication Count": 0.5}, "tohoku university": {"Citation Count": 4.5, "Publication Count": 0.5}, "eindhoven university of technology": {"Citation Count": 4.0, "Publication Count": 1.3333333333333333}, "ecole normale superieure": {"Citation Count": 0.0, "Publication Count": 1.0}, "universite libre de bruxelles": {"Citation Count": 2.4000000000000004, "Publication Count": 0.8}, "university of illinois at urbana champaign": {"Citation Count": 11.6, "Publication Count": 2.5333333333333337}, "university of illinois at chicago": {"Citation Count": 0.7333333333333334, "Publication Count": 0.5333333333333333}, "university of bergen": {"Citation Count": 1.2, "Publication Count": 0.6}, "aix marseille university": {"Citation Count": 2.5, "Publication Count": 0.5}, "kent state university": {"Citation Count": 1.6666666666666665, "Publication Count": 0.3333333333333333}, "university of bucharest": {"Citation Count": 0.8333333333333333, "Publication Count": 0.16666666666666666}, "new york university": {"Citation Count": 2.0, "Publication Count": 0.5}, "centre national de la recherche scientifique": {"Citation Count": 0.3333333333333333, "Publication Count": 1.1111111111111112}, "sri jayachamarajendra college of engineering": {"Citation Count": 0.3333333333333333, "Publication Count": 0.3333333333333333}, "max planck society": {"Citation Count": 1.8333333333333333, "Publication Count": 1.3333333333333333}, "weizmann institute of science": {"Citation Count": 0.3333333333333333, "Publication Count": 0.3333333333333333}, "charles university in prague": {"Citation Count": 11.366666666666667, "Publication Count": 1.2333333333333334}, "masaryk university": {"Citation Count": 1.6666666666666665, "Publication Count": 0.3333333333333333}, "simon fraser university": {"Citation Count": 1.6666666666666665, "Publication Count": 0.3333333333333333}, "institute of science and technology austria": {"Citation Count": 23.53333333333333, "Publication Count": 3.3999999999999995}, "national and kapodistrian university of athens": {"Citation Count": 15.0, "Publication Count": 1.0}, "braunschweig university of technology": {"Citation Count": 2.333333333333333, "Publication Count": 2.0}, "technical university of berlin": {"Citation Count": 1.3333333333333333, "Publication Count": 0.6666666666666666}, "university of lorraine": {"Citation Count": 1.6, "Publication Count": 0.2}, "santa fe institute": {"Citation Count": 1.5, "Publication Count": 0.5}, "university of cambridge": {"Citation Count": 1.5, "Publication Count": 0.5}, "university of lugano": {"Citation Count": 3.0, "Publication Count": 1.3333333333333333}, "free university of berlin": {"Citation Count": 2.6666666666666665, "Publication Count": 0.8333333333333333}, "tsinghua university": {"Citation Count": 3.0, "Publication Count": 1.0}, "alfred renyi institute of mathematics": {"Citation Count": 5.0, "Publication Count": 1.0}, "vienna university of technology": {"Citation Count": 0.0, "Publication Count": 1.0}, "university of florida": {"Citation Count": 1.0, "Publication Count": 0.5}, "queen s university": {"Citation Count": 4.666666666666666, "Publication Count": 0.6666666666666666}, "vrije universiteit brussel": {"Citation Count": 2.333333333333333, "Publication Count": 0.3333333333333333}, "national autonomous university of mexico": {"Citation Count": 0.3333333333333333, "Publication Count": 0.3333333333333333}, "eth zurich": {"Citation Count": 0.0, "Publication Count": 1.0}, "facebook": {"Citation Count": 3.0, "Publication Count": 0.6666666666666666}, "university of miami": {"Citation Count": 0.0, "Publication Count": 0.3333333333333333}, "purdue university": {"Citation Count": 0.0, "Publication Count": 0.3333333333333333}, "pohang university of science and technology": {"Citation Count": 1.5, "Publication Count": 1.0}, "arizona state university": {"Citation Count": 6.0, "Publication Count": 1.0}, "hungarian academy of sciences": {"Citation Count": 0.5, "Publication Count": 0.25}, "budapest university of technology and economics": {"Citation Count": 0.5, "Publication Count": 0.25}, "virginia tech": {"Citation Count": 10.0, "Publication Count": 1.0}, "mcgill university": {"Citation Count": 1.3333333333333333, "Publication Count": 0.4444444444444444}, "instituto nacional de matematica pura e aplicada": {"Citation Count": 0.3333333333333333, "Publication Count": 0.1111111111111111}, "moscow institute of physics and technology": {"Citation Count": 0.5,