{"universite catholique de louvain": {"Citation Count": 58.57142857142857, "Publication Count": 1.2857142857142856}, "centrum wiskunde informatica": {"Citation Count": 29.142857142857142, "Publication Count": 0.5714285714285714}, "east china normal university": {"Citation Count": 10.285714285714285, "Publication Count": 0.14285714285714285}, "ibm": {"Citation Count": 150.95238095238093, "Publication Count": 1.1428571428571428}, "new york university": {"Citation Count": 50.45238095238095, "Publication Count": 0.7261904761904762}, "microsoft": {"Citation Count": 107.98809523809524, "Publication Count": 1.369047619047619}, "technische universitat darmstadt": {"Citation Count": 101.0, "Publication Count": 2.0}, "cornell university": {"Citation Count": 45.08333333333333, "Publication Count": 0.5833333333333333}, "harvard university": {"Citation Count": 38.666666666666664, "Publication Count": 0.6666666666666666}, "french institute for research in computer science and automation": {"Citation Count": 141.5, "Publication Count": 1.5}, "imdea": {"Citation Count": 89.5, "Publication Count": 0.5}, "boston university": {"Citation Count": 59.99999999999999, "Publication Count": 0.6666666666666666}, "brown university": {"Citation Count": 94.41666666666666, "Publication Count": 0.9166666666666666}, "university of toronto": {"Citation Count": 496.0, "Publication Count": 0.8333333333333333}, "columbia university": {"Citation Count": 98.0, "Publication Count": 0.3333333333333333}, "bar ilan university": {"Citation Count": 160.33333333333331, "Publication Count": 2.833333333333333}, "weizmann institute of science": {"Citation Count": 463.75, "Publication Count": 1.25}, "technical university of denmark": {"Citation Count": 95.0, "Publication Count": 1.0}, "institute for infocomm research singapore": {"Citation Count": 117.66666666666666, "Publication Count": 0.3333333333333333}, "nanyang technological university": {"Citation Count": 254.33333333333331, "Publication Count": 1.1666666666666665}, "ben gurion university of the negev": {"Citation Count": 25.0, "Publication Count": 0.5}, "university of california los angeles": {"Citation Count": 143.65714285714287, "Publication Count": 2.361904761904762}, "university of bristol": {"Citation Count": 271.6666666666667, "Publication Count": 1.3333333333333333}, "university of warsaw": {"Citation Count": 10.666666666666666, "Publication Count": 0.3333333333333333}, "sapienza university of rome": {"Citation Count": 10.666666666666666, "Publication Count": 0.3333333333333333}, "university of california": {"Citation Count": 25.666666666666664, "Publication Count": 0.3333333333333333}, "universite de montreal": {"Citation Count": 28.0, "Publication Count": 0.8333333333333333}, "university of paris sud": {"Citation Count": 5.5, "Publication Count": 0.16666666666666666}, "university of calgary": {"Citation Count": 5.5, "Publication Count": 0.16666666666666666}, "pennsylvania state university": {"Citation Count": 53.0, "Publication Count": 1.0}, "ecole normale superieure de lyon": {"Citation Count": 86.0, "Publication Count": 1.0}, "university of california san diego": {"Citation Count": 137.0, "Publication Count": 2.0}, "ecole normale superieure": {"Citation Count": 181.0, "Publication Count": 0.5}, "university of luxembourg": {"Citation Count": 181.0, "Publication Count": 0.5}, "university of texas at austin": {"Citation Count": 190.33333333333331, "Publication Count": 1.0}, "georgia institute of technology": {"Citation Count": 289.66666666666663, "Publication Count": 1.0}, "sejong university": {"Citation Count": 14.666666666666666, "Publication Count": 0.3333333333333333}, "tsinghua university": {"Citation Count": 14.666666666666666, "Publication Count": 0.3333333333333333}, "nippon telegraph and telephone": {"Citation Count": 92.5, "Publication Count": 1.25}, "university of tartu": {"Citation Count": 8.6, "Publication Count": 0.2}, "university of maryland college park": {"Citation Count": 8.6, "Publication Count": 0.2}, "national institute of information and communications technology": {"Citation Count": 29.5, "Publication Count": 0.25}, "university college london": {"Citation Count": 29.5, "Publication Count": 0.25}, "technion israel institute of technology": {"Citation Count": 12.0, "Publication Count": 0.3333333333333333}, "university of illinois at urbana champaign": {"Citation Count": 6.0, "Publication Count": 0.16666666666666666}, "leiden university": {"Citation Count": 19.0, "Publication Count": 0.5}, "sony broadcast professional research laboratories": {"Citation Count": 103.0, "Publication Count": 1.0}, "south china university of technology": {"Citation Count": 53.0, "Publication Count": 1.0}, "eindhoven university of technology": {"Citation Count": 87.33333333333333, "Publication Count": 0.6666666666666666}, "university of illinois at chicago": {"Citation Count": 43.666666666666664, "Publication Count": 0.3333333333333333}, "indiana university": {"Citation Count": 11.333333333333332, "Publication Count": 0.3333333333333333}, "university of new mexico": {"Citation Count": 11.333333333333332, "Publication Count": 0.3333333333333333}, "university of connecticut": {"Citation Count": 11.333333333333332, "Publication Count": 0.3333333333333333}}