{"massachusetts institute of technology": {"Citation Count": 40.96270396270396, "Publication Count": 1.0011655011655012}, "stony brook university": {"Citation Count": 27.259615384615387, "Publication Count": 1.3942307692307692}, "rutgers university": {"Citation Count": 8.538461538461538, "Publication Count": 0.5769230769230769}, "facebook": {"Citation Count": 1.5384615384615385, "Publication Count": 0.07692307692307693}, "florida state university": {"Citation Count": 25.0, "Publication Count": 1.0}, "cornell university": {"Citation Count": 4.0, "Publication Count": 0.5}, "yale university": {"Citation Count": 2.0, "Publication Count": 0.25}, "google": {"Citation Count": 124.66666666666666, "Publication Count": 0.9166666666666666}, "university of california berkeley": {"Citation Count": 47.0, "Publication Count": 1.0}, "microsoft": {"Citation Count": 23.886363636363637, "Publication Count": 2.3863636363636362}, "university of toronto": {"Citation Count": 71.83333333333333, "Publication Count": 0.8333333333333333}, "university of southern california": {"Citation Count": 53.0, "Publication Count": 1.0}, "university of mainz": {"Citation Count": 8.666666666666666, "Publication Count": 0.3333333333333333}, "technion israel institute of technology": {"Citation Count": 13.0, "Publication Count": 0.5}, "california institute of technology": {"Citation Count": 4.333333333333333, "Publication Count": 0.16666666666666666}, "rensselaer polytechnic institute": {"Citation Count": 28.700000000000003, "Publication Count": 0.9666666666666667}, "sandisk": {"Citation Count": 5.800000000000001, "Publication Count": 0.2}, "city university of hong kong": {"Citation Count": 12.571428571428571, "Publication Count": 0.2857142857142857}, "chongqing university": {"Citation Count": 31.42857142857143, "Publication Count": 0.7142857142857143}, "university of wisconsin madison": {"Citation Count": 220.0, "Publication Count": 2.0}, "carnegie mellon university": {"Citation Count": 27.333333333333332, "Publication Count": 0.6666666666666666}, "intel": {"Citation Count": 13.666666666666666, "Publication Count": 0.3333333333333333}, "shanghai jiao tong university": {"Citation Count": 66.2, "Publication Count": 1.8}, "imperial college london": {"Citation Count": 8.522727272727273, "Publication Count": 0.5227272727272727}, "samsung": {"Citation Count": 3.8000000000000003, "Publication Count": 0.2}, "university of chicago": {"Citation Count": 34.8, "Publication Count": 0.6}, "netapp": {"Citation Count": 23.200000000000003, "Publication Count": 0.4}, "ibm": {"Citation Count": 11.375, "Publication Count": 1.125}, "university of rochester": {"Citation Count": 16.0, "Publication Count": 1.0}, "florida international university": {"Citation Count": 34.0, "Publication Count": 1.0}, "arizona state university": {"Citation Count": 19.75, "Publication Count": 0.5833333333333333}, "emc corporation": {"Citation Count": 2.375, "Publication Count": 0.125}, "harvey mudd college": {"Citation Count": 2.375, "Publication Count": 0.125}, "university of california san diego": {"Citation Count": 268.0, "Publication Count": 1.0}, "seoul national university": {"Citation Count": 7.666666666666666, "Publication Count": 0.16666666666666666}, "vmware": {"Citation Count": 8.75, "Publication Count": 0.25}}