{"university of california san diego": {"Citation Count": 14.0, "Publication Count": 1.0}, "university of california santa barbara": {"Citation Count": 28.888888888888886, "Publication Count": 0.6666666666666666}, "chinese academy of sciences": {"Citation Count": 38.66666666666667, "Publication Count": 1.2222222222222223}, "university of missouri": {"Citation Count": 0.5, "Publication Count": 0.5}, "university of minnesota": {"Citation Count": 1.3888888888888888, "Publication Count": 0.6111111111111112}, "harvard university": {"Citation Count": 13.035714285714285, "Publication Count": 0.26785714285714285}, "ibm": {"Citation Count": 3.8571428571428568, "Publication Count": 0.42857142857142855}, "shanghai jiao tong university": {"Citation Count": 3.8571428571428568, "Publication Count": 0.42857142857142855}, "georgia institute of technology": {"Citation Count": 76.5, "Publication Count": 3.9583333333333335}, "intel": {"Citation Count": 49.33333333333333, "Publication Count": 1.5750000000000002}, "university of virginia": {"Citation Count": 14.555555555555555, "Publication Count": 1.5555555555555556}, "university of southern california": {"Citation Count": 10.166666666666666, "Publication Count": 0.8333333333333333}, "oregon state university": {"Citation Count": 5.5, "Publication Count": 1.5}, "university of connecticut": {"Citation Count": 5.0, "Publication Count": 1.0}, "yale university": {"Citation Count": 20.0, "Publication Count": 1.0}, "university of illinois at urbana champaign": {"Citation Count": 1.7142857142857142, "Publication Count": 0.5714285714285714}, "university of chicago": {"Citation Count": 1.2857142857142856, "Publication Count": 0.42857142857142855}, "barcelona supercomputing center": {"Citation Count": 4.0, "Publication Count": 1.25}, "norwegian university of science and technology": {"Citation Count": 4.75, "Publication Count": 0.75}, "federal university of bahia": {"Citation Count": 2.0, "Publication Count": 0.25}, "university of michigan": {"Citation Count": 7.916666666666666, "Publication Count": 1.4166666666666665}, "general motors": {"Citation Count": 1.3333333333333333, "Publication Count": 0.3333333333333333}, "northeastern university": {"Citation Count": 28.444444444444443, "Publication Count": 1.4444444444444444}, "amazon com": {"Citation Count": 1.75, "Publication Count": 0.25}, "kaist": {"Citation Count": 38.800000000000004, "Publication Count": 2.2}, "oracle corporation": {"Citation Count": 3.333333333333333, "Publication Count": 0.3333333333333333}, "university of edinburgh": {"Citation Count": 6.666666666666666, "Publication Count": 0.6666666666666666}, "massachusetts institute of technology": {"Citation Count": 38.25, "Publication Count": 0.75}, "stanford university": {"Citation Count": 12.75, "Publication Count": 0.25}, "indiana university": {"Citation Count": 4.0, "Publication Count": 1.0}, "lawrence berkeley national laboratory": {"Citation Count": 0.4, "Publication Count": 0.4}, "university of pittsburgh": {"Citation Count": 23.0, "Publication Count": 2.0}, "pennsylvania state university": {"Citation Count": 5.555555555555555, "Publication Count": 1.1111111111111112}, "capital normal university": {"Citation Count": 3.155555555555556, "Publication Count": 0.3111111111111111}, "shandong university": {"Citation Count": 0.5555555555555556, "Publication Count": 0.1111111111111111}, "duke university": {"Citation Count": 9.333333333333332, "Publication Count": 0.6666666666666666}, "illinois institute of technology": {"Citation Count": 2.0, "Publication Count": 1.0}, "yonsei university": {"Citation Count": 2.25, "Publication Count": 0.75}, "samsung": {"Citation Count": 6.15, "Publication Count": 1.45}, "polytechnic university of valencia": {"Citation Count": 0.25, "Publication Count": 0.25}, "ghent university": {"Citation Count": 0.75, "Publication Count": 0.75}, "university of florida": {"Citation Count": 2.0, "Publication Count": 1.0}, "uppsala university": {"Citation Count": 2.25, "Publication Count": 0.75}, "university of wisconsin madison": {"Citation Count": 1.0, "Publication Count": 0.16666666666666666}, "university of toronto": {"Citation Count": 2.888888888888889, "Publication Count": 0.4444444444444444}, "texas a m university": {"Citation Count": 1.0, "Publication Count": 0.16666666666666666}, "drexel university": {"Citation Count": 2.4000000000000004, "Publication Count": 0.8}, "tufts university": {"Citation Count": 0.6000000000000001, "Publication Count": 0.2}, "ohio university": {"Citation Count": 9.75, "Publication Count": 0.75}, "george washington university": {"Citation Count": 3.25, "Publication Count": 0.25}, "facebook": {"Citation Count": 82.25, "Publication Count": 0.875}, "university of texas at austin": {"Citation Count": 1.3333333333333333, "Publication Count": 0.16666666666666666}, "tsinghua university": {"Citation Count": 2.6666666666666665, "Publication Count": 0.3333333333333333}, "university of houston": {"Citation Count": 5.2, "Publication Count": 0.4}, "pacific northwest national laboratory": {"Citation Count": 2.6, "Publication Count": 0.2}, "university of sydney": {"Citation Count": 2.6, "Publication Count": 0.2}, "micron technology": {"Citation Count": 2.2222222222222223, "Publication Count": 0.2222222222222222}, "college of william mary": {"Citation Count": 3.333333333333333, "Publication Count": 0.6666666666666666}, "nvidia": {"Citation Count": 8.0, "Publication Count": 1.0}, "princess margaret cancer centre": {"Citation Count": 1.1111111111111112, "Publication Count": 0.1111111111111111}, "boston university": {"Citation Count": 2.2222222222222223, "Publication Count": 0.2222222222222222}, "istanbul technical university": {"Citation Count": 1.1111111111111112, "Publication Count": 0.1111111111111111}, "universidad catolica san antonio de murcia": {"Citation Count": 1.1111111111111112, "Publication Count": 0.1111111111111111}, "alibaba group": {"Citation Count": 24.0, "Publication Count": 2.0}, "eth zurich": {"Citation Count": 9.0, "Publication Count": 0.6}, "university of cyprus": {"Citation Count": 3.0, "Publication Count": 0.2}, "advanced micro devices": {"Citation Count": 5.333333333333333, "Publication Count": 0.6666666666666666}, "university of washington": {"Citation Count": 0.8888888888888888, "Publication Count": 0.1111111111111111}, "chalmers university of technology": {"Citation Count": 3.0, "Publication Count": 0.75}, "foundation for research technology hellas": {"Citation Count": 1.0, "Publication Count": 0.25}, "electronics and telecommunications research institute": {"Citation Count": 0.4, "Publication Count": 0.2}, "cornell university": {"Citation Count": 20.666666666666664, "Publication Count": 0.6666666666666666}, "microsoft": {"Citation Count": 5.166666666666666, "Publication Count": 0.16666666666666666}, "university of california los angeles": {"Citation Count": 5.0, "Publication Count": 1.0}}