{"dublin city university": {"Citation Count": 4.571428571428571, "Publication Count": 0.6190476190476191}, "ecole polytechnique federale de lausanne": {"Citation Count": 0.2857142857142857, "Publication Count": 0.14285714285714285}, "university of california irvine": {"Citation Count": 0.2857142857142857, "Publication Count": 0.14285714285714285}, "university of oldenburg": {"Citation Count": 4.285714285714286, "Publication Count": 0.47619047619047616}, "hitachi": {"Citation Count": 0.2857142857142857, "Publication Count": 0.14285714285714285}, "offis": {"Citation Count": 4.285714285714286, "Publication Count": 0.47619047619047616}, "maastricht university": {"Citation Count": 8.142857142857142, "Publication Count": 0.42857142857142855}, "technical university of madrid": {"Citation Count": 10.857142857142856, "Publication Count": 0.5714285714285714}, "massachusetts institute of technology": {"Citation Count": 20.0, "Publication Count": 1.0}, "dalhousie university": {"Citation Count": 0.6666666666666666, "Publication Count": 0.3333333333333333}, "french institute for research in computer science and automation": {"Citation Count": 7.666666666666667, "Publication Count": 1.3333333333333333}, "mcgill university": {"Citation Count": 0.6666666666666666, "Publication Count": 0.3333333333333333}, "cornell university": {"Citation Count": 18.0, "Publication Count": 0.5}, "pennsylvania state university": {"Citation Count": 18.0, "Publication Count": 0.5}, "beijing university of posts and telecommunications": {"Citation Count": 40.0, "Publication Count": 1.0}, "national institute of informatics": {"Citation Count": 17.0, "Publication Count": 1.0}, "systems research institute": {"Citation Count": 0.5, "Publication Count": 0.25}, "katholieke universiteit leuven": {"Citation Count": 1.0, "Publication Count": 0.5}, "boston university": {"Citation Count": 0.5, "Publication Count": 0.25}, "university of tartu": {"Citation Count": 3.3333333333333335, "Publication Count": 0.8333333333333334}, "university of barcelona": {"Citation Count": 0.6666666666666666, "Publication Count": 0.16666666666666666}, "aalto university": {"Citation Count": 8.666666666666666, "Publication Count": 0.6666666666666666}, "max planck society": {"Citation Count": 4.333333333333333, "Publication Count": 0.3333333333333333}, "universite du quebec": {"Citation Count": 6.166666666666666, "Publication Count": 1.1666666666666667}, "microsoft": {"Citation Count": 1.2000000000000002, "Publication Count": 0.2}, "beijing jiaotong university": {"Citation Count": 4.800000000000001, "Publication Count": 1.05}, "university of ottawa": {"Citation Count": 236.0, "Publication Count": 2.0}, "bauhaus university weimar": {"Citation Count": 5.0, "Publication Count": 1.0}, "dresden university of technology": {"Citation Count": 3.3333333333333335, "Publication Count": 0.4166666666666667}, "agh university of science and technology": {"Citation Count": 0.6666666666666666, "Publication Count": 0.08333333333333333}, "ernst young": {"Citation Count": 2.0, "Publication Count": 0.25}, "graz university of technology": {"Citation Count": 0.6666666666666666, "Publication Count": 0.08333333333333333}, "university of manchester": {"Citation Count": 1.3333333333333333, "Publication Count": 0.16666666666666666}, "idiap research institute": {"Citation Count": 3.1666666666666665, "Publication Count": 0.16666666666666666}, "university of southampton": {"Citation Count": 3.1666666666666665, "Publication Count": 0.16666666666666666}, "university of oulu": {"Citation Count": 3.1666666666666665, "Publication Count": 0.16666666666666666}, "university of sassari": {"Citation Count": 3.1666666666666665, "Publication Count": 0.16666666666666666}, "institut eurecom": {"Citation Count": 3.1666666666666665, "Publication Count": 0.16666666666666666}, "feng chia university": {"Citation Count": 11.933333333333335, "Publication Count": 0.3666666666666667}, "nanjing university of information science and technology": {"Citation Count": 11.600000000000001, "Publication Count": 0.2}, "university of shanghai for science and technology": {"Citation Count": 23.200000000000003, "Publication Count": 0.4}, "chinese academy of sciences": {"Citation Count": 49.95, "Publication Count": 1.4}, "hangzhou dianzi university": {"Citation Count": 1.3333333333333333, "Publication Count": 0.6666666666666666}, "zhejiang university of finance and economics": {"Citation Count": 0.3333333333333333, "Publication Count": 0.16666666666666666}, "university of bordeaux": {"Citation Count": 8.0, "Publication Count": 1.0}, "beihang university": {"Citation Count": 11.2, "Publication Count": 1.2}, "southwest university": {"Citation Count": 6.2, "Publication Count": 0.2}, "deakin university": {"Citation Count": 6.2, "Publication Count": 0.2}, "henan normal university": {"Citation Count": 12.4, "Publication Count": 0.4}, "peking university": {"Citation Count": 9.0, "Publication Count": 1.0}, "johns hopkins university": {"Citation Count": 1.5, "Publication Count": 0.5}, "nvidia": {"Citation Count": 1.5, "Publication Count": 0.5}, "xidian university": {"Citation Count": 3.0, "Publication Count": 1.0}, "anhui university": {"Citation Count": 1.2000000000000002, "Publication Count": 0.4}, "hefei university of technology": {"Citation Count": 1.2000000000000002, "Publication Count": 0.4}, "newcastle university": {"Citation Count": 37.75, "Publication Count": 0.25}, "xiangtan university": {"Citation Count": 37.75, "Publication Count": 0.25}, "hunan university": {"Citation Count": 37.75, "Publication Count": 0.25}}