{"ecole normale superieure": {"Citation Count": 84.33333333333333, "Publication Count": 2.3333333333333335}, "ohio state university": {"Citation Count": 24.25, "Publication Count": 3.25}, "sandia national laboratories": {"Citation Count": 91.75833333333333, "Publication Count": 1.6583333333333332}, "knox college": {"Citation Count": 6.625, "Publication Count": 0.125}, "university of haifa": {"Citation Count": 7.666666666666666, "Publication Count": 0.3333333333333333}, "technion israel institute of technology": {"Citation Count": 23.333333333333332, "Publication Count": 1.6666666666666665}, "massachusetts institute of technology": {"Citation Count": 16.166666666666668, "Publication Count": 1.1666666666666667}, "oak ridge national laboratory": {"Citation Count": 24.014285714285716, "Publication Count": 2.5095238095238095}, "north carolina state university": {"Citation Count": 60.97619047619047, "Publication Count": 1.4523809523809523}, "pontificia universidade catolica do rio grande do sul": {"Citation Count": 14.0, "Publication Count": 0.5}, "ibm": {"Citation Count": 145.875, "Publication Count": 5.291666666666666}, "huawei": {"Citation Count": 2.571428571428571, "Publication Count": 0.14285714285714285}, "princeton university": {"Citation Count": 6.285714285714286, "Publication Count": 1.2857142857142856}, "advanced micro devices": {"Citation Count": 7.7142857142857135, "Publication Count": 0.42857142857142855}, "northeastern university": {"Citation Count": 9.0, "Publication Count": 1.0}, "kyushu university": {"Citation Count": 32.17142857142857, "Publication Count": 0.7428571428571429}, "nagoya university": {"Citation Count": 20.400000000000002, "Publication Count": 0.4}, "argonne national laboratory": {"Citation Count": 59.13333333333333, "Publication Count": 1.6333333333333333}, "university of chicago": {"Citation Count": 7.333333333333333, "Publication Count": 0.3333333333333333}, "georgia institute of technology": {"Citation Count": 182.9047619047619, "Publication Count": 7.3809523809523805}, "lawrence livermore national laboratory": {"Citation Count": 85.2, "Publication Count": 4.575}, "university of north carolina at chapel hill": {"Citation Count": 21.02857142857143, "Publication Count": 1.5428571428571427}, "virginia tech": {"Citation Count": 47.699999999999996, "Publication Count": 2.9}, "tel aviv university": {"Citation Count": 9.333333333333332, "Publication Count": 0.3333333333333333}, "purdue university": {"Citation Count": 2.0, "Publication Count": 1.0}, "university of new mexico": {"Citation Count": 3.5, "Publication Count": 0.25}, "san diego supercomputer center": {"Citation Count": 3.5, "Publication Count": 0.25}, "university of delaware": {"Citation Count": 7.0, "Publication Count": 0.5}, "university of edinburgh": {"Citation Count": 0.42857142857142855, "Publication Count": 0.14285714285714285}, "university of colorado denver": {"Citation Count": 1.7619047619047619, "Publication Count": 0.47619047619047616}, "university of arizona": {"Citation Count": 14.714285714285714, "Publication Count": 1.5714285714285714}, "intel": {"Citation Count": 68.07878787878788, "Publication Count": 2.018181818181818}, "keio university": {"Citation Count": 15.0, "Publication Count": 1.0}, "los alamos national laboratory": {"Citation Count": 55.733333333333334, "Publication Count": 2.4833333333333334}, "florida state university": {"Citation Count": 8.5, "Publication Count": 0.5}, "university of minnesota": {"Citation Count": 18.75, "Publication Count": 0.75}, "shanghaitech university": {"Citation Count": 6.25, "Publication Count": 0.25}, "university of colorado colorado springs": {"Citation Count": 25.733333333333334, "Publication Count": 1.0666666666666667}, "tongji university": {"Citation Count": 11.666666666666666, "Publication Count": 0.3333333333333333}, "arizona state university": {"Citation Count": 30.0, "Publication Count": 2.0}, "indian institute of science": {"Citation Count": 9.0, "Publication Count": 0.5}, "university of southern california": {"Citation Count": 15.333333333333334, "Publication Count": 1.8333333333333333}, "university of california davis": {"Citation Count": 65.0, "Publication Count": 0.5}, "nvidia": {"Citation Count": 97.6, "Publication Count": 1.4}, "university of rennes": {"Citation Count": 15.6, "Publication Count": 0.6}, "university of copenhagen": {"Citation Count": 82.0, "Publication Count": 1.0}, "university of tennessee": {"Citation Count": 79.36666666666667, "Publication Count": 2.4666666666666663}, "university of amsterdam": {"Citation Count": 34.166666666666664, "Publication Count": 0.8333333333333333}, "vu university amsterdam": {"Citation Count": 29.666666666666664, "Publication Count": 0.3333333333333333}, "pennsylvania state university": {"Citation Count": 73.33333333333333, "Publication Count": 1.6666666666666665}, "google": {"Citation Count": 14.0, "Publication Count": 1.0}, "university of utah": {"Citation Count": 32.4, "Publication Count": 0.6}, "university of bergen": {"Citation Count": 14.5, "Publication Count": 0.5}, "pacific northwest national laboratory": {"Citation Count": 45.5, "Publication Count": 1.75}, "utrecht university": {"Citation Count": 19.0, "Publication Count": 1.0}, "texas a m university": {"Citation Count": 10.0, "Publication Count": 1.75}, "microsoft": {"Citation Count": 1.0, "Publication Count": 0.25}, "harvard university": {"Citation Count": 2.0, "Publication Count": 0.5}, "information sciences institute": {"Citation Count": 0.6666666666666666, "Publication Count": 0.6666666666666666}, "chalmers university of technology": {"Citation Count": 42.0, "Publication Count": 2.0}, "university of pittsburgh": {"Citation Count": 10.0, "Publication Count": 1.0}, "university of tsukuba": {"Citation Count": 12.0, "Publication Count": 1.0}, "university of waterloo": {"Citation Count": 1.0, "Publication Count": 1.0}, "nanyang technological university": {"Citation Count": 30.666666666666664, "Publication Count": 1.6666666666666665}, "queen s university belfast": {"Citation Count": 8.433333333333334, "Publication Count": 0.43333333333333335}, "georgetown university": {"Citation Count": 0.0, "Publication Count": 1.0}, "national university of defense technology": {"Citation Count": 18.714285714285715, "Publication Count": 1.1607142857142856}, "delft university of technology": {"Citation Count": 1.0, "Publication Count": 0.125}, "tsinghua university": {"Citation Count": 68.28571428571428, "Publication Count": 2.0892857142857144}, "university of illinois at urbana champaign": {"Citation Count": 12.4, "Publication Count": 0.4}, "university of nebraska lincoln": {"Citation Count": 14.0, "Publication Count": 0.5}, "xiamen university": {"Citation Count": 14.0, "Publication Count": 0.5}, "auburn university": {"Citation Count": 40.5, "Publication Count": 0.75}, "university of toronto": {"Citation Count": 22.0, "Publication Count": 1.0}, "university of new hampshire": {"Citation Count": 4.0, "Publication Count": 1.0}, "stony brook university": {"Citation Count": 8.8, "Publication Count": 1.2}, "university of california santa barbara": {"Citation Count": 0.5, "Publication Count": 0.5}, "rutgers university": {"Citation Count": 0.25, "Publication Count": 0.25}, "facebook": {"Citation Count": 0.25, "Publication Count": 0.25}, "polytechnic university of catalonia": {"Citation Count": 1.6, "Publication Count": 0.8}, "barcelona supercomputing center": {"Citation Count": 0.4, "Publication Count": 0.2}, "astron": {"Citation Count": 4.5, "Publication Count": 0.5}, "rice university": {"Citation Count": 5.5, "Publication Count": 0.5}, "ecole polytechnique federale de lausanne": {"Citation Count": 5.5, "Publication Count": 0.5}, "karlsruhe institute of technology": {"Citation Count": 3.0, "Publication Count": 1.0}, "l abri": {"Citation Count": 0.6666666666666666, "Publication Count": 0.16666666666666666}, "louisiana state university": {"Citation Count": 5.875, "Publication Count": 1.125},