{"university of alcala": {"Citation Count": 2.6666666666666665, "Publication Count": 0.6666666666666666}, "sintef": {"Citation Count": 1.3333333333333333, "Publication Count": 0.3333333333333333}, "ecole polytechnique": {"Citation Count": 8.333333333333332, "Publication Count": 1.6666666666666665}, "university of western ontario": {"Citation Count": 5.333333333333333, "Publication Count": 0.6666666666666666}, "isfahan university of technology": {"Citation Count": 2.6666666666666665, "Publication Count": 0.3333333333333333}, "university of wisconsin madison": {"Citation Count": 1.0, "Publication Count": 2.0}, "university of limoges": {"Citation Count": 9.0, "Publication Count": 1.0}, "new york university": {"Citation Count": 18.0, "Publication Count": 0.5}, "institute of mathematical sciences chennai": {"Citation Count": 18.0, "Publication Count": 0.5}, "university of paris": {"Citation Count": 15.966666666666667, "Publication Count": 3.1333333333333333}, "university of caen lower normandy": {"Citation Count": 0.6666666666666666, "Publication Count": 0.6666666666666666}, "paris diderot university": {"Citation Count": 0.3333333333333333, "Publication Count": 0.3333333333333333}, "french institute for research in computer science and automation": {"Citation Count": 33.58333333333333, "Publication Count": 4.916666666666666}, "university of burgundy": {"Citation Count": 1.2000000000000002, "Publication Count": 0.2}, "university of rennes": {"Citation Count": 3.6666666666666665, "Publication Count": 0.8333333333333333}, "ecole normale superieure de lyon": {"Citation Count": 21.666666666666664, "Publication Count": 1.8333333333333333}, "university of notre dame": {"Citation Count": 10.0, "Publication Count": 1.0}, "max planck society": {"Citation Count": 26.333333333333332, "Publication Count": 1.1666666666666665}, "saarland university": {"Citation Count": 1.0, "Publication Count": 0.5}, "rikkyo university": {"Citation Count": 14.666666666666666, "Publication Count": 1.8333333333333333}, "university of pittsburgh": {"Citation Count": 1.6666666666666665, "Publication Count": 0.3333333333333333}, "tianjin university": {"Citation Count": 1.75, "Publication Count": 0.25}, "university of waterloo": {"Citation Count": 19.5, "Publication Count": 2.0}, "nankai university": {"Citation Count": 1.75, "Publication Count": 0.25}, "chinese academy of sciences": {"Citation Count": 26.416666666666664, "Publication Count": 2.583333333333333}, "austrian academy of sciences": {"Citation Count": 15.333333333333332, "Publication Count": 1.6666666666666665}, "johannes kepler university of linz": {"Citation Count": 8.666666666666666, "Publication Count": 0.3333333333333333}, "centrum wiskunde informatica": {"Citation Count": 9.5, "Publication Count": 0.5}, "thales communications": {"Citation Count": 9.5, "Publication Count": 0.5}, "centre national de la recherche scientifique": {"Citation Count": 3.25, "Publication Count": 0.25}, "university of grenoble": {"Citation Count": 7.25, "Publication Count": 1.25}, "north carolina state university": {"Citation Count": 7.25, "Publication Count": 1.25}, "university of calgary": {"Citation Count": 2.0, "Publication Count": 1.0}, "national and kapodistrian university of athens": {"Citation Count": 2.6666666666666665, "Publication Count": 0.3333333333333333}, "university of lorraine": {"Citation Count": 0.5, "Publication Count": 0.5}, "university of strasbourg": {"Citation Count": 6.5, "Publication Count": 0.5}, "tsinghua university": {"Citation Count": 6.5, "Publication Count": 0.5}, "moscow state university": {"Citation Count": 0.6666666666666666, "Publication Count": 0.3333333333333333}, "the graduate center cuny": {"Citation Count": 0.6666666666666666, "Publication Count": 0.3333333333333333}, "queens college": {"Citation Count": 0.6666666666666666, "Publication Count": 0.3333333333333333}, "university of new south wales": {"Citation Count": 3.6666666666666665, "Publication Count": 0.3333333333333333}, "rwth aachen university": {"Citation Count": 3.0, "Publication Count": 0.5}, "simon fraser university": {"Citation Count": 8.0, "Publication Count": 1.0}, "university of southern california": {"Citation Count": 3.0, "Publication Count": 1.0}, "university of lyon": {"Citation Count": 17.25, "Publication Count": 0.75}, "pierre and marie curie university": {"Citation Count": 12.666666666666666, "Publication Count": 0.3333333333333333}, "technical university of berlin": {"Citation Count": 5.0, "Publication Count": 0.5}, "east china normal university": {"Citation Count": 4.0, "Publication Count": 1.0}, "fields institute": {"Citation Count": 1.0, "Publication Count": 1.0}, "university of vienna": {"Citation Count": 6.0, "Publication Count": 0.5}}