{"purdue university": {"Citation Count": 7.800000000000001, "Publication Count": 1.4}, "university of texas at austin": {"Citation Count": 1.0, "Publication Count": 0.5}, "emporia state university": {"Citation Count": 1.0, "Publication Count": 0.5}, "vienna university of technology": {"Citation Count": 7.3076923076923075, "Publication Count": 1.0769230769230769}, "microsoft": {"Citation Count": 4.6410256410256405, "Publication Count": 0.7435897435897436}, "princeton university": {"Citation Count": 1.6666666666666665, "Publication Count": 0.3333333333333333}, "naval academy research institute": {"Citation Count": 0.0, "Publication Count": 1.0}, "ibm": {"Citation Count": 4.466666666666667, "Publication Count": 0.7333333333333334}, "defence science and technology laboratory": {"Citation Count": 1.4000000000000001, "Publication Count": 0.2}, "university of botswana": {"Citation Count": 1.0, "Publication Count": 1.0}, "hasso plattner institute": {"Citation Count": 3.0, "Publication Count": 1.0}, "university of melbourne": {"Citation Count": 2.6666666666666665, "Publication Count": 0.6666666666666666}, "rmit university": {"Citation Count": 1.3333333333333333, "Publication Count": 0.3333333333333333}, "university of udine": {"Citation Count": 11.0, "Publication Count": 2.0}, "university of stavanger": {"Citation Count": 5.974358974358974, "Publication Count": 0.41025641025641024}, "university of amsterdam": {"Citation Count": 9.333333333333332, "Publication Count": 0.6666666666666666}, "university of applied sciences western switzerland": {"Citation Count": 2.6153846153846154, "Publication Count": 0.15384615384615385}, "national institute of informatics": {"Citation Count": 1.3076923076923077, "Publication Count": 0.07692307692307693}, "harvard university": {"Citation Count": 1.3076923076923077, "Publication Count": 0.07692307692307693}, "university of sheffield": {"Citation Count": 1.3076923076923077, "Publication Count": 0.07692307692307693}, "leipzig university": {"Citation Count": 2.8076923076923075, "Publication Count": 0.24358974358974358}, "bauhaus university weimar": {"Citation Count": 4.3076923076923075, "Publication Count": 0.41025641025641024}, "university of waterloo": {"Citation Count": 48.28205128205128, "Publication Count": 0.48717948717948717}, "kyoto university": {"Citation Count": 1.3076923076923077, "Publication Count": 0.07692307692307693}, "university of delaware": {"Citation Count": 91.33333333333333, "Publication Count": 0.6666666666666666}, "martin luther university of halle wittenberg": {"Citation Count": 1.5, "Publication Count": 0.16666666666666666}, "university of ulm": {"Citation Count": 1.5, "Publication Count": 0.16666666666666666}, "university of paderborn": {"Citation Count": 1.5, "Publication Count": 0.16666666666666666}, "indian statistical institute": {"Citation Count": 3.333333333333333, "Publication Count": 0.6666666666666666}}