{"trinity college": {"Citation Count": 52.0, "Publication Count": 1.0}, "sejong university": {"Citation Count": 4.800000000000001, "Publication Count": 0.4}, "georgia institute of technology": {"Citation Count": 26.09565217391304, "Publication Count": 2.493478260869565}, "university of texas at austin": {"Citation Count": 18.695652173913043, "Publication Count": 1.0434782608695652}, "shanghai jiao tong university": {"Citation Count": 5.3999999999999995, "Publication Count": 0.6}, "tsinghua university": {"Citation Count": 10.17142857142857, "Publication Count": 0.5428571428571429}, "hong kong polytechnic university": {"Citation Count": 21.75, "Publication Count": 0.75}, "texas a m university": {"Citation Count": 7.25, "Publication Count": 0.25}, "northwestern university": {"Citation Count": 1.0, "Publication Count": 2.0}, "fujitsu": {"Citation Count": 8.0, "Publication Count": 1.0}, "intel": {"Citation Count": 15.133333333333335, "Publication Count": 3.0333333333333337}, "oracle corporation": {"Citation Count": 29.0, "Publication Count": 1.0}, "nvidia": {"Citation Count": 44.0, "Publication Count": 2.0}, "university of washington": {"Citation Count": 1.6956521739130435, "Publication Count": 0.5434782608695652}, "microsoft": {"Citation Count": 23.73913043478261, "Publication Count": 1.108695652173913}, "amazon com": {"Citation Count": 3.391304347826087, "Publication Count": 0.08695652173913043}, "university of waterloo": {"Citation Count": 1.6956521739130435, "Publication Count": 0.043478260869565216}, "google": {"Citation Count": 1.6956521739130435, "Publication Count": 0.043478260869565216}, "ecole polytechnique federale de lausanne": {"Citation Count": 1.6956521739130435, "Publication Count": 0.043478260869565216}, "columbia university": {"Citation Count": 8.895652173913044, "Publication Count": 0.8434782608695652}, "university of california santa barbara": {"Citation Count": 16.142857142857142, "Publication Count": 1.2857142857142856}, "harvard university": {"Citation Count": 30.0, "Publication Count": 3.0}, "princeton university": {"Citation Count": 2.6666666666666665, "Publication Count": 0.6666666666666666}, "duke university": {"Citation Count": 31.0, "Publication Count": 2.5}, "rutgers university": {"Citation Count": 3.333333333333333, "Publication Count": 0.6666666666666666}, "qualcomm": {"Citation Count": 1.6666666666666665, "Publication Count": 0.3333333333333333}, "university of michigan": {"Citation Count": 17.0, "Publication Count": 1.0}, "simula research laboratory": {"Citation Count": 9.600000000000001, "Publication Count": 0.8}, "university of california san diego": {"Citation Count": 3.6000000000000005, "Publication Count": 0.30000000000000004}, "university of california merced": {"Citation Count": 0.75, "Publication Count": 0.25}, "colorado school of mines": {"Citation Count": 0.75, "Publication Count": 0.25}, "north carolina state university": {"Citation Count": 1.5, "Publication Count": 0.5}, "advanced micro devices": {"Citation Count": 62.0, "Publication Count": 1.0}, "barcelona supercomputing center": {"Citation Count": 12.666666666666666, "Publication Count": 2.3333333333333335}, "purdue university": {"Citation Count": 4.5, "Publication Count": 0.5}, "oak ridge national laboratory": {"Citation Count": 4.5, "Publication Count": 0.5}, "university of minnesota": {"Citation Count": 6.933333333333333, "Publication Count": 0.9666666666666666}, "university of illinois at urbana champaign": {"Citation Count": 1.6666666666666665, "Publication Count": 0.3333333333333333}, "pennsylvania state university": {"Citation Count": 26.285714285714285, "Publication Count": 0.5714285714285714}, "environmental defense fund": {"Citation Count": 2.9166666666666665, "Publication Count": 0.08333333333333333}, "polytechnic university of catalonia": {"Citation Count": 8.75, "Publication Count": 0.25}, "ibm": {"Citation Count": 11.666666666666666, "Publication Count": 0.3333333333333333}, "university of rochester": {"Citation Count": 18.0, "Publication Count": 1.0}, "university of wisconsin madison": {"Citation Count": 24.0, "Publication Count": 1.75}, "nagoya university": {"Citation Count": 208.33333333333334, "Publication Count": 0.8333333333333334}, "nagasaki university": {"Citation Count": 41.666666666666664, "Publication Count": 0.16666666666666666}}