{"university of north carolina at charlotte": {"Citation Count": 48.0, "Publication Count": 1.8666666666666665}, "zhejiang university": {"Citation Count": 371.2892156862745, "Publication Count": 6.225490196078431}, "university of texas at san antonio": {"Citation Count": 199.66666666666666, "Publication Count": 2.45}, "advanced technology center": {"Citation Count": 49.166666666666664, "Publication Count": 1.0833333333333333}, "national university of singapore": {"Citation Count": 482.99523809523816, "Publication Count": 15.947619047619048}, "microsoft": {"Citation Count": 399.4035014005602, "Publication Count": 6.656442577030813}, "harbin institute of technology": {"Citation Count": 39.0, "Publication Count": 0.5}, "university of toronto": {"Citation Count": 20.0, "Publication Count": 3.0}, "deutsche telekom": {"Citation Count": 124.83333333333333, "Publication Count": 1.1666666666666665}, "simon fraser university": {"Citation Count": 16.0, "Publication Count": 1.6666666666666665}, "queen mary university of london": {"Citation Count": 13.11111111111111, "Publication Count": 0.5555555555555556}, "ecole polytechnique federale de lausanne": {"Citation Count": 16.066666666666666, "Publication Count": 0.7333333333333334}, "leibniz university of hanover": {"Citation Count": 9.11111111111111, "Publication Count": 0.2222222222222222}, "technical university of berlin": {"Citation Count": 10.61111111111111, "Publication Count": 0.7222222222222222}, "vienna university of technology": {"Citation Count": 278.0, "Publication Count": 0.8333333333333333}, "information retrieval facility": {"Citation Count": 278.0, "Publication Count": 0.8333333333333333}, "university of california los angeles": {"Citation Count": 40.666666666666664, "Publication Count": 1.7333333333333334}, "beijing jiaotong university": {"Citation Count": 4.666666666666666, "Publication Count": 0.3333333333333333}, "chinese academy of sciences": {"Citation Count": 373.3333333333333, "Publication Count": 15.799999999999999}, "huazhong university of science and technology": {"Citation Count": 6.0, "Publication Count": 1.3}, "tsinghua university": {"Citation Count": 73.5, "Publication Count": 3.083333333333333}, "university of california irvine": {"Citation Count": 153.2, "Publication Count": 2.5666666666666664}, "osaka university": {"Citation Count": 64.66666666666667, "Publication Count": 1.1666666666666665}, "tianjin university": {"Citation Count": 95.2, "Publication Count": 0.4}, "national technical university of athens": {"Citation Count": 128.0, "Publication Count": 2.0}, "delft university of technology": {"Citation Count": 47.5, "Publication Count": 1.5}, "technische universitat darmstadt": {"Citation Count": 106.0, "Publication Count": 2.0}, "university of toulouse": {"Citation Count": 20.4, "Publication Count": 0.6}, "national taiwan university": {"Citation Count": 119.04761904761904, "Publication Count": 9.440476190476192}, "university of california berkeley": {"Citation Count": 118.5, "Publication Count": 0.75}, "university of kansas": {"Citation Count": 11.25, "Publication Count": 0.75}, "university of science and technology of china": {"Citation Count": 153.4333333333333, "Publication Count": 2.216666666666667}, "fx palo alto laboratory": {"Citation Count": 92.1, "Publication Count": 2.35}, "university of california san diego": {"Citation Count": 977.0, "Publication Count": 1.0}, "nokia": {"Citation Count": 36.5, "Publication Count": 2.5}, "carnegie mellon university": {"Citation Count": 118.66666666666667, "Publication Count": 3.8666666666666667}, "university of central florida": {"Citation Count": 166.0, "Publication Count": 0.6666666666666666}, "keio university": {"Citation Count": 20.25, "Publication Count": 0.75}, "canon inc": {"Citation Count": 6.75, "Publication Count": 0.25}, "washington university in st louis": {"Citation Count": 11.0, "Publication Count": 1.0}, "technische universitat munchen": {"Citation Count": 21.333333333333332, "Publication Count": 1.3333333333333333}, "university of illinois at urbana champaign": {"Citation Count": 174.4, "Publication Count": 3.1333333333333333}, "massachusetts institute of technology": {"Citation Count": 48.0, "Publication Count": 2.0}, "conservatoire national des arts et metiers": {"Citation Count": 5.0, "Publication Count": 0.25}, "new jersey institute of technology": {"Citation Count": 10.0, "Publication Count": 0.5}, "university of milan": {"Citation Count": 5.0, "Publication Count": 0.25}, "eth zurich": {"Citation Count": 19.2, "Publication Count": 1.4}, "dublin city university": {"Citation Count": 12.0, "Publication Count": 2.0}, "northwestern polytechnical university": {"Citation Count": 15.352941176470589, "Publication Count": 0.5294117647058824}, "university of georgia": {"Citation Count": 10.23529411764706, "Publication Count": 0.35294117647058826}, "nanyang technological university": {"Citation Count": 136.25, "Publication Count": 5.75}, "peking university": {"Citation Count": 73.31666666666668, "Publication Count": 4.716666666666667}, "ibm": {"Citation Count": 49.85, "Publication Count": 2.716666666666667}, "texas state university": {"Citation Count": 45.0, "Publication Count": 0.2}, "hong kong university of science and technology": {"Citation Count": 12.0, "Publication Count": 0.5}, "commonwealth scientific and industrial research organisation": {"Citation Count": 12.714285714285714, "Publication Count": 0.6428571428571428}, "university of hong kong": {"Citation Count": 45.2, "Publication Count": 0.4}, "search technologies": {"Citation Count": 22.6, "Publication Count": 0.2}, "philips": {"Citation Count": 51.75, "Publication Count": 0.75}, "eindhoven university of technology": {"Citation Count": 17.25, "Publication Count": 0.25}, "university of trento": {"Citation Count": 35.42857142857143, "Publication Count": 2.142857142857143}, "university of verona": {"Citation Count": 12.142857142857142, "Publication Count": 0.7142857142857143}, "university of udine": {"Citation Count": 3.595238095238095, "Publication Count": 0.30952380952380953}, "telefonica": {"Citation Count": 49.0, "Publication Count": 1.0}, "university of padua": {"Citation Count": 18.0, "Publication Count": 2.0}, "virginia tech": {"Citation Count": 6.5, "Publication Count": 1.25}, "mcgill university": {"Citation Count": 2.571428571428571, "Publication Count": 0.2857142857142857}, "eastman kodak company": {"Citation Count": 82.91666666666666, "Publication Count": 0.9833333333333333}, "pennsylvania state university": {"Citation Count": 40.75, "Publication Count": 1.75}, "xidian university": {"Citation Count": 1.3333333333333333, "Publication Count": 0.6666666666666666}, "hewlett packard": {"Citation Count": 29.0, "Publication Count": 3.0}, "indiana university purdue university indianapolis": {"Citation Count": 1.0, "Publication Count": 2.0}, "stanford university": {"Citation Count": 51.0, "Publication Count": 2.5}, "university of saskatchewan": {"Citation Count": 2.1666666666666665, "Publication Count": 1.1666666666666667}, "indian institute of science": {"Citation Count": 2.833333333333333, "Publication Count": 0.16666666666666666}, "konkuk university": {"Citation Count": 4.0, "Publication Count": 1.0}, "dalian maritime university": {"Citation Count": 3.0, "Publication Count": 1.0}, "the chinese university of hong kong": {"Citation Count": 1.0, "Publication Count": 1.0}, "shanghai jiao tong university": {"Citation Count": 1.0, "Publication Count": 1.0}, "university of vienna": {"Citation Count": 3.5999999999999996, "Publication Count": 0.6}, "university of amsterdam": {"Citation Count": 96.83333333333333, "Publication Count": 3.5833333333333335}, "university of southampton": {"Citation Count": 140.0, "Publication Count": 1.0}, "telecom paristech": {"Citation Count": 10.0, "Publication Count": 2.2}, "bell labs": {"Citation Count": 4.0, "Publication Count": 0.4}, "katholieke universiteit leuven": {"Citation Count": 2.8, "Publication Count": 1.4},