{"stanford university": {"Citation Count": 13.866666666666667, "Publication Count": 0.9666666666666667}, "university of california san diego": {"Citation Count": 6.728571428571429, "Publication Count": 0.44285714285714284}, "hong kong polytechnic university": {"Citation Count": 15.0, "Publication Count": 1.0}, "columbia university": {"Citation Count": 24.0, "Publication Count": 0.8}, "university of illinois at urbana champaign": {"Citation Count": 6.0, "Publication Count": 0.2}, "northwestern university": {"Citation Count": 11.666666666666666, "Publication Count": 1.1666666666666667}, "university of washington": {"Citation Count": 75.10714285714286, "Publication Count": 3.392857142857143}, "cisco systems inc": {"Citation Count": 4.0, "Publication Count": 1.0}, "university of california los angeles": {"Citation Count": 0.0, "Publication Count": 1.0}, "nanyang technological university": {"Citation Count": 38.5, "Publication Count": 1.3}, "university of massachusetts amherst": {"Citation Count": 17.25, "Publication Count": 0.25}, "princeton university": {"Citation Count": 19.916666666666668, "Publication Count": 0.41666666666666663}, "rutgers university": {"Citation Count": 146.4, "Publication Count": 2.2666666666666666}, "university of science and technology of china": {"Citation Count": 23.18571428571429, "Publication Count": 1.1809523809523812}, "chinese academy of sciences": {"Citation Count": 7.133333333333334, "Publication Count": 0.45}, "uber": {"Citation Count": 2.4000000000000004, "Publication Count": 0.2}, "university of minnesota": {"Citation Count": 3.7333333333333334, "Publication Count": 0.2833333333333333}, "university of michigan": {"Citation Count": 13.2, "Publication Count": 1.6}, "university of new south wales": {"Citation Count": 21.428571428571427, "Publication Count": 0.8571428571428571}, "alexandria university": {"Citation Count": 3.571428571428571, "Publication Count": 0.14285714285714285}, "electronics and telecommunications research institute": {"Citation Count": 1.857142857142857, "Publication Count": 0.14285714285714285}, "kaist": {"Citation Count": 27.014285714285712, "Publication Count": 1.7285714285714284}, "samsung": {"Citation Count": 1.857142857142857, "Publication Count": 0.14285714285714285}, "university of texas at austin": {"Citation Count": 31.142857142857142, "Publication Count": 1.5714285714285714}, "huawei": {"Citation Count": 9.857142857142856, "Publication Count": 0.42857142857142855}, "university of colorado denver": {"Citation Count": 0.4, "Publication Count": 0.2}, "shanghai jiao tong university": {"Citation Count": 35.13333333333333, "Publication Count": 3.0666666666666664}, "microsoft": {"Citation Count": 16.766666666666666, "Publication Count": 2.5666666666666664}, "university of texas at dallas": {"Citation Count": 0.4, "Publication Count": 0.2}, "university at buffalo": {"Citation Count": 15.833333333333334, "Publication Count": 0.8333333333333334}, "university of rochester medical center": {"Citation Count": 3.1666666666666665, "Publication Count": 0.16666666666666666}, "shenzhen university": {"Citation Count": 15.571428571428571, "Publication Count": 1.0571428571428572}, "hewlett packard": {"Citation Count": 24.166666666666664, "Publication Count": 1.2666666666666666}, "peking university": {"Citation Count": 13.766666666666666, "Publication Count": 0.7666666666666666}, "university of north carolina at charlotte": {"Citation Count": 2.8571428571428568, "Publication Count": 0.14285714285714285}, "illinois institute of technology": {"Citation Count": 2.8571428571428568, "Publication Count": 0.14285714285714285}, "university of wisconsin madison": {"Citation Count": 5.75, "Publication Count": 1.0}, "national taiwan university": {"Citation Count": 0.3333333333333333, "Publication Count": 0.16666666666666666}, "zhejiang university": {"Citation Count": 0.3333333333333333, "Publication Count": 0.16666666666666666}, "beijing university of posts and telecommunications": {"Citation Count": 10.5, "Publication Count": 0.7}, "alibaba group": {"Citation Count": 1.5, "Publication Count": 0.1}, "university of cartagena": {"Citation Count": 20.5, "Publication Count": 0.5}, "charles iii university of madrid": {"Citation Count": 20.5, "Publication Count": 0.5}, "dartmouth hitchcock medical center": {"Citation Count": 0.6666666666666666, "Publication Count": 0.16666666666666666}, "george mason university": {"Citation Count": 0.6666666666666666, "Publication Count": 0.16666666666666666}, "dartmouth college": {"Citation Count": 1.3333333333333333, "Publication Count": 0.3333333333333333}, "eth zurich": {"Citation Count": 0.6666666666666666, "Publication Count": 0.16666666666666666}, "rice university": {"Citation Count": 10.5, "Publication Count": 1.4000000000000001}, "baylor college of medicine": {"Citation Count": 0.6000000000000001, "Publication Count": 0.2}, "university of south carolina": {"Citation Count": 13.0, "Publication Count": 1.0}, "state university of new york system": {"Citation Count": 12.114285714285714, "Publication Count": 0.9428571428571428}, "imdea": {"Citation Count": 4.1, "Publication Count": 0.45}, "university of utah": {"Citation Count": 0.3333333333333333, "Publication Count": 0.3333333333333333}, "brigham young university": {"Citation Count": 0.3333333333333333, "Publication Count": 0.3333333333333333}, "washington university in st louis": {"Citation Count": 0.3333333333333333, "Publication Count": 0.3333333333333333}, "university of california santa barbara": {"Citation Count": 20.0, "Publication Count": 1.0}, "ohio state university": {"Citation Count": 5.0, "Publication Count": 2.0}, "carnegie mellon university": {"Citation Count": 18.0, "Publication Count": 1.8}, "massachusetts institute of technology": {"Citation Count": 4.0, "Publication Count": 0.2}, "university of california berkeley": {"Citation Count": 8.0, "Publication Count": 0.5}, "seoul national university": {"Citation Count": 3.1, "Publication Count": 0.1}, "nanjing university": {"Citation Count": 3.1, "Publication Count": 0.1}, "yonsei university": {"Citation Count": 6.0, "Publication Count": 1.0}, "uppsala university": {"Citation Count": 15.0, "Publication Count": 1.0}, "new jersey institute of technology": {"Citation Count": 2.0, "Publication Count": 0.6666666666666666}, "wichita state university": {"Citation Count": 1.0, "Publication Count": 0.3333333333333333}, "university of colorado boulder": {"Citation Count": 16.923076923076923, "Publication Count": 0.8461538461538461}, "boston children s hospital": {"Citation Count": 1.5384615384615385, "Publication Count": 0.07692307692307693}, "virginia commonwealth university": {"Citation Count": 1.5384615384615385, "Publication Count": 0.07692307692307693}, "association for computing machinery": {"Citation Count": 8.0, "Publication Count": 1.0}}