{"kaist": {"Citation Count": 5.666666666666666, "Publication Count": 1.3333333333333333}, "waseda university": {"Citation Count": 2.5, "Publication Count": 0.5}, "nippon telegraph and telephone": {"Citation Count": 2.5, "Publication Count": 0.5}, "stanford university": {"Citation Count": 2.0, "Publication Count": 1.0}, "imdea": {"Citation Count": 10.8, "Publication Count": 1.2}, "university of illinois at chicago": {"Citation Count": 11.0, "Publication Count": 1.0}, "ruhr university bochum": {"Citation Count": 22.0, "Publication Count": 3.0}, "university of texas at dallas": {"Citation Count": 7.063852813852813, "Publication Count": 0.6504329004329005}, "oregon state university": {"Citation Count": 2.333333333333333, "Publication Count": 0.16666666666666666}, "purdue university": {"Citation Count": 15.961904761904762, "Publication Count": 1.452380952380952}, "seoul national university": {"Citation Count": 2.333333333333333, "Publication Count": 0.16666666666666666}, "northeastern university": {"Citation Count": 10.619047619047619, "Publication Count": 1.2619047619047619}, "boston university": {"Citation Count": 0.6666666666666666, "Publication Count": 0.16666666666666666}, "chinese academy of sciences": {"Citation Count": 17.542857142857144, "Publication Count": 1.7714285714285714}, "arizona state university": {"Citation Count": 4.885714285714286, "Publication Count": 0.34285714285714286}, "penn state college of information sciences and technology": {"Citation Count": 3.2857142857142856, "Publication Count": 0.14285714285714285}, "the chinese university of hong kong": {"Citation Count": 3.2857142857142856, "Publication Count": 0.14285714285714285}, "university of colorado boulder": {"Citation Count": 5.666666666666666, "Publication Count": 1.6666666666666665}, "university of michigan": {"Citation Count": 23.0, "Publication Count": 1.8}, "university of toronto": {"Citation Count": 7.142857142857142, "Publication Count": 0.4857142857142857}, "university of california riverside": {"Citation Count": 26.464285714285715, "Publication Count": 1.4642857142857144}, "university of california": {"Citation Count": 7.285714285714285, "Publication Count": 0.6857142857142857}, "united states army research laboratory": {"Citation Count": 2.142857142857143, "Publication Count": 0.14285714285714285}, "university of massachusetts amherst": {"Citation Count": 22.0, "Publication Count": 4.0}, "university of chicago": {"Citation Count": 4.666666666666666, "Publication Count": 0.6666666666666666}, "university of california santa barbara": {"Citation Count": 10.595238095238095, "Publication Count": 0.5952380952380952}, "fudan university": {"Citation Count": 4.075757575757576, "Publication Count": 0.25757575757575757}, "princeton university": {"Citation Count": 15.818181818181818, "Publication Count": 0.6818181818181819}, "city university of hong kong": {"Citation Count": 10.0, "Publication Count": 0.5}, "washington university in st louis": {"Citation Count": 3.4000000000000004, "Publication Count": 0.2}, "university of nebraska lincoln": {"Citation Count": 3.4000000000000004, "Publication Count": 0.2}, "ball state university": {"Citation Count": 3.4000000000000004, "Publication Count": 0.2}, "michigan state university": {"Citation Count": 3.4000000000000004, "Publication Count": 0.2}, "university of california irvine": {"Citation Count": 28.5, "Publication Count": 1.65}, "zhejiang university": {"Citation Count": 12.242857142857142, "Publication Count": 0.9857142857142858}, "university at buffalo": {"Citation Count": 8.604761904761904, "Publication Count": 0.5761904761904761}, "university of california san diego": {"Citation Count": 2.571428571428571, "Publication Count": 0.14285714285714285}, "mcgill university": {"Citation Count": 2.571428571428571, "Publication Count": 0.14285714285714285}, "ohio state university": {"Citation Count": 15.5, "Publication Count": 1.75}, "university of florida": {"Citation Count": 13.5, "Publication Count": 1.5}, "johns hopkins university": {"Citation Count": 0.0, "Publication Count": 0.25}, "lehigh university": {"Citation Count": 0.0, "Publication Count": 0.25}, "university of virginia": {"Citation Count": 0.0, "Publication Count": 0.5}, "vienna university of technology": {"Citation Count": 7.904761904761903, "Publication Count": 0.6190476190476191}, "university of twente": {"Citation Count": 7.285714285714286, "Publication Count": 0.42857142857142855}, "eth zurich": {"Citation Count": 15.266666666666667, "Publication Count": 2.1333333333333333}, "university college london": {"Citation Count": 1.4000000000000001, "Publication Count": 0.2}, "university of sydney": {"Citation Count": 11.333333333333332, "Publication Count": 0.6666666666666666}, "commonwealth scientific and industrial research organisation": {"Citation Count": 5.666666666666666, "Publication Count": 0.3333333333333333}, "imperial college london": {"Citation Count": 19.0, "Publication Count": 1.0}, "max planck society": {"Citation Count": 2.8000000000000003, "Publication Count": 0.6000000000000001}, "university of maryland college park": {"Citation Count": 6.6, "Publication Count": 1.7}, "massachusetts institute of technology": {"Citation Count": 1.4571428571428573, "Publication Count": 0.6285714285714286}, "tsinghua university": {"Citation Count": 25.057142857142857, "Publication Count": 1.8142857142857145}, "george mason university": {"Citation Count": 1.25, "Publication Count": 0.5833333333333333}, "texas a m university": {"Citation Count": 5.283333333333333, "Publication Count": 0.35}, "university of bristol": {"Citation Count": 12.07857142857143, "Publication Count": 0.7357142857142858}, "university of illinois at urbana champaign": {"Citation Count": 43.429220779220785, "Publication Count": 2.6707792207792207}, "google": {"Citation Count": 1.6666666666666665, "Publication Count": 0.3333333333333333}, "korea university": {"Citation Count": 5.666666666666666, "Publication Count": 1.3333333333333333}, "katholieke universiteit leuven": {"Citation Count": 13.100000000000001, "Publication Count": 1.225}, "hong kong polytechnic university": {"Citation Count": 1.5833333333333333, "Publication Count": 0.08333333333333333}, "university of electronic science and technology of china": {"Citation Count": 14.25, "Publication Count": 0.75}, "university of guelph": {"Citation Count": 1.5833333333333333, "Publication Count": 0.08333333333333333}, "grenoble institute of technology": {"Citation Count": 1.0, "Publication Count": 0.25}, "university of grenoble": {"Citation Count": 0.5, "Publication Count": 0.125}, "hong kong university of science and technology": {"Citation Count": 6.0, "Publication Count": 1.5}, "singapore university of technology and design": {"Citation Count": 4.800000000000001, "Publication Count": 0.2}, "ecole polytechnique federale de lausanne": {"Citation Count": 4.800000000000001, "Publication Count": 0.2}, "vu university amsterdam": {"Citation Count": 18.0, "Publication Count": 1.0}, "state university of new york system": {"Citation Count": 5.5, "Publication Count": 0.5}, "nanyang technological university": {"Citation Count": 11.333333333333332, "Publication Count": 0.6666666666666666}, "delft university of technology": {"Citation Count": 2.833333333333333, "Publication Count": 0.16666666666666666}, "centre national de la recherche scientifique": {"Citation Count": 2.833333333333333, "Publication Count": 0.16666666666666666}, "rice university": {"Citation Count": 3.7, "Publication Count": 0.1}, "university of california berkeley": {"Citation Count": 6.2, "Publication Count": 0.6}, "bosch": {"Citation Count": 8.0, "Publication Count": 1.3333333333333333}, "harvard university": {"Citation Count": 11.133333333333333, "Publication Count": 0.7333333333333334}, "information sciences institute": {"Citation Count": 2.333333333333333, "Publication Count": 0.3333333333333333}, "university of southern california": {"Citation Count": 2.333333333333333,