{"university of calgary": {"Citation Count": 12.0, "Publication Count": 0.5}, "johns hopkins university": {"Citation Count": 12.0, "Publication Count": 0.5}, "united states naval academy": {"Citation Count": 8.0, "Publication Count": 1.0}, "george mason university": {"Citation Count": 27.5, "Publication Count": 0.25}, "north carolina state university": {"Citation Count": 27.5, "Publication Count": 0.25}, "boston university": {"Citation Count": 63.4, "Publication Count": 0.7}, "purdue university": {"Citation Count": 78.99999999999999, "Publication Count": 1.4999999999999998}, "saarland university": {"Citation Count": 50.74999999999999, "Publication Count": 1.5}, "university of erlangen nuremberg": {"Citation Count": 20.0, "Publication Count": 0.25}, "sri international": {"Citation Count": 19.666666666666664, "Publication Count": 0.3333333333333333}, "kaist": {"Citation Count": 115.9047619047619, "Publication Count": 1.2380952380952381}, "carnegie mellon university": {"Citation Count": 66.04444444444445, "Publication Count": 1.2444444444444445}, "noblis": {"Citation Count": 7.4, "Publication Count": 0.2}, "clemson university": {"Citation Count": 5.7142857142857135, "Publication Count": 0.5714285714285714}, "arizona state university": {"Citation Count": 4.285714285714286, "Publication Count": 0.42857142857142855}, "northeastern university": {"Citation Count": 81.03333333333335, "Publication Count": 1.1333333333333335}, "bell labs": {"Citation Count": 15.166666666666666, "Publication Count": 0.16666666666666666}, "auburn university at montgomery": {"Citation Count": 1.8333333333333333, "Publication Count": 0.16666666666666666}, "university of georgia": {"Citation Count": 9.166666666666668, "Publication Count": 0.8333333333333334}, "georgia institute of technology": {"Citation Count": 299.74523809523805, "Publication Count": 2.628571428571429}, "lehigh university": {"Citation Count": 60.666666666666664, "Publication Count": 0.6666666666666666}, "iowa state university": {"Citation Count": 63.0, "Publication Count": 1.0}, "university of catania": {"Citation Count": 6.333333333333333, "Publication Count": 0.16666666666666666}, "university of oxford": {"Citation Count": 56.33333333333333, "Publication Count": 1.6666666666666665}, "stony brook university": {"Citation Count": 57.333333333333336, "Publication Count": 1.1666666666666667}, "helen wills neuroscience institute": {"Citation Count": 5.666666666666666, "Publication Count": 0.3333333333333333}, "ruhr university bochum": {"Citation Count": 20.333333333333332, "Publication Count": 1.0416666666666665}, "university of new south wales": {"Citation Count": 20.57142857142857, "Publication Count": 0.5714285714285714}, "university of queensland": {"Citation Count": 10.285714285714285, "Publication Count": 0.2857142857142857}, "hitec university": {"Citation Count": 5.142857142857142, "Publication Count": 0.14285714285714285}, "bauhaus university weimar": {"Citation Count": 15.0, "Publication Count": 1.0}, "northwest university": {"Citation Count": 36.57142857142857, "Publication Count": 0.5714285714285714}, "lancaster university": {"Citation Count": 18.285714285714285, "Publication Count": 0.2857142857142857}, "university of bath": {"Citation Count": 9.142857142857142, "Publication Count": 0.14285714285714285}, "stanford university": {"Citation Count": 18.0, "Publication Count": 0.4}, "university of texas at austin": {"Citation Count": 27.0, "Publication Count": 0.6}, "university of the west of england": {"Citation Count": 27.166666666666664, "Publication Count": 0.16666666666666666}, "university college london": {"Citation Count": 135.83333333333334, "Publication Count": 0.8333333333333334}, "max planck society": {"Citation Count": 9.600000000000001, "Publication Count": 0.8}, "university of maryland college park": {"Citation Count": 16.57142857142857, "Publication Count": 0.8928571428571428}, "birla institute of technology and science": {"Citation Count": 4.0, "Publication Count": 0.25}, "university of pennsylvania": {"Citation Count": 9.375, "Publication Count": 0.625}, "university of michigan": {"Citation Count": 45.52777777777778, "Publication Count": 0.6944444444444444}, "adobe systems": {"Citation Count": 1.875, "Publication Count": 0.125}, "university of western ontario": {"Citation Count": 3.0, "Publication Count": 1.0}, "university of illinois at urbana champaign": {"Citation Count": 25.460317460317462, "Publication Count": 0.36507936507936506}, "cisco systems inc": {"Citation Count": 10.444444444444445, "Publication Count": 0.1111111111111111}, "google": {"Citation Count": 10.444444444444445, "Publication Count": 0.1111111111111111}, "university of california berkeley": {"Citation Count": 10.444444444444445, "Publication Count": 0.1111111111111111}, "indian institute of science": {"Citation Count": 5.0, "Publication Count": 1.0}, "aarhus university": {"Citation Count": 23.333333333333332, "Publication Count": 0.6666666666666666}, "technische universitat darmstadt": {"Citation Count": 102.25, "Publication Count": 2.7500000000000004}, "university of california san diego": {"Citation Count": 6.666666666666666, "Publication Count": 1.1666666666666667}, "university of tsukuba": {"Citation Count": 35.0, "Publication Count": 1.0}, "university of california riverside": {"Citation Count": 8.200000000000001, "Publication Count": 0.2}, "indiana university": {"Citation Count": 24.599999999999998, "Publication Count": 0.6}, "syracuse university": {"Citation Count": 8.200000000000001, "Publication Count": 0.2}, "shanghai jiao tong university": {"Citation Count": 18.0, "Publication Count": 1.0}, "pennsylvania state university": {"Citation Count": 20.333333333333332, "Publication Count": 1.0}, "penn state college of information sciences and technology": {"Citation Count": 18.11111111111111, "Publication Count": 0.4444444444444444}, "university of california santa barbara": {"Citation Count": 168.5, "Publication Count": 2.9}, "washington university in st louis": {"Citation Count": 9.11111111111111, "Publication Count": 0.1111111111111111}, "columbia university": {"Citation Count": 18.22222222222222, "Publication Count": 0.2222222222222222}, "fordham university": {"Citation Count": 9.11111111111111, "Publication Count": 0.1111111111111111}, "university of namibia": {"Citation Count": 10.083333333333332, "Publication Count": 0.5833333333333333}, "vu university amsterdam": {"Citation Count": 78.0, "Publication Count": 1.225}, "seoul national university": {"Citation Count": 8.0, "Publication Count": 1.0}, "graz university of technology": {"Citation Count": 84.0, "Publication Count": 0.875}, "university of lubeck": {"Citation Count": 12.0, "Publication Count": 0.125}, "shandong university": {"Citation Count": 9.666666666666666, "Publication Count": 0.3333333333333333}, "fraunhofer society": {"Citation Count": 8.4, "Publication Count": 0.2}, "hebrew university of jerusalem": {"Citation Count": 16.8, "Publication Count": 0.4}, "bar ilan university": {"Citation Count": 8.4, "Publication Count": 0.2}, "concordia university": {"Citation Count": 17.65, "Publication Count": 0.95}, "concordia university wisconsin": {"Citation Count": 2.75, "Publication Count": 0.25}, "imdea": {"Citation Count": 7.333333333333333, "Publication Count": 0.6666666666666666}, "university of milan": {"Citation Count": 3.6666666666666665, "Publication Count": 0.3333333333333333}, "princeton university": {"Citation Count": 17.4, "Publication Count": 0.6}, "karlstad university": {"Citation Count": 5.800000000000001, "Publication Count": 0.2}, "royal institute of technology": {"Citation Count": 5.800000000000001, "Publication Count": 0.2}, "united states naval research laboratory": {"Citation Count": 12.8, "Publication Count": 0.8}, "yale university": {"Citation Count": 3.2, "Publication Count": 0.2}, "microsoft": {"Citation Count": 74.54761904761904, "Publication Count": 1.0119047619047619}, "sandia national laboratories": {"Citation Count": 4.5,