{"google": {"Citation Count": 11.333333333333332, "Publication Count": 0.3333333333333333}, "microsoft": {"Citation Count": 751.0833333333334, "Publication Count": 6.241666666666666}, "university of toronto": {"Citation Count": 50.0, "Publication Count": 0.16666666666666666}, "purdue university": {"Citation Count": 34.33333333333333, "Publication Count": 0.3333333333333333}, "university of minnesota": {"Citation Count": 121.25, "Publication Count": 1.125}, "tsinghua university": {"Citation Count": 27.400000000000002, "Publication Count": 0.2}, "university of california santa barbara": {"Citation Count": 109.60000000000001, "Publication Count": 0.8}, "university of washington": {"Citation Count": 156.5, "Publication Count": 2.5}, "yale university": {"Citation Count": 11.0, "Publication Count": 0.25}, "princeton university": {"Citation Count": 94.0, "Publication Count": 2.6666666666666665}, "massachusetts institute of technology": {"Citation Count": 101.0, "Publication Count": 1.0}, "data domain": {"Citation Count": 14.666666666666666, "Publication Count": 0.16666666666666666}, "northwestern university": {"Citation Count": 29.333333333333332, "Publication Count": 0.3333333333333333}, "duke university": {"Citation Count": 87.0, "Publication Count": 0.75}, "university of south carolina": {"Citation Count": 29.0, "Publication Count": 0.25}, "university of wisconsin madison": {"Citation Count": 178.75, "Publication Count": 2.175}, "at t labs": {"Citation Count": 38.666666666666664, "Publication Count": 0.6666666666666666}, "university of maryland college park": {"Citation Count": 40.888888888888886, "Publication Count": 0.4444444444444444}, "university of brescia": {"Citation Count": 20.444444444444443, "Publication Count": 0.2222222222222222}, "university of california san diego": {"Citation Count": 1117.1000000000001, "Publication Count": 1.8}, "hewlett packard": {"Citation Count": 494.57142857142856, "Publication Count": 1.1785714285714286}, "stanford university": {"Citation Count": 359.57142857142856, "Publication Count": 0.42857142857142855}, "deutsche telekom": {"Citation Count": 119.85714285714285, "Publication Count": 0.14285714285714285}, "williams college": {"Citation Count": 258.40000000000003, "Publication Count": 0.2}, "university of texas at austin": {"Citation Count": 403.0, "Publication Count": 1.0}, "yahoo": {"Citation Count": 241.66666666666666, "Publication Count": 0.3333333333333333}, "university of california berkeley": {"Citation Count": 483.3333333333333, "Publication Count": 0.6666666666666666}, "harvard university": {"Citation Count": 4.0, "Publication Count": 0.5}, "carnegie mellon university": {"Citation Count": 55.25, "Publication Count": 1.125}, "georgia institute of technology": {"Citation Count": 398.0, "Publication Count": 1.0}}