{"princeton university": {"Citation Count": 122.48571428571428, "Publication Count": 2.1714285714285713}, "eth zurich": {"Citation Count": 13.142857142857142, "Publication Count": 0.2857142857142857}, "universite catholique de louvain": {"Citation Count": 6.571428571428571, "Publication Count": 0.14285714285714285}, "microsoft": {"Citation Count": 158.9404761904762, "Publication Count": 3.5238095238095237}, "carnegie mellon university": {"Citation Count": 302.6, "Publication Count": 2.466666666666667}, "intel": {"Citation Count": 11.4, "Publication Count": 0.2}, "cornell university": {"Citation Count": 607.8333333333334, "Publication Count": 1.1666666666666667}, "tsinghua university": {"Citation Count": 56.225, "Publication Count": 1.4}, "university of science and technology of china": {"Citation Count": 5.875, "Publication Count": 0.25}, "university of california san diego": {"Citation Count": 5.041666666666666, "Publication Count": 0.2361111111111111}, "university of california santa barbara": {"Citation Count": 2.375, "Publication Count": 0.125}, "baidu": {"Citation Count": 2.375, "Publication Count": 0.125}, "northeastern university": {"Citation Count": 2.375, "Publication Count": 0.125}, "university of wisconsin madison": {"Citation Count": 167.89285714285714, "Publication Count": 1.8928571428571428}, "university of texas at austin": {"Citation Count": 24.666666666666668, "Publication Count": 1.3333333333333335}, "new york university": {"Citation Count": 31.666666666666664, "Publication Count": 1.3333333333333333}, "university of washington": {"Citation Count": 326.3333333333333, "Publication Count": 2.1666666666666665}, "massachusetts institute of technology": {"Citation Count": 432.55, "Publication Count": 2.6166666666666663}, "harvard university": {"Citation Count": 27.25, "Publication Count": 0.5}, "university of california berkeley": {"Citation Count": 540.0666666666666, "Publication Count": 6.633333333333333}, "rice university": {"Citation Count": 17.0, "Publication Count": 1.0}, "university of north carolina at chapel hill": {"Citation Count": 26.0, "Publication Count": 0.6666666666666666}, "institute of company secretaries of india": {"Citation Count": 5.333333333333333, "Publication Count": 0.16666666666666666}, "university of southern california": {"Citation Count": 195.33333333333334, "Publication Count": 1.5555555555555556}, "university of michigan": {"Citation Count": 26.166666666666668, "Publication Count": 0.3611111111111111}, "universidade federal de minas gerais": {"Citation Count": 5.333333333333333, "Publication Count": 0.2222222222222222}, "lawrence berkeley national laboratory": {"Citation Count": 6.666666666666666, "Publication Count": 0.3333333333333333}, "stanford university": {"Citation Count": 51.0, "Publication Count": 0.75}, "stony brook university": {"Citation Count": 27.0, "Publication Count": 0.375}, "national and kapodistrian university of athens": {"Citation Count": 3.375, "Publication Count": 0.125}, "facebook": {"Citation Count": 31.583333333333332, "Publication Count": 1.0833333333333333}, "university of toronto": {"Citation Count": 3.375, "Publication Count": 0.125}, "google": {"Citation Count": 102.22222222222221, "Publication Count": 0.8888888888888888}, "university of california los angeles": {"Citation Count": 24.920634920634917, "Publication Count": 0.8253968253968254}, "hong kong university of science and technology": {"Citation Count": 60.0, "Publication Count": 0.75}, "kaist": {"Citation Count": 29.0, "Publication Count": 1.0}, "bell labs": {"Citation Count": 5.666666666666666, "Publication Count": 0.16666666666666666}, "ecole polytechnique federale de lausanne": {"Citation Count": 5.666666666666666, "Publication Count": 0.16666666666666666}, "yale university": {"Citation Count": 11.333333333333332, "Publication Count": 0.3333333333333333}, "humboldt university of berlin": {"Citation Count": 14.0, "Publication Count": 1.0}, "ohio state university": {"Citation Count": 38.857142857142854, "Publication Count": 1.2857142857142856}, "beijing university of posts and telecommunications": {"Citation Count": 3.5, "Publication Count": 0.125}, "university of illinois at urbana champaign": {"Citation Count": 30.0, "Publication Count": 1.0}}