{"french institute for research in computer science and automation": {"Citation Count": 384.0, "Publication Count": 2.6666666666666665}, "aberystwyth university": {"Citation Count": 18.0, "Publication Count": 1.0}, "intel": {"Citation Count": 42.0, "Publication Count": 0.25}, "carnegie mellon university": {"Citation Count": 301.1666666666667, "Publication Count": 1.7916666666666665}, "university of pittsburgh": {"Citation Count": 21.0, "Publication Count": 0.125}, "nanyang technological university": {"Citation Count": 268.6, "Publication Count": 1.6583333333333332}, "michigan state university": {"Citation Count": 346.0, "Publication Count": 1.125}, "university of texas at arlington": {"Citation Count": 307.3333333333333, "Publication Count": 0.3333333333333333}, "university of california berkeley": {"Citation Count": 429.5833333333333, "Publication Count": 2.083333333333333}, "university of miami": {"Citation Count": 307.3333333333333, "Publication Count": 0.3333333333333333}, "massachusetts institute of technology": {"Citation Count": 129.0, "Publication Count": 1.6666666666666665}, "the chinese university of hong kong": {"Citation Count": 322.4166666666667, "Publication Count": 4.916666666666666}, "yale university": {"Citation Count": 20.0, "Publication Count": 0.8333333333333333}, "princeton university": {"Citation Count": 106.66666666666666, "Publication Count": 1.8333333333333333}, "university of cambridge": {"Citation Count": 937.6666666666666, "Publication Count": 1.6666666666666665}, "los alamos national laboratory": {"Citation Count": 455.3333333333333, "Publication Count": 0.3333333333333333}, "bielefeld university": {"Citation Count": 3.2, "Publication Count": 0.2}, "university of toronto": {"Citation Count": 135.8, "Publication Count": 2.05}, "university of california san diego": {"Citation Count": 377.0, "Publication Count": 1.3333333333333333}, "johns hopkins university": {"Citation Count": 224.16666666666666, "Publication Count": 2.1666666666666665}, "university of adelaide": {"Citation Count": 14.333333333333332, "Publication Count": 0.3333333333333333}, "university of padua": {"Citation Count": 19.666666666666664, "Publication Count": 0.3333333333333333}, "university of pavia": {"Citation Count": 39.33333333333333, "Publication Count": 0.6666666666666666}, "tsinghua university": {"Citation Count": 78.66666666666666, "Publication Count": 1.6666666666666665}, "rensselaer polytechnic institute": {"Citation Count": 793.8333333333334, "Publication Count": 2.1666666666666665}, "general electric": {"Citation Count": 43.666666666666664, "Publication Count": 0.3333333333333333}, "university of california santa cruz": {"Citation Count": 226.0, "Publication Count": 2.0}, "university of central florida": {"Citation Count": 227.0, "Publication Count": 0.75}, "katholieke universiteit leuven": {"Citation Count": 273.5, "Publication Count": 2.25}, "ibm": {"Citation Count": 14.600000000000001, "Publication Count": 0.5333333333333333}, "mitsubishi": {"Citation Count": 9.0, "Publication Count": 0.3333333333333333}, "radboud university nijmegen": {"Citation Count": 81.0, "Publication Count": 1.0}, "chinese academy of sciences": {"Citation Count": 471.5047619047619, "Publication Count": 1.569047619047619}, "university of california los angeles": {"Citation Count": 417.8, "Publication Count": 1.7833333333333332}, "leibniz university of hanover": {"Citation Count": 28.25, "Publication Count": 0.25}, "university of bonn": {"Citation Count": 69.25, "Publication Count": 1.25}, "max planck society": {"Citation Count": 384.25, "Publication Count": 0.75}, "microsoft": {"Citation Count": 240.83333333333334, "Publication Count": 2.8333333333333335}, "lyon college": {"Citation Count": 54.0, "Publication Count": 1.0}, "ecole normale superieure": {"Citation Count": 2970.25, "Publication Count": 4.75}, "university of south florida": {"Citation Count": 116.0, "Publication Count": 1.0}, "it university of copenhagen": {"Citation Count": 615.5, "Publication Count": 0.5}, "eth zurich": {"Citation Count": 33.0, "Publication Count": 0.5}, "boston university": {"Citation Count": 10.0, "Publication Count": 1.0}, "stanford university": {"Citation Count": 40.0, "Publication Count": 0.6666666666666666}, "oxford brookes university": {"Citation Count": 48.33333333333333, "Publication Count": 1.0}, "university of oxford": {"Citation Count": 21.666666666666664, "Publication Count": 0.3333333333333333}, "hong kong university of science and technology": {"Citation Count": 87.0, "Publication Count": 2.0}, "university of tokyo": {"Citation Count": 24.666666666666664, "Publication Count": 0.6666666666666666}, "nara institute of science and technology": {"Citation Count": 21.133333333333333, "Publication Count": 0.5333333333333333}, "university of the basque country": {"Citation Count": 755.0, "Publication Count": 1.0}, "iowa state university": {"Citation Count": 9.0, "Publication Count": 1.0}, "university of gottingen": {"Citation Count": 36.0, "Publication Count": 1.0}, "university of maryland college park": {"Citation Count": 230.3, "Publication Count": 3.6}, "adobe systems": {"Citation Count": 247.5, "Publication Count": 1.75}, "stevens institute of technology": {"Citation Count": 8.5, "Publication Count": 0.5}, "university of pennsylvania": {"Citation Count": 8.5, "Publication Count": 0.5}, "university of antwerp": {"Citation Count": 22.0, "Publication Count": 1.0}, "university of utah": {"Citation Count": 6.875, "Publication Count": 0.125}, "university of north carolina at chapel hill": {"Citation Count": 48.125, "Publication Count": 0.875}, "wayne state university": {"Citation Count": 30.0, "Publication Count": 0.3333333333333333}, "stony brook university": {"Citation Count": 60.0, "Publication Count": 0.6666666666666666}, "sapienza university of rome": {"Citation Count": 118.5, "Publication Count": 0.5}, "university of edinburgh": {"Citation Count": 118.5, "Publication Count": 0.5}, "technion israel institute of technology": {"Citation Count": 184.33333333333331, "Publication Count": 2.6666666666666665}, "graz university of technology": {"Citation Count": 39.0, "Publication Count": 1.0}, "paris dauphine university": {"Citation Count": 56.0, "Publication Count": 1.0}, "purdue university": {"Citation Count": 134.0, "Publication Count": 2.0}, "national university of singapore": {"Citation Count": 45.75, "Publication Count": 1.25}, "university of trento": {"Citation Count": 456.0, "Publication Count": 1.0}, "national and kapodistrian university of athens": {"Citation Count": 0.8333333333333334, "Publication Count": 0.8333333333333334}, "ionian university": {"Citation Count": 0.16666666666666666, "Publication Count": 0.16666666666666666}, "university of texas at dallas": {"Citation Count": 87.0, "Publication Count": 0.25}, "university of notre dame": {"Citation Count": 174.0, "Publication Count": 0.5}, "national institute of standards and technology": {"Citation Count": 87.0, "Publication Count": 0.25}, "temple university": {"Citation Count": 97.60000000000001, "Publication Count": 0.4}, "huazhong university of science and technology": {"Citation Count": 354.6, "Publication Count": 0.9}, "national tsing hua university": {"Citation Count": 76.0, "Publication Count": 1.0}, "university of kentucky": {"Citation Count": 75.0, "Publication Count": 0.75}, "shanghai jiao tong university": {"Citation Count": 17.5, "Publication Count": 0.5}, "ben gurion university of the negev": {"Citation Count": 48.5, "Publication Count": 2.0}, "tokyo institute of technology": {"Citation Count": 18.0, "Publication Count": 1.0}, "ircam": {"Citation Count": 123.0, "Publication Count": 1.0}, "columbia university": {"Citation Count": 14.0, "Publication Count": 1.0}, "duke university": {"Citation Count": 45.0, "Publication Count": 1.0}, "university of washington": {"Citation Count": 125.75, "Publication Count": 0.75}, "kaist": {"Citation Count": 381.75, "Publication Count": 0.75},