{"university of lorraine": {"Citation Count": 4.833333333333333, "Publication Count": 0.16666666666666666}, "paris diderot university": {"Citation Count": 111.0, "Publication Count": 2.3333333333333335}, "university of paris sud": {"Citation Count": 28.999999999999996, "Publication Count": 0.7916666666666666}, "university of turin": {"Citation Count": 4.833333333333333, "Publication Count": 0.16666666666666666}, "microsoft": {"Citation Count": 272.16666666666663, "Publication Count": 5.654761904761904}, "facebook": {"Citation Count": 2.5, "Publication Count": 0.8333333333333333}, "university of pennsylvania": {"Citation Count": 182.33333333333334, "Publication Count": 2.888888888888889}, "university of padua": {"Citation Count": 9.333333333333332, "Publication Count": 0.6666666666666666}, "university of oxford": {"Citation Count": 102.33333333333333, "Publication Count": 2.25}, "university of colorado boulder": {"Citation Count": 21.333333333333332, "Publication Count": 1.3333333333333333}, "imperial college london": {"Citation Count": 54.0, "Publication Count": 1.625}, "ecole normale superieure de lyon": {"Citation Count": 7.0, "Publication Count": 0.125}, "french institute for research in computer science and automation": {"Citation Count": 77.0, "Publication Count": 1.0178571428571428}, "radboud university nijmegen": {"Citation Count": 25.0, "Publication Count": 1.0}, "princeton university": {"Citation Count": 92.28571428571428, "Publication Count": 0.2857142857142857}, "carnegie mellon university": {"Citation Count": 83.54285714285714, "Publication Count": 1.0095238095238095}, "swarthmore college": {"Citation Count": 46.14285714285714, "Publication Count": 0.14285714285714285}, "university of massachusetts amherst": {"Citation Count": 50.3095238095238, "Publication Count": 0.30952380952380953}, "cornell university": {"Citation Count": 130.28571428571428, "Publication Count": 1.2857142857142856}, "stanford university": {"Citation Count": 15.333333333333332, "Publication Count": 0.6666666666666666}, "university of california berkeley": {"Citation Count": 6.0, "Publication Count": 0.3333333333333333}, "university of toronto": {"Citation Count": 108.93333333333334, "Publication Count": 2.1333333333333333}, "university of freiburg": {"Citation Count": 9.333333333333332, "Publication Count": 0.3333333333333333}, "portland state university": {"Citation Count": 10.0, "Publication Count": 0.2222222222222222}, "harvard university": {"Citation Count": 10.0, "Publication Count": 0.2222222222222222}, "nicta": {"Citation Count": 53.0, "Publication Count": 0.25}, "university of cambridge": {"Citation Count": 106.0, "Publication Count": 0.5}, "university of kent": {"Citation Count": 53.0, "Publication Count": 0.25}, "imdea": {"Citation Count": 79.66666666666666, "Publication Count": 1.3928571428571426}, "massachusetts institute of technology": {"Citation Count": 56.33333333333333, "Publication Count": 1.3333333333333333}, "rice university": {"Citation Count": 44.666666666666664, "Publication Count": 1.1666666666666665}, "ecole polytechnique federale de lausanne": {"Citation Count": 107.0, "Publication Count": 1.0}, "university of birmingham": {"Citation Count": 13.333333333333332, "Publication Count": 0.6666666666666666}, "indiana university": {"Citation Count": 26.666666666666664, "Publication Count": 0.6666666666666666}, "centre national de la recherche scientifique": {"Citation Count": 12.666666666666666, "Publication Count": 0.3333333333333333}, "university of bologna": {"Citation Count": 25.333333333333332, "Publication Count": 0.6666666666666666}, "university of paris": {"Citation Count": 43.0, "Publication Count": 0.6666666666666666}, "uppsala university": {"Citation Count": 138.83333333333334, "Publication Count": 1.1666666666666667}, "university of edinburgh": {"Citation Count": 7.833333333333333, "Publication Count": 0.16666666666666666}, "northeastern university": {"Citation Count": 5.0, "Publication Count": 1.0}, "mcgill university": {"Citation Count": 28.0, "Publication Count": 1.0}, "tel aviv university": {"Citation Count": 12.5, "Publication Count": 0.5}, "university of maryland college park": {"Citation Count": 68.0, "Publication Count": 1.1428571428571428}, "university college london": {"Citation Count": 31.0, "Publication Count": 1.0}, "australian national university": {"Citation Count": 12.75, "Publication Count": 0.75}, "nanyang technological university": {"Citation Count": 4.25, "Publication Count": 0.25}, "pohang university of science and technology": {"Citation Count": 17.0, "Publication Count": 1.0}, "appalachian state university": {"Citation Count": 21.5, "Publication Count": 0.5}, "university of strathclyde": {"Citation Count": 21.5, "Publication Count": 0.5}, "queen mary university of london": {"Citation Count": 2.0, "Publication Count": 0.5}, "university of warwick": {"Citation Count": 2.0, "Publication Count": 0.5}, "oregon state university": {"Citation Count": 48.0, "Publication Count": 1.0}, "interdisciplinary center herzliya": {"Citation Count": 5.333333333333333, "Publication Count": 0.3333333333333333}, "institute of science and technology austria": {"Citation Count": 10.666666666666666, "Publication Count": 0.6666666666666666}, "ludwig maximilian university of munich": {"Citation Count": 10.0, "Publication Count": 0.3333333333333333}, "federal university of paraiba": {"Citation Count": 10.0, "Publication Count": 0.3333333333333333}, "dalhousie university": {"Citation Count": 21.333333333333332, "Publication Count": 0.3333333333333333}, "national scientific and technical research council": {"Citation Count": 16.0, "Publication Count": 0.3333333333333333}}