{"university of new south wales": {"Citation Count": 82.4, "Publication Count": 1.6}, "university of technology sydney": {"Citation Count": 22.26666666666667, "Publication Count": 0.7333333333333334}, "university of trento": {"Citation Count": 69.25, "Publication Count": 1.0833333333333333}, "university of waterloo": {"Citation Count": 246.1, "Publication Count": 3.9}, "paris descartes university": {"Citation Count": 33.75, "Publication Count": 0.5833333333333333}, "microsoft": {"Citation Count": 474.3083333333333, "Publication Count": 7.924999999999999}, "university of wisconsin madison": {"Citation Count": 225.25, "Publication Count": 7.316666666666666}, "hewlett packard": {"Citation Count": 81.61904761904762, "Publication Count": 1.9047619047619047}, "google": {"Citation Count": 587.9, "Publication Count": 6.116666666666668}, "hong kong university of science and technology": {"Citation Count": 336.66666666666663, "Publication Count": 5.666666666666666}, "university of michigan": {"Citation Count": 380.2, "Publication Count": 2.7}, "twitter": {"Citation Count": 109.8, "Publication Count": 1.2}, "at t labs": {"Citation Count": 39.13333333333333, "Publication Count": 0.5333333333333333}, "the chinese university of hong kong": {"Citation Count": 544.0833333333333, "Publication Count": 7.25}, "wuhan university": {"Citation Count": 1.6666666666666665, "Publication Count": 0.3333333333333333}, "northeastern university": {"Citation Count": 21.333333333333332, "Publication Count": 0.6666666666666666}, "university of melbourne": {"Citation Count": 10.666666666666666, "Publication Count": 0.3333333333333333}, "massachusetts institute of technology": {"Citation Count": 293.3461538461538, "Publication Count": 3.8141025641025643}, "university of california berkeley": {"Citation Count": 217.93333333333334, "Publication Count": 3.4333333333333336}, "university of lyon": {"Citation Count": 2.8000000000000003, "Publication Count": 0.2}, "shanghai jiao tong university": {"Citation Count": 5.6000000000000005, "Publication Count": 0.4}, "national university of singapore": {"Citation Count": 207.03333333333336, "Publication Count": 5.6}, "university of california riverside": {"Citation Count": 52.76190476190476, "Publication Count": 1.0476190476190477}, "university of california irvine": {"Citation Count": 289.91666666666663, "Publication Count": 3.333333333333333}, "university of california los angeles": {"Citation Count": 36.5, "Publication Count": 0.7}, "university of sydney": {"Citation Count": 22.666666666666664, "Publication Count": 0.16666666666666666}, "carnegie mellon university": {"Citation Count": 54.61538461538461, "Publication Count": 0.47692307692307695}, "ecole polytechnique federale de lausanne": {"Citation Count": 309.25, "Publication Count": 5.833333333333333}, "eth zurich": {"Citation Count": 128.58333333333331, "Publication Count": 3.416666666666667}, "oracle corporation": {"Citation Count": 87.00187969924812, "Publication Count": 3.231203007518797}, "university of texas at arlington": {"Citation Count": 48.114285714285714, "Publication Count": 2.354761904761905}, "qatar computing research institute": {"Citation Count": 36.5, "Publication Count": 1.0833333333333333}, "tsinghua university": {"Citation Count": 199.66666666666666, "Publication Count": 4.416666666666667}, "ibm": {"Citation Count": 394.47681704260657, "Publication Count": 8.01516290726817}, "university of tokyo": {"Citation Count": 38.5, "Publication Count": 0.8333333333333333}, "university of illinois at urbana champaign": {"Citation Count": 246.27499999999998, "Publication Count": 3.575}, "united states army research laboratory": {"Citation Count": 28.6, "Publication Count": 0.2}, "nanyang technological university": {"Citation Count": 139.25, "Publication Count": 3.75}, "nippon telegraph and telephone": {"Citation Count": 9.75, "Publication Count": 0.75}, "california institute of technology": {"Citation Count": 3.25, "Publication Count": 0.25}, "university of california santa cruz": {"Citation Count": 9.333333333333332, "Publication Count": 0.6666666666666666}, "peking university": {"Citation Count": 44.166666666666664, "Publication Count": 1.1666666666666665}, "huawei": {"Citation Count": 55.125, "Publication Count": 1.875}, "georgia institute of technology": {"Citation Count": 120.0, "Publication Count": 1.0}, "university of massachusetts lowell": {"Citation Count": 45.0, "Publication Count": 1.0}, "university at buffalo": {"Citation Count": 121.875, "Publication Count": 0.625}, "zhejiang university": {"Citation Count": 97.01666666666667, "Publication Count": 3.083333333333333}, "renmin university of china": {"Citation Count": 24.666666666666664, "Publication Count": 0.5}, "technische universitat munchen": {"Citation Count": 56.0, "Publication Count": 1.5}, "new york university": {"Citation Count": 43.0, "Publication Count": 0.5}, "university of california santa barbara": {"Citation Count": 85.0, "Publication Count": 2.0}, "university of massachusetts amherst": {"Citation Count": 24.083333333333332, "Publication Count": 1.4166666666666665}, "colgate university": {"Citation Count": 8.666666666666666, "Publication Count": 0.3333333333333333}, "university of calabria": {"Citation Count": 3.6666666666666665, "Publication Count": 0.3333333333333333}, "university of mons": {"Citation Count": 7.333333333333333, "Publication Count": 0.6666666666666666}, "university of victoria": {"Citation Count": 48.0, "Publication Count": 1.0}, "stanford university": {"Citation Count": 271.41666666666663, "Publication Count": 3.5833333333333335}, "university of hong kong": {"Citation Count": 31.166666666666664, "Publication Count": 1.1666666666666665}, "university of edinburgh": {"Citation Count": 112.16666666666667, "Publication Count": 2.6166666666666667}, "french institute for research in computer science and automation": {"Citation Count": 7.857142857142858, "Publication Count": 1.7142857142857144}, "university of zaragoza": {"Citation Count": 0.5714285714285714, "Publication Count": 0.14285714285714285}, "versailles saint quentin en yvelines university": {"Citation Count": 0.5714285714285714, "Publication Count": 0.14285714285714285}, "university of washington": {"Citation Count": 50.0, "Publication Count": 1.0}, "tel aviv university": {"Citation Count": 9.066666666666666, "Publication Count": 1.4666666666666668}, "university of pennsylvania": {"Citation Count": 12.433333333333332, "Publication Count": 1.0333333333333332}, "university of glasgow": {"Citation Count": 15.333333333333332, "Publication Count": 0.6666666666666666}, "max planck society": {"Citation Count": 18.666666666666664, "Publication Count": 0.6666666666666666}, "king abdullah university of science and technology": {"Citation Count": 99.0, "Publication Count": 0.5}, "university of peloponnese": {"Citation Count": 49.5, "Publication Count": 0.25}, "portland state university": {"Citation Count": 18.51282051282051, "Publication Count": 0.5641025641025641}, "duke university": {"Citation Count": 78.05714285714285, "Publication Count": 2.1357142857142857}, "pontifical catholic university of chile": {"Citation Count": 6.0, "Publication Count": 0.4}, "boston university": {"Citation Count": 21.333333333333332, "Publication Count": 0.6666666666666666}, "fudan university": {"Citation Count": 94.0, "Publication Count": 0.75}, "singapore management university": {"Citation Count": 43.4, "Publication Count": 1.05}, "tianjin university": {"Citation Count": 5.75, "Publication Count": 0.25}, "harbin institute of technology": {"Citation Count": 11.5, "Publication Count": 0.6666666666666666}, "technical university of dortmund": {"Citation Count": 11.0, "Publication Count": 0.3333333333333333}, "institute of high performance computing singapore": {"Citation Count": 22.333333333333332, "Publication Count": 0.16666666666666666}, "hong kong polytechnic university": {"Citation Count": 10.0, "Publication Count": 0.25},