{"carnegie mellon university": {"Citation Count": 229.9, "Publication Count": 3.966666666666667}, "renmin university of china": {"Citation Count": 29.714285714285715, "Publication Count": 0.6285714285714286}, "university of helsinki": {"Citation Count": 3.571428571428571, "Publication Count": 0.14285714285714285}, "university of electronic science and technology of china": {"Citation Count": 3.571428571428571, "Publication Count": 0.14285714285714285}, "nanyang technological university": {"Citation Count": 190.22142857142856, "Publication Count": 2.6595238095238094}, "sun yat sen university": {"Citation Count": 3.571428571428571, "Publication Count": 0.14285714285714285}, "university of edinburgh": {"Citation Count": 44.6, "Publication Count": 2.2}, "seoul national university": {"Citation Count": 16.666666666666668, "Publication Count": 1.375}, "korea university of technology and education": {"Citation Count": 0.3333333333333333, "Publication Count": 0.3333333333333333}, "massachusetts institute of technology": {"Citation Count": 131.42857142857144, "Publication Count": 5.792857142857143}, "university of luxembourg": {"Citation Count": 20.333333333333332, "Publication Count": 1.6666666666666665}, "worcester polytechnic institute": {"Citation Count": 4.5, "Publication Count": 0.5}, "portland state university": {"Citation Count": 2.25, "Publication Count": 0.25}, "ibm": {"Citation Count": 76.25, "Publication Count": 2.75}, "national university of singapore": {"Citation Count": 154.3936507936508, "Publication Count": 4.231746031746032}, "ecole polytechnique federale de lausanne": {"Citation Count": 107.8, "Publication Count": 6.0}, "hanyang university": {"Citation Count": 8.666666666666666, "Publication Count": 0.6666666666666666}, "dongduk women s university": {"Citation Count": 4.333333333333333, "Publication Count": 0.3333333333333333}, "university of bayreuth": {"Citation Count": 87.0, "Publication Count": 1.0}, "xi an jiaotong university": {"Citation Count": 16.666666666666668, "Publication Count": 0.8333333333333334}, "king abdullah university of science and technology": {"Citation Count": 94.88333333333333, "Publication Count": 1.7166666666666668}, "massey university": {"Citation Count": 14.333333333333332, "Publication Count": 0.3333333333333333}, "the chinese university of hong kong": {"Citation Count": 86.66666666666666, "Publication Count": 3.0}, "qatar computing research institute": {"Citation Count": 28.2, "Publication Count": 1.1}, "institut eurecom": {"Citation Count": 7.0, "Publication Count": 0.16666666666666666}, "arizona state university": {"Citation Count": 7.0, "Publication Count": 0.16666666666666666}, "uber": {"Citation Count": 7.0, "Publication Count": 0.16666666666666666}, "microsoft": {"Citation Count": 198.48095238095237, "Publication Count": 6.614285714285715}, "university of science and technology of china": {"Citation Count": 27.857142857142858, "Publication Count": 0.6190476190476191}, "fudan university": {"Citation Count": 70.92857142857143, "Publication Count": 0.8928571428571428}, "technical university of crete": {"Citation Count": 9.5, "Publication Count": 1.75}, "university of technology sydney": {"Citation Count": 92.6, "Publication Count": 2.4}, "university of new south wales": {"Citation Count": 81.2, "Publication Count": 2.2}, "university of sydney": {"Citation Count": 7.2, "Publication Count": 0.4}, "george mason university": {"Citation Count": 1.1666666666666665, "Publication Count": 0.16666666666666666}, "university of bergamo": {"Citation Count": 1.1666666666666665, "Publication Count": 0.16666666666666666}, "university of milan": {"Citation Count": 4.666666666666666, "Publication Count": 0.6666666666666666}, "stanford university": {"Citation Count": 680.3666666666667, "Publication Count": 5.466666666666666}, "university of california san diego": {"Citation Count": 27.0, "Publication Count": 1.0}, "los alamos national laboratory": {"Citation Count": 13.666666666666666, "Publication Count": 0.3333333333333333}, "university of texas at austin": {"Citation Count": 13.666666666666666, "Publication Count": 1.0}, "hasso plattner institute": {"Citation Count": 27.5, "Publication Count": 1.25}, "new york university": {"Citation Count": 22.0, "Publication Count": 0.85}, "university of california": {"Citation Count": 40.95454545454545, "Publication Count": 2.712121212121212}, "university of wisconsin madison": {"Citation Count": 34.0, "Publication Count": 1.8333333333333333}, "hong kong university of science and technology": {"Citation Count": 78.5, "Publication Count": 2.3095238095238098}, "northeastern university": {"Citation Count": 11.666666666666666, "Publication Count": 1.0}, "liaoning university": {"Citation Count": 4.333333333333333, "Publication Count": 0.3333333333333333}, "university of toronto": {"Citation Count": 46.0, "Publication Count": 2.583333333333333}, "amazon com": {"Citation Count": 64.0, "Publication Count": 1.5}, "university of waterloo": {"Citation Count": 186.42857142857142, "Publication Count": 1.8428571428571427}, "indian institute of technology bombay": {"Citation Count": 7.833333333333333, "Publication Count": 1.1666666666666667}, "hong kong polytechnic university": {"Citation Count": 7.75, "Publication Count": 0.25}, "university of macau": {"Citation Count": 30.45, "Publication Count": 1.55}, "hewlett packard": {"Citation Count": 3.0, "Publication Count": 0.5}, "georgia institute of technology": {"Citation Count": 3.0, "Publication Count": 0.5}, "university of padua": {"Citation Count": 47.25, "Publication Count": 1.75}, "university of potsdam": {"Citation Count": 31.0, "Publication Count": 1.0}, "sungkyunkwan university": {"Citation Count": 8.0, "Publication Count": 1.0}, "brown university": {"Citation Count": 93.08333333333333, "Publication Count": 2.25}, "cornell university": {"Citation Count": 35.33333333333333, "Publication Count": 1.3333333333333333}, "university of illinois at urbana champaign": {"Citation Count": 242.602380952381, "Publication Count": 5.016666666666667}, "eth zurich": {"Citation Count": 154.45, "Publication Count": 3.6428571428571432}, "aalborg university": {"Citation Count": 25.333333333333332, "Publication Count": 0.5333333333333333}, "shenyang jianzhu university": {"Citation Count": 1.5, "Publication Count": 0.16666666666666666}, "university of queensland": {"Citation Count": 30.7, "Publication Count": 1.3666666666666667}, "rmit university": {"Citation Count": 4.7, "Publication Count": 0.3666666666666667}, "university of hong kong": {"Citation Count": 274.0, "Publication Count": 2.6}, "tsinghua university": {"Citation Count": 197.25, "Publication Count": 2.9499999999999997}, "yonsei university": {"Citation Count": 22.166666666666664, "Publication Count": 0.16666666666666666}, "facebook": {"Citation Count": 56.5, "Publication Count": 1.5}, "tel aviv university": {"Citation Count": 30.428571428571427, "Publication Count": 1.1428571428571428}, "peking university": {"Citation Count": 81.95, "Publication Count": 2.9}, "yale university": {"Citation Count": 35.33333333333333, "Publication Count": 0.6666666666666666}, "university of california berkeley": {"Citation Count": 23.499999999999996, "Publication Count": 0.9166666666666666}, "technische universitat munchen": {"Citation Count": 34.0, "Publication Count": 2.333333333333333}, "purdue university": {"Citation Count": 50.0, "Publication Count": 0.6666666666666666}, "ohio state university": {"Citation Count": 9.0, "Publication Count": 1.0}, "boston university": {"Citation Count": 1.3333333333333333, "Publication Count": 0.3333333333333333}, "apple inc": {"Citation Count": 1.3333333333333333, "Publication Count": 0.3333333333333333}, "university of ontario institute of technology": {"Citation Count": 11.0, "Publication Count": 0.45}, "at t labs": {"Citation Count": 14.666666666666666, "Publication Count": 0.5333333333333333}, "university of windsor": {"Citation Count": 7.0, "Publication Count": 0.2},