{"nagasaki university": {"Citation Count": 56.0, "Publication Count": 1.0}, "university of texas at austin": {"Citation Count": 146.42857142857144, "Publication Count": 1.7142857142857144}, "california institute of technology": {"Citation Count": 26.71428571428571, "Publication Count": 0.2857142857142857}, "rice university": {"Citation Count": 73.28571428571428, "Publication Count": 1.1428571428571428}, "university of california san diego": {"Citation Count": 170.75, "Publication Count": 2.083333333333333}, "san diego state university": {"Citation Count": 26.25, "Publication Count": 0.25}, "university of southern california": {"Citation Count": 107.14285714285714, "Publication Count": 1.0476190476190477}, "san diego supercomputer center": {"Citation Count": 17.5, "Publication Count": 0.16666666666666666}, "ohio state university": {"Citation Count": 161.75, "Publication Count": 3.083333333333333}, "cray": {"Citation Count": 8.75, "Publication Count": 0.08333333333333333}, "ecole normale superieure": {"Citation Count": 8.5, "Publication Count": 0.16666666666666666}, "harvard university": {"Citation Count": 67.5, "Publication Count": 1.1666666666666667}, "georgia institute of technology": {"Citation Count": 230.25, "Publication Count": 2.083333333333333}, "oak ridge national laboratory": {"Citation Count": 146.29166666666666, "Publication Count": 2.4166666666666665}, "new york university": {"Citation Count": 28.666666666666664, "Publication Count": 0.5}, "university of tennessee": {"Citation Count": 28.25, "Publication Count": 1.0833333333333333}, "eth zurich": {"Citation Count": 4.0, "Publication Count": 0.6666666666666666}, "princeton university": {"Citation Count": 6.0, "Publication Count": 0.3333333333333333}, "ibm": {"Citation Count": 314.9166666666667, "Publication Count": 3.9166666666666665}, "columbia university": {"Citation Count": 47.71428571428571, "Publication Count": 1.5714285714285714}, "massachusetts institute of technology": {"Citation Count": 19.285714285714285, "Publication Count": 0.42857142857142855}, "pennsylvania state university": {"Citation Count": 113.5, "Publication Count": 1.5}, "fujitsu": {"Citation Count": 4.666666666666666, "Publication Count": 0.3333333333333333}, "university of tokyo": {"Citation Count": 9.333333333333332, "Publication Count": 0.6666666666666666}, "intel": {"Citation Count": 456.0, "Publication Count": 2.0}, "tokyo institute of technology": {"Citation Count": 109.0, "Publication Count": 1.0}, "hewlett packard": {"Citation Count": 77.0, "Publication Count": 0.625}, "purdue university": {"Citation Count": 275.57142857142856, "Publication Count": 3.142857142857143}, "lawrence berkeley national laboratory": {"Citation Count": 64.66666666666667, "Publication Count": 1.3333333333333333}, "lawrence livermore national laboratory": {"Citation Count": 528.0, "Publication Count": 2.0}, "university of illinois at urbana champaign": {"Citation Count": 127.46666666666667, "Publication Count": 1.1333333333333333}, "indiana university": {"Citation Count": 125.33333333333333, "Publication Count": 0.6666666666666666}, "texas a m university": {"Citation Count": 66.0, "Publication Count": 0.5}, "virginia tech": {"Citation Count": 20.75, "Publication Count": 1.25}, "louisiana state university": {"Citation Count": 11.166666666666666, "Publication Count": 0.16666666666666666}, "university of paris sud": {"Citation Count": 11.166666666666666, "Publication Count": 0.16666666666666666}, "french institute for research in computer science and automation": {"Citation Count": 11.166666666666666, "Publication Count": 0.16666666666666666}, "indian institute of science": {"Citation Count": 17.0, "Publication Count": 1.0}, "san antonio college": {"Citation Count": 7.2, "Publication Count": 0.4}, "university of florida": {"Citation Count": 10.799999999999999, "Publication Count": 0.6}, "argonne national laboratory": {"Citation Count": 41.0, "Publication Count": 1.0}, "wayne state university": {"Citation Count": 37.33333333333333, "Publication Count": 0.6666666666666666}, "los alamos national laboratory": {"Citation Count": 18.666666666666664, "Publication Count": 0.3333333333333333}, "university of utah": {"Citation Count": 36.0, "Publication Count": 0.5}, "johns hopkins university": {"Citation Count": 9.428571428571429, "Publication Count": 0.8571428571428571}, "norwegian university of science and technology": {"Citation Count": 1.0, "Publication Count": 1.0}, "north carolina state university": {"Citation Count": 8.875, "Publication Count": 0.125}, "carnegie mellon university": {"Citation Count": 14.0, "Publication Count": 1.0}, "university of washington": {"Citation Count": 16.2, "Publication Count": 0.2}, "university of british columbia": {"Citation Count": 38.0, "Publication Count": 1.0}, "sandia national laboratories": {"Citation Count": 6.0, "Publication Count": 0.3333333333333333}, "washington state university vancouver": {"Citation Count": 13.333333333333332, "Publication Count": 0.3333333333333333}, "information sciences institute": {"Citation Count": 14.428571428571427, "Publication Count": 0.14285714285714285}, "boston university": {"Citation Count": 25.0, "Publication Count": 0.3333333333333333}, "thomas jefferson national accelerator facility": {"Citation Count": 25.0, "Publication Count": 0.3333333333333333}, "university of erlangen nuremberg": {"Citation Count": 27.0, "Publication Count": 1.0}, "university of virginia": {"Citation Count": 32.0, "Publication Count": 1.0}, "uppsala university": {"Citation Count": 40.0, "Publication Count": 1.0}}