{"tsinghua university": {"Citation Count": 62.12121212121212, "Publication Count": 2.2742424242424244}, "imperial college london": {"Citation Count": 2.4545454545454546, "Publication Count": 0.09090909090909091}, "beijing normal university": {"Citation Count": 2.4545454545454546, "Publication Count": 0.09090909090909091}, "shandong university": {"Citation Count": 21.272727272727273, "Publication Count": 0.45454545454545453}, "southern university of science and technology": {"Citation Count": 10.90909090909091, "Publication Count": 0.18181818181818182}, "university of science and technology of china": {"Citation Count": 5.454545454545455, "Publication Count": 0.09090909090909091}, "purdue university": {"Citation Count": 18.400000000000002, "Publication Count": 0.8}, "microsoft": {"Citation Count": 8.033333333333335, "Publication Count": 0.5666666666666667}, "university of florida": {"Citation Count": 4.0, "Publication Count": 0.2}, "university of texas at austin": {"Citation Count": 39.86666666666667, "Publication Count": 2.4333333333333336}, "oak ridge national laboratory": {"Citation Count": 78.625, "Publication Count": 4.208333333333333}, "sogang university": {"Citation Count": 3.833333333333333, "Publication Count": 0.29166666666666663}, "virginia tech": {"Citation Count": 12.833333333333332, "Publication Count": 0.41666666666666663}, "university of mainz": {"Citation Count": 18.0, "Publication Count": 1.0}, "intel": {"Citation Count": 88.54504384504386, "Publication Count": 2.938666888666889}, "stanford university": {"Citation Count": 14.425, "Publication Count": 0.825}, "nvidia": {"Citation Count": 152.50595238095238, "Publication Count": 2.1726190476190474}, "university of british columbia": {"Citation Count": 54.285714285714285, "Publication Count": 0.2857142857142857}, "north carolina state university": {"Citation Count": 11.666666666666666, "Publication Count": 1.6666666666666665}, "lawrence livermore national laboratory": {"Citation Count": 92.02222222222223, "Publication Count": 3.855555555555555}, "national tsing hua university": {"Citation Count": 2.0, "Publication Count": 0.5}, "lawrence berkeley national laboratory": {"Citation Count": 4.0606060606060606, "Publication Count": 0.8787878787878787}, "adobe systems": {"Citation Count": 4.5, "Publication Count": 0.25}, "university of arizona": {"Citation Count": 4.5, "Publication Count": 0.25}, "rutgers university": {"Citation Count": 9.0, "Publication Count": 0.5}, "los alamos national laboratory": {"Citation Count": 23.049999999999997, "Publication Count": 1.05}, "indian institute of science": {"Citation Count": 3.0, "Publication Count": 0.75}, "international institute of information technology hyderabad": {"Citation Count": 1.0, "Publication Count": 0.25}, "shenzhen university": {"Citation Count": 3.6666666666666665, "Publication Count": 0.3333333333333333}, "national university of singapore": {"Citation Count": 5.833333333333333, "Publication Count": 0.5}, "barcelona supercomputing center": {"Citation Count": 4.2, "Publication Count": 0.2}, "polytechnic university of catalonia": {"Citation Count": 8.4, "Publication Count": 0.4}, "ibm": {"Citation Count": 8.4, "Publication Count": 0.4}, "argonne national laboratory": {"Citation Count": 55.12014652014652, "Publication Count": 1.9937728937728938}, "university of california": {"Citation Count": 100.33888888888889, "Publication Count": 4.372222222222222}, "california state university": {"Citation Count": 7.75, "Publication Count": 0.25}, "university of stuttgart": {"Citation Count": 5.333333333333333, "Publication Count": 0.3333333333333333}, "university of pennsylvania": {"Citation Count": 2.6666666666666665, "Publication Count": 0.16666666666666666}, "harvard university": {"Citation Count": 22.454545454545453, "Publication Count": 1.0909090909090908}, "ludwig maximilian university of munich": {"Citation Count": 22.857142857142854, "Publication Count": 0.5714285714285714}, "technische universitat munchen": {"Citation Count": 18.587301587301585, "Publication Count": 0.5396825396825397}, "advanced micro devices": {"Citation Count": 10.2, "Publication Count": 1.0666666666666667}, "university of wisconsin madison": {"Citation Count": 1.6666666666666665, "Publication Count": 0.3333333333333333}, "university of washington": {"Citation Count": 0.8333333333333333, "Publication Count": 0.16666666666666666}, "carnegie mellon university": {"Citation Count": 9.666666666666666, "Publication Count": 0.3333333333333333}, "massachusetts institute of technology": {"Citation Count": 2.0, "Publication Count": 0.25}, "qatar computing research institute": {"Citation Count": 1.0, "Publication Count": 0.125}, "university of copenhagen": {"Citation Count": 10.0, "Publication Count": 0.25}, "pacific northwest national laboratory": {"Citation Count": 15.0, "Publication Count": 1.25}, "college of william mary": {"Citation Count": 5.0, "Publication Count": 0.125}, "norwegian university of science and technology": {"Citation Count": 12.8, "Publication Count": 0.725}, "washington state university": {"Citation Count": 7.0, "Publication Count": 1.0}, "university of massachusetts amherst": {"Citation Count": 6.2, "Publication Count": 0.2}, "universidade federal de santa catarina": {"Citation Count": 6.2, "Publication Count": 0.2}, "queen s university belfast": {"Citation Count": 13.0, "Publication Count": 0.5}, "indiana university purdue university indianapolis": {"Citation Count": 2.3000000000000003, "Publication Count": 0.1}, "universidade federal do abc": {"Citation Count": 13.0, "Publication Count": 1.0}, "university of oregon": {"Citation Count": 1.4444444444444444, "Publication Count": 0.1111111111111111}, "oracle corporation": {"Citation Count": 3.0, "Publication Count": 1.0}, "sandia national laboratories": {"Citation Count": 38.022222222222226, "Publication Count": 1.488888888888889}, "university of tsukuba": {"Citation Count": 7.0, "Publication Count": 1.0}, "dresden university of technology": {"Citation Count": 5.2, "Publication Count": 0.4}, "northeastern university": {"Citation Count": 36.875, "Publication Count": 0.625}, "eth zurich": {"Citation Count": 43.7, "Publication Count": 0.9}, "university of illinois at urbana champaign": {"Citation Count": 15.942307692307693, "Publication Count": 0.3269230769230769}, "sapienza university of rome": {"Citation Count": 14.25, "Publication Count": 0.25}, "georgia institute of technology": {"Citation Count": 4.0, "Publication Count": 1.0}, "chinese academy of sciences": {"Citation Count": 12.0, "Publication Count": 1.0}, "rensselaer polytechnic institute": {"Citation Count": 2.1, "Publication Count": 0.1}, "florida state university": {"Citation Count": 8.8, "Publication Count": 0.8}, "data storage institute": {"Citation Count": 10.833333333333334, "Publication Count": 0.8333333333333334}, "university of grenoble": {"Citation Count": 7.0, "Publication Count": 1.0}, "cornell university": {"Citation Count": 0.8461538461538463, "Publication Count": 0.038461538461538464}, "mellanox technologies": {"Citation Count": 1.6923076923076925, "Publication Count": 0.07692307692307693}, "ohio state university": {"Citation Count": 23.0, "Publication Count": 1.0}}