{"cisco systems inc": {"Citation Count": 47.17857142857143, "Publication Count": 0.5595238095238095}, "technion israel institute of technology": {"Citation Count": 56.2, "Publication Count": 0.7333333333333334}, "vmware": {"Citation Count": 5.75, "Publication Count": 0.08333333333333333}, "massachusetts institute of technology": {"Citation Count": 784.8928571428571, "Publication Count": 3.630952380952381}, "yale university": {"Citation Count": 72.0, "Publication Count": 0.3333333333333333}, "facebook": {"Citation Count": 124.8, "Publication Count": 0.9333333333333333}, "university of southern california": {"Citation Count": 89.6, "Publication Count": 0.5333333333333333}, "university college london": {"Citation Count": 46.21428571428571, "Publication Count": 0.9761904761904762}, "university of cambridge": {"Citation Count": 78.14285714285714, "Publication Count": 0.9285714285714286}, "politehnica university of bucharest": {"Citation Count": 74.14285714285714, "Publication Count": 0.42857142857142855}, "tsinghua university": {"Citation Count": 98.4, "Publication Count": 0.8}, "clemson university": {"Citation Count": 24.6, "Publication Count": 0.2}, "google": {"Citation Count": 582.0833333333333, "Publication Count": 3.3833333333333333}, "nec": {"Citation Count": 10.75, "Publication Count": 0.25}, "at t labs": {"Citation Count": 10.75, "Publication Count": 0.25}, "princeton university": {"Citation Count": 101.25, "Publication Count": 1.6666666666666665}, "george washington university": {"Citation Count": 19.75, "Publication Count": 0.25}, "university of gottingen": {"Citation Count": 29.625, "Publication Count": 0.375}, "ibm": {"Citation Count": 19.75, "Publication Count": 0.25}, "university of california riverside": {"Citation Count": 9.875, "Publication Count": 0.125}, "indian institute of technology guwahati": {"Citation Count": 18.428571428571427, "Publication Count": 0.14285714285714285}, "university of pennsylvania": {"Citation Count": 28.333333333333336, "Publication Count": 0.8333333333333334}, "linkedin": {"Citation Count": 5.666666666666666, "Publication Count": 0.16666666666666666}, "huawei": {"Citation Count": 70.85714285714285, "Publication Count": 0.5714285714285714}, "johns hopkins university": {"Citation Count": 17.71428571428571, "Publication Count": 0.14285714285714285}, "the chinese university of hong kong": {"Citation Count": 35.42857142857142, "Publication Count": 0.2857142857142857}, "bell labs": {"Citation Count": 33.2, "Publication Count": 0.4}, "universidade federal do rio grande do sul": {"Citation Count": 16.6, "Publication Count": 0.2}, "ecole polytechnique federale de lausanne": {"Citation Count": 22.0, "Publication Count": 1.0}, "microsoft": {"Citation Count": 36.5, "Publication Count": 0.5833333333333333}, "university of texas at austin": {"Citation Count": 9.75, "Publication Count": 0.75}, "new york university": {"Citation Count": 3.25, "Publication Count": 0.25}, "netflix": {"Citation Count": 2.0, "Publication Count": 0.25}, "university of illinois at urbana champaign": {"Citation Count": 50.4, "Publication Count": 0.6}, "intel": {"Citation Count": 16.8, "Publication Count": 0.2}, "university of toronto": {"Citation Count": 16.8, "Publication Count": 0.2}, "kaist": {"Citation Count": 35.33333333333333, "Publication Count": 0.3333333333333333}, "hong kong university of science and technology": {"Citation Count": 76.80000000000001, "Publication Count": 0.8}, "university of michigan": {"Citation Count": 61.75, "Publication Count": 1.05}, "university of california san diego": {"Citation Count": 109.0, "Publication Count": 1.5}, "eth zurich": {"Citation Count": 30.700000000000003, "Publication Count": 0.65}, "hebrew university of jerusalem": {"Citation Count": 31.799999999999997, "Publication Count": 0.6}, "rice university": {"Citation Count": 28.0, "Publication Count": 1.0}, "carnegie mellon university": {"Citation Count": 72.8, "Publication Count": 1.45}, "university of california berkeley": {"Citation Count": 43.2, "Publication Count": 0.8}, "university of washington": {"Citation Count": 19.5, "Publication Count": 0.5}, "aalborg university": {"Citation Count": 6.5, "Publication Count": 0.16666666666666666}, "charles iii university of madrid": {"Citation Count": 4.666666666666666, "Publication Count": 0.3333333333333333}, "cyprus university of technology": {"Citation Count": 4.666666666666666, "Publication Count": 0.3333333333333333}, "telefonica": {"Citation Count": 4.666666666666666, "Publication Count": 0.3333333333333333}, "georgia institute of technology": {"Citation Count": 10.0, "Publication Count": 0.2}, "universidade federal de minas gerais": {"Citation Count": 8.8, "Publication Count": 0.1}, "technical university of berlin": {"Citation Count": 30.666666666666664, "Publication Count": 0.6666666666666666}, "reseaux ip europeens network coordination centre": {"Citation Count": 7.666666666666666, "Publication Count": 0.16666666666666666}, "university of wisconsin madison": {"Citation Count": 6.0, "Publication Count": 0.5}, "boston university": {"Citation Count": 3.0, "Publication Count": 0.25}, "university of waikato": {"Citation Count": 6.0, "Publication Count": 0.5}, "naval postgraduate school": {"Citation Count": 6.0, "Publication Count": 0.5}}