{"university of virginia": {"Citation Count": 10.333333333333332, "Publication Count": 0.3333333333333333}, "microsoft": {"Citation Count": 133.33333333333331, "Publication Count": 7.75}, "cornell university": {"Citation Count": 77.99999999999999, "Publication Count": 4.0}, "stanford university": {"Citation Count": 35.33333333333333, "Publication Count": 1.3333333333333333}, "university of hong kong": {"Citation Count": 19.333333333333332, "Publication Count": 0.3333333333333333}, "tel aviv university": {"Citation Count": 60.46666666666666, "Publication Count": 2.0666666666666664}, "carnegie mellon university": {"Citation Count": 168.91666666666666, "Publication Count": 5.333333333333333}, "ebay": {"Citation Count": 7.0, "Publication Count": 1.0}, "mcgill university": {"Citation Count": 4.0, "Publication Count": 0.6666666666666666}, "ecole normale superieure": {"Citation Count": 2.0, "Publication Count": 0.3333333333333333}, "technion israel institute of technology": {"Citation Count": 26.666666666666664, "Publication Count": 1.1666666666666665}, "hebrew university of jerusalem": {"Citation Count": 0.6666666666666666, "Publication Count": 0.3333333333333333}, "harvard university": {"Citation Count": 26.999999999999996, "Publication Count": 2.9166666666666665}, "google": {"Citation Count": 18.666666666666664, "Publication Count": 1.6666666666666665}, "university of maryland college park": {"Citation Count": 8.666666666666666, "Publication Count": 0.6666666666666666}, "london school of economics and political science": {"Citation Count": 9.5, "Publication Count": 0.8333333333333333}, "max planck society": {"Citation Count": 13.066666666666666, "Publication Count": 1.8666666666666665}, "university of pennsylvania": {"Citation Count": 16.0, "Publication Count": 1.75}, "princeton university": {"Citation Count": 62.416666666666664, "Publication Count": 1.0833333333333333}, "nanyang technological university": {"Citation Count": 2.0, "Publication Count": 0.3333333333333333}, "university of california berkeley": {"Citation Count": 72.58333333333333, "Publication Count": 1.7499999999999998}, "shanghai jiao tong university": {"Citation Count": 5.5, "Publication Count": 0.5}, "rwth aachen university": {"Citation Count": 0.8, "Publication Count": 0.4}, "massachusetts institute of technology": {"Citation Count": 4.666666666666666, "Publication Count": 0.3333333333333333}, "columbia university": {"Citation Count": 3.25, "Publication Count": 0.25}, "university of texas at austin": {"Citation Count": 10.0, "Publication Count": 0.5}, "facebook": {"Citation Count": 10.0, "Publication Count": 0.5}, "university of birmingham": {"Citation Count": 7.5, "Publication Count": 0.75}, "university of bonn": {"Citation Count": 2.5, "Publication Count": 0.25}, "toyota technological institute at chicago": {"Citation Count": 2.6666666666666665, "Publication Count": 0.3333333333333333}, "university of michigan": {"Citation Count": 5.0, "Publication Count": 0.25}, "university of california los angeles": {"Citation Count": 5.0, "Publication Count": 0.25}, "university of washington": {"Citation Count": 4.666666666666666, "Publication Count": 0.6666666666666666}, "rensselaer polytechnic institute": {"Citation Count": 9.0, "Publication Count": 1.0}, "tsinghua university": {"Citation Count": 7.5, "Publication Count": 0.5}}