{"tencent": {"Citation Count": 35.16190476190476, "Publication Count": 1.161904761904762}, "shandong university": {"Citation Count": 200.29999999999998, "Publication Count": 3.5333333333333337}, "national university of singapore": {"Citation Count": 207.4, "Publication Count": 1.7833333333333334}, "university of science and technology of china": {"Citation Count": 38.1904761904762, "Publication Count": 1.0476190476190477}, "baidu": {"Citation Count": 13.142857142857142, "Publication Count": 0.2857142857142857}, "university of paris": {"Citation Count": 78.33333333333334, "Publication Count": 0.8333333333333334}, "conservatoire national des arts et metiers": {"Citation Count": 15.666666666666666, "Publication Count": 0.16666666666666666}, "university of amsterdam": {"Citation Count": 85.25, "Publication Count": 4.416666666666667}, "microsoft": {"Citation Count": 147.55238095238096, "Publication Count": 9.007142857142856}, "university of california los angeles": {"Citation Count": 12.666666666666666, "Publication Count": 1.3333333333333333}, "national cheng kung university": {"Citation Count": 4.333333333333333, "Publication Count": 0.3333333333333333}, "leibniz university of hanover": {"Citation Count": 62.0, "Publication Count": 2.0}, "rmit university": {"Citation Count": 67.0, "Publication Count": 3.1666666666666665}, "carnegie mellon university": {"Citation Count": 367.40476190476187, "Publication Count": 3.9404761904761902}, "university of massachusetts amherst": {"Citation Count": 294.68333333333334, "Publication Count": 8.808333333333332}, "harbin institute of technology": {"Citation Count": 24.666666666666664, "Publication Count": 1.6666666666666665}, "chinese academy of sciences": {"Citation Count": 189.09285714285716, "Publication Count": 8.217857142857142}, "university of virginia": {"Citation Count": 114.5, "Publication Count": 3.0833333333333335}, "ca foscari university of venice": {"Citation Count": 1.6, "Publication Count": 0.4}, "istituto di scienza e tecnologie dell informazione": {"Citation Count": 16.4, "Publication Count": 1.6}, "shanghai jiao tong university": {"Citation Count": 213.07142857142856, "Publication Count": 1.1071428571428572}, "peking university": {"Citation Count": 54.92857142857143, "Publication Count": 2.1285714285714286}, "hefei university of technology": {"Citation Count": 99.0, "Publication Count": 1.1666666666666667}, "fudan university": {"Citation Count": 54.25, "Publication Count": 1.05}, "texas a m university": {"Citation Count": 2.0, "Publication Count": 1.0}, "university of lugano": {"Citation Count": 11.5, "Publication Count": 0.5}, "zhejiang university": {"Citation Count": 58.8, "Publication Count": 1.4}, "university of california santa cruz": {"Citation Count": 156.0, "Publication Count": 2.0}, "alibaba group": {"Citation Count": 144.33333333333331, "Publication Count": 1.7416666666666667}, "rutgers university": {"Citation Count": 31.666666666666664, "Publication Count": 1.4583333333333333}, "university of electronic science and technology of china": {"Citation Count": 35.95, "Publication Count": 1.1166666666666667}, "tsinghua university": {"Citation Count": 152.7952380952381, "Publication Count": 8.676190476190476}, "indian institute of technology kharagpur": {"Citation Count": 22.8, "Publication Count": 0.6}, "qatar computing research institute": {"Citation Count": 7.6000000000000005, "Publication Count": 0.2}, "pennsylvania state university": {"Citation Count": 8.4, "Publication Count": 0.4}, "worcester polytechnic institute": {"Citation Count": 64.0, "Publication Count": 1.0}, "university of waterloo": {"Citation Count": 42.5, "Publication Count": 4.5}, "university of california santa barbara": {"Citation Count": 9.25, "Publication Count": 1.25}, "apple inc": {"Citation Count": 0.8, "Publication Count": 0.2}, "google": {"Citation Count": 56.133333333333326, "Publication Count": 1.2833333333333332}, "chengdu university of information technology": {"Citation Count": 42.25, "Publication Count": 0.25}, "arizona state university": {"Citation Count": 56.0, "Publication Count": 1.0}, "university of illinois at urbana champaign": {"Citation Count": 33.5, "Publication Count": 2.0}, "technion israel institute of technology": {"Citation Count": 13.5, "Publication Count": 1.5}, "yahoo": {"Citation Count": 3.25, "Publication Count": 0.25}, "max planck society": {"Citation Count": 197.0, "Publication Count": 1.1666666666666667}, "autonomous university of madrid": {"Citation Count": 71.0, "Publication Count": 2.0}, "university of north carolina at chapel hill": {"Citation Count": 13.600000000000001, "Publication Count": 0.8}, "university of british columbia": {"Citation Count": 3.4000000000000004, "Publication Count": 0.2}, "nanyang technological university": {"Citation Count": 16.0, "Publication Count": 2.6666666666666665}, "queensland university of technology": {"Citation Count": 36.83333333333333, "Publication Count": 3.1666666666666665}, "beijing university of posts and telecommunications": {"Citation Count": 13.333333333333332, "Publication Count": 0.6666666666666666}, "renmin university of china": {"Citation Count": 176.0, "Publication Count": 2.4166666666666665}, "htc": {"Citation Count": 49.0, "Publication Count": 0.25}, "santa clara university": {"Citation Count": 132.66666666666666, "Publication Count": 1.6666666666666665}, "university of queensland": {"Citation Count": 44.666666666666664, "Publication Count": 1.6666666666666667}, "griffith university": {"Citation Count": 6.5, "Publication Count": 0.16666666666666666}, "nanjing university of aeronautics and astronautics": {"Citation Count": 5.5, "Publication Count": 0.16666666666666666}, "nanjing university": {"Citation Count": 14.0, "Publication Count": 1.3333333333333333}, "simon fraser university": {"Citation Count": 13.0, "Publication Count": 1.0}, "university of glasgow": {"Citation Count": 59.0, "Publication Count": 2.0}, "university of stavanger": {"Citation Count": 29.0, "Publication Count": 1.5}, "university of strathclyde": {"Citation Count": 14.416666666666666, "Publication Count": 0.5833333333333333}, "university of nottingham": {"Citation Count": 3.0, "Publication Count": 0.16666666666666666}, "national university of distance education": {"Citation Count": 16.416666666666664, "Publication Count": 0.9166666666666666}, "beijing normal university": {"Citation Count": 6.2, "Publication Count": 0.4}, "sun yat sen university": {"Citation Count": 10.0, "Publication Count": 0.4}, "hunan university": {"Citation Count": 51.0, "Publication Count": 0.5}, "university of minnesota": {"Citation Count": 0.7142857142857142, "Publication Count": 0.14285714285714285}, "stanford university": {"Citation Count": 6.666666666666666, "Publication Count": 0.3333333333333333}, "ecole polytechnique federale de lausanne": {"Citation Count": 13.333333333333332, "Publication Count": 0.6666666666666666}, "university of udine": {"Citation Count": 18.75, "Publication Count": 3.0}, "university of southampton": {"Citation Count": 4.5, "Publication Count": 0.5}, "technische universitat munchen": {"Citation Count": 4.5, "Publication Count": 0.5}, "delft university of technology": {"Citation Count": 4.5, "Publication Count": 0.5}, "university of delaware": {"Citation Count": 15.75, "Publication Count": 1.25}, "east china normal university": {"Citation Count": 89.0, "Publication Count": 2.0}, "university of rochester": {"Citation Count": 2.6666666666666665, "Publication Count": 0.16666666666666666}, "bell labs": {"Citation Count": 16.0, "Publication Count": 0.6666666666666666}, "ohio state university": {"Citation Count": 8.0, "Publication Count": 0.3333333333333333}, "university of ottawa": {"Citation Count": 0.0, "Publication Count": 0.25}, "beihang university": {"Citation Count": 0.0, "Publication Count": 0.75}, "qatar university": {"Citation Count": 7.8, "Publication Count": 0.6}, "university of texas at austin": {"Citation Count": 5.2, "Publication Count": 0.4},