{"new jersey institute of technology": {"Citation Count": 2.0, "Publication Count": 0.6666666666666666}, "university of grenoble": {"Citation Count": 5.5, "Publication Count": 1.0833333333333333}, "tsinghua university": {"Citation Count": 13.633333333333333, "Publication Count": 1.95}, "massachusetts institute of technology": {"Citation Count": 133.4, "Publication Count": 7.583333333333334}, "hong kong polytechnic university": {"Citation Count": 1.3333333333333333, "Publication Count": 0.3333333333333333}, "university of hong kong": {"Citation Count": 7.583333333333332, "Publication Count": 1.45}, "university of illinois at urbana champaign": {"Citation Count": 17.466666666666665, "Publication Count": 1.7333333333333334}, "university of california berkeley": {"Citation Count": 19.91111111111111, "Publication Count": 2.4444444444444446}, "university of california irvine": {"Citation Count": 0.0, "Publication Count": 0.6666666666666666}, "microsoft": {"Citation Count": 112.22222222222221, "Publication Count": 11.484126984126984}, "eth zurich": {"Citation Count": 31.0, "Publication Count": 2.142857142857143}, "university of chicago": {"Citation Count": 16.5, "Publication Count": 3.25}, "technische universitat darmstadt": {"Citation Count": 26.133333333333333, "Publication Count": 2.961111111111111}, "university of sydney": {"Citation Count": 8.433333333333334, "Publication Count": 1.0333333333333332}, "carnegie mellon university": {"Citation Count": 13.175, "Publication Count": 1.925}, "amazon com": {"Citation Count": 46.666666666666664, "Publication Count": 1.988095238095238}, "university of british columbia": {"Citation Count": 6.333333333333333, "Publication Count": 1.6666666666666667}, "rice university": {"Citation Count": 2.0, "Publication Count": 1.0}, "university of washington": {"Citation Count": 29.6, "Publication Count": 4.977777777777778}, "university of california santa cruz": {"Citation Count": 1.1666666666666665, "Publication Count": 0.16666666666666666}, "duke university": {"Citation Count": 21.583333333333332, "Publication Count": 2.75}, "university of massachusetts amherst": {"Citation Count": 5.733333333333333, "Publication Count": 1.4666666666666668}, "new york university abu dhabi": {"Citation Count": 0.6000000000000001, "Publication Count": 0.2}, "alibaba group": {"Citation Count": 24.841269841269842, "Publication Count": 2.852380952380952}, "shanghai jiao tong university": {"Citation Count": 1.6666666666666665, "Publication Count": 0.1111111111111111}, "ibm": {"Citation Count": 28.0, "Publication Count": 2.5}, "university of california san diego": {"Citation Count": 16.0, "Publication Count": 3.0}, "tencent": {"Citation Count": 5.714285714285714, "Publication Count": 0.7142857142857143}, "university of alberta": {"Citation Count": 2.2857142857142856, "Publication Count": 0.2857142857142857}, "tel aviv university": {"Citation Count": 14.5, "Publication Count": 3.083333333333333}, "centre national de la recherche scientifique": {"Citation Count": 0.0, "Publication Count": 0.3333333333333333}, "university of pennsylvania": {"Citation Count": 30.0, "Publication Count": 2.0}, "new york university": {"Citation Count": 13.0, "Publication Count": 2.333333333333333}, "university of waterloo": {"Citation Count": 14.416666666666666, "Publication Count": 2.583333333333333}, "hanyang university": {"Citation Count": 1.0, "Publication Count": 1.0}, "brown university": {"Citation Count": 19.25, "Publication Count": 2.677777777777778}, "national university of singapore": {"Citation Count": 38.095238095238095, "Publication Count": 3.738095238095238}, "zhejiang university": {"Citation Count": 24.29047619047619, "Publication Count": 1.4095238095238094}, "beijing institute of technology": {"Citation Count": 5.09047619047619, "Publication Count": 0.5095238095238095}, "harvard university": {"Citation Count": 31.666666666666664, "Publication Count": 2.333333333333333}, "university of edinburgh": {"Citation Count": 9.972222222222221, "Publication Count": 1.5277777777777777}, "center for information technology": {"Citation Count": 0.6666666666666666, "Publication Count": 0.3333333333333333}, "university of twente": {"Citation Count": 0.6666666666666666, "Publication Count": 0.3333333333333333}, "purdue university": {"Citation Count": 15.2, "Publication Count": 2.6}, "eindhoven university of technology": {"Citation Count": 6.800000000000001, "Publication Count": 0.4}, "university of utah": {"Citation Count": 5.0, "Publication Count": 1.4}, "renmin university of china": {"Citation Count": 6.6, "Publication Count": 1.3}, "york university": {"Citation Count": 1.2857142857142856, "Publication Count": 0.42857142857142855}, "association for computing machinery": {"Citation Count": 0.42857142857142855, "Publication Count": 0.14285714285714285}, "yantai university": {"Citation Count": 0.42857142857142855, "Publication Count": 0.14285714285714285}, "wilfrid laurier university": {"Citation Count": 0.42857142857142855, "Publication Count": 0.14285714285714285}, "telecom paristech": {"Citation Count": 1.5, "Publication Count": 0.25}, "huazhong university of science and technology": {"Citation Count": 4.0, "Publication Count": 1.0}, "beihang university": {"Citation Count": 2.7222222222222223, "Publication Count": 0.2777777777777778}, "oracle corporation": {"Citation Count": 3.5999999999999996, "Publication Count": 0.6}, "university of manchester": {"Citation Count": 2.4000000000000004, "Publication Count": 0.4}, "facebook": {"Citation Count": 2.333333333333333, "Publication Count": 0.3333333333333333}, "ecole polytechnique federale de lausanne": {"Citation Count": 7.666666666666666, "Publication Count": 1.4166666666666665}, "clausthal university of technology": {"Citation Count": 0.6666666666666666, "Publication Count": 0.3333333333333333}, "university of auckland": {"Citation Count": 2.1666666666666665, "Publication Count": 0.8333333333333333}, "cornell university": {"Citation Count": 2.0, "Publication Count": 0.2}, "simon fraser university": {"Citation Count": 8.5, "Publication Count": 1.1}, "university of wisconsin madison": {"Citation Count": 10.666666666666666, "Publication Count": 2.25}, "technische universitat munchen": {"Citation Count": 8.166666666666666, "Publication Count": 2.1666666666666665}, "university of jena": {"Citation Count": 3.1666666666666665, "Publication Count": 0.6666666666666666}, "boston university": {"Citation Count": 10.0, "Publication Count": 1.0}, "fudan university": {"Citation Count": 2.0, "Publication Count": 1.0}, "centrum wiskunde informatica": {"Citation Count": 0.6666666666666666, "Publication Count": 0.16666666666666666}, "arizona state university": {"Citation Count": 12.333333333333332, "Publication Count": 0.5833333333333334}, "georgia institute of technology": {"Citation Count": 37.93333333333334, "Publication Count": 2.8833333333333333}, "intel": {"Citation Count": 3.0, "Publication Count": 0.2}, "university of michigan": {"Citation Count": 31.0, "Publication Count": 2.833333333333333}, "university of toronto": {"Citation Count": 7.0, "Publication Count": 0.4}, "university of texas at arlington": {"Citation Count": 31.2, "Publication Count": 1.2}, "qatar airways": {"Citation Count": 23.266666666666666, "Publication Count": 0.7333333333333334}, "university of new south wales": {"Citation Count": 10.980952380952381, "Publication Count": 1.6619047619047622}, "singapore management university": {"Citation Count": 2.0, "Publication Count": 0.16666666666666666}, "hong kong university of science and technology": {"Citation Count": 24.96666666666667, "Publication Count": 3.526190476190476}, "nanyang technological university": {"Citation Count": 14.2, "Publication Count": 2.3666666666666667}, "pohang university of science and technology": {"Citation Count": 11.666666666666668, "Publication Count": 0.8333333333333334}, "lawrence livermore national laboratory": {"Citation Count": 2.0, "Publication Count": 0.5},