{"bar ilan university": {"Citation Count": 12.0, "Publication Count": 2.0}, "massachusetts institute of technology": {"Citation Count": 67.98333333333333, "Publication Count": 5.533333333333333}, "jagiellonian university": {"Citation Count": 6.75, "Publication Count": 0.75}, "weizmann institute of science": {"Citation Count": 17.35, "Publication Count": 2.1166666666666663}, "ibm": {"Citation Count": 8.666666666666666, "Publication Count": 0.6666666666666666}, "university of california berkeley": {"Citation Count": 57.166666666666664, "Publication Count": 4.333333333333334}, "columbia university": {"Citation Count": 20.833333333333332, "Publication Count": 4.916666666666667}, "university of pennsylvania": {"Citation Count": 13.5, "Publication Count": 2.5}, "stanford university": {"Citation Count": 46.86190476190476, "Publication Count": 4.6761904761904765}, "carnegie mellon university": {"Citation Count": 83.66190476190476, "Publication Count": 7.95952380952381}, "ecole polytechnique federale de lausanne": {"Citation Count": 22.57142857142857, "Publication Count": 1.857142857142857}, "it university of copenhagen": {"Citation Count": 12.523809523809522, "Publication Count": 0.6190476190476191}, "google": {"Citation Count": 42.26190476190476, "Publication Count": 4.30952380952381}, "university of copenhagen": {"Citation Count": 79.0952380952381, "Publication Count": 3.9761904761904763}, "california institute of technology": {"Citation Count": 3.6666666666666665, "Publication Count": 1.3333333333333333}, "shanghai university of finance and economics": {"Citation Count": 3.0, "Publication Count": 0.6666666666666666}, "university of edinburgh": {"Citation Count": 3.8666666666666667, "Publication Count": 0.5333333333333333}, "chinese academy of sciences": {"Citation Count": 3.333333333333333, "Publication Count": 1.5}, "university of southern california": {"Citation Count": 0.8333333333333333, "Publication Count": 0.16666666666666666}, "peking university": {"Citation Count": 17.833333333333332, "Publication Count": 1.1666666666666667}, "rwth aachen university": {"Citation Count": 5.0, "Publication Count": 1.0}, "national institute of informatics": {"Citation Count": 6.0, "Publication Count": 1.25}, "national and kapodistrian university of athens": {"Citation Count": 2.5, "Publication Count": 0.5833333333333333}, "incheon national university": {"Citation Count": 1.5, "Publication Count": 0.25}, "technical university of berlin": {"Citation Count": 16.833333333333332, "Publication Count": 1.5833333333333333}, "royal institute of technology": {"Citation Count": 52.083333333333336, "Publication Count": 2.4166666666666665}, "eth zurich": {"Citation Count": 22.399999999999995, "Publication Count": 3.45}, "yale university": {"Citation Count": 1.0, "Publication Count": 0.3333333333333333}, "tata institute of fundamental research": {"Citation Count": 7.5, "Publication Count": 0.75}, "university of virginia": {"Citation Count": 17.333333333333336, "Publication Count": 2.333333333333333}, "university of california davis": {"Citation Count": 0.5, "Publication Count": 0.5}, "salisbury university": {"Citation Count": 0.5, "Publication Count": 0.5}, "new york university": {"Citation Count": 4.928571428571429, "Publication Count": 0.6428571428571428}, "university of massachusetts amherst": {"Citation Count": 8.178571428571429, "Publication Count": 0.8928571428571428}, "microsoft": {"Citation Count": 20.76666666666667, "Publication Count": 2.9499999999999997}, "north carolina state university": {"Citation Count": 2.0, "Publication Count": 0.3333333333333333}, "northeastern university": {"Citation Count": 1.6666666666666665, "Publication Count": 0.3333333333333333}, "princeton university": {"Citation Count": 5.666666666666666, "Publication Count": 1.0833333333333333}, "university of bordeaux": {"Citation Count": 14.0, "Publication Count": 0.6666666666666666}, "university of warsaw": {"Citation Count": 14.0, "Publication Count": 0.8333333333333333}, "tsinghua university": {"Citation Count": 7.0, "Publication Count": 1.0}, "tel aviv university": {"Citation Count": 41.25, "Publication Count": 4.25}, "toyota technological institute at chicago": {"Citation Count": 3.75, "Publication Count": 0.5833333333333333}, "university of warwick": {"Citation Count": 12.416666666666666, "Publication Count": 2.4166666666666665}, "georgia institute of technology": {"Citation Count": 17.083333333333332, "Publication Count": 2.083333333333333}, "ben gurion university of the negev": {"Citation Count": 20.75, "Publication Count": 3.5}, "university of washington": {"Citation Count": 14.433333333333332, "Publication Count": 3.783333333333333}, "goethe university frankfurt": {"Citation Count": 2.4, "Publication Count": 0.6}, "university of waterloo": {"Citation Count": 7.133333333333333, "Publication Count": 1.8666666666666665}, "aalborg university": {"Citation Count": 1.5, "Publication Count": 0.25}, "aarhus university": {"Citation Count": 5.0, "Publication Count": 1.0}, "michigan technological university": {"Citation Count": 1.0, "Publication Count": 0.5}, "university of illinois at urbana champaign": {"Citation Count": 30.333333333333332, "Publication Count": 2.8333333333333335}, "stony brook university": {"Citation Count": 0.8, "Publication Count": 0.4}, "vmware": {"Citation Count": 0.4, "Publication Count": 0.2}, "rutgers university": {"Citation Count": 4.066666666666666, "Publication Count": 1.2}, "monash university": {"Citation Count": 3.333333333333333, "Publication Count": 0.3333333333333333}, "australian national university": {"Citation Count": 3.333333333333333, "Publication Count": 0.3333333333333333}, "university of santiago chile": {"Citation Count": 1.3333333333333333, "Publication Count": 0.3333333333333333}, "free university of berlin": {"Citation Count": 1.3333333333333333, "Publication Count": 0.3333333333333333}, "university of rhode island": {"Citation Count": 1.8333333333333333, "Publication Count": 0.8333333333333333}, "ariel university": {"Citation Count": 1.9166666666666665, "Publication Count": 0.5833333333333333}, "university of california": {"Citation Count": 18.166666666666664, "Publication Count": 2.583333333333333}, "bocconi university": {"Citation Count": 6.6, "Publication Count": 0.8666666666666667}, "university of paris": {"Citation Count": 15.833333333333332, "Publication Count": 3.6666666666666665}, "duke university": {"Citation Count": 0.5, "Publication Count": 0.5}, "institute of science and technology austria": {"Citation Count": 4.5, "Publication Count": 1.5}, "hong kong university of science and technology": {"Citation Count": 0.25, "Publication Count": 0.25}, "aix marseille university": {"Citation Count": 0.25, "Publication Count": 0.25}, "university of maryland college park": {"Citation Count": 6.250000000000001, "Publication Count": 1.1833333333333333}, "roma tre university": {"Citation Count": 2.5, "Publication Count": 0.25}, "university of perugia": {"Citation Count": 7.5, "Publication Count": 0.75}, "university of windsor": {"Citation Count": 1.0, "Publication Count": 1.0}, "technion israel institute of technology": {"Citation Count": 13.0, "Publication Count": 1.1666666666666665}, "university of toronto": {"Citation Count": 12.666666666666666, "Publication Count": 1.3333333333333333}, "eindhoven university of technology": {"Citation Count": 12.666666666666666, "Publication Count": 2.0}, "university of chicago": {"Citation Count": 7.0, "Publication Count": 1.6666666666666665}, "university of pisa": {"Citation Count": 3.75, "Publication Count": 0.25}, "university of udine": {"Citation Count": 7.5, "Publication Count": 0.5}, "university of helsinki": {"Citation Count": 3.75, "Publication Count": 0.25}, "university of montpellier": {"Citation Count": 10.333333333333332, "Publication Count": 1.0}, "university of bergen": {"Citation Count": 7.25, "Publication Count": 1.25}, "university of ulm": {"Citation Count": 4.666666666666666,