{"university of minnesota": {"Citation Count": 11.0, "Publication Count": 1.0}, "university of north carolina at chapel hill": {"Citation Count": 3.0, "Publication Count": 1.0}, "kyoto university": {"Citation Count": 5.0, "Publication Count": 1.0}, "university of bari": {"Citation Count": 7.333333333333333, "Publication Count": 0.3333333333333333}, "yahoo": {"Citation Count": 17.333333333333332, "Publication Count": 0.6666666666666666}, "ibm": {"Citation Count": 9.047619047619047, "Publication Count": 0.9047619047619047}, "simon fraser university": {"Citation Count": 35.0, "Publication Count": 1.0}, "king saud university": {"Citation Count": 5.0, "Publication Count": 1.0}, "american university of beirut": {"Citation Count": 8.0, "Publication Count": 0.6666666666666666}, "qatar university": {"Citation Count": 2.0, "Publication Count": 0.16666666666666666}, "cairo university": {"Citation Count": 2.0, "Publication Count": 0.16666666666666666}, "htc": {"Citation Count": 2.5, "Publication Count": 0.16666666666666666}, "renmin university of china": {"Citation Count": 12.928571428571429, "Publication Count": 0.9761904761904763}, "beihang university": {"Citation Count": 4.666666666666666, "Publication Count": 0.6666666666666666}, "baidu": {"Citation Count": 2.333333333333333, "Publication Count": 0.3333333333333333}, "microsoft": {"Citation Count": 3.833333333333333, "Publication Count": 0.16666666666666666}, "university of jyvaskyla": {"Citation Count": 7.666666666666666, "Publication Count": 0.3333333333333333}, "shandong university": {"Citation Count": 11.5, "Publication Count": 0.5}, "university of queensland": {"Citation Count": 98.33333333333334, "Publication Count": 0.8333333333333334}, "peking university": {"Citation Count": 19.666666666666664, "Publication Count": 0.16666666666666666}, "shanghai jiao tong university": {"Citation Count": 4.107142857142857, "Publication Count": 0.5357142857142857}, "university of technology sydney": {"Citation Count": 15.0, "Publication Count": 1.5}, "university of warwick": {"Citation Count": 9.222222222222221, "Publication Count": 1.1111111111111112}, "istituto di scienza e tecnologie dell informazione": {"Citation Count": 28.0, "Publication Count": 0.6666666666666666}, "university of pisa": {"Citation Count": 7.0, "Publication Count": 0.16666666666666666}, "ca foscari university of venice": {"Citation Count": 7.0, "Publication Count": 0.16666666666666666}, "tsinghua university": {"Citation Count": 28.5, "Publication Count": 0.75}, "cornell university": {"Citation Count": 9.5, "Publication Count": 0.25}, "university of copenhagen": {"Citation Count": 37.0, "Publication Count": 1.0}, "max planck society": {"Citation Count": 15.5, "Publication Count": 0.25}, "georgia institute of technology": {"Citation Count": 46.5, "Publication Count": 0.75}, "national university of singapore": {"Citation Count": 21.0, "Publication Count": 0.6}, "digipen institute of technology": {"Citation Count": 14.0, "Publication Count": 0.4}, "southwestern university of finance and economics": {"Citation Count": 25.8, "Publication Count": 0.6}, "memorial university of newfoundland": {"Citation Count": 8.6, "Publication Count": 0.2}, "university of arizona": {"Citation Count": 8.6, "Publication Count": 0.2}, "chungbuk national university": {"Citation Count": 3.5, "Publication Count": 0.5}, "dongguk university": {"Citation Count": 3.5, "Publication Count": 0.5}, "singapore management university": {"Citation Count": 101.0, "Publication Count": 2.0}, "cardiff university": {"Citation Count": 21.11111111111111, "Publication Count": 0.5555555555555556}, "de montfort university": {"Citation Count": 4.222222222222222, "Publication Count": 0.1111111111111111}, "university of oxford": {"Citation Count": 8.444444444444445, "Publication Count": 0.2222222222222222}, "university of southampton": {"Citation Count": 30.0, "Publication Count": 1.0}, "universite paris saclay": {"Citation Count": 12.0, "Publication Count": 0.5}, "tunis university": {"Citation Count": 12.0, "Publication Count": 0.5}, "university of florida": {"Citation Count": 27.200000000000003, "Publication Count": 0.8}, "ton duc thang university": {"Citation Count": 6.800000000000001, "Publication Count": 0.2}, "technion israel institute of technology": {"Citation Count": 20.0, "Publication Count": 0.6666666666666666}, "monash university": {"Citation Count": 20.0, "Publication Count": 1.0}, "york university": {"Citation Count": 20.0, "Publication Count": 1.0}, "rmit university": {"Citation Count": 17.25, "Publication Count": 0.75}, "google": {"Citation Count": 5.75, "Publication Count": 0.25}, "shanghai university": {"Citation Count": 1.75, "Publication Count": 0.25}, "national university of defense technology": {"Citation Count": 9.0, "Publication Count": 0.3333333333333333}, "university of amsterdam": {"Citation Count": 18.0, "Publication Count": 0.6666666666666666}}