{"tsinghua university": {"Citation Count": 130.18333333333334, "Publication Count": 3.5166666666666666}, "huazhong university of science and technology": {"Citation Count": 6.6, "Publication Count": 0.6}, "chinese academy of sciences": {"Citation Count": 4.2, "Publication Count": 0.4}, "interdigital inc": {"Citation Count": 8.2, "Publication Count": 0.5333333333333333}, "polytechnic university of turin": {"Citation Count": 34.57142857142857, "Publication Count": 2.9285714285714284}, "massachusetts institute of technology": {"Citation Count": 118.73333333333333, "Publication Count": 3.8666666666666667}, "university of ferrara": {"Citation Count": 15.666666666666666, "Publication Count": 0.3333333333333333}, "clemson university": {"Citation Count": 47.0, "Publication Count": 3.6666666666666665}, "columbia university": {"Citation Count": 4.666666666666666, "Publication Count": 0.3333333333333333}, "national university of singapore": {"Citation Count": 4.666666666666666, "Publication Count": 0.3333333333333333}, "the chinese university of hong kong": {"Citation Count": 96.66666666666666, "Publication Count": 1.3333333333333333}, "technion israel institute of technology": {"Citation Count": 72.0, "Publication Count": 5.666666666666666}, "ohio state university": {"Citation Count": 97.75, "Publication Count": 5.616666666666666}, "rafael advanced defense systems": {"Citation Count": 2.0, "Publication Count": 0.3333333333333333}, "hamilton institute": {"Citation Count": 37.33333333333333, "Publication Count": 2.333333333333333}, "paris descartes university": {"Citation Count": 3.4000000000000004, "Publication Count": 0.2}, "university of paris sud": {"Citation Count": 3.4000000000000004, "Publication Count": 0.2}, "polytechnic university of milan": {"Citation Count": 6.800000000000001, "Publication Count": 0.4}, "institut universitaire de france": {"Citation Count": 3.4000000000000004, "Publication Count": 0.2}, "bell labs": {"Citation Count": 618.357142857143, "Publication Count": 3.738095238095238}, "zhejiang university": {"Citation Count": 9.25, "Publication Count": 0.25}, "university of california san diego": {"Citation Count": 58.266666666666666, "Publication Count": 0.9333333333333333}, "cyprus university of technology": {"Citation Count": 73.33333333333333, "Publication Count": 0.6666666666666666}, "universite catholique de louvain": {"Citation Count": 5.733333333333333, "Publication Count": 0.5333333333333333}, "roma tre university": {"Citation Count": 8.666666666666666, "Publication Count": 0.6666666666666666}, "michigan state university": {"Citation Count": 93.0, "Publication Count": 2.5}, "national taiwan university of science and technology": {"Citation Count": 47.0, "Publication Count": 1.0}, "sri sivasubramaniya nadar college of engineering": {"Citation Count": 2.333333333333333, "Publication Count": 0.3333333333333333}, "university of california berkeley": {"Citation Count": 16.666666666666664, "Publication Count": 1.25}, "harvard university": {"Citation Count": 2.5, "Publication Count": 0.16666666666666666}, "university of illinois at urbana champaign": {"Citation Count": 14.666666666666666, "Publication Count": 1.0}, "nanjing university of posts and telecommunications": {"Citation Count": 20.0, "Publication Count": 0.5}, "city university of hong kong": {"Citation Count": 20.0, "Publication Count": 0.5}, "bogazici university": {"Citation Count": 3.0, "Publication Count": 0.3333333333333333}, "gebze institute of technology": {"Citation Count": 3.0, "Publication Count": 0.3333333333333333}, "tel hai academic college": {"Citation Count": 3.0, "Publication Count": 0.3333333333333333}, "university of naples federico ii": {"Citation Count": 28.4, "Publication Count": 1.0666666666666667}, "university of minnesota": {"Citation Count": 22.38095238095238, "Publication Count": 1.0761904761904761}, "university of colorado boulder": {"Citation Count": 5.666666666666666, "Publication Count": 0.3333333333333333}, "princeton university": {"Citation Count": 26.13333333333333, "Publication Count": 1.0666666666666667}, "ghent university": {"Citation Count": 18.400000000000002, "Publication Count": 0.8}, "katholieke universiteit leuven": {"Citation Count": 4.6000000000000005, "Publication Count": 0.2}, "ibm": {"Citation Count": 27.52142857142857, "Publication Count": 1.6357142857142857}, "university of texas at austin": {"Citation Count": 21.25, "Publication Count": 1.25}, "alcatel lucent": {"Citation Count": 58.333333333333336, "Publication Count": 1.3333333333333333}, "university of california riverside": {"Citation Count": 16.964285714285715, "Publication Count": 0.9928571428571429}, "pennsylvania state university": {"Citation Count": 2.6, "Publication Count": 0.6000000000000001}, "university of southern california": {"Citation Count": 14.0, "Publication Count": 1.2}, "virginia tech": {"Citation Count": 101.0, "Publication Count": 1.0}, "center for information technology": {"Citation Count": 26.0, "Publication Count": 1.6666666666666665}, "stony brook university": {"Citation Count": 27.53333333333333, "Publication Count": 0.8666666666666667}, "university of california irvine": {"Citation Count": 13.0, "Publication Count": 2.0}, "shanghai jiao tong university": {"Citation Count": 76.05, "Publication Count": 2.55}, "purdue university": {"Citation Count": 16.0, "Publication Count": 1.6}, "national tsing hua university": {"Citation Count": 12.2, "Publication Count": 0.9333333333333333}, "sapienza university of rome": {"Citation Count": 12.0, "Publication Count": 1.0}, "university of alabama": {"Citation Count": 3.75, "Publication Count": 0.25}, "ecole polytechnique federale de lausanne": {"Citation Count": 31.416666666666664, "Publication Count": 0.5833333333333333}, "texas a m university": {"Citation Count": 37.46666666666667, "Publication Count": 3.466666666666667}, "eth zurich": {"Citation Count": 23.071428571428573, "Publication Count": 0.6428571428571428}, "institut eurecom": {"Citation Count": 26.0, "Publication Count": 1.5}, "college of william mary": {"Citation Count": 35.33333333333333, "Publication Count": 0.6666666666666666}, "oak ridge national laboratory": {"Citation Count": 4.666666666666666, "Publication Count": 0.3333333333333333}, "california institute of technology": {"Citation Count": 77.00000000000001, "Publication Count": 1.0}, "swinburne university of technology": {"Citation Count": 18.400000000000002, "Publication Count": 0.2}, "university of milan": {"Citation Count": 4.5, "Publication Count": 0.5}, "university of hong kong": {"Citation Count": 80.0, "Publication Count": 0.6666666666666666}, "university of calgary": {"Citation Count": 25.0, "Publication Count": 1.1666666666666667}, "hong kong university of science and technology": {"Citation Count": 33.95, "Publication Count": 0.6166666666666667}, "institute of robotics and intelligent systems": {"Citation Count": 27.666666666666664, "Publication Count": 0.3333333333333333}, "university of trento": {"Citation Count": 3.714285714285714, "Publication Count": 0.2857142857142857}, "fondazione bruno kessler": {"Citation Count": 1.857142857142857, "Publication Count": 0.14285714285714285}, "university of dayton": {"Citation Count": 0.3333333333333333, "Publication Count": 0.3333333333333333}, "university of memphis": {"Citation Count": 1.25, "Publication Count": 0.25}, "kaist": {"Citation Count": 24.066666666666666, "Publication Count": 2.2666666666666666}, "konkuk university": {"Citation Count": 12.0, "Publication Count": 0.6666666666666666}, "university of tennessee": {"Citation Count": 177.33333333333331, "Publication Count": 0.6666666666666666}, "national technical university of athens": {"Citation Count": 88.66666666666666, "Publication Count": 0.3333333333333333}, "university of california santa barbara": {"Citation Count": 7.333333333333333, "Publication Count": 0.6666666666666666}, "dartmouth college": {"Citation Count": 1.8333333333333333, "Publication Count": 0.16666666666666666},