{"university of ottawa": {"Citation Count": 1.0, "Publication Count": 0.5}, "american university of sharjah": {"Citation Count": 2.0, "Publication Count": 0.8333333333333333}, "university of salerno": {"Citation Count": 28.0, "Publication Count": 1.0}, "information technology university": {"Citation Count": 31.333333333333332, "Publication Count": 1.1666666666666665}, "deakin university": {"Citation Count": 16.0, "Publication Count": 0.3333333333333333}, "monash university clayton campus": {"Citation Count": 116.89999999999998, "Publication Count": 4.141666666666667}, "simula research laboratory": {"Citation Count": 5.25, "Publication Count": 0.75}, "cisco systems inc": {"Citation Count": 1.75, "Publication Count": 0.25}, "university of zurich": {"Citation Count": 47.766666666666666, "Publication Count": 3.3666666666666667}, "eindhoven university of technology": {"Citation Count": 22.200000000000003, "Publication Count": 0.7333333333333334}, "university of milano bicocca": {"Citation Count": 6.6000000000000005, "Publication Count": 0.2}, "university of molise": {"Citation Count": 30.266666666666666, "Publication Count": 0.9333333333333333}, "university of valencia": {"Citation Count": 0.2857142857142857, "Publication Count": 0.14285714285714285}, "polytechnic university of valencia": {"Citation Count": 0.2857142857142857, "Publication Count": 0.14285714285714285}, "diego portales university": {"Citation Count": 0.2857142857142857, "Publication Count": 0.14285714285714285}, "technical university of madrid": {"Citation Count": 12.29047619047619, "Publication Count": 1.861904761904762}, "utrecht university": {"Citation Count": 0.2857142857142857, "Publication Count": 0.14285714285714285}, "chalmers university of technology": {"Citation Count": 27.666666666666664, "Publication Count": 1.0}, "university of passau": {"Citation Count": 5.166666666666666, "Publication Count": 0.16666666666666666}, "university of waterloo": {"Citation Count": 28.5, "Publication Count": 1.5}, "university of luxembourg": {"Citation Count": 63.233333333333334, "Publication Count": 1.7166666666666668}, "kaist": {"Citation Count": 48.24285714285714, "Publication Count": 1.8785714285714286}, "singapore university of technology and design": {"Citation Count": 18.02857142857143, "Publication Count": 1.8428571428571427}, "teesside university": {"Citation Count": 1.0, "Publication Count": 0.25}, "shenzhen university": {"Citation Count": 1.0, "Publication Count": 0.25}, "university of lugano": {"Citation Count": 20.5, "Publication Count": 2.1666666666666665}, "university of los andes": {"Citation Count": 4.583333333333333, "Publication Count": 0.41666666666666663}, "hong kong polytechnic university": {"Citation Count": 10.238095238095237, "Publication Count": 1.1904761904761905}, "university of hong kong": {"Citation Count": 5.095238095238095, "Publication Count": 0.47619047619047616}, "university of illinois at urbana champaign": {"Citation Count": 7.428571428571428, "Publication Count": 0.14285714285714285}, "fudan university": {"Citation Count": 37.142857142857146, "Publication Count": 0.7142857142857143}, "peking university": {"Citation Count": 82.21190476190476, "Publication Count": 2.8833333333333333}, "university of newcastle": {"Citation Count": 1.857142857142857, "Publication Count": 0.14285714285714285}, "university of minnesota": {"Citation Count": 3.5, "Publication Count": 1.4166666666666665}, "advanced technology center": {"Citation Count": 0.5, "Publication Count": 0.25}, "university college london": {"Citation Count": 52.699999999999996, "Publication Count": 4.166666666666666}, "queen s university": {"Citation Count": 83.93333333333334, "Publication Count": 5.883333333333333}, "university of washington": {"Citation Count": 13.8, "Publication Count": 0.2}, "xi an jiaotong university": {"Citation Count": 19.166666666666668, "Publication Count": 1.6666666666666667}, "iowa state university": {"Citation Count": 6.5, "Publication Count": 1.45}, "ecole polytechnique": {"Citation Count": 1.3333333333333333, "Publication Count": 0.3333333333333333}, "microsoft": {"Citation Count": 53.98571428571428, "Publication Count": 4.267857142857142}, "university of calgary": {"Citation Count": 1.3333333333333333, "Publication Count": 0.3333333333333333}, "delft university of technology": {"Citation Count": 5.75, "Publication Count": 1.0833333333333333}, "university of lisbon": {"Citation Count": 4.5, "Publication Count": 0.8333333333333333}, "university of porto": {"Citation Count": 1.0, "Publication Count": 0.3333333333333333}, "australian national university": {"Citation Count": 30.96666666666667, "Publication Count": 1.1166666666666667}, "concordia university": {"Citation Count": 22.9, "Publication Count": 1.45}, "nanjing university": {"Citation Count": 46.14285714285714, "Publication Count": 3.271428571428572}, "blekinge institute of technology": {"Citation Count": 13.142857142857142, "Publication Count": 0.5714285714285714}, "pontificia universidade catolica do rio grande do sul": {"Citation Count": 3.2857142857142856, "Publication Count": 0.14285714285714285}, "orebro university": {"Citation Count": 3.2857142857142856, "Publication Count": 0.14285714285714285}, "university of oulu": {"Citation Count": 12.785714285714285, "Publication Count": 1.3095238095238095}, "mcgill university": {"Citation Count": 10.0, "Publication Count": 0.5}, "ecole polytechnique de montreal": {"Citation Count": 14.0, "Publication Count": 0.875}, "mahidol university": {"Citation Count": 11.6, "Publication Count": 0.4}, "state university of ceara": {"Citation Count": 11.6, "Publication Count": 0.4}, "abb ltd": {"Citation Count": 2.875, "Publication Count": 0.125}, "bloomberg l p": {"Citation Count": 2.875, "Publication Count": 0.125}, "national instruments": {"Citation Count": 2.875, "Publication Count": 0.125}, "google": {"Citation Count": 15.375, "Publication Count": 1.125}, "miami university": {"Citation Count": 2.833333333333333, "Publication Count": 0.16666666666666666}, "college of william mary": {"Citation Count": 36.166666666666664, "Publication Count": 0.5}, "michigan technological university": {"Citation Count": 1.0, "Publication Count": 0.5}, "university of hawaii": {"Citation Count": 15.8, "Publication Count": 0.7}, "hong kong university of science and technology": {"Citation Count": 5.571428571428571, "Publication Count": 0.7857142857142857}, "gyeongsang national university": {"Citation Count": 1.5, "Publication Count": 0.25}, "bank of canada": {"Citation Count": 3.75, "Publication Count": 0.25}, "ecole de technologie superieure": {"Citation Count": 3.75, "Publication Count": 0.25}, "carleton university": {"Citation Count": 3.75, "Publication Count": 0.25}, "karlsruhe institute of technology": {"Citation Count": 4.0, "Publication Count": 1.25}, "indraprastha institute of information technology": {"Citation Count": 2.6666666666666665, "Publication Count": 0.8333333333333333}, "bosch": {"Citation Count": 1.0, "Publication Count": 0.5}, "polytechnic university of catalonia": {"Citation Count": 3.0, "Publication Count": 0.17647058823529413}, "technische universitat munchen": {"Citation Count": 4.8, "Publication Count": 0.7764705882352941}, "vienna university of technology": {"Citation Count": 10.5, "Publication Count": 0.42647058823529416}, "university of navarra": {"Citation Count": 1.0, "Publication Count": 0.058823529411764705}, "university of l aquila": {"Citation Count": 12.5, "Publication Count": 1.1088235294117648}, "university of malaga": {"Citation Count": 2.0, "Publication Count": 0.11764705882352941}, "universidade nova de lisboa": {"Citation Count": 4.0, "Publication Count": 0.23529411764705882}, "j mack robinson college of business": {"Citation Count": 0.0, "Publication Count": 0.25}, "university of cologne": {"Citation Count": 0.0, "Publication Count": 0.25}, "university of mannheim": {"Citation Count": 0.0, "Publication Count": 0.25},