{"massachusetts institute of technology": {"Citation Count": 56.36904761904762, "Publication Count": 5.726190476190476}, "carnegie mellon university": {"Citation Count": 131.51111111111112, "Publication Count": 9.395238095238096}, "university of washington": {"Citation Count": 17.047619047619044, "Publication Count": 2.6666666666666665}, "google": {"Citation Count": 2.0, "Publication Count": 0.3333333333333333}, "university of science and technology of china": {"Citation Count": 2.8000000000000003, "Publication Count": 0.2}, "university of calgary": {"Citation Count": 4.550000000000001, "Publication Count": 0.45}, "beijing university of posts and telecommunications": {"Citation Count": 2.8000000000000003, "Publication Count": 0.2}, "dartmouth college": {"Citation Count": 24.792857142857144, "Publication Count": 2.492857142857143}, "meiji university": {"Citation Count": 11.5, "Publication Count": 1.5}, "texas a m university": {"Citation Count": 10.166666666666666, "Publication Count": 0.8333333333333333}, "oberlin college": {"Citation Count": 3.1111111111111107, "Publication Count": 0.2222222222222222}, "microsoft": {"Citation Count": 81.62142857142858, "Publication Count": 5.807142857142857}, "university of waterloo": {"Citation Count": 17.333333333333332, "Publication Count": 1.1666666666666667}, "university of michigan": {"Citation Count": 1.3333333333333333, "Publication Count": 0.16666666666666666}, "kaist": {"Citation Count": 32.114285714285714, "Publication Count": 3.0476190476190474}, "state university of new york system": {"Citation Count": 0.8, "Publication Count": 0.2}, "simon fraser university": {"Citation Count": 2.2, "Publication Count": 0.4}, "southeast university": {"Citation Count": 1.625, "Publication Count": 0.125}, "brown university": {"Citation Count": 11.375, "Publication Count": 0.875}, "eth zurich": {"Citation Count": 34.285714285714285, "Publication Count": 1.2857142857142856}, "autodesk": {"Citation Count": 10.0, "Publication Count": 0.4}, "university of california berkeley": {"Citation Count": 34.6, "Publication Count": 3.142857142857143}, "university of toronto": {"Citation Count": 27.714285714285715, "Publication Count": 2.352380952380952}, "stanford university": {"Citation Count": 10.75, "Publication Count": 2.25}, "facebook": {"Citation Count": 17.76190476190476, "Publication Count": 1.0952380952380951}, "princeton university": {"Citation Count": 2.142857142857143, "Publication Count": 0.14285714285714285}, "aarhus university": {"Citation Count": 2.0, "Publication Count": 0.6666666666666666}, "universite paris saclay": {"Citation Count": 3.4, "Publication Count": 0.9333333333333333}, "institute for creative technologies": {"Citation Count": 4.5, "Publication Count": 0.5}, "adobe systems": {"Citation Count": 11.775, "Publication Count": 0.975}, "wayne state university": {"Citation Count": 1.125, "Publication Count": 0.125}, "university of chicago": {"Citation Count": 33.142857142857146, "Publication Count": 1.1428571428571428}, "university of tokyo": {"Citation Count": 5.0, "Publication Count": 1.0952380952380951}, "university of paris": {"Citation Count": 5.0, "Publication Count": 0.3333333333333333}, "telecom paristech": {"Citation Count": 5.0, "Publication Count": 0.3333333333333333}, "university of bristol": {"Citation Count": 13.0, "Publication Count": 1.3333333333333333}, "university of auckland": {"Citation Count": 9.0, "Publication Count": 1.0}, "georgia institute of technology": {"Citation Count": 2.7111111111111112, "Publication Count": 0.3111111111111111}, "saarland university": {"Citation Count": 34.7, "Publication Count": 2.45}, "cornell university": {"Citation Count": 16.8, "Publication Count": 0.8}, "columbia university": {"Citation Count": 4.2, "Publication Count": 0.2}, "national chiao tung university": {"Citation Count": 23.535714285714285, "Publication Count": 3.3035714285714284}, "national taiwan university": {"Citation Count": 18.797619047619047, "Publication Count": 1.5297619047619047}, "university of wisconsin madison": {"Citation Count": 9.6, "Publication Count": 0.6}, "university of wisconsin la crosse": {"Citation Count": 6.4, "Publication Count": 0.4}, "university of colorado boulder": {"Citation Count": 21.428571428571427, "Publication Count": 0.8571428571428571}, "national university of singapore": {"Citation Count": 1.2000000000000002, "Publication Count": 0.2}, "tohoku university": {"Citation Count": 4.800000000000001, "Publication Count": 0.8}, "purdue university": {"Citation Count": 12.0, "Publication Count": 0.8571428571428571}, "university college west": {"Citation Count": 2.0, "Publication Count": 0.14285714285714285}, "new york university abu dhabi": {"Citation Count": 16.0, "Publication Count": 1.0}, "university of california san diego": {"Citation Count": 5.5, "Publication Count": 1.5}, "amherst college": {"Citation Count": 5.0, "Publication Count": 0.16666666666666666}, "university of massachusetts amherst": {"Citation Count": 1.0, "Publication Count": 0.14285714285714285}, "university of rochester": {"Citation Count": 0.5, "Publication Count": 0.5}, "ochanomizu university": {"Citation Count": 11.333333333333332, "Publication Count": 1.6666666666666665}, "nippon telegraph and telephone": {"Citation Count": 1.6, "Publication Count": 0.4}, "hokkaido university": {"Citation Count": 2.4, "Publication Count": 0.6}, "university of sussex": {"Citation Count": 14.25, "Publication Count": 1.75}, "universidad publica de navarra": {"Citation Count": 4.75, "Publication Count": 0.25}, "tsinghua university": {"Citation Count": 24.166666666666664, "Publication Count": 2.083333333333333}, "university of california los angeles": {"Citation Count": 7.333333333333333, "Publication Count": 0.6666666666666666}, "katholieke universiteit leuven": {"Citation Count": 2.0, "Publication Count": 0.25}, "university of hasselt": {"Citation Count": 4.0, "Publication Count": 0.5}, "university of copenhagen": {"Citation Count": 12.666666666666666, "Publication Count": 0.9166666666666666}, "siemens": {"Citation Count": 4.4, "Publication Count": 0.4}, "hasso plattner institute": {"Citation Count": 13.8, "Publication Count": 1.2}, "arizona state university": {"Citation Count": 10.0, "Publication Count": 1.0}, "city university of hong kong": {"Citation Count": 6.3, "Publication Count": 0.3}, "stony brook university": {"Citation Count": 2.1, "Publication Count": 0.1}, "university of ulm": {"Citation Count": 2.0, "Publication Count": 1.0}, "university of sydney": {"Citation Count": 4.75, "Publication Count": 0.5}, "university of st andrews": {"Citation Count": 4.4, "Publication Count": 0.4}, "tokyo institute of technology": {"Citation Count": 4.4, "Publication Count": 0.4}, "eindhoven university of technology": {"Citation Count": 1.6666666666666665, "Publication Count": 0.16666666666666666}, "zhejiang university": {"Citation Count": 1.5, "Publication Count": 0.25}, "chinese academy of sciences": {"Citation Count": 14.0, "Publication Count": 1.0}, "university of canterbury": {"Citation Count": 2.25, "Publication Count": 0.75}, "university of louisiana at lafayette": {"Citation Count": 0.75, "Publication Count": 0.25}, "new york university": {"Citation Count": 3.4285714285714284, "Publication Count": 0.8571428571428571}, "lancaster university": {"Citation Count": 30.0, "Publication Count": 1.0}, "monash university": {"Citation Count": 5.333333333333333, "Publication Count": 0.3333333333333333}, "ecole polytechnique federale de lausanne": {"Citation Count": 0.0, "Publication Count": 0.3333333333333333}}