{"national technical university of athens": {"Citation Count": 24.666666666666664, "Publication Count": 1.3333333333333333}, "athens university of economics and business": {"Citation Count": 37.33333333333333, "Publication Count": 1.1666666666666665}, "microsoft": {"Citation Count": 43.733333333333334, "Publication Count": 2.433333333333333}, "carnegie mellon university": {"Citation Count": 5.0, "Publication Count": 0.3333333333333333}, "yale university": {"Citation Count": 1.3333333333333333, "Publication Count": 0.6666666666666666}, "harvard university": {"Citation Count": 8.4, "Publication Count": 0.8666666666666667}, "university of vienna": {"Citation Count": 4.0, "Publication Count": 0.6666666666666666}, "ecole polytechnique federale de lausanne": {"Citation Count": 11.5, "Publication Count": 0.8333333333333333}, "cornell university": {"Citation Count": 10.333333333333334, "Publication Count": 1.3333333333333333}, "university of rome tor vergata": {"Citation Count": 4.333333333333333, "Publication Count": 0.3333333333333333}, "university of l aquila": {"Citation Count": 8.833333333333332, "Publication Count": 1.0833333333333333}, "university of sassari": {"Citation Count": 8.833333333333332, "Publication Count": 0.8333333333333333}, "new york university": {"Citation Count": 8.0, "Publication Count": 0.3333333333333333}, "google": {"Citation Count": 28.0, "Publication Count": 1.3333333333333333}, "university of amsterdam": {"Citation Count": 16.0, "Publication Count": 1.0}, "massachusetts institute of technology": {"Citation Count": 38.5, "Publication Count": 1.5}, "university of pennsylvania": {"Citation Count": 52.766666666666666, "Publication Count": 2.0666666666666664}, "university of southern california": {"Citation Count": 0.4, "Publication Count": 0.4}, "city university of new york": {"Citation Count": 0.4, "Publication Count": 0.4}, "university of california berkeley": {"Citation Count": 0.2, "Publication Count": 0.2}, "humboldt university of berlin": {"Citation Count": 23.0, "Publication Count": 1.0}, "eindhoven university of technology": {"Citation Count": 9.833333333333332, "Publication Count": 0.16666666666666666}, "nanyang technological university": {"Citation Count": 9.833333333333332, "Publication Count": 0.41666666666666663}, "university of bayreuth": {"Citation Count": 9.833333333333332, "Publication Count": 0.16666666666666666}, "university of graz": {"Citation Count": 19.666666666666664, "Publication Count": 0.3333333333333333}, "paris dauphine university": {"Citation Count": 9.833333333333332, "Publication Count": 0.16666666666666666}, "hebrew university of jerusalem": {"Citation Count": 41.666666666666664, "Publication Count": 1.8333333333333333}, "london school of economics and political science": {"Citation Count": 1.3333333333333333, "Publication Count": 0.3333333333333333}, "georgia institute of technology": {"Citation Count": 1.3333333333333333, "Publication Count": 0.3333333333333333}, "czech technical university in prague": {"Citation Count": 1.3333333333333333, "Publication Count": 0.3333333333333333}, "ibm": {"Citation Count": 4.800000000000001, "Publication Count": 0.4}, "indian institute of science": {"Citation Count": 8.8, "Publication Count": 1.4}, "mcgill university": {"Citation Count": 0.0, "Publication Count": 0.6666666666666666}, "aix marseille university": {"Citation Count": 0.0, "Publication Count": 0.3333333333333333}, "tel aviv university": {"Citation Count": 3.6666666666666665, "Publication Count": 0.8333333333333333}, "technion israel institute of technology": {"Citation Count": 1.6666666666666665, "Publication Count": 0.3333333333333333}, "stanford university": {"Citation Count": 34.5, "Publication Count": 3.5}, "bell labs": {"Citation Count": 1.5, "Publication Count": 0.5}, "university of southampton": {"Citation Count": 7.199999999999999, "Publication Count": 0.6}, "university of waterloo": {"Citation Count": 8.4, "Publication Count": 1.2}, "university of liverpool": {"Citation Count": 2.4000000000000004, "Publication Count": 0.7}, "pierre and marie curie university": {"Citation Count": 4.0, "Publication Count": 0.3333333333333333}, "centre national de la recherche scientifique": {"Citation Count": 4.0, "Publication Count": 0.3333333333333333}, "university of evry val d essonne": {"Citation Count": 4.0, "Publication Count": 0.3333333333333333}, "rwth aachen university": {"Citation Count": 7.5, "Publication Count": 0.5}, "technical university of dortmund": {"Citation Count": 7.5, "Publication Count": 0.5}, "university ucinf": {"Citation Count": 32.0, "Publication Count": 0.5}, "california institute of technology": {"Citation Count": 32.0, "Publication Count": 0.5}, "chinese academy of sciences": {"Citation Count": 2.6666666666666665, "Publication Count": 0.8333333333333333}, "max planck society": {"Citation Count": 2.0, "Publication Count": 0.5}, "university of birmingham": {"Citation Count": 9.5, "Publication Count": 0.5}, "duke university": {"Citation Count": 4.0, "Publication Count": 1.0}, "interdisciplinary center herzliya": {"Citation Count": 4.0, "Publication Count": 0.5}, "university of oxford": {"Citation Count": 13.0, "Publication Count": 1.0}, "university of wisconsin madison": {"Citation Count": 6.333333333333333, "Publication Count": 0.6666666666666666}, "weizmann institute of science": {"Citation Count": 0.3333333333333333, "Publication Count": 0.3333333333333333}, "torcuato di tella university": {"Citation Count": 5.0, "Publication Count": 0.5}, "columbia university": {"Citation Count": 5.0, "Publication Count": 0.5}, "university of warsaw": {"Citation Count": 0.0, "Publication Count": 0.5}, "university of california san diego": {"Citation Count": 2.0, "Publication Count": 0.5}}