{"google": {"Citation Count": 285.9119047619048, "Publication Count": 9.62857142857143}, "university of southern california": {"Citation Count": 29.333333333333332, "Publication Count": 2.083333333333333}, "stanford university": {"Citation Count": 232.38333333333333, "Publication Count": 5.700000000000001}, "duke university": {"Citation Count": 12.95, "Publication Count": 0.7}, "cornell university": {"Citation Count": 298.01666666666665, "Publication Count": 5.866666666666666}, "yahoo": {"Citation Count": 86.75, "Publication Count": 5.083333333333333}, "yandex": {"Citation Count": 22.0, "Publication Count": 2.0}, "tsinghua university": {"Citation Count": 90.66666666666666, "Publication Count": 2.1333333333333333}, "california institute of technology": {"Citation Count": 15.0, "Publication Count": 0.3333333333333333}, "hebrew university of jerusalem": {"Citation Count": 6.0, "Publication Count": 1.0}, "microsoft": {"Citation Count": 381.1333333333333, "Publication Count": 6.941666666666666}, "uber": {"Citation Count": 6.25, "Publication Count": 0.25}, "university of washington": {"Citation Count": 20.125, "Publication Count": 1.125}, "michigan state university": {"Citation Count": 41.625, "Publication Count": 0.45833333333333326}, "arizona state university": {"Citation Count": 147.87500000000003, "Publication Count": 1.875}, "huawei": {"Citation Count": 14.791666666666666, "Publication Count": 0.29166666666666663}, "university of cambridge": {"Citation Count": 97.14285714285714, "Publication Count": 1.8095238095238095}, "university of essex": {"Citation Count": 11.5, "Publication Count": 0.16666666666666666}, "samsung": {"Citation Count": 11.5, "Publication Count": 0.16666666666666666}, "shanghai jiao tong university": {"Citation Count": 3.0, "Publication Count": 0.5}, "columbia university": {"Citation Count": 352.3333333333333, "Publication Count": 0.6666666666666666}, "seoul national university": {"Citation Count": 11.0, "Publication Count": 1.0}, "purdue university": {"Citation Count": 37.733333333333334, "Publication Count": 1.723809523809524}, "peking university": {"Citation Count": 41.67619047619047, "Publication Count": 1.1952380952380952}, "foundation for research technology hellas": {"Citation Count": 38.333333333333336, "Publication Count": 0.8333333333333334}, "university of crete": {"Citation Count": 7.666666666666666, "Publication Count": 0.16666666666666666}, "beijing university of posts and telecommunications": {"Citation Count": 14.142857142857142, "Publication Count": 0.42857142857142855}, "carnegie mellon university": {"Citation Count": 233.36428571428573, "Publication Count": 3.526190476190476}, "national university of singapore": {"Citation Count": 1088.0, "Publication Count": 0.75}, "shandong university": {"Citation Count": 373.7333333333333, "Publication Count": 0.5666666666666667}, "texas a m university": {"Citation Count": 349.3333333333333, "Publication Count": 0.16666666666666666}, "university of manchester": {"Citation Count": 12.200000000000001, "Publication Count": 0.2}, "rutgers university": {"Citation Count": 41.800000000000004, "Publication Count": 2.4000000000000004}, "ohio state university": {"Citation Count": 22.700000000000003, "Publication Count": 0.95}, "university of california los angeles": {"Citation Count": 51.285714285714285, "Publication Count": 0.30952380952380953}, "nec": {"Citation Count": 4.666666666666666, "Publication Count": 0.3333333333333333}, "fudan university": {"Citation Count": 3.333333333333333, "Publication Count": 0.6666666666666666}, "university of hong kong": {"Citation Count": 36.733333333333334, "Publication Count": 1.0333333333333332}, "universite paris saclay": {"Citation Count": 18.666666666666664, "Publication Count": 0.6666666666666666}, "university of turin": {"Citation Count": 0.6666666666666666, "Publication Count": 0.3333333333333333}, "tufts university": {"Citation Count": 28.0, "Publication Count": 1.0}, "universidade nova de lisboa": {"Citation Count": 19.46666666666667, "Publication Count": 1.0666666666666667}, "university of lisbon": {"Citation Count": 3.4000000000000004, "Publication Count": 0.2}, "university of waterloo": {"Citation Count": 1.0, "Publication Count": 1.0}, "kaiserslautern university of technology": {"Citation Count": 6.333333333333333, "Publication Count": 0.3333333333333333}, "georgetown university": {"Citation Count": 8.0, "Publication Count": 0.5}, "institute for scientific interchange": {"Citation Count": 46.25, "Publication Count": 1.75}, "northeastern university": {"Citation Count": 58.238095238095234, "Publication Count": 0.8690476190476191}, "university of greenwich": {"Citation Count": 8.333333333333332, "Publication Count": 0.16666666666666666}, "rice university": {"Citation Count": 4.0, "Publication Count": 1.0}, "ibm": {"Citation Count": 96.7, "Publication Count": 0.9928571428571429}, "university of illinois at urbana champaign": {"Citation Count": 550.4809523809524, "Publication Count": 3.930952380952381}, "united states army research laboratory": {"Citation Count": 35.875, "Publication Count": 0.25}, "university of ioannina": {"Citation Count": 37.6, "Publication Count": 0.8}, "nanyang technological university": {"Citation Count": 16.666666666666664, "Publication Count": 0.6666666666666666}, "harbin institute of technology": {"Citation Count": 8.333333333333332, "Publication Count": 0.3333333333333333}, "university of california santa cruz": {"Citation Count": 50.56666666666666, "Publication Count": 1.4333333333333331}, "twitter": {"Citation Count": 4.166666666666666, "Publication Count": 0.8333333333333333}, "queen mary university of london": {"Citation Count": 10.714285714285715, "Publication Count": 0.7142857142857143}, "sapienza university of rome": {"Citation Count": 2.142857142857143, "Publication Count": 0.14285714285714285}, "university of michigan": {"Citation Count": 169.35238095238094, "Publication Count": 2.102380952380952}, "at t labs": {"Citation Count": 8.4, "Publication Count": 0.4}, "indiana university": {"Citation Count": 4.2, "Publication Count": 0.2}, "university of california santa barbara": {"Citation Count": 75.93333333333334, "Publication Count": 2.933333333333333}, "university of regensburg": {"Citation Count": 33.0, "Publication Count": 0.5}, "modul university vienna": {"Citation Count": 33.0, "Publication Count": 0.5}, "indraprastha institute of information technology": {"Citation Count": 7.199999999999999, "Publication Count": 0.3}, "newcastle university": {"Citation Count": 12.0, "Publication Count": 0.5}, "post graduate institute of medical education and research": {"Citation Count": 4.800000000000001, "Publication Count": 0.2}, "khalifa university": {"Citation Count": 25.2, "Publication Count": 0.6}, "massachusetts institute of technology": {"Citation Count": 126.175, "Publication Count": 2.025}, "ebay": {"Citation Count": 1.3333333333333333, "Publication Count": 0.6666666666666666}, "university of otago": {"Citation Count": 0.6666666666666666, "Publication Count": 0.3333333333333333}, "east china normal university": {"Citation Count": 16.666666666666664, "Publication Count": 0.6666666666666666}, "georgia institute of technology": {"Citation Count": 12.166666666666666, "Publication Count": 0.5}, "beijing institute of technology": {"Citation Count": 36.0, "Publication Count": 1.0}, "university of warsaw": {"Citation Count": 5.0, "Publication Count": 1.0}, "facebook": {"Citation Count": 25.333333333333332, "Publication Count": 1.1666666666666665}, "virginia tech": {"Citation Count": 8.666666666666666, "Publication Count": 0.3333333333333333}, "university of california berkeley": {"Citation Count": 41.95, "Publication Count": 0.95}, "hong kong university of science and technology": {"Citation Count": 122.16666666666666, "Publication Count": 0.8333333333333333}, "shanghai university of finance and economics": {"Citation Count": 14.333333333333332, "Publication Count": 0.16666666666666666},