{"stanford university": {"Citation Count": 217.2, "Publication Count": 5.7}, "university at buffalo": {"Citation Count": 26.76666666666667, "Publication Count": 1.0333333333333334}, "university of illinois at urbana champaign": {"Citation Count": 59.483333333333334, "Publication Count": 2.619047619047619}, "delft university of technology": {"Citation Count": 10.25, "Publication Count": 0.25}, "amazon com": {"Citation Count": 60.71666666666666, "Publication Count": 2.3166666666666664}, "cornell university": {"Citation Count": 33.733333333333334, "Publication Count": 1.8666666666666665}, "telefonica": {"Citation Count": 39.785714285714285, "Publication Count": 1.9285714285714286}, "at t": {"Citation Count": 2.4285714285714284, "Publication Count": 0.14285714285714285}, "polytechnic university of catalonia": {"Citation Count": 2.4285714285714284, "Publication Count": 0.14285714285714285}, "universite catholique de louvain": {"Citation Count": 2.4285714285714284, "Publication Count": 0.14285714285714285}, "university of alabama at birmingham": {"Citation Count": 2.4285714285714284, "Publication Count": 0.14285714285714285}, "university of new south wales": {"Citation Count": 7.133333333333334, "Publication Count": 0.7333333333333334}, "university of trento": {"Citation Count": 3.9999999999999996, "Publication Count": 0.6666666666666666}, "tomsk polytechnic university": {"Citation Count": 2.333333333333333, "Publication Count": 0.3333333333333333}, "peking university": {"Citation Count": 39.06666666666667, "Publication Count": 1.2666666666666666}, "university college london": {"Citation Count": 31.0, "Publication Count": 1.0}, "george mason university": {"Citation Count": 13.0, "Publication Count": 1.0}, "university of illinois at chicago": {"Citation Count": 29.2, "Publication Count": 2.35}, "emory university": {"Citation Count": 43.0, "Publication Count": 1.1666666666666667}, "yahoo": {"Citation Count": 18.200000000000003, "Publication Count": 1.8}, "university of hong kong": {"Citation Count": 8.916666666666666, "Publication Count": 1.0833333333333333}, "simon fraser university": {"Citation Count": 3.9166666666666665, "Publication Count": 0.6666666666666666}, "microsoft": {"Citation Count": 492.28095238095233, "Publication Count": 5.530952380952382}, "pennsylvania state university": {"Citation Count": 102.95238095238095, "Publication Count": 1.5238095238095237}, "commonwealth scientific and industrial research organisation": {"Citation Count": 8.4, "Publication Count": 0.95}, "national university of defense technology": {"Citation Count": 13.9, "Publication Count": 0.3666666666666667}, "university of sydney": {"Citation Count": 2.4000000000000004, "Publication Count": 0.2}, "tsinghua university": {"Citation Count": 696.797619047619, "Publication Count": 9.432783882783884}, "alibaba group": {"Citation Count": 98.78571428571428, "Publication Count": 2.188644688644689}, "at t labs": {"Citation Count": 4.5, "Publication Count": 0.5}, "university of oxford": {"Citation Count": 76.5, "Publication Count": 3.9166666666666665}, "leibniz university of hanover": {"Citation Count": 17.833333333333332, "Publication Count": 1.4166666666666665}, "university of chicago": {"Citation Count": 12.0, "Publication Count": 0.6666666666666666}, "stony brook university": {"Citation Count": 28.285714285714285, "Publication Count": 2.2857142857142856}, "northeastern university": {"Citation Count": 111.83333333333334, "Publication Count": 4.766666666666666}, "texas a m university": {"Citation Count": 11.0, "Publication Count": 1.0}, "macquarie university": {"Citation Count": 2.0, "Publication Count": 0.25}, "eth zurich": {"Citation Count": 4.166666666666666, "Publication Count": 0.16666666666666666}, "saarland university": {"Citation Count": 12.5, "Publication Count": 0.5}, "national cheng kung university": {"Citation Count": 4.166666666666666, "Publication Count": 0.16666666666666666}, "university of luxembourg": {"Citation Count": 4.166666666666666, "Publication Count": 0.16666666666666666}, "ibm": {"Citation Count": 14.047619047619047, "Publication Count": 0.9940476190476191}, "purdue university": {"Citation Count": 71.78571428571429, "Publication Count": 4.273809523809524}, "french institute for research in computer science and automation": {"Citation Count": 19.666666666666664, "Publication Count": 0.3333333333333333}, "royal institute of technology": {"Citation Count": 19.666666666666664, "Publication Count": 0.3333333333333333}, "university of rennes": {"Citation Count": 19.666666666666664, "Publication Count": 0.3333333333333333}, "georgia institute of technology": {"Citation Count": 18.57142857142857, "Publication Count": 0.8214285714285714}, "salesforce com": {"Citation Count": 2.142857142857143, "Publication Count": 0.14285714285714285}, "korea university": {"Citation Count": 40.3, "Publication Count": 1.6999999999999997}, "samsung": {"Citation Count": 0.8333333333333333, "Publication Count": 0.16666666666666666}, "sungkyunkwan university": {"Citation Count": 4.5, "Publication Count": 0.5}, "aalto university": {"Citation Count": 73.5, "Publication Count": 2.3}, "concordia university": {"Citation Count": 3.0, "Publication Count": 0.2}, "university of california los angeles": {"Citation Count": 13.333333333333332, "Publication Count": 0.6666666666666666}, "zhejiang university": {"Citation Count": 27.666666666666664, "Publication Count": 2.1785714285714284}, "boston university": {"Citation Count": 15.0, "Publication Count": 1.3333333333333333}, "massachusetts institute of technology": {"Citation Count": 193.15, "Publication Count": 3.3666666666666667}, "google": {"Citation Count": 154.55, "Publication Count": 7.95}, "duke university": {"Citation Count": 1.2000000000000002, "Publication Count": 0.2}, "university of waterloo": {"Citation Count": 1.2000000000000002, "Publication Count": 0.2}, "fudan university": {"Citation Count": 62.0, "Publication Count": 2.25}, "worcester polytechnic institute": {"Citation Count": 11.5, "Publication Count": 0.16666666666666666}, "seoul national university": {"Citation Count": 84.4, "Publication Count": 2.6}, "australian national university": {"Citation Count": 51.2, "Publication Count": 0.8}, "monash university": {"Citation Count": 12.8, "Publication Count": 0.2}, "mcgill university": {"Citation Count": 1.0, "Publication Count": 0.3333333333333333}, "university of melbourne": {"Citation Count": 12.0, "Publication Count": 0.3333333333333333}, "sandia national laboratories": {"Citation Count": 5.2, "Publication Count": 0.4}, "university of california santa cruz": {"Citation Count": 7.6000000000000005, "Publication Count": 0.8}, "tel aviv university": {"Citation Count": 5.2, "Publication Count": 0.4}, "princeton university": {"Citation Count": 10.0, "Publication Count": 0.2857142857142857}, "hong kong polytechnic university": {"Citation Count": 8.0, "Publication Count": 0.5}, "facebook": {"Citation Count": 10.0, "Publication Count": 0.75}, "bell labs": {"Citation Count": 3.5, "Publication Count": 0.5}, "kyoto university": {"Citation Count": 119.0, "Publication Count": 1.0}, "university of california santa barbara": {"Citation Count": 7.333333333333333, "Publication Count": 1.6666666666666665}, "united states army research laboratory": {"Citation Count": 1.6666666666666665, "Publication Count": 0.3333333333333333}, "indraprastha institute of information technology": {"Citation Count": 16.0, "Publication Count": 1.0}, "hasso plattner institute": {"Citation Count": 114.0, "Publication Count": 0.75}, "aarhus university": {"Citation Count": 38.0, "Publication Count": 0.25}, "indian institute of technology kharagpur": {"Citation Count": 12.0, "Publication Count": 1.0}, "ben gurion university of the negev": {"Citation Count": 2.8000000000000003, "Publication Count": 0.4}, "weizmann institute of science": {"Citation Count": 2.8000000000000003, "Publication Count": 0.4}, "paris diderot university": {"Citation Count": 1.4000000000000001,